c clasp version 3.3.5
c Reading from example.cnf
c Solving...
c Answer: 1
v 1 -2 -3 -4 5 6 7 -8 -9 -10 11 -12 -13 -14 15 -16 -17 18 -19 -20 -21 22
v 23 -24 -25 -26 -27 28 -29 -30 -31 -32 33 -34 -35 36 37 -38 39 40 41 -42
v -43 -44 45 46 47 -48 -49 -50 51 -52 -53 54 55 -56 -57 -58 -59 -60 0
c Answer: 2
v -1 -2 3 -4 -5 -6 7 -8 9 -10 -11 -12 13 14 15 -16 -17 18 -19 -20 -21 22
v 23 -24 -25 -26 -27 28 -29 -30 -31 -32 33 -34 -35 36 37 -38 39 40 41 -42
v -43 -44 -45 46 47 -48 -49 -50 51 -52 53 54 55 -56 -57 -58 -59 -60 0
c Answer: 3
v 1 -2 -3 -4 5 6 7 -8 -9 -10 11 -12 -13 -14 15 16 -17 18 -19 -20 -21 22 23
v -24 -25 -26 -27 28 -29 -30 -31 -32 33 -34 -35 36 37 -38 39 40 41 -42 -43
v -44 45 46 47 -48 -49 -50 51 -52 -53 54 55 -56 -57 -58 -59 -60 0
c Answer: 4
v -1 -2 3 -4 -5 -6 7 -8 9 -10 -11 -12 13 14 15 16 -17 18 -19 -20 -21 22 23
v -24 -25 -26 -27 28 -29 -30 -31 -32 33 -34 -35 36 37 -38 39 40 41 -42 -43
v -44 -45 46 47 -48 -49 -50 51 -52 53 54 55 -56 -57 -58 -59 -60 0
c Answer: 5
v 1 -2 -3 -4 5 6 7 -8 -9 -10 11 -12 -13 -14 15 -16 -17 18 -19 -20 -21 22
v 23 24 -25 -26 -27 28 -29 -30 -31 -32 33 -34 -35 36 37 -38 39 40 41 -42
v -43 -44 45 46 47 -48 -49 -50 51 -52 -53 54 55 -56 -57 -58 -59 -60 0
c Answer: 6
v 1 -2 -3 -4 5 6 7 -8 -9 -10 11 -12 -13 -14 15 16 -17 18 -19 -20 -21 22 23
v 24 -25 -26 -27 28 -29 -30 -31 -32 33 -34 -35 36 37 -38 39 40 41 -42 -43
v -44 45 46 47 -48 -49 -50 51 -52 -53 54 55 -56 -57 -58 -59 -60 0
c Answer: 7
v -1 -2 3 -4 -5 -6 7 -8 9 -10 -11 -12 13 14 15 -16 -17 18 -19 -20 -21 22
v 23 24 -25 -26 -27 28 -29 -30 -31 -32 33 -34 -35 36 37 -38 39 40 41 -42
v -43 -44 -45 46 47 -48 -49 -50 51 -52 53 54 55 -56 -57 -58 -59 -60 0
c Answer: 8
v -1 -2 3 -4 -5 -6 7 -8 9 -10 -11 -12 13 14 15 16 -17 18 -19 -20 -21 22 23
v 24 -25 -26 -27 28 -29 -30 -31 -32 33 -34 -35 36 37 -38 39 40 41 -42 -43
v -44 -45 46 47 -48 -49 -50 51 -52 53 54 55 -56 -57 -58 -59 -60 0
c Answer: 9
v 1 -2 -3 -4 5 6 7 -8 -9 -10 11 -12 -13 -14 15 -16 -17 18 -19 -20 -21 22
v 23 -24 -25 -26 -27 28 -29 -30 -31 32 33 -34 -35 36 37 -38 39 40 41 -42
v -43 -44 45 46 47 -48 -49 -50 51 -52 -53 54 55 -56 -57 -58 -59 -60 0
c Answer: 10
v -1 -2 3 -4 -5 -6 7 -8 9 -10 -11 -12 13 14 15 -16 -17 18 -19 -20 -21 22
v 23 -24 -25 -26 -27 28 -29 -30 -31 32 33 -34 -35 36 37 -38 39 40 41 -42
v -43 -44 -45 46 47 -48 -49 -50 51 -52 53 54 55 -56 -57 -58 -59 -60 0
c Answer: 11
v 1 -2 -3 -4 5 6 7 -8 -9 -10 11 -12 -13 -14 15 -16 -17 18 -19 -20 -21 22
v 23 24 -25 -26 -27 28 -29 -30 -31 32 33 -34 -35 36 37 -38 39 40 41 -42 -43
v -44 45 46 47 -48 -49 -50 51 -52 -53 54 55 -56 -57 -58 -59 -60 0
c Answer: 12
v -1 -2 3 -4 -5 -6 7 -8 9 -10 -11 -12 13 14 15 -16 -17 18 -19 -20 -21 22
v 23 24 -25 -26 -27 28 -29 -30 -31 32 33 -34 -35 36 37 -38 39 40 41 -42 -43
v -44 -45 46 47 -48 -49 -50 51 -52 53 54 55 -56 -57 -58 -59 -60 0
c Answer: 13
v 1 -2 -3 -4 5 6 7 -8 -9 -10 11 -12 -13 -14 15 16 -17 18 -19 -20 -21 22 23
v -24 -25 -26 -27 28 -29 -30 -31 32 33 -34 -35 36 37 -38 39 40 41 -42 -43
v -44 45 46 47 -48 -49 -50 51 -52 -53 54 55 -56 -57 -58 -59 -60 0
c Answer: 14
v 1 -2 -3 -4 5 6 7 -8 -9 -10 11 -12 -13 -14 15 16 -17 18 -19 -20 -21 22 23
v 24 -25 -26 -27 28 -29 -30 -31 32 33 -34 -35 36 37 -38 39 40 41 -42 -43
v -44 45 46 47 -48 -49 -50 51 -52 -53 54 55 -56 -57 -58 -59 -60 0
c Answer: 15
v -1 -2 3 -4 -5 -6 7 -8 9 -10 -11 -12 13 14 15 16 -17 18 -19 -20 -21 22 23
v -24 -25 -26 -27 28 -29 -30 -31 32 33 -34 -35 36 37 -38 39 40 41 -42 -43
v -44 -45 46 47 -48 -49 -50 51 -52 53 54 55 -56 -57 -58 -59 -60 0
c Answer: 16
v -1 -2 3 -4 -5 -6 7 -8 9 -10 -11 -12 13 14 15 16 -17 18 -19 -20 -21 22 23
v 24 -25 -26 -27 28 -29 -30 -31 32 33 -34 -35 36 37 -38 39 40 41 -42 -43
v -44 -45 46 47 -48 -49 -50 51 -52 53 54 55 -56 -57 -58 -59 -60 0
c Answer: 17
v 1 -2 -3 -4 5 6 7 -8 -9 -10 11 -12 -13 -14 15 -16 -17 18 -19 -20 -21 22
v 23 -24 -25 -26 -27 28 -29 -30 -31 -32 33 -34 -35 36 37 -38 39 40 41 42
v -43 -44 45 46 47 -48 -49 -50 51 -52 -53 54 55 -56 -57 -58 -59 -60 0
c Answer: 18
v -1 -2 3 -4 -5 -6 7 -8 9 -10 -11 -12 13 14 15 -16 -17 18 -19 -20 -21 22
v 23 -24 -25 -26 -27 28 -29 -30 -31 -32 33 -34 -35 36 37 -38 39 40 41 42
v -43 -44 -45 46 47 -48 -49 -50 51 -52 53 54 55 -56 -57 -58 -59 -60 0
c Answer: 19
v 1 -2 -3 -4 5 6 7 -8 -9 -10 11 -12 -13 -14 15 -16 -17 18 -19 -20 -21 22
v 23 -24 -25 -26 -27 28 -29 -30 -31 32 33 -34 -35 36 37 -38 39 40 41 42 -43
v -44 45 46 47 -48 -49 -50 51 -52 -53 54 55 -56 -57 -58 -59 -60 0
c Answer: 20
v -1 -2 3 -4 -5 -6 7 -8 9 -10 -11 -12 13 14 15 -16 -17 18 -19 -20 -21 22
v 23 -24 -25 -26 -27 28 -29 -30 -31 32 33 -34 -35 36 37 -38 39 40 41 42 -43
v -44 -45 46 47 -48 -49 -50 51 -52 53 54 55 -56 -57 -58 -59 -60 0
c Answer: 21
v 1 -2 -3 -4 5 6 7 -8 -9 -10 11 -12 -13 -14 15 16 -17 18 -19 -20 -21 22 23
v -24 -25 -26 -27 28 -29 -30 -31 -32 33 -34 -35 36 37 -38 39 40 41 42 -43
v -44 45 46 47 -48 -49 -50 51 -52 -53 54 55 -56 -57 -58 -59 -60 0
c Answer: 22
v 1 -2 -3 -4 5 6 7 -8 -9 -10 11 -12 -13 -14 15 16 -17 18 -19 -20 -21 22 23
v -24 -25 -26 -27 28 -29 -30 -31 32 33 -34 -35 36 37 -38 39 40 41 42 -43
v -44 45 46 47 -48 -49 -50 51 -52 -53 54 55 -56 -57 -58 -59 -60 0
c Answer: 23
v -1 -2 3 -4 -5 -6 7 -8 9 -10 -11 -12 13 14 15 16 -17 18 -19 -20 -21 22 23
v -24 -25 -26 -27 28 -29 -30 -31 -32 33 -34 -35 36 37 -38 39 40 41 42 -43
v -44 -45 46 47 -48 -49 -50 51 -52 53 54 55 -56 -57 -58 -59 -60 0
c Answer: 24
v -1 -2 3 -4 -5 -6 7 -8 9 -10 -11 -12 13 14 15 16 -17 18 -19 -20 -21 22 23
v -24 -25 -26 -27 28 -29 -30 -31 32 33 -34 -35 36 37 -38 39 40 41 42 -43
v -44 -45 46 47 -48 -49 -50 51 -52 53 54 55 -56 -57 -58 -59 -60 0
c Answer: 25
v 1 -2 -3 -4 5 6 7 -8 -9 -10 11 -12 -13 -14 15 -16 -17 18 -19 -20 -21 22
v 23 24 -25 -26 -27 28 -29 -30 -31 -32 33 -34 -35 36 37 -38 39 40 41 42 -43
v -44 45 46 47 -48 -49 -50 51 -52 -53 54 55 -56 -57 -58 -59 -60 0
c Answer: 26
v -1 -2 3 -4 -5 -6 7 -8 9 -10 -11 -12 13 14 15 -16 -17 18 -19 -20 -21 22
v 23 24 -25 -26 -27 28 -29 -30 -31 -32 33 -34 -35 36 37 -38 39 40 41 42 -43
v -44 -45 46 47 -48 -49 -50 51 -52 53 54 55 -56 -57 -58 -59 -60 0
c Answer: 27
v 1 -2 -3 -4 5 6 7 -8 -9 -10 11 -12 -13 -14 15 16 -17 18 -19 -20 -21 22 23
v 24 -25 -26 -27 28 -29 -30 -31 -32 33 -34 -35 36 37 -38 39 40 41 42 -43
v -44 45 46 47 -48 -49 -50 51 -52 -53 54 55 -56 -57 -58 -59 -60 0
c Answer: 28
v -1 -2 3 -4 -5 -6 7 -8 9 -10 -11 -12 13 14 15 16 -17 18 -19 -20 -21 22 23
v 24 -25 -26 -27 28 -29 -30 -31 -32 33 -34 -35 36 37 -38 39 40 41 42 -43
v -44 -45 46 47 -48 -49 -50 51 -52 53 54 55 -56 -57 -58 -59 -60 0
c Answer: 29
v 1 -2 -3 -4 5 6 7 -8 -9 -10 11 -12 -13 -14 15 -16 -17 18 -19 -20 -21 22
v 23 24 -25 -26 -27 28 -29 -30 -31 32 33 -34 -35 36 37 -38 39 40 41 42 -43
v -44 45 46 47 -48 -49 -50 51 -52 -53 54 55 -56 -57 -58 -59 -60 0
c Answer: 30
v 1 -2 -3 -4 5 6 7 -8 -9 -10 11 -12 -13 -14 15 16 -17 18 -19 -20 -21 22 23
v 24 -25 -26 -27 28 -29 -30 -31 32 33 -34 -35 36 37 -38 39 40 41 42 -43 -44
v 45 46 47 -48 -49 -50 51 -52 -53 54 55 -56 -57 -58 -59 -60 0
c Answer: 31
v -1 -2 3 -4 -5 -6 7 -8 9 -10 -11 -12 13 14 15 -16 -17 18 -19 -20 -21 22
v 23 24 -25 -26 -27 28 -29 -30 -31 32 33 -34 -35 36 37 -38 39 40 41 42 -43
v -44 -45 46 47 -48 -49 -50 51 -52 53 54 55 -56 -57 -58 -59 -60 0
c Answer: 32
v -1 -2 3 -4 -5 -6 7 -8 9 -10 -11 -12 13 14 15 16 -17 18 -19 -20 -21 22 23
v 24 -25 -26 -27 28 -29 -30 -31 32 33 -34 -35 36 37 -38 39 40 41 42 -43 -44
v -45 46 47 -48 -49 -50 51 -52 53 54 55 -56 -57 -58 -59 -60 0
c Answer: 33
v 1 -2 -3 -4 5 6 7 -8 -9 -10 11 -12 -13 -14 15 -16 -17 18 -19 -20 -21 22
v 23 -24 -25 -26 -27 28 -29 -30 -31 -32 33 -34 -35 36 37 -38 39 40 41 -42
v 43 -44 45 46 47 -48 -49 -50 51 -52 -53 54 55 -56 -57 -58 -59 -60 0
c Answer: 34
v -1 -2 3 -4 -5 -6 7 -8 9 -10 -11 -12 13 14 15 -16 -17 18 -19 -20 -21 22
v 23 -24 -25 -26 -27 28 -29 -30 -31 -32 33 -34 -35 36 37 -38 39 40 41 -42
v 43 -44 -45 46 47 -48 -49 -50 51 -52 53 54 55 -56 -57 -58 -59 -60 0
c Answer: 35
v 1 -2 -3 -4 5 6 7 -8 -9 -10 11 -12 -13 -14 15 -16 -17 18 -19 -20 -21 22
v 23 -24 -25 -26 -27 28 -29 -30 -31 -32 33 -34 -35 36 37 -38 39 40 41 42
v 43 -44 45 46 47 -48 -49 -50 51 -52 -53 54 55 -56 -57 -58 -59 -60 0
c Answer: 36
v -1 -2 3 -4 -5 -6 7 -8 9 -10 -11 -12 13 14 15 -16 -17 18 -19 -20 -21 22
v 23 -24 -25 -26 -27 28 -29 -30 -31 -32 33 -34 -35 36 37 -38 39 40 41 42
v 43 -44 -45 46 47 -48 -49 -50 51 -52 53 54 55 -56 -57 -58 -59 -60 0
c Answer: 37
v 1 -2 -3 -4 5 6 7 -8 -9 -10 11 -12 -13 -14 15 -16 -17 18 -19 -20 -21 22
v 23 24 -25 -26 -27 28 -29 -30 -31 -32 33 -34 -35 36 37 -38 39 40 41 -42
v 43 -44 45 46 47 -48 -49 -50 51 -52 -53 54 55 -56 -57 -58 -59 -60 0
c Answer: 38
v 1 -2 -3 -4 5 6 7 -8 -9 -10 11 -12 -13 -14 15 -16 -17 18 -19 -20 -21 22
v 23 24 -25 -26 -27 28 -29 -30 -31 -32 33 -34 -35 36 37 -38 39 40 41 42 43
v -44 45 46 47 -48 -49 -50 51 -52 -53 54 55 -56 -57 -58 -59 -60 0
c Answer: 39
v -1 -2 3 -4 -5 -6 7 -8 9 -10 -11 -12 13 14 15 -16 -17 18 -19 -20 -21 22
v 23 24 -25 -26 -27 28 -29 -30 -31 -32 33 -34 -35 36 37 -38 39 40 41 -42
v 43 -44 -45 46 47 -48 -49 -50 51 -52 53 54 55 -56 -57 -58 -59 -60 0
c Answer: 40
v -1 -2 3 -4 -5 -6 7 -8 9 -10 -11 -12 13 14 15 -16 -17 18 -19 -20 -21 22
v 23 24 -25 -26 -27 28 -29 -30 -31 -32 33 -34 -35 36 37 -38 39 40 41 42 43
v -44 -45 46 47 -48 -49 -50 51 -52 53 54 55 -56 -57 -58 -59 -60 0
c Answer: 41
v 1 -2 -3 -4 5 6 7 -8 -9 -10 11 -12 -13 -14 15 -16 -17 18 -19 -20 -21 22
v 23 -24 -25 -26 -27 28 -29 -30 -31 32 33 -34 -35 36 37 -38 39 40 41 -42
v 43 -44 45 46 47 -48 -49 -50 51 -52 -53 54 55 -56 -57 -58 -59 -60 0
c Answer: 42
v -1 -2 3 -4 -5 -6 7 -8 9 -10 -11 -12 13 14 15 -16 -17 18 -19 -20 -21 22
v 23 -24 -25 -26 -27 28 -29 -30 -31 32 33 -34 -35 36 37 -38 39 40 41 -42
v 43 -44 -45 46 47 -48 -49 -50 51 -52 53 54 55 -56 -57 -58 -59 -60 0
c Answer: 43
v 1 -2 -3 -4 5 6 7 -8 -9 -10 11 -12 -13 -14 15 -16 -17 18 -19 -20 -21 22
v 23 24 -25 -26 -27 28 -29 -30 -31 32 33 -34 -35 36 37 -38 39 40 41 -42 43
v -44 45 46 47 -48 -49 -50 51 -52 -53 54 55 -56 -57 -58 -59 -60 0
c Answer: 44
v -1 -2 3 -4 -5 -6 7 -8 9 -10 -11 -12 13 14 15 -16 -17 18 -19 -20 -21 22
v 23 24 -25 -26 -27 28 -29 -30 -31 32 33 -34 -35 36 37 -38 39 40 41 -42 43
v -44 -45 46 47 -48 -49 -50 51 -52 53 54 55 -56 -57 -58 -59 -60 0
c Answer: 45
v 1 -2 -3 -4 5 6 7 -8 -9 -10 11 -12 -13 -14 15 -16 -17 18 -19 -20 -21 22
v 23 -24 -25 -26 -27 28 -29 -30 -31 32 33 -34 -35 36 37 -38 39 40 41 42 43
v -44 45 46 47 -48 -49 -50 51 -52 -53 54 55 -56 -57 -58 -59 -60 0
c Answer: 46
v 1 -2 -3 -4 5 6 7 -8 -9 -10 11 -12 -13 -14 15 -16 -17 18 -19 -20 -21 22
v 23 24 -25 -26 -27 28 -29 -30 -31 32 33 -34 -35 36 37 -38 39 40 41 42 43
v -44 45 46 47 -48 -49 -50 51 -52 -53 54 55 -56 -57 -58 -59 -60 0
c Answer: 47
v -1 -2 3 -4 -5 -6 7 -8 9 -10 -11 -12 13 14 15 -16 -17 18 -19 -20 -21 22
v 23 -24 -25 -26 -27 28 -29 -30 -31 32 33 -34 -35 36 37 -38 39 40 41 42 43
v -44 -45 46 47 -48 -49 -50 51 -52 53 54 55 -56 -57 -58 -59 -60 0
c Answer: 48
v -1 -2 3 -4 -5 -6 7 -8 9 -10 -11 -12 13 14 15 -16 -17 18 -19 -20 -21 22
v 23 24 -25 -26 -27 28 -29 -30 -31 32 33 -34 -35 36 37 -38 39 40 41 42 43
v -44 -45 46 47 -48 -49 -50 51 -52 53 54 55 -56 -57 -58 -59 -60 0
c Answer: 49
v 1 -2 -3 -4 5 6 7 -8 -9 -10 11 -12 -13 -14 15 16 -17 18 -19 -20 -21 22 23
v -24 -25 -26 -27 28 -29 -30 -31 -32 33 -34 -35 36 37 -38 39 40 41 -42 43
v -44 45 46 47 -48 -49 -50 51 -52 -53 54 55 -56 -57 -58 -59 -60 0
c Answer: 50
v -1 -2 3 -4 -5 -6 7 -8 9 -10 -11 -12 13 14 15 16 -17 18 -19 -20 -21 22 23
v -24 -25 -26 -27 28 -29 -30 -31 -32 33 -34 -35 36 37 -38 39 40 41 -42 43
v -44 -45 46 47 -48 -49 -50 51 -52 53 54 55 -56 -57 -58 -59 -60 0
c Answer: 51
v 1 -2 -3 -4 5 6 7 -8 -9 -10 11 -12 -13 -14 15 16 -17 18 -19 -20 -21 22 23
v -24 -25 -26 -27 28 -29 -30 -31 32 33 -34 -35 36 37 -38 39 40 41 -42 43
v -44 45 46 47 -48 -49 -50 51 -52 -53 54 55 -56 -57 -58 -59 -60 0
c Answer: 52
v -1 -2 3 -4 -5 -6 7 -8 9 -10 -11 -12 13 14 15 16 -17 18 -19 -20 -21 22 23
v -24 -25 -26 -27 28 -29 -30 -31 32 33 -34 -35 36 37 -38 39 40 41 -42 43
v -44 -45 46 47 -48 -49 -50 51 -52 53 54 55 -56 -57 -58 -59 -60 0
c Answer: 53
v 1 -2 -3 -4 5 6 7 -8 -9 -10 11 -12 -13 -14 15 16 -17 18 -19 -20 -21 22 23
v -24 -25 -26 -27 28 -29 -30 -31 -32 33 -34 -35 36 37 -38 39 40 41 42 43
v -44 45 46 47 -48 -49 -50 51 -52 -53 54 55 -56 -57 -58 -59 -60 0
c Answer: 54
v 1 -2 -3 -4 5 6 7 -8 -9 -10 11 -12 -13 -14 15 16 -17 18 -19 -20 -21 22 23
v -24 -25 -26 -27 28 -29 -30 -31 32 33 -34 -35 36 37 -38 39 40 41 42 43 -44
v 45 46 47 -48 -49 -50 51 -52 -53 54 55 -56 -57 -58 -59 -60 0
c Answer: 55
v -1 -2 3 -4 -5 -6 7 -8 9 -10 -11 -12 13 14 15 16 -17 18 -19 -20 -21 22 23
v -24 -25 -26 -27 28 -29 -30 -31 -32 33 -34 -35 36 37 -38 39 40 41 42 43
v -44 -45 46 47 -48 -49 -50 51 -52 53 54 55 -56 -57 -58 -59 -60 0
c Answer: 56
v -1 -2 3 -4 -5 -6 7 -8 9 -10 -11 -12 13 14 15 16 -17 18 -19 -20 -21 22 23
v -24 -25 -26 -27 28 -29 -30 -31 32 33 -34 -35 36 37 -38 39 40 41 42 43 -44
v -45 46 47 -48 -49 -50 51 -52 53 54 55 -56 -57 -58 -59 -60 0
c Answer: 57
v 1 -2 -3 -4 5 6 7 -8 -9 -10 11 -12 -13 -14 15 16 -17 18 -19 -20 -21 22 23
v 24 -25 -26 -27 28 -29 -30 -31 -32 33 -34 -35 36 37 -38 39 40 41 -42 43
v -44 45 46 47 -48 -49 -50 51 -52 -53 54 55 -56 -57 -58 -59 -60 0
c Answer: 58
v -1 -2 3 -4 -5 -6 7 -8 9 -10 -11 -12 13 14 15 16 -17 18 -19 -20 -21 22 23
v 24 -25 -26 -27 28 -29 -30 -31 -32 33 -34 -35 36 37 -38 39 40 41 -42 43
v -44 -45 46 47 -48 -49 -50 51 -52 53 54 55 -56 -57 -58 -59 -60 0
c Answer: 59
v 1 -2 -3 -4 5 6 7 -8 -9 -10 11 -12 -13 -14 15 16 -17 18 -19 -20 -21 22 23
v 24 -25 -26 -27 28 -29 -30 -31 -32 33 -34 -35 36 37 -38 39 40 41 42 43 -44
v 45 46 47 -48 -49 -50 51 -52 -53 54 55 -56 -57 -58 -59 -60 0
c Answer: 60
v -1 -2 3 -4 -5 -6 7 -8 9 -10 -11 -12 13 14 15 16 -17 18 -19 -20 -21 22 23
v 24 -25 -26 -27 28 -29 -30 -31 -32 33 -34 -35 36 37 -38 39 40 41 42 43 -44
v -45 46 47 -48 -49 -50 51 -52 53 54 55 -56 -57 -58 -59 -60 0
c Answer: 61
v 1 -2 -3 -4 5 6 7 -8 -9 -10 11 -12 -13 -14 15 16 -17 18 -19 -20 -21 22 23
v 24 -25 -26 -27 28 -29 -30 -31 32 33 -34 -35 36 37 -38 39 40 41 -42 43 -44
v 45 46 47 -48 -49 -50 51 -52 -53 54 55 -56 -57 -58 -59 -60 0
c Answer: 62
v 1 -2 -3 -4 5 6 7 -8 -9 -10 11 -12 -13 -14 15 16 -17 18 -19 -20 -21 22 23
v 24 -25 -26 -27 28 -29 -30 -31 32 33 -34 -35 36 37 -38 39 40 41 42 43 -44
v 45 46 47 -48 -49 -50 51 -52 -53 54 55 -56 -57 -58 -59 -60 0
c Answer: 63
v -1 -2 3 -4 -5 -6 7 -8 9 -10 -11 -12 13 14 15 16 -17 18 -19 -20 -21 22 23
v 24 -25 -26 -27 28 -29 -30 -31 32 33 -34 -35 36 37 -38 39 40 41 -42 43 -44
v -45 46 47 -48 -49 -50 51 -52 53 54 55 -56 -57 -58 -59 -60 0
c Answer: 64
v -1 -2 3 -4 -5 -6 7 -8 9 -10 -11 -12 13 14 15 16 -17 18 -19 -20 -21 22 23
v 24 -25 -26 -27 28 -29 -30 -31 32 33 -34 -35 36 37 -38 39 40 41 42 43 -44
v -45 46 47 -48 -49 -50 51 -52 53 54 55 -56 -57 -58 -59 -60 0
c Answer: 65
v 1 -2 -3 -4 5 6 7 -8 -9 -10 11 -12 -13 -14 15 -16 -17 18 -19 -20 -21 22
v 23 -24 -25 -26 -27 28 -29 -30 -31 -32 33 -34 -35 36 37 -38 39 40 41 -42
v -43 44 45 46 47 -48 -49 -50 51 -52 -53 54 55 -56 -57 -58 -59 -60 0
c Answer: 66
v -1 -2 3 -4 -5 -6 7 -8 9 -10 -11 -12 13 14 15 -16 -17 18 -19 -20 -21 22
v 23 -24 -25 -26 -27 28 -29 -30 -31 -32 33 -34 -35 36 37 -38 39 40 41 -42
v -43 44 -45 46 47 -48 -49 -50 51 -52 53 54 55 -56 -57 -58 -59 -60 0
c Answer: 67
v 1 -2 -3 -4 5 6 7 -8 -9 -10 11 -12 -13 -14 15 -16 -17 18 -19 -20 -21 22
v 23 -24 -25 -26 -27 28 -29 -30 -31 -32 33 -34 -35 36 37 -38 39 40 41 -42
v 43 44 45 46 47 -48 -49 -50 51 -52 -53 54 55 -56 -57 -58 -59 -60 0
c Answer: 68
v -1 -2 3 -4 -5 -6 7 -8 9 -10 -11 -12 13 14 15 -16 -17 18 -19 -20 -21 22
v 23 -24 -25 -26 -27 28 -29 -30 -31 -32 33 -34 -35 36 37 -38 39 40 41 -42
v 43 44 -45 46 47 -48 -49 -50 51 -52 53 54 55 -56 -57 -58 -59 -60 0
c Answer: 69
v 1 -2 -3 -4 5 6 7 -8 -9 -10 11 -12 -13 -14 15 16 -17 18 -19 -20 -21 22 23
v -24 -25 -26 -27 28 -29 -30 -31 -32 33 -34 -35 36 37 -38 39 40 41 -42 -43
v 44 45 46 47 -48 -49 -50 51 -52 -53 54 55 -56 -57 -58 -59 -60 0
c Answer: 70
v 1 -2 -3 -4 5 6 7 -8 -9 -10 11 -12 -13 -14 15 16 -17 18 -19 -20 -21 22 23
v -24 -25 -26 -27 28 -29 -30 -31 -32 33 -34 -35 36 37 -38 39 40 41 -42 43
v 44 45 46 47 -48 -49 -50 51 -52 -53 54 55 -56 -57 -58 -59 -60 0
c Answer: 71
v -1 -2 3 -4 -5 -6 7 -8 9 -10 -11 -12 13 14 15 16 -17 18 -19 -20 -21 22 23
v -24 -25 -26 -27 28 -29 -30 -31 -32 33 -34 -35 36 37 -38 39 40 41 -42 -43
v 44 -45 46 47 -48 -49 -50 51 -52 53 54 55 -56 -57 -58 -59 -60 0
c Answer: 72
v -1 -2 3 -4 -5 -6 7 -8 9 -10 -11 -12 13 14 15 16 -17 18 -19 -20 -21 22 23
v -24 -25 -26 -27 28 -29 -30 -31 -32 33 -34 -35 36 37 -38 39 40 41 -42 43
v 44 -45 46 47 -48 -49 -50 51 -52 53 54 55 -56 -57 -58 -59 -60 0
c Answer: 73
v 1 -2 -3 -4 5 6 7 -8 -9 -10 11 -12 -13 -14 15 -16 -17 18 -19 -20 -21 22
v 23 24 -25 -26 -27 28 -29 -30 -31 -32 33 -34 -35 36 37 -38 39 40 41 -42
v -43 44 45 46 47 -48 -49 -50 51 -52 -53 54 55 -56 -57 -58 -59 -60 0
c Answer: 74
v -1 -2 3 -4 -5 -6 7 -8 9 -10 -11 -12 13 14 15 -16 -17 18 -19 -20 -21 22
v 23 24 -25 -26 -27 28 -29 -30 -31 -32 33 -34 -35 36 37 -38 39 40 41 -42
v -43 44 -45 46 47 -48 -49 -50 51 -52 53 54 55 -56 -57 -58 -59 -60 0
c Answer: 75
v 1 -2 -3 -4 5 6 7 -8 -9 -10 11 -12 -13 -14 15 16 -17 18 -19 -20 -21 22 23
v 24 -25 -26 -27 28 -29 -30 -31 -32 33 -34 -35 36 37 -38 39 40 41 -42 -43
v 44 45 46 47 -48 -49 -50 51 -52 -53 54 55 -56 -57 -58 -59 -60 0
c Answer: 76
v -1 -2 3 -4 -5 -6 7 -8 9 -10 -11 -12 13 14 15 16 -17 18 -19 -20 -21 22 23
v 24 -25 -26 -27 28 -29 -30 -31 -32 33 -34 -35 36 37 -38 39 40 41 -42 -43
v 44 -45 46 47 -48 -49 -50 51 -52 53 54 55 -56 -57 -58 -59 -60 0
c Answer: 77
v 1 -2 -3 -4 5 6 7 -8 -9 -10 11 -12 -13 -14 15 -16 -17 18 -19 -20 -21 22
v 23 24 -25 -26 -27 28 -29 -30 -31 -32 33 -34 -35 36 37 -38 39 40 41 -42
v 43 44 45 46 47 -48 -49 -50 51 -52 -53 54 55 -56 -57 -58 -59 -60 0
c Answer: 78
v 1 -2 -3 -4 5 6 7 -8 -9 -10 11 -12 -13 -14 15 16 -17 18 -19 -20 -21 22 23
v 24 -25 -26 -27 28 -29 -30 -31 -32 33 -34 -35 36 37 -38 39 40 41 -42 43
v 44 45 46 47 -48 -49 -50 51 -52 -53 54 55 -56 -57 -58 -59 -60 0
c Answer: 79
v -1 -2 3 -4 -5 -6 7 -8 9 -10 -11 -12 13 14 15 -16 -17 18 -19 -20 -21 22
v 23 24 -25 -26 -27 28 -29 -30 -31 -32 33 -34 -35 36 37 -38 39 40 41 -42
v 43 44 -45 46 47 -48 -49 -50 51 -52 53 54 55 -56 -57 -58 -59 -60 0
c Answer: 80
v -1 -2 3 -4 -5 -6 7 -8 9 -10 -11 -12 13 14 15 16 -17 18 -19 -20 -21 22 23
v 24 -25 -26 -27 28 -29 -30 -31 -32 33 -34 -35 36 37 -38 39 40 41 -42 43
v 44 -45 46 47 -48 -49 -50 51 -52 53 54 55 -56 -57 -58 -59 -60 0
c Answer: 81
v 1 -2 -3 -4 5 6 7 -8 -9 -10 11 -12 -13 -14 15 -16 -17 18 -19 -20 -21 22
v 23 -24 -25 -26 -27 28 -29 -30 -31 32 33 -34 -35 36 37 -38 39 40 41 -42
v -43 44 45 46 47 -48 -49 -50 51 -52 -53 54 55 -56 -57 -58 -59 -60 0
c Answer: 82
v -1 -2 3 -4 -5 -6 7 -8 9 -10 -11 -12 13 14 15 -16 -17 18 -19 -20 -21 22
v 23 -24 -25 -26 -27 28 -29 -30 -31 32 33 -34 -35 36 37 -38 39 40 41 -42
v -43 44 -45 46 47 -48 -49 -50 51 -52 53 54 55 -56 -57 -58 -59 -60 0
c Answer: 83
v 1 -2 -3 -4 5 6 7 -8 -9 -10 11 -12 -13 -14 15 -16 -17 18 -19 -20 -21 22
v 23 24 -25 -26 -27 28 -29 -30 -31 32 33 -34 -35 36 37 -38 39 40 41 -42 -43
v 44 45 46 47 -48 -49 -50 51 -52 -53 54 55 -56 -57 -58 -59 -60 0
c Answer: 84
v -1 -2 3 -4 -5 -6 7 -8 9 -10 -11 -12 13 14 15 -16 -17 18 -19 -20 -21 22
v 23 24 -25 -26 -27 28 -29 -30 -31 32 33 -34 -35 36 37 -38 39 40 41 -42 -43
v 44 -45 46 47 -48 -49 -50 51 -52 53 54 55 -56 -57 -58 -59 -60 0
c Answer: 85
v 1 -2 -3 -4 5 6 7 -8 -9 -10 11 -12 -13 -14 15 -16 -17 18 -19 -20 -21 22
v 23 -24 -25 -26 -27 28 -29 -30 -31 32 33 -34 -35 36 37 -38 39 40 41 -42
v 43 44 45 46 47 -48 -49 -50 51 -52 -53 54 55 -56 -57 -58 -59 -60 0
c Answer: 86
v 1 -2 -3 -4 5 6 7 -8 -9 -10 11 -12 -13 -14 15 -16 -17 18 -19 -20 -21 22
v 23 24 -25 -26 -27 28 -29 -30 -31 32 33 -34 -35 36 37 -38 39 40 41 -42 43
v 44 45 46 47 -48 -49 -50 51 -52 -53 54 55 -56 -57 -58 -59 -60 0
c Answer: 87
v -1 -2 3 -4 -5 -6 7 -8 9 -10 -11 -12 13 14 15 -16 -17 18 -19 -20 -21 22
v 23 -24 -25 -26 -27 28 -29 -30 -31 32 33 -34 -35 36 37 -38 39 40 41 -42
v 43 44 -45 46 47 -48 -49 -50 51 -52 53 54 55 -56 -57 -58 -59 -60 0
c Answer: 88
v -1 -2 3 -4 -5 -6 7 -8 9 -10 -11 -12 13 14 15 -16 -17 18 -19 -20 -21 22
v 23 24 -25 -26 -27 28 -29 -30 -31 32 33 -34 -35 36 37 -38 39 40 41 -42 43
v 44 -45 46 47 -48 -49 -50 51 -52 53 54 55 -56 -57 -58 -59 -60 0
c Answer: 89
v 1 -2 -3 -4 5 6 7 -8 -9 -10 11 -12 -13 -14 15 16 -17 18 -19 -20 -21 22 23
v -24 -25 -26 -27 28 -29 -30 -31 32 33 -34 -35 36 37 -38 39 40 41 -42 -43
v 44 45 46 47 -48 -49 -50 51 -52 -53 54 55 -56 -57 -58 -59 -60 0
c Answer: 90
v -1 -2 3 -4 -5 -6 7 -8 9 -10 -11 -12 13 14 15 16 -17 18 -19 -20 -21 22 23
v -24 -25 -26 -27 28 -29 -30 -31 32 33 -34 -35 36 37 -38 39 40 41 -42 -43
v 44 -45 46 47 -48 -49 -50 51 -52 53 54 55 -56 -57 -58 -59 -60 0
c Answer: 91
v 1 -2 -3 -4 5 6 7 -8 -9 -10 11 -12 -13 -14 15 16 -17 18 -19 -20 -21 22 23
v -24 -25 -26 -27 28 -29 -30 -31 32 33 -34 -35 36 37 -38 39 40 41 -42 43
v 44 45 46 47 -48 -49 -50 51 -52 -53 54 55 -56 -57 -58 -59 -60 0
c Answer: 92
v -1 -2 3 -4 -5 -6 7 -8 9 -10 -11 -12 13 14 15 16 -17 18 -19 -20 -21 22 23
v -24 -25 -26 -27 28 -29 -30 -31 32 33 -34 -35 36 37 -38 39 40 41 -42 43
v 44 -45 46 47 -48 -49 -50 51 -52 53 54 55 -56 -57 -58 -59 -60 0
c Answer: 93
v 1 -2 -3 -4 5 6 7 -8 -9 -10 11 -12 -13 -14 15 16 -17 18 -19 -20 -21 22 23
v 24 -25 -26 -27 28 -29 -30 -31 32 33 -34 -35 36 37 -38 39 40 41 -42 -43
v 44 45 46 47 -48 -49 -50 51 -52 -53 54 55 -56 -57 -58 -59 -60 0
c Answer: 94
v 1 -2 -3 -4 5 6 7 -8 -9 -10 11 -12 -13 -14 15 16 -17 18 -19 -20 -21 22 23
v 24 -25 -26 -27 28 -29 -30 -31 32 33 -34 -35 36 37 -38 39 40 41 -42 43 44
v 45 46 47 -48 -49 -50 51 -52 -53 54 55 -56 -57 -58 -59 -60 0
c Answer: 95
v -1 -2 3 -4 -5 -6 7 -8 9 -10 -11 -12 13 14 15 16 -17 18 -19 -20 -21 22 23
v 24 -25 -26 -27 28 -29 -30 -31 32 33 -34 -35 36 37 -38 39 40 41 -42 -43
v 44 -45 46 47 -48 -49 -50 51 -52 53 54 55 -56 -57 -58 -59 -60 0
c Answer: 96
v -1 -2 3 -4 -5 -6 7 -8 9 -10 -11 -12 13 14 15 16 -17 18 -19 -20 -21 22 23
v 24 -25 -26 -27 28 -29 -30 -31 32 33 -34 -35 36 37 -38 39 40 41 -42 43 44
v -45 46 47 -48 -49 -50 51 -52 53 54 55 -56 -57 -58 -59 -60 0
c Answer: 97
v 1 -2 -3 -4 5 6 7 -8 -9 -10 11 -12 -13 -14 15 -16 -17 18 -19 -20 -21 22
v 23 -24 -25 -26 -27 28 -29 -30 -31 -32 33 -34 -35 36 37 -38 39 40 41 42
v -43 44 45 46 47 -48 -49 -50 51 -52 -53 54 55 -56 -57 -58 -59 -60 0
c Answer: 98
v -1 -2 3 -4 -5 -6 7 -8 9 -10 -11 -12 13 14 15 -16 -17 18 -19 -20 -21 22
v 23 -24 -25 -26 -27 28 -29 -30 -31 -32 33 -34 -35 36 37 -38 39 40 41 42
v -43 44 -45 46 47 -48 -49 -50 51 -52 53 54 55 -56 -57 -58 -59 -60 0
c Answer: 99
v 1 -2 -3 -4 5 6 7 -8 -9 -10 11 -12 -13 -14 15 -16 -17 18 -19 -20 -21 22
v 23 -24 -25 -26 -27 28 -29 -30 -31 32 33 -34 -35 36 37 -38 39 40 41 42 -43
v 44 45 46 47 -48 -49 -50 51 -52 -53 54 55 -56 -57 -58 -59 -60 0
c Answer: 100
v -1 -2 3 -4 -5 -6 7 -8 9 -10 -11 -12 13 14 15 -16 -17 18 -19 -20 -21 22
v 23 -24 -25 -26 -27 28 -29 -30 -31 32 33 -34 -35 36 37 -38 39 40 41 42 -43
v 44 -45 46 47 -48 -49 -50 51 -52 53 54 55 -56 -57 -58 -59 -60 0
c Answer: 101
v 1 -2 -3 -4 5 6 7 -8 -9 -10 11 -12 -13 -14 15 16 -17 18 -19 -20 -21 22 23
v -24 -25 -26 -27 28 -29 -30 -31 -32 33 -34 -35 36 37 -38 39 40 41 42 -43
v 44 45 46 47 -48 -49 -50 51 -52 -53 54 55 -56 -57 -58 -59 -60 0
c Answer: 102
v 1 -2 -3 -4 5 6 7 -8 -9 -10 11 -12 -13 -14 15 16 -17 18 -19 -20 -21 22 23
v -24 -25 -26 -27 28 -29 -30 -31 32 33 -34 -35 36 37 -38 39 40 41 42 -43
v 44 45 46 47 -48 -49 -50 51 -52 -53 54 55 -56 -57 -58 -59 -60 0
c Answer: 103
v -1 -2 3 -4 -5 -6 7 -8 9 -10 -11 -12 13 14 15 16 -17 18 -19 -20 -21 22 23
v -24 -25 -26 -27 28 -29 -30 -31 -32 33 -34 -35 36 37 -38 39 40 41 42 -43
v 44 -45 46 47 -48 -49 -50 51 -52 53 54 55 -56 -57 -58 -59 -60 0
c Answer: 104
v -1 -2 3 -4 -5 -6 7 -8 9 -10 -11 -12 13 14 15 16 -17 18 -19 -20 -21 22 23
v -24 -25 -26 -27 28 -29 -30 -31 32 33 -34 -35 36 37 -38 39 40 41 42 -43
v 44 -45 46 47 -48 -49 -50 51 -52 53 54 55 -56 -57 -58 -59 -60 0
c Answer: 105
v 1 -2 -3 -4 5 6 7 -8 -9 -10 11 -12 -13 -14 15 -16 -17 18 -19 -20 -21 22
v 23 24 -25 -26 -27 28 -29 -30 -31 -32 33 -34 -35 36 37 -38 39 40 41 42 -43
v 44 45 46 47 -48 -49 -50 51 -52 -53 54 55 -56 -57 -58 -59 -60 0
c Answer: 106
v -1 -2 3 -4 -5 -6 7 -8 9 -10 -11 -12 13 14 15 -16 -17 18 -19 -20 -21 22
v 23 24 -25 -26 -27 28 -29 -30 -31 -32 33 -34 -35 36 37 -38 39 40 41 42 -43
v 44 -45 46 47 -48 -49 -50 51 -52 53 54 55 -56 -57 -58 -59 -60 0
c Answer: 107
v 1 -2 -3 -4 5 6 7 -8 -9 -10 11 -12 -13 -14 15 16 -17 18 -19 -20 -21 22 23
v 24 -25 -26 -27 28 -29 -30 -31 -32 33 -34 -35 36 37 -38 39 40 41 42 -43
v 44 45 46 47 -48 -49 -50 51 -52 -53 54 55 -56 -57 -58 -59 -60 0
c Answer: 108
v -1 -2 3 -4 -5 -6 7 -8 9 -10 -11 -12 13 14 15 16 -17 18 -19 -20 -21 22 23
v 24 -25 -26 -27 28 -29 -30 -31 -32 33 -34 -35 36 37 -38 39 40 41 42 -43
v 44 -45 46 47 -48 -49 -50 51 -52 53 54 55 -56 -57 -58 -59 -60 0
c Answer: 109
v 1 -2 -3 -4 5 6 7 -8 -9 -10 11 -12 -13 -14 15 -16 -17 18 -19 -20 -21 22
v 23 24 -25 -26 -27 28 -29 -30 -31 32 33 -34 -35 36 37 -38 39 40 41 42 -43
v 44 45 46 47 -48 -49 -50 51 -52 -53 54 55 -56 -57 -58 -59 -60 0
c Answer: 110
v 1 -2 -3 -4 5 6 7 -8 -9 -10 11 -12 -13 -14 15 16 -17 18 -19 -20 -21 22 23
v 24 -25 -26 -27 28 -29 -30 -31 32 33 -34 -35 36 37 -38 39 40 41 42 -43 44
v 45 46 47 -48 -49 -50 51 -52 -53 54 55 -56 -57 -58 -59 -60 0
c Answer: 111
v -1 -2 3 -4 -5 -6 7 -8 9 -10 -11 -12 13 14 15 -16 -17 18 -19 -20 -21 22
v 23 24 -25 -26 -27 28 -29 -30 -31 32 33 -34 -35 36 37 -38 39 40 41 42 -43
v 44 -45 46 47 -48 -49 -50 51 -52 53 54 55 -56 -57 -58 -59 -60 0
c Answer: 112
v -1 -2 3 -4 -5 -6 7 -8 9 -10 -11 -12 13 14 15 16 -17 18 -19 -20 -21 22 23
v 24 -25 -26 -27 28 -29 -30 -31 32 33 -34 -35 36 37 -38 39 40 41 42 -43 44
v -45 46 47 -48 -49 -50 51 -52 53 54 55 -56 -57 -58 -59 -60 0
c Answer: 113
v 1 -2 -3 -4 5 6 7 -8 -9 -10 11 -12 -13 -14 15 -16 -17 18 -19 -20 -21 22
v 23 -24 -25 -26 -27 28 -29 -30 -31 -32 33 -34 -35 36 37 -38 39 40 41 42
v 43 44 45 46 47 -48 -49 -50 51 -52 -53 54 55 -56 -57 -58 -59 -60 0
c Answer: 114
v -1 -2 3 -4 -5 -6 7 -8 9 -10 -11 -12 13 14 15 -16 -17 18 -19 -20 -21 22
v 23 -24 -25 -26 -27 28 -29 -30 -31 -32 33 -34 -35 36 37 -38 39 40 41 42
v 43 44 -45 46 47 -48 -49 -50 51 -52 53 54 55 -56 -57 -58 -59 -60 0
c Answer: 115
v 1 -2 -3 -4 5 6 7 -8 -9 -10 11 -12 -13 -14 15 -16 -17 18 -19 -20 -21 22
v 23 24 -25 -26 -27 28 -29 -30 -31 -32 33 -34 -35 36 37 -38 39 40 41 42 43
v 44 45 46 47 -48 -49 -50 51 -52 -53 54 55 -56 -57 -58 -59 -60 0
c Answer: 116
v -1 -2 3 -4 -5 -6 7 -8 9 -10 -11 -12 13 14 15 -16 -17 18 -19 -20 -21 22
v 23 24 -25 -26 -27 28 -29 -30 -31 -32 33 -34 -35 36 37 -38 39 40 41 42 43
v 44 -45 46 47 -48 -49 -50 51 -52 53 54 55 -56 -57 -58 -59 -60 0
c Answer: 117
v 1 -2 -3 -4 5 6 7 -8 -9 -10 11 -12 -13 -14 15 -16 -17 18 -19 -20 -21 22
v 23 -24 -25 -26 -27 28 -29 -30 -31 32 33 -34 -35 36 37 -38 39 40 41 42 43
v 44 45 46 47 -48 -49 -50 51 -52 -53 54 55 -56 -57 -58 -59 -60 0
c Answer: 118
v 1 -2 -3 -4 5 6 7 -8 -9 -10 11 -12 -13 -14 15 -16 -17 18 -19 -20 -21 22
v 23 24 -25 -26 -27 28 -29 -30 -31 32 33 -34 -35 36 37 -38 39 40 41 42 43
v 44 45 46 47 -48 -49 -50 51 -52 -53 54 55 -56 -57 -58 -59 -60 0
c Answer: 119
v -1 -2 3 -4 -5 -6 7 -8 9 -10 -11 -12 13 14 15 -16 -17 18 -19 -20 -21 22
v 23 -24 -25 -26 -27 28 -29 -30 -31 32 33 -34 -35 36 37 -38 39 40 41 42 43
v 44 -45 46 47 -48 -49 -50 51 -52 53 54 55 -56 -57 -58 -59 -60 0
c Answer: 120
v -1 -2 3 -4 -5 -6 7 -8 9 -10 -11 -12 13 14 15 -16 -17 18 -19 -20 -21 22
v 23 24 -25 -26 -27 28 -29 -30 -31 32 33 -34 -35 36 37 -38 39 40 41 42 43
v 44 -45 46 47 -48 -49 -50 51 -52 53 54 55 -56 -57 -58 -59 -60 0
c Answer: 121
v 1 -2 -3 -4 5 6 7 -8 -9 -10 11 -12 -13 -14 15 16 -17 18 -19 -20 -21 22 23
v -24 -25 -26 -27 28 -29 -30 -31 -32 33 -34 -35 36 37 -38 39 40 41 42 43
v 44 45 46 47 -48 -49 -50 51 -52 -53 54 55 -56 -57 -58 -59 -60 0
c Answer: 122
v -1 -2 3 -4 -5 -6 7 -8 9 -10 -11 -12 13 14 15 16 -17 18 -19 -20 -21 22 23
v -24 -25 -26 -27 28 -29 -30 -31 -32 33 -34 -35 36 37 -38 39 40 41 42 43
v 44 -45 46 47 -48 -49 -50 51 -52 53 54 55 -56 -57 -58 -59 -60 0
c Answer: 123
v 1 -2 -3 -4 5 6 7 -8 -9 -10 11 -12 -13 -14 15 16 -17 18 -19 -20 -21 22 23
v -24 -25 -26 -27 28 -29 -30 -31 32 33 -34 -35 36 37 -38 39 40 41 42 43 44
v 45 46 47 -48 -49 -50 51 -52 -53 54 55 -56 -57 -58 -59 -60 0
c Answer: 124
v -1 -2 3 -4 -5 -6 7 -8 9 -10 -11 -12 13 14 15 16 -17 18 -19 -20 -21 22 23
v -24 -25 -26 -27 28 -29 -30 -31 32 33 -34 -35 36 37 -38 39 40 41 42 43 44
v -45 46 47 -48 -49 -50 51 -52 53 54 55 -56 -57 -58 -59 -60 0
c Answer: 125
v 1 -2 -3 -4 5 6 7 -8 -9 -10 11 -12 -13 -14 15 16 -17 18 -19 -20 -21 22 23
v 24 -25 -26 -27 28 -29 -30 -31 -32 33 -34 -35 36 37 -38 39 40 41 42 43 44
v 45 46 47 -48 -49 -50 51 -52 -53 54 55 -56 -57 -58 -59 -60 0
c Answer: 126
v 1 -2 -3 -4 5 6 7 -8 -9 -10 11 -12 -13 -14 15 16 -17 18 -19 -20 -21 22 23
v 24 -25 -26 -27 28 -29 -30 -31 32 33 -34 -35 36 37 -38 39 40 41 42 43 44
v 45 46 47 -48 -49 -50 51 -52 -53 54 55 -56 -57 -58 -59 -60 0
c Answer: 127
v -1 -2 3 -4 -5 -6 7 -8 9 -10 -11 -12 13 14 15 16 -17 18 -19 -20 -21 22 23
v 24 -25 -26 -27 28 -29 -30 -31 -32 33 -34 -35 36 37 -38 39 40 41 42 43 44
v -45 46 47 -48 -49 -50 51 -52 53 54 55 -56 -57 -58 -59 -60 0
c Answer: 128
v -1 -2 3 -4 -5 -6 7 -8 9 -10 -11 -12 13 14 15 16 -17 18 -19 -20 -21 22 23
v 24 -25 -26 -27 28 -29 -30 -31 32 33 -34 -35 36 37 -38 39 40 41 42 43 44
v -45 46 47 -48 -49 -50 51 -52 53 54 55 -56 -57 -58 -59 -60 0
c Answer: 129
v 1 -2 -3 -4 5 6 7 -8 -9 -10 11 -12 -13 -14 15 -16 -17 18 -19 -20 -21 22
v 23 -24 -25 -26 -27 28 -29 -30 -31 -32 33 -34 -35 36 37 -38 39 40 41 -42
v -43 -44 45 46 47 48 -49 -50 51 -52 -53 54 55 -56 -57 -58 -59 -60 0
c Answer: 130
v -1 -2 3 -4 -5 -6 7 -8 9 -10 -11 -12 13 14 15 -16 -17 18 -19 -20 -21 22
v 23 -24 -25 -26 -27 28 -29 -30 -31 -32 33 -34 -35 36 37 -38 39 40 41 -42
v -43 -44 -45 46 47 48 -49 -50 51 -52 53 54 55 -56 -57 -58 -59 -60 0
c Answer: 131
v 1 -2 -3 -4 5 6 7 -8 -9 -10 11 -12 -13 -14 15 -16 -17 18 -19 -20 -21 22
v 23 -24 -25 -26 -27 28 -29 -30 -31 -32 33 -34 -35 36 37 -38 39 40 41 -42
v -43 44 45 46 47 48 -49 -50 51 -52 -53 54 55 -56 -57 -58 -59 -60 0
c Answer: 132
v -1 -2 3 -4 -5 -6 7 -8 9 -10 -11 -12 13 14 15 -16 -17 18 -19 -20 -21 22
v 23 -24 -25 -26 -27 28 -29 -30 -31 -32 33 -34 -35 36 37 -38 39 40 41 -42
v -43 44 -45 46 47 48 -49 -50 51 -52 53 54 55 -56 -57 -58 -59 -60 0
c Answer: 133
v 1 -2 -3 -4 5 6 7 -8 -9 -10 11 -12 -13 -14 15 -16 -17 18 -19 -20 -21 22
v 23 -24 -25 -26 -27 28 -29 -30 -31 -32 33 -34 -35 36 37 -38 39 40 41 42
v -43 -44 45 46 47 48 -49 -50 51 -52 -53 54 55 -56 -57 -58 -59 -60 0
c Answer: 134
v 1 -2 -3 -4 5 6 7 -8 -9 -10 11 -12 -13 -14 15 -16 -17 18 -19 -20 -21 22
v 23 -24 -25 -26 -27 28 -29 -30 -31 -32 33 -34 -35 36 37 -38 39 40 41 42
v -43 44 45 46 47 48 -49 -50 51 -52 -53 54 55 -56 -57 -58 -59 -60 0
c Answer: 135
v -1 -2 3 -4 -5 -6 7 -8 9 -10 -11 -12 13 14 15 -16 -17 18 -19 -20 -21 22
v 23 -24 -25 -26 -27 28 -29 -30 -31 -32 33 -34 -35 36 37 -38 39 40 41 42
v -43 -44 -45 46 47 48 -49 -50 51 -52 53 54 55 -56 -57 -58 -59 -60 0
c Answer: 136
v -1 -2 3 -4 -5 -6 7 -8 9 -10 -11 -12 13 14 15 -16 -17 18 -19 -20 -21 22
v 23 -24 -25 -26 -27 28 -29 -30 -31 -32 33 -34 -35 36 37 -38 39 40 41 42
v -43 44 -45 46 47 48 -49 -50 51 -52 53 54 55 -56 -57 -58 -59 -60 0
c Answer: 137
v 1 -2 -3 -4 5 6 7 -8 -9 -10 11 -12 -13 -14 15 -16 -17 18 -19 -20 -21 22
v 23 -24 -25 -26 -27 28 -29 -30 -31 -32 33 -34 -35 36 37 -38 39 40 41 -42
v 43 -44 45 46 47 48 -49 -50 51 -52 -53 54 55 -56 -57 -58 -59 -60 0
c Answer: 138
v -1 -2 3 -4 -5 -6 7 -8 9 -10 -11 -12 13 14 15 -16 -17 18 -19 -20 -21 22
v 23 -24 -25 -26 -27 28 -29 -30 -31 -32 33 -34 -35 36 37 -38 39 40 41 -42
v 43 -44 -45 46 47 48 -49 -50 51 -52 53 54 55 -56 -57 -58 -59 -60 0
c Answer: 139
v 1 -2 -3 -4 5 6 7 -8 -9 -10 11 -12 -13 -14 15 -16 -17 18 -19 -20 -21 22
v 23 -24 -25 -26 -27 28 -29 -30 -31 -32 33 -34 -35 36 37 -38 39 40 41 42
v 43 -44 45 46 47 48 -49 -50 51 -52 -53 54 55 -56 -57 -58 -59 -60 0
c Answer: 140
v -1 -2 3 -4 -5 -6 7 -8 9 -10 -11 -12 13 14 15 -16 -17 18 -19 -20 -21 22
v 23 -24 -25 -26 -27 28 -29 -30 -31 -32 33 -34 -35 36 37 -38 39 40 41 42
v 43 -44 -45 46 47 48 -49 -50 51 -52 53 54 55 -56 -57 -58 -59 -60 0
c Answer: 141
v 1 -2 -3 -4 5 6 7 -8 -9 -10 11 -12 -13 -14 15 -16 -17 18 -19 -20 -21 22
v 23 -24 -25 -26 -27 28 -29 -30 -31 -32 33 -34 -35 36 37 -38 39 40 41 -42
v 43 44 45 46 47 48 -49 -50 51 -52 -53 54 55 -56 -57 -58 -59 -60 0
c Answer: 142
v 1 -2 -3 -4 5 6 7 -8 -9 -10 11 -12 -13 -14 15 -16 -17 18 -19 -20 -21 22
v 23 -24 -25 -26 -27 28 -29 -30 -31 -32 33 -34 -35 36 37 -38 39 40 41 42
v 43 44 45 46 47 48 -49 -50 51 -52 -53 54 55 -56 -57 -58 -59 -60 0
c Answer: 143
v -1 -2 3 -4 -5 -6 7 -8 9 -10 -11 -12 13 14 15 -16 -17 18 -19 -20 -21 22
v 23 -24 -25 -26 -27 28 -29 -30 -31 -32 33 -34 -35 36 37 -38 39 40 41 -42
v 43 44 -45 46 47 48 -49 -50 51 -52 53 54 55 -56 -57 -58 -59 -60 0
c Answer: 144
v -1 -2 3 -4 -5 -6 7 -8 9 -10 -11 -12 13 14 15 -16 -17 18 -19 -20 -21 22
v 23 -24 -25 -26 -27 28 -29 -30 -31 -32 33 -34 -35 36 37 -38 39 40 41 42
v 43 44 -45 46 47 48 -49 -50 51 -52 53 54 55 -56 -57 -58 -59 -60 0
c Answer: 145
v 1 -2 -3 -4 5 6 7 -8 -9 -10 11 -12 -13 -14 15 16 -17 18 -19 -20 -21 22 23
v -24 -25 -26 -27 28 -29 -30 -31 -32 33 -34 -35 36 37 -38 39 40 41 -42 -43
v -44 45 46 47 48 -49 -50 51 -52 -53 54 55 -56 -57 -58 -59 -60 0
c Answer: 146
v -1 -2 3 -4 -5 -6 7 -8 9 -10 -11 -12 13 14 15 16 -17 18 -19 -20 -21 22 23
v -24 -25 -26 -27 28 -29 -30 -31 -32 33 -34 -35 36 37 -38 39 40 41 -42 -43
v -44 -45 46 47 48 -49 -50 51 -52 53 54 55 -56 -57 -58 -59 -60 0
c Answer: 147
v 1 -2 -3 -4 5 6 7 -8 -9 -10 11 -12 -13 -14 15 16 -17 18 -19 -20 -21 22 23
v -24 -25 -26 -27 28 -29 -30 -31 -32 33 -34 -35 36 37 -38 39 40 41 -42 43
v -44 45 46 47 48 -49 -50 51 -52 -53 54 55 -56 -57 -58 -59 -60 0
c Answer: 148
v -1 -2 3 -4 -5 -6 7 -8 9 -10 -11 -12 13 14 15 16 -17 18 -19 -20 -21 22 23
v -24 -25 -26 -27 28 -29 -30 -31 -32 33 -34 -35 36 37 -38 39 40 41 -42 43
v -44 -45 46 47 48 -49 -50 51 -52 53 54 55 -56 -57 -58 -59 -60 0
c Answer: 149
v 1 -2 -3 -4 5 6 7 -8 -9 -10 11 -12 -13 -14 15 16 -17 18 -19 -20 -21 22 23
v -24 -25 -26 -27 28 -29 -30 -31 -32 33 -34 -35 36 37 -38 39 40 41 -42 -43
v 44 45 46 47 48 -49 -50 51 -52 -53 54 55 -56 -57 -58 -59 -60 0
c Answer: 150
v 1 -2 -3 -4 5 6 7 -8 -9 -10 11 -12 -13 -14 15 16 -17 18 -19 -20 -21 22 23
v -24 -25 -26 -27 28 -29 -30 -31 -32 33 -34 -35 36 37 -38 39 40 41 -42 43
v 44 45 46 47 48 -49 -50 51 -52 -53 54 55 -56 -57 -58 -59 -60 0
c Answer: 151
v -1 -2 3 -4 -5 -6 7 -8 9 -10 -11 -12 13 14 15 16 -17 18 -19 -20 -21 22 23
v -24 -25 -26 -27 28 -29 -30 -31 -32 33 -34 -35 36 37 -38 39 40 41 -42 -43
v 44 -45 46 47 48 -49 -50 51 -52 53 54 55 -56 -57 -58 -59 -60 0
c Answer: 152
v -1 -2 3 -4 -5 -6 7 -8 9 -10 -11 -12 13 14 15 16 -17 18 -19 -20 -21 22 23
v -24 -25 -26 -27 28 -29 -30 -31 -32 33 -34 -35 36 37 -38 39 40 41 -42 43
v 44 -45 46 47 48 -49 -50 51 -52 53 54 55 -56 -57 -58 -59 -60 0
c Answer: 153
v 1 -2 -3 -4 5 6 7 -8 -9 -10 11 -12 -13 -14 15 16 -17 18 -19 -20 -21 22 23
v -24 -25 -26 -27 28 -29 -30 -31 -32 33 -34 -35 36 37 -38 39 40 41 42 -43
v -44 45 46 47 48 -49 -50 51 -52 -53 54 55 -56 -57 -58 -59 -60 0
c Answer: 154
v -1 -2 3 -4 -5 -6 7 -8 9 -10 -11 -12 13 14 15 16 -17 18 -19 -20 -21 22 23
v -24 -25 -26 -27 28 -29 -30 -31 -32 33 -34 -35 36 37 -38 39 40 41 42 -43
v -44 -45 46 47 48 -49 -50 51 -52 53 54 55 -56 -57 -58 -59 -60 0
c Answer: 155
v 1 -2 -3 -4 5 6 7 -8 -9 -10 11 -12 -13 -14 15 16 -17 18 -19 -20 -21 22 23
v -24 -25 -26 -27 28 -29 -30 -31 -32 33 -34 -35 36 37 -38 39 40 41 42 -43
v 44 45 46 47 48 -49 -50 51 -52 -53 54 55 -56 -57 -58 -59 -60 0
c Answer: 156
v -1 -2 3 -4 -5 -6 7 -8 9 -10 -11 -12 13 14 15 16 -17 18 -19 -20 -21 22 23
v -24 -25 -26 -27 28 -29 -30 -31 -32 33 -34 -35 36 37 -38 39 40 41 42 -43
v 44 -45 46 47 48 -49 -50 51 -52 53 54 55 -56 -57 -58 -59 -60 0
c Answer: 157
v 1 -2 -3 -4 5 6 7 -8 -9 -10 11 -12 -13 -14 15 16 -17 18 -19 -20 -21 22 23
v -24 -25 -26 -27 28 -29 -30 -31 -32 33 -34 -35 36 37 -38 39 40 41 42 43
v -44 45 46 47 48 -49 -50 51 -52 -53 54 55 -56 -57 -58 -59 -60 0
c Answer: 158
v 1 -2 -3 -4 5 6 7 -8 -9 -10 11 -12 -13 -14 15 16 -17 18 -19 -20 -21 22 23
v -24 -25 -26 -27 28 -29 -30 -31 -32 33 -34 -35 36 37 -38 39 40 41 42 43
v 44 45 46 47 48 -49 -50 51 -52 -53 54 55 -56 -57 -58 -59 -60 0
c Answer: 159
v -1 -2 3 -4 -5 -6 7 -8 9 -10 -11 -12 13 14 15 16 -17 18 -19 -20 -21 22 23
v -24 -25 -26 -27 28 -29 -30 -31 -32 33 -34 -35 36 37 -38 39 40 41 42 43
v -44 -45 46 47 48 -49 -50 51 -52 53 54 55 -56 -57 -58 -59 -60 0
c Answer: 160
v -1 -2 3 -4 -5 -6 7 -8 9 -10 -11 -12 13 14 15 16 -17 18 -19 -20 -21 22 23
v -24 -25 -26 -27 28 -29 -30 -31 -32 33 -34 -35 36 37 -38 39 40 41 42 43
v 44 -45 46 47 48 -49 -50 51 -52 53 54 55 -56 -57 -58 -59 -60 0
c Answer: 161
v 1 -2 -3 -4 5 6 7 -8 -9 -10 11 -12 -13 -14 15 -16 -17 18 -19 -20 -21 22
v 23 24 -25 -26 -27 28 -29 -30 -31 -32 33 -34 -35 36 37 -38 39 40 41 -42
v -43 -44 45 46 47 48 -49 -50 51 -52 -53 54 55 -56 -57 -58 -59 -60 0
c Answer: 162
v -1 -2 3 -4 -5 -6 7 -8 9 -10 -11 -12 13 14 15 -16 -17 18 -19 -20 -21 22
v 23 24 -25 -26 -27 28 -29 -30 -31 -32 33 -34 -35 36 37 -38 39 40 41 -42
v -43 -44 -45 46 47 48 -49 -50 51 -52 53 54 55 -56 -57 -58 -59 -60 0
c Answer: 163
v 1 -2 -3 -4 5 6 7 -8 -9 -10 11 -12 -13 -14 15 16 -17 18 -19 -20 -21 22 23
v 24 -25 -26 -27 28 -29 -30 -31 -32 33 -34 -35 36 37 -38 39 40 41 -42 -43
v -44 45 46 47 48 -49 -50 51 -52 -53 54 55 -56 -57 -58 -59 -60 0
c Answer: 164
v -1 -2 3 -4 -5 -6 7 -8 9 -10 -11 -12 13 14 15 16 -17 18 -19 -20 -21 22 23
v 24 -25 -26 -27 28 -29 -30 -31 -32 33 -34 -35 36 37 -38 39 40 41 -42 -43
v -44 -45 46 47 48 -49 -50 51 -52 53 54 55 -56 -57 -58 -59 -60 0
c Answer: 165
v 1 -2 -3 -4 5 6 7 -8 -9 -10 11 -12 -13 -14 15 -16 -17 18 -19 -20 -21 22
v 23 24 -25 -26 -27 28 -29 -30 -31 -32 33 -34 -35 36 37 -38 39 40 41 42 -43
v -44 45 46 47 48 -49 -50 51 -52 -53 54 55 -56 -57 -58 -59 -60 0
c Answer: 166
v 1 -2 -3 -4 5 6 7 -8 -9 -10 11 -12 -13 -14 15 16 -17 18 -19 -20 -21 22 23
v 24 -25 -26 -27 28 -29 -30 -31 -32 33 -34 -35 36 37 -38 39 40 41 42 -43
v -44 45 46 47 48 -49 -50 51 -52 -53 54 55 -56 -57 -58 -59 -60 0
c Answer: 167
v -1 -2 3 -4 -5 -6 7 -8 9 -10 -11 -12 13 14 15 -16 -17 18 -19 -20 -21 22
v 23 24 -25 -26 -27 28 -29 -30 -31 -32 33 -34 -35 36 37 -38 39 40 41 42 -43
v -44 -45 46 47 48 -49 -50 51 -52 53 54 55 -56 -57 -58 -59 -60 0
c Answer: 168
v -1 -2 3 -4 -5 -6 7 -8 9 -10 -11 -12 13 14 15 16 -17 18 -19 -20 -21 22 23
v 24 -25 -26 -27 28 -29 -30 -31 -32 33 -34 -35 36 37 -38 39 40 41 42 -43
v -44 -45 46 47 48 -49 -50 51 -52 53 54 55 -56 -57 -58 -59 -60 0
c Answer: 169
v 1 -2 -3 -4 5 6 7 -8 -9 -10 11 -12 -13 -14 15 -16 -17 18 -19 -20 -21 22
v 23 24 -25 -26 -27 28 -29 -30 -31 -32 33 -34 -35 36 37 -38 39 40 41 -42
v 43 -44 45 46 47 48 -49 -50 51 -52 -53 54 55 -56 -57 -58 -59 -60 0
c Answer: 170
v -1 -2 3 -4 -5 -6 7 -8 9 -10 -11 -12 13 14 15 -16 -17 18 -19 -20 -21 22
v 23 24 -25 -26 -27 28 -29 -30 -31 -32 33 -34 -35 36 37 -38 39 40 41 -42
v 43 -44 -45 46 47 48 -49 -50 51 -52 53 54 55 -56 -57 -58 -59 -60 0
c Answer: 171
v 1 -2 -3 -4 5 6 7 -8 -9 -10 11 -12 -13 -14 15 -16 -17 18 -19 -20 -21 22
v 23 24 -25 -26 -27 28 -29 -30 -31 -32 33 -34 -35 36 37 -38 39 40 41 42 43
v -44 45 46 47 48 -49 -50 51 -52 -53 54 55 -56 -57 -58 -59 -60 0
c Answer: 172
v -1 -2 3 -4 -5 -6 7 -8 9 -10 -11 -12 13 14 15 -16 -17 18 -19 -20 -21 22
v 23 24 -25 -26 -27 28 -29 -30 -31 -32 33 -34 -35 36 37 -38 39 40 41 42 43
v -44 -45 46 47 48 -49 -50 51 -52 53 54 55 -56 -57 -58 -59 -60 0
c Answer: 173
v 1 -2 -3 -4 5 6 7 -8 -9 -10 11 -12 -13 -14 15 16 -17 18 -19 -20 -21 22 23
v 24 -25 -26 -27 28 -29 -30 -31 -32 33 -34 -35 36 37 -38 39 40 41 -42 43
v -44 45 46 47 48 -49 -50 51 -52 -53 54 55 -56 -57 -58 -59 -60 0
c Answer: 174
v 1 -2 -3 -4 5 6 7 -8 -9 -10 11 -12 -13 -14 15 16 -17 18 -19 -20 -21 22 23
v 24 -25 -26 -27 28 -29 -30 -31 -32 33 -34 -35 36 37 -38 39 40 41 42 43 -44
v 45 46 47 48 -49 -50 51 -52 -53 54 55 -56 -57 -58 -59 -60 0
c Answer: 175
v -1 -2 3 -4 -5 -6 7 -8 9 -10 -11 -12 13 14 15 16 -17 18 -19 -20 -21 22 23
v 24 -25 -26 -27 28 -29 -30 -31 -32 33 -34 -35 36 37 -38 39 40 41 -42 43
v -44 -45 46 47 48 -49 -50 51 -52 53 54 55 -56 -57 -58 -59 -60 0
c Answer: 176
v -1 -2 3 -4 -5 -6 7 -8 9 -10 -11 -12 13 14 15 16 -17 18 -19 -20 -21 22 23
v 24 -25 -26 -27 28 -29 -30 -31 -32 33 -34 -35 36 37 -38 39 40 41 42 43 -44
v -45 46 47 48 -49 -50 51 -52 53 54 55 -56 -57 -58 -59 -60 0
c Answer: 177
v 1 -2 -3 -4 5 6 7 -8 -9 -10 11 -12 -13 -14 15 -16 -17 18 -19 -20 -21 22
v 23 24 -25 -26 -27 28 -29 -30 -31 -32 33 -34 -35 36 37 -38 39 40 41 -42
v -43 44 45 46 47 48 -49 -50 51 -52 -53 54 55 -56 -57 -58 -59 -60 0
c Answer: 178
v -1 -2 3 -4 -5 -6 7 -8 9 -10 -11 -12 13 14 15 -16 -17 18 -19 -20 -21 22
v 23 24 -25 -26 -27 28 -29 -30 -31 -32 33 -34 -35 36 37 -38 39 40 41 -42
v -43 44 -45 46 47 48 -49 -50 51 -52 53 54 55 -56 -57 -58 -59 -60 0
c Answer: 179
v 1 -2 -3 -4 5 6 7 -8 -9 -10 11 -12 -13 -14 15 -16 -17 18 -19 -20 -21 22
v 23 24 -25 -26 -27 28 -29 -30 -31 -32 33 -34 -35 36 37 -38 39 40 41 -42
v 43 44 45 46 47 48 -49 -50 51 -52 -53 54 55 -56 -57 -58 -59 -60 0
c Answer: 180
v -1 -2 3 -4 -5 -6 7 -8 9 -10 -11 -12 13 14 15 -16 -17 18 -19 -20 -21 22
v 23 24 -25 -26 -27 28 -29 -30 -31 -32 33 -34 -35 36 37 -38 39 40 41 -42
v 43 44 -45 46 47 48 -49 -50 51 -52 53 54 55 -56 -57 -58 -59 -60 0
c Answer: 181
v 1 -2 -3 -4 5 6 7 -8 -9 -10 11 -12 -13 -14 15 16 -17 18 -19 -20 -21 22 23
v 24 -25 -26 -27 28 -29 -30 -31 -32 33 -34 -35 36 37 -38 39 40 41 -42 -43
v 44 45 46 47 48 -49 -50 51 -52 -53 54 55 -56 -57 -58 -59 -60 0
c Answer: 182
v 1 -2 -3 -4 5 6 7 -8 -9 -10 11 -12 -13 -14 15 16 -17 18 -19 -20 -21 22 23
v 24 -25 -26 -27 28 -29 -30 -31 -32 33 -34 -35 36 37 -38 39 40 41 -42 43
v 44 45 46 47 48 -49 -50 51 -52 -53 54 55 -56 -57 -58 -59 -60 0
c Answer: 183
v -1 -2 3 -4 -5 -6 7 -8 9 -10 -11 -12 13 14 15 16 -17 18 -19 -20 -21 22 23
v 24 -25 -26 -27 28 -29 -30 -31 -32 33 -34 -35 36 37 -38 39 40 41 -42 -43
v 44 -45 46 47 48 -49 -50 51 -52 53 54 55 -56 -57 -58 -59 -60 0
c Answer: 184
v -1 -2 3 -4 -5 -6 7 -8 9 -10 -11 -12 13 14 15 16 -17 18 -19 -20 -21 22 23
v 24 -25 -26 -27 28 -29 -30 -31 -32 33 -34 -35 36 37 -38 39 40 41 -42 43
v 44 -45 46 47 48 -49 -50 51 -52 53 54 55 -56 -57 -58 -59 -60 0
c Answer: 185
v 1 -2 -3 -4 5 6 7 -8 -9 -10 11 -12 -13 -14 15 -16 -17 18 -19 -20 -21 22
v 23 24 -25 -26 -27 28 -29 -30 -31 -32 33 -34 -35 36 37 -38 39 40 41 42 -43
v 44 45 46 47 48 -49 -50 51 -52 -53 54 55 -56 -57 -58 -59 -60 0
c Answer: 186
v -1 -2 3 -4 -5 -6 7 -8 9 -10 -11 -12 13 14 15 -16 -17 18 -19 -20 -21 22
v 23 24 -25 -26 -27 28 -29 -30 -31 -32 33 -34 -35 36 37 -38 39 40 41 42 -43
v 44 -45 46 47 48 -49 -50 51 -52 53 54 55 -56 -57 -58 -59 -60 0
c Answer: 187
v 1 -2 -3 -4 5 6 7 -8 -9 -10 11 -12 -13 -14 15 16 -17 18 -19 -20 -21 22 23
v 24 -25 -26 -27 28 -29 -30 -31 -32 33 -34 -35 36 37 -38 39 40 41 42 -43
v 44 45 46 47 48 -49 -50 51 -52 -53 54 55 -56 -57 -58 -59 -60 0
c Answer: 188
v -1 -2 3 -4 -5 -6 7 -8 9 -10 -11 -12 13 14 15 16 -17 18 -19 -20 -21 22 23
v 24 -25 -26 -27 28 -29 -30 -31 -32 33 -34 -35 36 37 -38 39 40 41 42 -43
v 44 -45 46 47 48 -49 -50 51 -52 53 54 55 -56 -57 -58 -59 -60 0
c Answer: 189
v 1 -2 -3 -4 5 6 7 -8 -9 -10 11 -12 -13 -14 15 -16 -17 18 -19 -20 -21 22
v 23 24 -25 -26 -27 28 -29 -30 -31 -32 33 -34 -35 36 37 -38 39 40 41 42 43
v 44 45 46 47 48 -49 -50 51 -52 -53 54 55 -56 -57 -58 -59 -60 0
c Answer: 190
v 1 -2 -3 -4 5 6 7 -8 -9 -10 11 -12 -13 -14 15 16 -17 18 -19 -20 -21 22 23
v 24 -25 -26 -27 28 -29 -30 -31 -32 33 -34 -35 36 37 -38 39 40 41 42 43 44
v 45 46 47 48 -49 -50 51 -52 -53 54 55 -56 -57 -58 -59 -60 0
c Answer: 191
v -1 -2 3 -4 -5 -6 7 -8 9 -10 -11 -12 13 14 15 -16 -17 18 -19 -20 -21 22
v 23 24 -25 -26 -27 28 -29 -30 -31 -32 33 -34 -35 36 37 -38 39 40 41 42 43
v 44 -45 46 47 48 -49 -50 51 -52 53 54 55 -56 -57 -58 -59 -60 0
c Answer: 192
v -1 -2 3 -4 -5 -6 7 -8 9 -10 -11 -12 13 14 15 16 -17 18 -19 -20 -21 22 23
v 24 -25 -26 -27 28 -29 -30 -31 -32 33 -34 -35 36 37 -38 39 40 41 42 43 44
v -45 46 47 48 -49 -50 51 -52 53 54 55 -56 -57 -58 -59 -60 0
c Answer: 193
v 1 -2 -3 -4 5 6 7 -8 -9 -10 11 -12 -13 -14 15 -16 -17 18 -19 -20 -21 22
v 23 -24 -25 -26 -27 28 -29 -30 -31 32 33 -34 -35 36 37 -38 39 40 41 -42
v -43 -44 45 46 47 48 -49 -50 51 -52 -53 54 55 -56 -57 -58 -59 -60 0
c Answer: 194
v -1 -2 3 -4 -5 -6 7 -8 9 -10 -11 -12 13 14 15 -16 -17 18 -19 -20 -21 22
v 23 -24 -25 -26 -27 28 -29 -30 -31 32 33 -34 -35 36 37 -38 39 40 41 -42
v -43 -44 -45 46 47 48 -49 -50 51 -52 53 54 55 -56 -57 -58 -59 -60 0
c Answer: 195
v 1 -2 -3 -4 5 6 7 -8 -9 -10 11 -12 -13 -14 15 -16 -17 18 -19 -20 -21 22
v 23 24 -25 -26 -27 28 -29 -30 -31 32 33 -34 -35 36 37 -38 39 40 41 -42 -43
v -44 45 46 47 48 -49 -50 51 -52 -53 54 55 -56 -57 -58 -59 -60 0
c Answer: 196
v -1 -2 3 -4 -5 -6 7 -8 9 -10 -11 -12 13 14 15 -16 -17 18 -19 -20 -21 22
v 23 24 -25 -26 -27 28 -29 -30 -31 32 33 -34 -35 36 37 -38 39 40 41 -42 -43
v -44 -45 46 47 48 -49 -50 51 -52 53 54 55 -56 -57 -58 -59 -60 0
c Answer: 197
v 1 -2 -3 -4 5 6 7 -8 -9 -10 11 -12 -13 -14 15 -16 -17 18 -19 -20 -21 22
v 23 -24 -25 -26 -27 28 -29 -30 -31 32 33 -34 -35 36 37 -38 39 40 41 -42
v -43 44 45 46 47 48 -49 -50 51 -52 -53 54 55 -56 -57 -58 -59 -60 0
c Answer: 198
v 1 -2 -3 -4 5 6 7 -8 -9 -10 11 -12 -13 -14 15 -16 -17 18 -19 -20 -21 22
v 23 24 -25 -26 -27 28 -29 -30 -31 32 33 -34 -35 36 37 -38 39 40 41 -42 -43
v 44 45 46 47 48 -49 -50 51 -52 -53 54 55 -56 -57 -58 -59 -60 0
c Answer: 199
v -1 -2 3 -4 -5 -6 7 -8 9 -10 -11 -12 13 14 15 -16 -17 18 -19 -20 -21 22
v 23 -24 -25 -26 -27 28 -29 -30 -31 32 33 -34 -35 36 37 -38 39 40 41 -42
v -43 44 -45 46 47 48 -49 -50 51 -52 53 54 55 -56 -57 -58 -59 -60 0
c Answer: 200
v -1 -2 3 -4 -5 -6 7 -8 9 -10 -11 -12 13 14 15 -16 -17 18 -19 -20 -21 22
v 23 24 -25 -26 -27 28 -29 -30 -31 32 33 -34 -35 36 37 -38 39 40 41 -42 -43
v 44 -45 46 47 48 -49 -50 51 -52 53 54 55 -56 -57 -58 -59 -60 0
c Answer: 201
v 1 -2 -3 -4 5 6 7 -8 -9 -10 11 -12 -13 -14 15 -16 -17 18 -19 -20 -21 22
v 23 -24 -25 -26 -27 28 -29 -30 -31 32 33 -34 -35 36 37 -38 39 40 41 42 -43
v -44 45 46 47 48 -49 -50 51 -52 -53 54 55 -56 -57 -58 -59 -60 0
c Answer: 202
v -1 -2 3 -4 -5 -6 7 -8 9 -10 -11 -12 13 14 15 -16 -17 18 -19 -20 -21 22
v 23 -24 -25 -26 -27 28 -29 -30 -31 32 33 -34 -35 36 37 -38 39 40 41 42 -43
v -44 -45 46 47 48 -49 -50 51 -52 53 54 55 -56 -57 -58 -59 -60 0
c Answer: 203
v 1 -2 -3 -4 5 6 7 -8 -9 -10 11 -12 -13 -14 15 -16 -17 18 -19 -20 -21 22
v 23 -24 -25 -26 -27 28 -29 -30 -31 32 33 -34 -35 36 37 -38 39 40 41 42 -43
v 44 45 46 47 48 -49 -50 51 -52 -53 54 55 -56 -57 -58 -59 -60 0
c Answer: 204
v -1 -2 3 -4 -5 -6 7 -8 9 -10 -11 -12 13 14 15 -16 -17 18 -19 -20 -21 22
v 23 -24 -25 -26 -27 28 -29 -30 -31 32 33 -34 -35 36 37 -38 39 40 41 42 -43
v 44 -45 46 47 48 -49 -50 51 -52 53 54 55 -56 -57 -58 -59 -60 0
c Answer: 205
v 1 -2 -3 -4 5 6 7 -8 -9 -10 11 -12 -13 -14 15 -16 -17 18 -19 -20 -21 22
v 23 24 -25 -26 -27 28 -29 -30 -31 32 33 -34 -35 36 37 -38 39 40 41 42 -43
v -44 45 46 47 48 -49 -50 51 -52 -53 54 55 -56 -57 -58 -59 -60 0
c Answer: 206
v 1 -2 -3 -4 5 6 7 -8 -9 -10 11 -12 -13 -14 15 -16 -17 18 -19 -20 -21 22
v 23 24 -25 -26 -27 28 -29 -30 -31 32 33 -34 -35 36 37 -38 39 40 41 42 -43
v 44 45 46 47 48 -49 -50 51 -52 -53 54 55 -56 -57 -58 -59 -60 0
c Answer: 207
v -1 -2 3 -4 -5 -6 7 -8 9 -10 -11 -12 13 14 15 -16 -17 18 -19 -20 -21 22
v 23 24 -25 -26 -27 28 -29 -30 -31 32 33 -34 -35 36 37 -38 39 40 41 42 -43
v -44 -45 46 47 48 -49 -50 51 -52 53 54 55 -56 -57 -58 -59 -60 0
c Answer: 208
v -1 -2 3 -4 -5 -6 7 -8 9 -10 -11 -12 13 14 15 -16 -17 18 -19 -20 -21 22
v 23 24 -25 -26 -27 28 -29 -30 -31 32 33 -34 -35 36 37 -38 39 40 41 42 -43
v 44 -45 46 47 48 -49 -50 51 -52 53 54 55 -56 -57 -58 -59 -60 0
c Answer: 209
v 1 -2 -3 -4 5 6 7 -8 -9 -10 11 -12 -13 -14 15 -16 -17 18 -19 -20 -21 22
v 23 -24 -25 -26 -27 28 -29 -30 -31 32 33 -34 -35 36 37 -38 39 40 41 -42
v 43 -44 45 46 47 48 -49 -50 51 -52 -53 54 55 -56 -57 -58 -59 -60 0
c Answer: 210
v -1 -2 3 -4 -5 -6 7 -8 9 -10 -11 -12 13 14 15 -16 -17 18 -19 -20 -21 22
v 23 -24 -25 -26 -27 28 -29 -30 -31 32 33 -34 -35 36 37 -38 39 40 41 -42
v 43 -44 -45 46 47 48 -49 -50 51 -52 53 54 55 -56 -57 -58 -59 -60 0
c Answer: 211
v 1 -2 -3 -4 5 6 7 -8 -9 -10 11 -12 -13 -14 15 -16 -17 18 -19 -20 -21 22
v 23 -24 -25 -26 -27 28 -29 -30 -31 32 33 -34 -35 36 37 -38 39 40 41 42 43
v -44 45 46 47 48 -49 -50 51 -52 -53 54 55 -56 -57 -58 -59 -60 0
c Answer: 212
v -1 -2 3 -4 -5 -6 7 -8 9 -10 -11 -12 13 14 15 -16 -17 18 -19 -20 -21 22
v 23 -24 -25 -26 -27 28 -29 -30 -31 32 33 -34 -35 36 37 -38 39 40 41 42 43
v -44 -45 46 47 48 -49 -50 51 -52 53 54 55 -56 -57 -58 -59 -60 0
c Answer: 213
v 1 -2 -3 -4 5 6 7 -8 -9 -10 11 -12 -13 -14 15 -16 -17 18 -19 -20 -21 22
v 23 24 -25 -26 -27 28 -29 -30 -31 32 33 -34 -35 36 37 -38 39 40 41 -42 43
v -44 45 46 47 48 -49 -50 51 -52 -53 54 55 -56 -57 -58 -59 -60 0
c Answer: 214
v 1 -2 -3 -4 5 6 7 -8 -9 -10 11 -12 -13 -14 15 -16 -17 18 -19 -20 -21 22
v 23 24 -25 -26 -27 28 -29 -30 -31 32 33 -34 -35 36 37 -38 39 40 41 42 43
v -44 45 46 47 48 -49 -50 51 -52 -53 54 55 -56 -57 -58 -59 -60 0
c Answer: 215
v -1 -2 3 -4 -5 -6 7 -8 9 -10 -11 -12 13 14 15 -16 -17 18 -19 -20 -21 22
v 23 24 -25 -26 -27 28 -29 -30 -31 32 33 -34 -35 36 37 -38 39 40 41 -42 43
v -44 -45 46 47 48 -49 -50 51 -52 53 54 55 -56 -57 -58 -59 -60 0
c Answer: 216
v -1 -2 3 -4 -5 -6 7 -8 9 -10 -11 -12 13 14 15 -16 -17 18 -19 -20 -21 22
v 23 24 -25 -26 -27 28 -29 -30 -31 32 33 -34 -35 36 37 -38 39 40 41 42 43
v -44 -45 46 47 48 -49 -50 51 -52 53 54 55 -56 -57 -58 -59 -60 0
c Answer: 217
v 1 -2 -3 -4 5 6 7 -8 -9 -10 11 -12 -13 -14 15 -16 -17 18 -19 -20 -21 22
v 23 -24 -25 -26 -27 28 -29 -30 -31 32 33 -34 -35 36 37 -38 39 40 41 -42
v 43 44 45 46 47 48 -49 -50 51 -52 -53 54 55 -56 -57 -58 -59 -60 0
c Answer: 218
v -1 -2 3 -4 -5 -6 7 -8 9 -10 -11 -12 13 14 15 -16 -17 18 -19 -20 -21 22
v 23 -24 -25 -26 -27 28 -29 -30 -31 32 33 -34 -35 36 37 -38 39 40 41 -42
v 43 44 -45 46 47 48 -49 -50 51 -52 53 54 55 -56 -57 -58 -59 -60 0
c Answer: 219
v 1 -2 -3 -4 5 6 7 -8 -9 -10 11 -12 -13 -14 15 -16 -17 18 -19 -20 -21 22
v 23 24 -25 -26 -27 28 -29 -30 -31 32 33 -34 -35 36 37 -38 39 40 41 -42 43
v 44 45 46 47 48 -49 -50 51 -52 -53 54 55 -56 -57 -58 -59 -60 0
c Answer: 220
v -1 -2 3 -4 -5 -6 7 -8 9 -10 -11 -12 13 14 15 -16 -17 18 -19 -20 -21 22
v 23 24 -25 -26 -27 28 -29 -30 -31 32 33 -34 -35 36 37 -38 39 40 41 -42 43
v 44 -45 46 47 48 -49 -50 51 -52 53 54 55 -56 -57 -58 -59 -60 0
c Answer: 221
v 1 -2 -3 -4 5 6 7 -8 -9 -10 11 -12 -13 -14 15 -16 -17 18 -19 -20 -21 22
v 23 -24 -25 -26 -27 28 -29 -30 -31 32 33 -34 -35 36 37 -38 39 40 41 42 43
v 44 45 46 47 48 -49 -50 51 -52 -53 54 55 -56 -57 -58 -59 -60 0
c Answer: 222
v 1 -2 -3 -4 5 6 7 -8 -9 -10 11 -12 -13 -14 15 -16 -17 18 -19 -20 -21 22
v 23 24 -25 -26 -27 28 -29 -30 -31 32 33 -34 -35 36 37 -38 39 40 41 42 43
v 44 45 46 47 48 -49 -50 51 -52 -53 54 55 -56 -57 -58 -59 -60 0
c Answer: 223
v -1 -2 3 -4 -5 -6 7 -8 9 -10 -11 -12 13 14 15 -16 -17 18 -19 -20 -21 22
v 23 -24 -25 -26 -27 28 -29 -30 -31 32 33 -34 -35 36 37 -38 39 40 41 42 43
v 44 -45 46 47 48 -49 -50 51 -52 53 54 55 -56 -57 -58 -59 -60 0
c Answer: 224
v -1 -2 3 -4 -5 -6 7 -8 9 -10 -11 -12 13 14 15 -16 -17 18 -19 -20 -21 22
v 23 24 -25 -26 -27 28 -29 -30 -31 32 33 -34 -35 36 37 -38 39 40 41 42 43
v 44 -45 46 47 48 -49 -50 51 -52 53 54 55 -56 -57 -58 -59 -60 0
c Answer: 225
v 1 -2 -3 -4 5 6 7 -8 -9 -10 11 -12 -13 -14 15 16 -17 18 -19 -20 -21 22 23
v -24 -25 -26 -27 28 -29 -30 -31 32 33 -34 -35 36 37 -38 39 40 41 -42 -43
v -44 45 46 47 48 -49 -50 51 -52 -53 54 55 -56 -57 -58 -59 -60 0
c Answer: 226
v -1 -2 3 -4 -5 -6 7 -8 9 -10 -11 -12 13 14 15 16 -17 18 -19 -20 -21 22 23
v -24 -25 -26 -27 28 -29 -30 -31 32 33 -34 -35 36 37 -38 39 40 41 -42 -43
v -44 -45 46 47 48 -49 -50 51 -52 53 54 55 -56 -57 -58 -59 -60 0
c Answer: 227
v 1 -2 -3 -4 5 6 7 -8 -9 -10 11 -12 -13 -14 15 16 -17 18 -19 -20 -21 22 23
v -24 -25 -26 -27 28 -29 -30 -31 32 33 -34 -35 36 37 -38 39 40 41 -42 43
v -44 45 46 47 48 -49 -50 51 -52 -53 54 55 -56 -57 -58 -59 -60 0
c Answer: 228
v -1 -2 3 -4 -5 -6 7 -8 9 -10 -11 -12 13 14 15 16 -17 18 -19 -20 -21 22 23
v -24 -25 -26 -27 28 -29 -30 -31 32 33 -34 -35 36 37 -38 39 40 41 -42 43
v -44 -45 46 47 48 -49 -50 51 -52 53 54 55 -56 -57 -58 -59 -60 0
c Answer: 229
v 1 -2 -3 -4 5 6 7 -8 -9 -10 11 -12 -13 -14 15 16 -17 18 -19 -20 -21 22 23
v -24 -25 -26 -27 28 -29 -30 -31 32 33 -34 -35 36 37 -38 39 40 41 -42 -43
v 44 45 46 47 48 -49 -50 51 -52 -53 54 55 -56 -57 -58 -59 -60 0
c Answer: 230
v 1 -2 -3 -4 5 6 7 -8 -9 -10 11 -12 -13 -14 15 16 -17 18 -19 -20 -21 22 23
v -24 -25 -26 -27 28 -29 -30 -31 32 33 -34 -35 36 37 -38 39 40 41 -42 43
v 44 45 46 47 48 -49 -50 51 -52 -53 54 55 -56 -57 -58 -59 -60 0
c Answer: 231
v -1 -2 3 -4 -5 -6 7 -8 9 -10 -11 -12 13 14 15 16 -17 18 -19 -20 -21 22 23
v -24 -25 -26 -27 28 -29 -30 -31 32 33 -34 -35 36 37 -38 39 40 41 -42 -43
v 44 -45 46 47 48 -49 -50 51 -52 53 54 55 -56 -57 -58 -59 -60 0
c Answer: 232
v -1 -2 3 -4 -5 -6 7 -8 9 -10 -11 -12 13 14 15 16 -17 18 -19 -20 -21 22 23
v -24 -25 -26 -27 28 -29 -30 -31 32 33 -34 -35 36 37 -38 39 40 41 -42 43
v 44 -45 46 47 48 -49 -50 51 -52 53 54 55 -56 -57 -58 -59 -60 0
c Answer: 233
v 1 -2 -3 -4 5 6 7 -8 -9 -10 11 -12 -13 -14 15 16 -17 18 -19 -20 -21 22 23
v -24 -25 -26 -27 28 -29 -30 -31 32 33 -34 -35 36 37 -38 39 40 41 42 -43
v -44 45 46 47 48 -49 -50 51 -52 -53 54 55 -56 -57 -58 -59 -60 0
c Answer: 234
v -1 -2 3 -4 -5 -6 7 -8 9 -10 -11 -12 13 14 15 16 -17 18 -19 -20 -21 22 23
v -24 -25 -26 -27 28 -29 -30 -31 32 33 -34 -35 36 37 -38 39 40 41 42 -43
v -44 -45 46 47 48 -49 -50 51 -52 53 54 55 -56 -57 -58 -59 -60 0
c Answer: 235
v 1 -2 -3 -4 5 6 7 -8 -9 -10 11 -12 -13 -14 15 16 -17 18 -19 -20 -21 22 23
v -24 -25 -26 -27 28 -29 -30 -31 32 33 -34 -35 36 37 -38 39 40 41 42 -43
v 44 45 46 47 48 -49 -50 51 -52 -53 54 55 -56 -57 -58 -59 -60 0
c Answer: 236
v -1 -2 3 -4 -5 -6 7 -8 9 -10 -11 -12 13 14 15 16 -17 18 -19 -20 -21 22 23
v -24 -25 -26 -27 28 -29 -30 -31 32 33 -34 -35 36 37 -38 39 40 41 42 -43
v 44 -45 46 47 48 -49 -50 51 -52 53 54 55 -56 -57 -58 -59 -60 0
c Answer: 237
v 1 -2 -3 -4 5 6 7 -8 -9 -10 11 -12 -13 -14 15 16 -17 18 -19 -20 -21 22 23
v -24 -25 -26 -27 28 -29 -30 -31 32 33 -34 -35 36 37 -38 39 40 41 42 43 -44
v 45 46 47 48 -49 -50 51 -52 -53 54 55 -56 -57 -58 -59 -60 0
c Answer: 238
v 1 -2 -3 -4 5 6 7 -8 -9 -10 11 -12 -13 -14 15 16 -17 18 -19 -20 -21 22 23
v -24 -25 -26 -27 28 -29 -30 -31 32 33 -34 -35 36 37 -38 39 40 41 42 43 44
v 45 46 47 48 -49 -50 51 -52 -53 54 55 -56 -57 -58 -59 -60 0
c Answer: 239
v -1 -2 3 -4 -5 -6 7 -8 9 -10 -11 -12 13 14 15 16 -17 18 -19 -20 -21 22 23
v -24 -25 -26 -27 28 -29 -30 -31 32 33 -34 -35 36 37 -38 39 40 41 42 43 -44
v -45 46 47 48 -49 -50 51 -52 53 54 55 -56 -57 -58 -59 -60 0
c Answer: 240
v -1 -2 3 -4 -5 -6 7 -8 9 -10 -11 -12 13 14 15 16 -17 18 -19 -20 -21 22 23
v -24 -25 -26 -27 28 -29 -30 -31 32 33 -34 -35 36 37 -38 39 40 41 42 43 44
v -45 46 47 48 -49 -50 51 -52 53 54 55 -56 -57 -58 -59 -60 0
c Answer: 241
v 1 -2 -3 -4 5 6 7 -8 -9 -10 11 -12 -13 -14 15 16 -17 18 -19 -20 -21 22 23
v 24 -25 -26 -27 28 -29 -30 -31 32 33 -34 -35 36 37 -38 39 40 41 -42 -43
v -44 45 46 47 48 -49 -50 51 -52 -53 54 55 -56 -57 -58 -59 -60 0
c Answer: 242
v -1 -2 3 -4 -5 -6 7 -8 9 -10 -11 -12 13 14 15 16 -17 18 -19 -20 -21 22 23
v 24 -25 -26 -27 28 -29 -30 -31 32 33 -34 -35 36 37 -38 39 40 41 -42 -43
v -44 -45 46 47 48 -49 -50 51 -52 53 54 55 -56 -57 -58 -59 -60 0
c Answer: 243
v 1 -2 -3 -4 5 6 7 -8 -9 -10 11 -12 -13 -14 15 16 -17 18 -19 -20 -21 22 23
v 24 -25 -26 -27 28 -29 -30 -31 32 33 -34 -35 36 37 -38 39 40 41 42 -43 -44
v 45 46 47 48 -49 -50 51 -52 -53 54 55 -56 -57 -58 -59 -60 0
c Answer: 244
v -1 -2 3 -4 -5 -6 7 -8 9 -10 -11 -12 13 14 15 16 -17 18 -19 -20 -21 22 23
v 24 -25 -26 -27 28 -29 -30 -31 32 33 -34 -35 36 37 -38 39 40 41 42 -43 -44
v -45 46 47 48 -49 -50 51 -52 53 54 55 -56 -57 -58 -59 -60 0
c Answer: 245
v 1 -2 -3 -4 5 6 7 -8 -9 -10 11 -12 -13 -14 15 16 -17 18 -19 -20 -21 22 23
v 24 -25 -26 -27 28 -29 -30 -31 32 33 -34 -35 36 37 -38 39 40 41 -42 43 -44
v 45 46 47 48 -49 -50 51 -52 -53 54 55 -56 -57 -58 -59 -60 0
c Answer: 246
v 1 -2 -3 -4 5 6 7 -8 -9 -10 11 -12 -13 -14 15 16 -17 18 -19 -20 -21 22 23
v 24 -25 -26 -27 28 -29 -30 -31 32 33 -34 -35 36 37 -38 39 40 41 42 43 -44
v 45 46 47 48 -49 -50 51 -52 -53 54 55 -56 -57 -58 -59 -60 0
c Answer: 247
v -1 -2 3 -4 -5 -6 7 -8 9 -10 -11 -12 13 14 15 16 -17 18 -19 -20 -21 22 23
v 24 -25 -26 -27 28 -29 -30 -31 32 33 -34 -35 36 37 -38 39 40 41 -42 43 -44
v -45 46 47 48 -49 -50 51 -52 53 54 55 -56 -57 -58 -59 -60 0
c Answer: 248
v -1 -2 3 -4 -5 -6 7 -8 9 -10 -11 -12 13 14 15 16 -17 18 -19 -20 -21 22 23
v 24 -25 -26 -27 28 -29 -30 -31 32 33 -34 -35 36 37 -38 39 40 41 42 43 -44
v -45 46 47 48 -49 -50 51 -52 53 54 55 -56 -57 -58 -59 -60 0
c Answer: 249
v 1 -2 -3 -4 5 6 7 -8 -9 -10 11 -12 -13 -14 15 16 -17 18 -19 -20 -21 22 23
v 24 -25 -26 -27 28 -29 -30 -31 32 33 -34 -35 36 37 -38 39 40 41 -42 -43
v 44 45 46 47 48 -49 -50 51 -52 -53 54 55 -56 -57 -58 -59 -60 0
c Answer: 250
v -1 -2 3 -4 -5 -6 7 -8 9 -10 -11 -12 13 14 15 16 -17 18 -19 -20 -21 22 23
v 24 -25 -26 -27 28 -29 -30 -31 32 33 -34 -35 36 37 -38 39 40 41 -42 -43
v 44 -45 46 47 48 -49 -50 51 -52 53 54 55 -56 -57 -58 -59 -60 0
c Answer: 251
v 1 -2 -3 -4 5 6 7 -8 -9 -10 11 -12 -13 -14 15 16 -17 18 -19 -20 -21 22 23
v 24 -25 -26 -27 28 -29 -30 -31 32 33 -34 -35 36 37 -38 39 40 41 -42 43 44
v 45 46 47 48 -49 -50 51 -52 -53 54 55 -56 -57 -58 -59 -60 0
c Answer: 252
v -1 -2 3 -4 -5 -6 7 -8 9 -10 -11 -12 13 14 15 16 -17 18 -19 -20 -21 22 23
v 24 -25 -26 -27 28 -29 -30 -31 32 33 -34 -35 36 37 -38 39 40 41 -42 43 44
v -45 46 47 48 -49 -50 51 -52 53 54 55 -56 -57 -58 -59 -60 0
c Answer: 253
v 1 -2 -3 -4 5 6 7 -8 -9 -10 11 -12 -13 -14 15 16 -17 18 -19 -20 -21 22 23
v 24 -25 -26 -27 28 -29 -30 -31 32 33 -34 -35 36 37 -38 39 40 41 42 -43 44
v 45 46 47 48 -49 -50 51 -52 -53 54 55 -56 -57 -58 -59 -60 0
c Answer: 254
v 1 -2 -3 -4 5 6 7 -8 -9 -10 11 -12 -13 -14 15 16 -17 18 -19 -20 -21 22 23
v 24 -25 -26 -27 28 -29 -30 -31 32 33 -34 -35 36 37 -38 39 40 41 42 43 44
v 45 46 47 48 -49 -50 51 -52 -53 54 55 -56 -57 -58 -59 -60 0
c Answer: 255
v -1 -2 3 -4 -5 -6 7 -8 9 -10 -11 -12 13 14 15 16 -17 18 -19 -20 -21 22 23
v 24 -25 -26 -27 28 -29 -30 -31 32 33 -34 -35 36 37 -38 39 40 41 42 -43 44
v -45 46 47 48 -49 -50 51 -52 53 54 55 -56 -57 -58 -59 -60 0
c Answer: 256
v -1 -2 3 -4 -5 -6 7 -8 9 -10 -11 -12 13 14 15 16 -17 18 -19 -20 -21 22 23
v 24 -25 -26 -27 28 -29 -30 -31 32 33 -34 -35 36 37 -38 39 40 41 42 43 44
v -45 46 47 48 -49 -50 51 -52 53 54 55 -56 -57 -58 -59 -60 0
c Answer: 257
v 1 -2 -3 -4 5 6 7 -8 -9 -10 11 -12 -13 -14 15 -16 -17 18 -19 -20 -21 22
v 23 -24 -25 -26 -27 28 -29 -30 -31 -32 33 -34 -35 36 37 -38 39 40 41 -42
v -43 -44 45 46 47 -48 -49 -50 51 52 -53 54 55 -56 -57 -58 -59 -60 0
c Answer: 258
v -1 -2 3 -4 -5 -6 7 -8 9 -10 -11 -12 13 14 15 -16 -17 18 -19 -20 -21 22
v 23 -24 -25 -26 -27 28 -29 -30 -31 -32 33 -34 -35 36 37 -38 39 40 41 -42
v -43 -44 -45 46 47 -48 -49 -50 51 52 53 54 55 -56 -57 -58 -59 -60 0
c Answer: 259
v 1 -2 -3 -4 5 6 7 -8 -9 -10 11 -12 -13 -14 15 -16 -17 18 -19 -20 -21 22
v 23 -24 -25 -26 -27 28 -29 -30 -31 -32 33 -34 -35 36 37 -38 39 40 41 -42
v -43 -44 45 46 47 48 -49 -50 51 52 -53 54 55 -56 -57 -58 -59 -60 0
c Answer: 260
v -1 -2 3 -4 -5 -6 7 -8 9 -10 -11 -12 13 14 15 -16 -17 18 -19 -20 -21 22
v 23 -24 -25 -26 -27 28 -29 -30 -31 -32 33 -34 -35 36 37 -38 39 40 41 -42
v -43 -44 -45 46 47 48 -49 -50 51 52 53 54 55 -56 -57 -58 -59 -60 0
c Answer: 261
v 1 -2 -3 -4 5 6 7 -8 -9 -10 11 -12 -13 -14 15 -16 -17 18 -19 -20 -21 22
v 23 -24 -25 -26 -27 28 -29 -30 -31 32 33 -34 -35 36 37 -38 39 40 41 -42
v -43 -44 45 46 47 -48 -49 -50 51 52 -53 54 55 -56 -57 -58 -59 -60 0
c Answer: 262
v 1 -2 -3 -4 5 6 7 -8 -9 -10 11 -12 -13 -14 15 -16 -17 18 -19 -20 -21 22
v 23 -24 -25 -26 -27 28 -29 -30 -31 32 33 -34 -35 36 37 -38 39 40 41 -42
v -43 -44 45 46 47 48 -49 -50 51 52 -53 54 55 -56 -57 -58 -59 -60 0
c Answer: 263
v -1 -2 3 -4 -5 -6 7 -8 9 -10 -11 -12 13 14 15 -16 -17 18 -19 -20 -21 22
v 23 -24 -25 -26 -27 28 -29 -30 -31 32 33 -34 -35 36 37 -38 39 40 41 -42
v -43 -44 -45 46 47 -48 -49 -50 51 52 53 54 55 -56 -57 -58 -59 -60 0
c Answer: 264
v -1 -2 3 -4 -5 -6 7 -8 9 -10 -11 -12 13 14 15 -16 -17 18 -19 -20 -21 22
v 23 -24 -25 -26 -27 28 -29 -30 -31 32 33 -34 -35 36 37 -38 39 40 41 -42
v -43 -44 -45 46 47 48 -49 -50 51 52 53 54 55 -56 -57 -58 -59 -60 0
c Answer: 265
v 1 -2 -3 -4 5 6 7 -8 -9 -10 11 -12 -13 -14 15 16 -17 18 -19 -20 -21 22 23
v -24 -25 -26 -27 28 -29 -30 -31 -32 33 -34 -35 36 37 -38 39 40 41 -42 -43
v -44 45 46 47 -48 -49 -50 51 52 -53 54 55 -56 -57 -58 -59 -60 0
c Answer: 266
v -1 -2 3 -4 -5 -6 7 -8 9 -10 -11 -12 13 14 15 16 -17 18 -19 -20 -21 22 23
v -24 -25 -26 -27 28 -29 -30 -31 -32 33 -34 -35 36 37 -38 39 40 41 -42 -43
v -44 -45 46 47 -48 -49 -50 51 52 53 54 55 -56 -57 -58 -59 -60 0
c Answer: 267
v 1 -2 -3 -4 5 6 7 -8 -9 -10 11 -12 -13 -14 15 16 -17 18 -19 -20 -21 22 23
v -24 -25 -26 -27 28 -29 -30 -31 32 33 -34 -35 36 37 -38 39 40 41 -42 -43
v -44 45 46 47 -48 -49 -50 51 52 -53 54 55 -56 -57 -58 -59 -60 0
c Answer: 268
v -1 -2 3 -4 -5 -6 7 -8 9 -10 -11 -12 13 14 15 16 -17 18 -19 -20 -21 22 23
v -24 -25 -26 -27 28 -29 -30 -31 32 33 -34 -35 36 37 -38 39 40 41 -42 -43
v -44 -45 46 47 -48 -49 -50 51 52 53 54 55 -56 -57 -58 -59 -60 0
c Answer: 269
v 1 -2 -3 -4 5 6 7 -8 -9 -10 11 -12 -13 -14 15 16 -17 18 -19 -20 -21 22 23
v -24 -25 -26 -27 28 -29 -30 -31 -32 33 -34 -35 36 37 -38 39 40 41 -42 -43
v -44 45 46 47 48 -49 -50 51 52 -53 54 55 -56 -57 -58 -59 -60 0
c Answer: 270
v 1 -2 -3 -4 5 6 7 -8 -9 -10 11 -12 -13 -14 15 16 -17 18 -19 -20 -21 22 23
v -24 -25 -26 -27 28 -29 -30 -31 32 33 -34 -35 36 37 -38 39 40 41 -42 -43
v -44 45 46 47 48 -49 -50 51 52 -53 54 55 -56 -57 -58 -59 -60 0
c Answer: 271
v -1 -2 3 -4 -5 -6 7 -8 9 -10 -11 -12 13 14 15 16 -17 18 -19 -20 -21 22 23
v -24 -25 -26 -27 28 -29 -30 -31 -32 33 -34 -35 36 37 -38 39 40 41 -42 -43
v -44 -45 46 47 48 -49 -50 51 52 53 54 55 -56 -57 -58 -59 -60 0
c Answer: 272
v -1 -2 3 -4 -5 -6 7 -8 9 -10 -11 -12 13 14 15 16 -17 18 -19 -20 -21 22 23
v -24 -25 -26 -27 28 -29 -30 -31 32 33 -34 -35 36 37 -38 39 40 41 -42 -43
v -44 -45 46 47 48 -49 -50 51 52 53 54 55 -56 -57 -58 -59 -60 0
c Answer: 273
v 1 -2 -3 -4 5 6 7 -8 -9 -10 11 -12 -13 -14 15 -16 -17 18 -19 -20 -21 22
v 23 24 -25 -26 -27 28 -29 -30 -31 -32 33 -34 -35 36 37 -38 39 40 41 -42
v -43 -44 45 46 47 -48 -49 -50 51 52 -53 54 55 -56 -57 -58 -59 -60 0
c Answer: 274
v -1 -2 3 -4 -5 -6 7 -8 9 -10 -11 -12 13 14 15 -16 -17 18 -19 -20 -21 22
v 23 24 -25 -26 -27 28 -29 -30 -31 -32 33 -34 -35 36 37 -38 39 40 41 -42
v -43 -44 -45 46 47 -48 -49 -50 51 52 53 54 55 -56 -57 -58 -59 -60 0
c Answer: 275
v 1 -2 -3 -4 5 6 7 -8 -9 -10 11 -12 -13 -14 15 16 -17 18 -19 -20 -21 22 23
v 24 -25 -26 -27 28 -29 -30 -31 -32 33 -34 -35 36 37 -38 39 40 41 -42 -43
v -44 45 46 47 -48 -49 -50 51 52 -53 54 55 -56 -57 -58 -59 -60 0
c Answer: 276
v -1 -2 3 -4 -5 -6 7 -8 9 -10 -11 -12 13 14 15 16 -17 18 -19 -20 -21 22 23
v 24 -25 -26 -27 28 -29 -30 -31 -32 33 -34 -35 36 37 -38 39 40 41 -42 -43
v -44 -45 46 47 -48 -49 -50 51 52 53 54 55 -56 -57 -58 -59 -60 0
c Answer: 277
v 1 -2 -3 -4 5 6 7 -8 -9 -10 11 -12 -13 -14 15 -16 -17 18 -19 -20 -21 22
v 23 24 -25 -26 -27 28 -29 -30 -31 -32 33 -34 -35 36 37 -38 39 40 41 -42
v -43 -44 45 46 47 48 -49 -50 51 52 -53 54 55 -56 -57 -58 -59 -60 0
c Answer: 278
v 1 -2 -3 -4 5 6 7 -8 -9 -10 11 -12 -13 -14 15 16 -17 18 -19 -20 -21 22 23
v 24 -25 -26 -27 28 -29 -30 -31 -32 33 -34 -35 36 37 -38 39 40 41 -42 -43
v -44 45 46 47 48 -49 -50 51 52 -53 54 55 -56 -57 -58 -59 -60 0
c Answer: 279
v -1 -2 3 -4 -5 -6 7 -8 9 -10 -11 -12 13 14 15 -16 -17 18 -19 -20 -21 22
v 23 24 -25 -26 -27 28 -29 -30 -31 -32 33 -34 -35 36 37 -38 39 40 41 -42
v -43 -44 -45 46 47 48 -49 -50 51 52 53 54 55 -56 -57 -58 -59 -60 0
c Answer: 280
v -1 -2 3 -4 -5 -6 7 -8 9 -10 -11 -12 13 14 15 16 -17 18 -19 -20 -21 22 23
v 24 -25 -26 -27 28 -29 -30 -31 -32 33 -34 -35 36 37 -38 39 40 41 -42 -43
v -44 -45 46 47 48 -49 -50 51 52 53 54 55 -56 -57 -58 -59 -60 0
c Answer: 281
v 1 -2 -3 -4 5 6 7 -8 -9 -10 11 -12 -13 -14 15 -16 -17 18 -19 -20 -21 22
v 23 24 -25 -26 -27 28 -29 -30 -31 32 33 -34 -35 36 37 -38 39 40 41 -42 -43
v -44 45 46 47 -48 -49 -50 51 52 -53 54 55 -56 -57 -58 -59 -60 0
c Answer: 282
v -1 -2 3 -4 -5 -6 7 -8 9 -10 -11 -12 13 14 15 -16 -17 18 -19 -20 -21 22
v 23 24 -25 -26 -27 28 -29 -30 -31 32 33 -34 -35 36 37 -38 39 40 41 -42 -43
v -44 -45 46 47 -48 -49 -50 51 52 53 54 55 -56 -57 -58 -59 -60 0
c Answer: 283
v 1 -2 -3 -4 5 6 7 -8 -9 -10 11 -12 -13 -14 15 -16 -17 18 -19 -20 -21 22
v 23 24 -25 -26 -27 28 -29 -30 -31 32 33 -34 -35 36 37 -38 39 40 41 -42 -43
v -44 45 46 47 48 -49 -50 51 52 -53 54 55 -56 -57 -58 -59 -60 0
c Answer: 284
v -1 -2 3 -4 -5 -6 7 -8 9 -10 -11 -12 13 14 15 -16 -17 18 -19 -20 -21 22
v 23 24 -25 -26 -27 28 -29 -30 -31 32 33 -34 -35 36 37 -38 39 40 41 -42 -43
v -44 -45 46 47 48 -49 -50 51 52 53 54 55 -56 -57 -58 -59 -60 0
c Answer: 285
v 1 -2 -3 -4 5 6 7 -8 -9 -10 11 -12 -13 -14 15 16 -17 18 -19 -20 -21 22 23
v 24 -25 -26 -27 28 -29 -30 -31 32 33 -34 -35 36 37 -38 39 40 41 -42 -43
v -44 45 46 47 -48 -49 -50 51 52 -53 54 55 -56 -57 -58 -59 -60 0
c Answer: 286
v 1 -2 -3 -4 5 6 7 -8 -9 -10 11 -12 -13 -14 15 16 -17 18 -19 -20 -21 22 23
v 24 -25 -26 -27 28 -29 -30 -31 32 33 -34 -35 36 37 -38 39 40 41 -42 -43
v -44 45 46 47 48 -49 -50 51 52 -53 54 55 -56 -57 -58 -59 -60 0
c Answer: 287
v -1 -2 3 -4 -5 -6 7 -8 9 -10 -11 -12 13 14 15 16 -17 18 -19 -20 -21 22 23
v 24 -25 -26 -27 28 -29 -30 -31 32 33 -34 -35 36 37 -38 39 40 41 -42 -43
v -44 -45 46 47 -48 -49 -50 51 52 53 54 55 -56 -57 -58 -59 -60 0
c Answer: 288
v -1 -2 3 -4 -5 -6 7 -8 9 -10 -11 -12 13 14 15 16 -17 18 -19 -20 -21 22 23
v 24 -25 -26 -27 28 -29 -30 -31 32 33 -34 -35 36 37 -38 39 40 41 -42 -43
v -44 -45 46 47 48 -49 -50 51 52 53 54 55 -56 -57 -58 -59 -60 0
c Answer: 289
v 1 -2 -3 -4 5 6 7 -8 -9 -10 11 -12 -13 -14 15 -16 -17 18 -19 -20 -21 22
v 23 -24 -25 -26 -27 28 -29 -30 -31 -32 33 -34 -35 36 37 -38 39 40 41 -42
v -43 44 45 46 47 -48 -49 -50 51 52 -53 54 55 -56 -57 -58 -59 -60 0
c Answer: 290
v -1 -2 3 -4 -5 -6 7 -8 9 -10 -11 -12 13 14 15 -16 -17 18 -19 -20 -21 22
v 23 -24 -25 -26 -27 28 -29 -30 -31 -32 33 -34 -35 36 37 -38 39 40 41 -42
v -43 44 -45 46 47 -48 -49 -50 51 52 53 54 55 -56 -57 -58 -59 -60 0
c Answer: 291
v 1 -2 -3 -4 5 6 7 -8 -9 -10 11 -12 -13 -14 15 -16 -17 18 -19 -20 -21 22
v 23 24 -25 -26 -27 28 -29 -30 -31 -32 33 -34 -35 36 37 -38 39 40 41 -42
v -43 44 45 46 47 -48 -49 -50 51 52 -53 54 55 -56 -57 -58 -59 -60 0
c Answer: 292
v -1 -2 3 -4 -5 -6 7 -8 9 -10 -11 -12 13 14 15 -16 -17 18 -19 -20 -21 22
v 23 24 -25 -26 -27 28 -29 -30 -31 -32 33 -34 -35 36 37 -38 39 40 41 -42
v -43 44 -45 46 47 -48 -49 -50 51 52 53 54 55 -56 -57 -58 -59 -60 0
c Answer: 293
v 1 -2 -3 -4 5 6 7 -8 -9 -10 11 -12 -13 -14 15 -16 -17 18 -19 -20 -21 22
v 23 -24 -25 -26 -27 28 -29 -30 -31 32 33 -34 -35 36 37 -38 39 40 41 -42
v -43 44 45 46 47 -48 -49 -50 51 52 -53 54 55 -56 -57 -58 -59 -60 0
c Answer: 294
v 1 -2 -3 -4 5 6 7 -8 -9 -10 11 -12 -13 -14 15 -16 -17 18 -19 -20 -21 22
v 23 24 -25 -26 -27 28 -29 -30 -31 32 33 -34 -35 36 37 -38 39 40 41 -42 -43
v 44 45 46 47 -48 -49 -50 51 52 -53 54 55 -56 -57 -58 -59 -60 0
c Answer: 295
v -1 -2 3 -4 -5 -6 7 -8 9 -10 -11 -12 13 14 15 -16 -17 18 -19 -20 -21 22
v 23 -24 -25 -26 -27 28 -29 -30 -31 32 33 -34 -35 36 37 -38 39 40 41 -42
v -43 44 -45 46 47 -48 -49 -50 51 52 53 54 55 -56 -57 -58 -59 -60 0
c Answer: 296
v -1 -2 3 -4 -5 -6 7 -8 9 -10 -11 -12 13 14 15 -16 -17 18 -19 -20 -21 22
v 23 24 -25 -26 -27 28 -29 -30 -31 32 33 -34 -35 36 37 -38 39 40 41 -42 -43
v 44 -45 46 47 -48 -49 -50 51 52 53 54 55 -56 -57 -58 -59 -60 0
c Answer: 297
v 1 -2 -3 -4 5 6 7 -8 -9 -10 11 -12 -13 -14 15 16 -17 18 -19 -20 -21 22 23
v -24 -25 -26 -27 28 -29 -30 -31 -32 33 -34 -35 36 37 -38 39 40 41 -42 -43
v 44 45 46 47 -48 -49 -50 51 52 -53 54 55 -56 -57 -58 -59 -60 0
c Answer: 298
v -1 -2 3 -4 -5 -6 7 -8 9 -10 -11 -12 13 14 15 16 -17 18 -19 -20 -21 22 23
v -24 -25 -26 -27 28 -29 -30 -31 -32 33 -34 -35 36 37 -38 39 40 41 -42 -43
v 44 -45 46 47 -48 -49 -50 51 52 53 54 55 -56 -57 -58 -59 -60 0
c Answer: 299
v 1 -2 -3 -4 5 6 7 -8 -9 -10 11 -12 -13 -14 15 16 -17 18 -19 -20 -21 22 23
v -24 -25 -26 -27 28 -29 -30 -31 32 33 -34 -35 36 37 -38 39 40 41 -42 -43
v 44 45 46 47 -48 -49 -50 51 52 -53 54 55 -56 -57 -58 -59 -60 0
c Answer: 300
v -1 -2 3 -4 -5 -6 7 -8 9 -10 -11 -12 13 14 15 16 -17 18 -19 -20 -21 22 23
v -24 -25 -26 -27 28 -29 -30 -31 32 33 -34 -35 36 37 -38 39 40 41 -42 -43
v 44 -45 46 47 -48 -49 -50 51 52 53 54 55 -56 -57 -58 -59 -60 0
c Answer: 301
v 1 -2 -3 -4 5 6 7 -8 -9 -10 11 -12 -13 -14 15 16 -17 18 -19 -20 -21 22 23
v 24 -25 -26 -27 28 -29 -30 -31 -32 33 -34 -35 36 37 -38 39 40 41 -42 -43
v 44 45 46 47 -48 -49 -50 51 52 -53 54 55 -56 -57 -58 -59 -60 0
c Answer: 302
v 1 -2 -3 -4 5 6 7 -8 -9 -10 11 -12 -13 -14 15 16 -17 18 -19 -20 -21 22 23
v 24 -25 -26 -27 28 -29 -30 -31 32 33 -34 -35 36 37 -38 39 40 41 -42 -43
v 44 45 46 47 -48 -49 -50 51 52 -53 54 55 -56 -57 -58 -59 -60 0
c Answer: 303
v -1 -2 3 -4 -5 -6 7 -8 9 -10 -11 -12 13 14 15 16 -17 18 -19 -20 -21 22 23
v 24 -25 -26 -27 28 -29 -30 -31 -32 33 -34 -35 36 37 -38 39 40 41 -42 -43
v 44 -45 46 47 -48 -49 -50 51 52 53 54 55 -56 -57 -58 -59 -60 0
c Answer: 304
v -1 -2 3 -4 -5 -6 7 -8 9 -10 -11 -12 13 14 15 16 -17 18 -19 -20 -21 22 23
v 24 -25 -26 -27 28 -29 -30 -31 32 33 -34 -35 36 37 -38 39 40 41 -42 -43
v 44 -45 46 47 -48 -49 -50 51 52 53 54 55 -56 -57 -58 -59 -60 0
c Answer: 305
v 1 -2 -3 -4 5 6 7 -8 -9 -10 11 -12 -13 -14 15 -16 -17 18 -19 -20 -21 22
v 23 -24 -25 -26 -27 28 -29 -30 -31 -32 33 -34 -35 36 37 -38 39 40 41 -42
v -43 44 45 46 47 48 -49 -50 51 52 -53 54 55 -56 -57 -58 -59 -60 0
c Answer: 306
v -1 -2 3 -4 -5 -6 7 -8 9 -10 -11 -12 13 14 15 -16 -17 18 -19 -20 -21 22
v 23 -24 -25 -26 -27 28 -29 -30 -31 -32 33 -34 -35 36 37 -38 39 40 41 -42
v -43 44 -45 46 47 48 -49 -50 51 52 53 54 55 -56 -57 -58 -59 -60 0
c Answer: 307
v 1 -2 -3 -4 5 6 7 -8 -9 -10 11 -12 -13 -14 15 16 -17 18 -19 -20 -21 22 23
v -24 -25 -26 -27 28 -29 -30 -31 -32 33 -34 -35 36 37 -38 39 40 41 -42 -43
v 44 45 46 47 48 -49 -50 51 52 -53 54 55 -56 -57 -58 -59 -60 0
c Answer: 308
v -1 -2 3 -4 -5 -6 7 -8 9 -10 -11 -12 13 14 15 16 -17 18 -19 -20 -21 22 23
v -24 -25 -26 -27 28 -29 -30 -31 -32 33 -34 -35 36 37 -38 39 40 41 -42 -43
v 44 -45 46 47 48 -49 -50 51 52 53 54 55 -56 -57 -58 -59 -60 0
c Answer: 309
v 1 -2 -3 -4 5 6 7 -8 -9 -10 11 -12 -13 -14 15 -16 -17 18 -19 -20 -21 22
v 23 24 -25 -26 -27 28 -29 -30 -31 -32 33 -34 -35 36 37 -38 39 40 41 -42
v -43 44 45 46 47 48 -49 -50 51 52 -53 54 55 -56 -57 -58 -59 -60 0
c Answer: 310
v 1 -2 -3 -4 5 6 7 -8 -9 -10 11 -12 -13 -14 15 16 -17 18 -19 -20 -21 22 23
v 24 -25 -26 -27 28 -29 -30 -31 -32 33 -34 -35 36 37 -38 39 40 41 -42 -43
v 44 45 46 47 48 -49 -50 51 52 -53 54 55 -56 -57 -58 -59 -60 0
c Answer: 311
v -1 -2 3 -4 -5 -6 7 -8 9 -10 -11 -12 13 14 15 -16 -17 18 -19 -20 -21 22
v 23 24 -25 -26 -27 28 -29 -30 -31 -32 33 -34 -35 36 37 -38 39 40 41 -42
v -43 44 -45 46 47 48 -49 -50 51 52 53 54 55 -56 -57 -58 -59 -60 0
c Answer: 312
v -1 -2 3 -4 -5 -6 7 -8 9 -10 -11 -12 13 14 15 16 -17 18 -19 -20 -21 22 23
v 24 -25 -26 -27 28 -29 -30 -31 -32 33 -34 -35 36 37 -38 39 40 41 -42 -43
v 44 -45 46 47 48 -49 -50 51 52 53 54 55 -56 -57 -58 -59 -60 0
c Answer: 313
v 1 -2 -3 -4 5 6 7 -8 -9 -10 11 -12 -13 -14 15 -16 -17 18 -19 -20 -21 22
v 23 -24 -25 -26 -27 28 -29 -30 -31 32 33 -34 -35 36 37 -38 39 40 41 -42
v -43 44 45 46 47 48 -49 -50 51 52 -53 54 55 -56 -57 -58 -59 -60 0
c Answer: 314
v -1 -2 3 -4 -5 -6 7 -8 9 -10 -11 -12 13 14 15 -16 -17 18 -19 -20 -21 22
v 23 -24 -25 -26 -27 28 -29 -30 -31 32 33 -34 -35 36 37 -38 39 40 41 -42
v -43 44 -45 46 47 48 -49 -50 51 52 53 54 55 -56 -57 -58 -59 -60 0
c Answer: 315
v 1 -2 -3 -4 5 6 7 -8 -9 -10 11 -12 -13 -14 15 -16 -17 18 -19 -20 -21 22
v 23 24 -25 -26 -27 28 -29 -30 -31 32 33 -34 -35 36 37 -38 39 40 41 -42 -43
v 44 45 46 47 48 -49 -50 51 52 -53 54 55 -56 -57 -58 -59 -60 0
c Answer: 316
v -1 -2 3 -4 -5 -6 7 -8 9 -10 -11 -12 13 14 15 -16 -17 18 -19 -20 -21 22
v 23 24 -25 -26 -27 28 -29 -30 -31 32 33 -34 -35 36 37 -38 39 40 41 -42 -43
v 44 -45 46 47 48 -49 -50 51 52 53 54 55 -56 -57 -58 -59 -60 0
c Answer: 317
v 1 -2 -3 -4 5 6 7 -8 -9 -10 11 -12 -13 -14 15 16 -17 18 -19 -20 -21 22 23
v -24 -25 -26 -27 28 -29 -30 -31 32 33 -34 -35 36 37 -38 39 40 41 -42 -43
v 44 45 46 47 48 -49 -50 51 52 -53 54 55 -56 -57 -58 -59 -60 0
c Answer: 318
v 1 -2 -3 -4 5 6 7 -8 -9 -10 11 -12 -13 -14 15 16 -17 18 -19 -20 -21 22 23
v 24 -25 -26 -27 28 -29 -30 -31 32 33 -34 -35 36 37 -38 39 40 41 -42 -43
v 44 45 46 47 48 -49 -50 51 52 -53 54 55 -56 -57 -58 -59 -60 0
c Answer: 319
v -1 -2 3 -4 -5 -6 7 -8 9 -10 -11 -12 13 14 15 16 -17 18 -19 -20 -21 22 23
v -24 -25 -26 -27 28 -29 -30 -31 32 33 -34 -35 36 37 -38 39 40 41 -42 -43
v 44 -45 46 47 48 -49 -50 51 52 53 54 55 -56 -57 -58 -59 -60 0
c Answer: 320
v -1 -2 3 -4 -5 -6 7 -8 9 -10 -11 -12 13 14 15 16 -17 18 -19 -20 -21 22 23
v 24 -25 -26 -27 28 -29 -30 -31 32 33 -34 -35 36 37 -38 39 40 41 -42 -43
v 44 -45 46 47 48 -49 -50 51 52 53 54 55 -56 -57 -58 -59 -60 0
c Answer: 321
v 1 -2 -3 -4 5 6 7 -8 -9 -10 11 -12 -13 -14 15 -16 -17 18 -19 -20 -21 22
v 23 -24 -25 -26 -27 28 -29 -30 -31 -32 33 -34 -35 36 37 -38 39 40 41 42
v -43 -44 45 46 47 -48 -49 -50 51 52 -53 54 55 -56 -57 -58 -59 -60 0
c Answer: 322
v -1 -2 3 -4 -5 -6 7 -8 9 -10 -11 -12 13 14 15 -16 -17 18 -19 -20 -21 22
v 23 -24 -25 -26 -27 28 -29 -30 -31 -32 33 -34 -35 36 37 -38 39 40 41 42
v -43 -44 -45 46 47 -48 -49 -50 51 52 53 54 55 -56 -57 -58 -59 -60 0
c Answer: 323
v 1 -2 -3 -4 5 6 7 -8 -9 -10 11 -12 -13 -14 15 -16 -17 18 -19 -20 -21 22
v 23 -24 -25 -26 -27 28 -29 -30 -31 -32 33 -34 -35 36 37 -38 39 40 41 42
v -43 44 45 46 47 -48 -49 -50 51 52 -53 54 55 -56 -57 -58 -59 -60 0
c Answer: 324
v -1 -2 3 -4 -5 -6 7 -8 9 -10 -11 -12 13 14 15 -16 -17 18 -19 -20 -21 22
v 23 -24 -25 -26 -27 28 -29 -30 -31 -32 33 -34 -35 36 37 -38 39 40 41 42
v -43 44 -45 46 47 -48 -49 -50 51 52 53 54 55 -56 -57 -58 -59 -60 0
c Answer: 325
v 1 -2 -3 -4 5 6 7 -8 -9 -10 11 -12 -13 -14 15 -16 -17 18 -19 -20 -21 22
v 23 -24 -25 -26 -27 28 -29 -30 -31 -32 33 -34 -35 36 37 -38 39 40 41 42
v -43 -44 45 46 47 48 -49 -50 51 52 -53 54 55 -56 -57 -58 -59 -60 0
c Answer: 326
v 1 -2 -3 -4 5 6 7 -8 -9 -10 11 -12 -13 -14 15 -16 -17 18 -19 -20 -21 22
v 23 -24 -25 -26 -27 28 -29 -30 -31 -32 33 -34 -35 36 37 -38 39 40 41 42
v -43 44 45 46 47 48 -49 -50 51 52 -53 54 55 -56 -57 -58 -59 -60 0
c Answer: 327
v -1 -2 3 -4 -5 -6 7 -8 9 -10 -11 -12 13 14 15 -16 -17 18 -19 -20 -21 22
v 23 -24 -25 -26 -27 28 -29 -30 -31 -32 33 -34 -35 36 37 -38 39 40 41 42
v -43 -44 -45 46 47 48 -49 -50 51 52 53 54 55 -56 -57 -58 -59 -60 0
c Answer: 328
v -1 -2 3 -4 -5 -6 7 -8 9 -10 -11 -12 13 14 15 -16 -17 18 -19 -20 -21 22
v 23 -24 -25 -26 -27 28 -29 -30 -31 -32 33 -34 -35 36 37 -38 39 40 41 42
v -43 44 -45 46 47 48 -49 -50 51 52 53 54 55 -56 -57 -58 -59 -60 0
c Answer: 329
v 1 -2 -3 -4 5 6 7 -8 -9 -10 11 -12 -13 -14 15 -16 -17 18 -19 -20 -21 22
v 23 -24 -25 -26 -27 28 -29 -30 -31 32 33 -34 -35 36 37 -38 39 40 41 42 -43
v -44 45 46 47 -48 -49 -50 51 52 -53 54 55 -56 -57 -58 -59 -60 0
c Answer: 330
v -1 -2 3 -4 -5 -6 7 -8 9 -10 -11 -12 13 14 15 -16 -17 18 -19 -20 -21 22
v 23 -24 -25 -26 -27 28 -29 -30 -31 32 33 -34 -35 36 37 -38 39 40 41 42 -43
v -44 -45 46 47 -48 -49 -50 51 52 53 54 55 -56 -57 -58 -59 -60 0
c Answer: 331
v 1 -2 -3 -4 5 6 7 -8 -9 -10 11 -12 -13 -14 15 -16 -17 18 -19 -20 -21 22
v 23 -24 -25 -26 -27 28 -29 -30 -31 32 33 -34 -35 36 37 -38 39 40 41 42 -43
v -44 45 46 47 48 -49 -50 51 52 -53 54 55 -56 -57 -58 -59 -60 0
c Answer: 332
v -1 -2 3 -4 -5 -6 7 -8 9 -10 -11 -12 13 14 15 -16 -17 18 -19 -20 -21 22
v 23 -24 -25 -26 -27 28 -29 -30 -31 32 33 -34 -35 36 37 -38 39 40 41 42 -43
v -44 -45 46 47 48 -49 -50 51 52 53 54 55 -56 -57 -58 -59 -60 0
c Answer: 333
v 1 -2 -3 -4 5 6 7 -8 -9 -10 11 -12 -13 -14 15 -16 -17 18 -19 -20 -21 22
v 23 -24 -25 -26 -27 28 -29 -30 -31 32 33 -34 -35 36 37 -38 39 40 41 42 -43
v 44 45 46 47 -48 -49 -50 51 52 -53 54 55 -56 -57 -58 -59 -60 0
c Answer: 334
v 1 -2 -3 -4 5 6 7 -8 -9 -10 11 -12 -13 -14 15 -16 -17 18 -19 -20 -21 22
v 23 -24 -25 -26 -27 28 -29 -30 -31 32 33 -34 -35 36 37 -38 39 40 41 42 -43
v 44 45 46 47 48 -49 -50 51 52 -53 54 55 -56 -57 -58 -59 -60 0
c Answer: 335
v -1 -2 3 -4 -5 -6 7 -8 9 -10 -11 -12 13 14 15 -16 -17 18 -19 -20 -21 22
v 23 -24 -25 -26 -27 28 -29 -30 -31 32 33 -34 -35 36 37 -38 39 40 41 42 -43
v 44 -45 46 47 -48 -49 -50 51 52 53 54 55 -56 -57 -58 -59 -60 0
c Answer: 336
v -1 -2 3 -4 -5 -6 7 -8 9 -10 -11 -12 13 14 15 -16 -17 18 -19 -20 -21 22
v 23 -24 -25 -26 -27 28 -29 -30 -31 32 33 -34 -35 36 37 -38 39 40 41 42 -43
v 44 -45 46 47 48 -49 -50 51 52 53 54 55 -56 -57 -58 -59 -60 0
c Answer: 337
v 1 -2 -3 -4 5 6 7 -8 -9 -10 11 -12 -13 -14 15 16 -17 18 -19 -20 -21 22 23
v -24 -25 -26 -27 28 -29 -30 -31 -32 33 -34 -35 36 37 -38 39 40 41 42 -43
v -44 45 46 47 -48 -49 -50 51 52 -53 54 55 -56 -57 -58 -59 -60 0
c Answer: 338
v -1 -2 3 -4 -5 -6 7 -8 9 -10 -11 -12 13 14 15 16 -17 18 -19 -20 -21 22 23
v -24 -25 -26 -27 28 -29 -30 -31 -32 33 -34 -35 36 37 -38 39 40 41 42 -43
v -44 -45 46 47 -48 -49 -50 51 52 53 54 55 -56 -57 -58 -59 -60 0
c Answer: 339
v 1 -2 -3 -4 5 6 7 -8 -9 -10 11 -12 -13 -14 15 16 -17 18 -19 -20 -21 22 23
v -24 -25 -26 -27 28 -29 -30 -31 32 33 -34 -35 36 37 -38 39 40 41 42 -43
v -44 45 46 47 -48 -49 -50 51 52 -53 54 55 -56 -57 -58 -59 -60 0
c Answer: 340
v -1 -2 3 -4 -5 -6 7 -8 9 -10 -11 -12 13 14 15 16 -17 18 -19 -20 -21 22 23
v -24 -25 -26 -27 28 -29 -30 -31 32 33 -34 -35 36 37 -38 39 40 41 42 -43
v -44 -45 46 47 -48 -49 -50 51 52 53 54 55 -56 -57 -58 -59 -60 0
c Answer: 341
v 1 -2 -3 -4 5 6 7 -8 -9 -10 11 -12 -13 -14 15 16 -17 18 -19 -20 -21 22 23
v -24 -25 -26 -27 28 -29 -30 -31 -32 33 -34 -35 36 37 -38 39 40 41 42 -43
v 44 45 46 47 -48 -49 -50 51 52 -53 54 55 -56 -57 -58 -59 -60 0
c Answer: 342
v 1 -2 -3 -4 5 6 7 -8 -9 -10 11 -12 -13 -14 15 16 -17 18 -19 -20 -21 22 23
v -24 -25 -26 -27 28 -29 -30 -31 32 33 -34 -35 36 37 -38 39 40 41 42 -43
v 44 45 46 47 -48 -49 -50 51 52 -53 54 55 -56 -57 -58 -59 -60 0
c Answer: 343
v -1 -2 3 -4 -5 -6 7 -8 9 -10 -11 -12 13 14 15 16 -17 18 -19 -20 -21 22 23
v -24 -25 -26 -27 28 -29 -30 -31 -32 33 -34 -35 36 37 -38 39 40 41 42 -43
v 44 -45 46 47 -48 -49 -50 51 52 53 54 55 -56 -57 -58 -59 -60 0
c Answer: 344
v -1 -2 3 -4 -5 -6 7 -8 9 -10 -11 -12 13 14 15 16 -17 18 -19 -20 -21 22 23
v -24 -25 -26 -27 28 -29 -30 -31 32 33 -34 -35 36 37 -38 39 40 41 42 -43
v 44 -45 46 47 -48 -49 -50 51 52 53 54 55 -56 -57 -58 -59 -60 0
c Answer: 345
v 1 -2 -3 -4 5 6 7 -8 -9 -10 11 -12 -13 -14 15 16 -17 18 -19 -20 -21 22 23
v -24 -25 -26 -27 28 -29 -30 -31 -32 33 -34 -35 36 37 -38 39 40 41 42 -43
v -44 45 46 47 48 -49 -50 51 52 -53 54 55 -56 -57 -58 -59 -60 0
c Answer: 346
v -1 -2 3 -4 -5 -6 7 -8 9 -10 -11 -12 13 14 15 16 -17 18 -19 -20 -21 22 23
v -24 -25 -26 -27 28 -29 -30 -31 -32 33 -34 -35 36 37 -38 39 40 41 42 -43
v -44 -45 46 47 48 -49 -50 51 52 53 54 55 -56 -57 -58 -59 -60 0
c Answer: 347
v 1 -2 -3 -4 5 6 7 -8 -9 -10 11 -12 -13 -14 15 16 -17 18 -19 -20 -21 22 23
v -24 -25 -26 -27 28 -29 -30 -31 -32 33 -34 -35 36 37 -38 39 40 41 42 -43
v 44 45 46 47 48 -49 -50 51 52 -53 54 55 -56 -57 -58 -59 -60 0
c Answer: 348
v -1 -2 3 -4 -5 -6 7 -8 9 -10 -11 -12 13 14 15 16 -17 18 -19 -20 -21 22 23
v -24 -25 -26 -27 28 -29 -30 -31 -32 33 -34 -35 36 37 -38 39 40 41 42 -43
v 44 -45 46 47 48 -49 -50 51 52 53 54 55 -56 -57 -58 -59 -60 0
c Answer: 349
v 1 -2 -3 -4 5 6 7 -8 -9 -10 11 -12 -13 -14 15 16 -17 18 -19 -20 -21 22 23
v -24 -25 -26 -27 28 -29 -30 -31 32 33 -34 -35 36 37 -38 39 40 41 42 -43
v -44 45 46 47 48 -49 -50 51 52 -53 54 55 -56 -57 -58 -59 -60 0
c Answer: 350
v 1 -2 -3 -4 5 6 7 -8 -9 -10 11 -12 -13 -14 15 16 -17 18 -19 -20 -21 22 23
v -24 -25 -26 -27 28 -29 -30 -31 32 33 -34 -35 36 37 -38 39 40 41 42 -43
v 44 45 46 47 48 -49 -50 51 52 -53 54 55 -56 -57 -58 -59 -60 0
c Answer: 351
v -1 -2 3 -4 -5 -6 7 -8 9 -10 -11 -12 13 14 15 16 -17 18 -19 -20 -21 22 23
v -24 -25 -26 -27 28 -29 -30 -31 32 33 -34 -35 36 37 -38 39 40 41 42 -43
v -44 -45 46 47 48 -49 -50 51 52 53 54 55 -56 -57 -58 -59 -60 0
c Answer: 352
v -1 -2 3 -4 -5 -6 7 -8 9 -10 -11 -12 13 14 15 16 -17 18 -19 -20 -21 22 23
v -24 -25 -26 -27 28 -29 -30 -31 32 33 -34 -35 36 37 -38 39 40 41 42 -43
v 44 -45 46 47 48 -49 -50 51 52 53 54 55 -56 -57 -58 -59 -60 0
c Answer: 353
v 1 -2 -3 -4 5 6 7 -8 -9 -10 11 -12 -13 -14 15 -16 -17 18 -19 -20 -21 22
v 23 24 -25 -26 -27 28 -29 -30 -31 -32 33 -34 -35 36 37 -38 39 40 41 42 -43
v -44 45 46 47 -48 -49 -50 51 52 -53 54 55 -56 -57 -58 -59 -60 0
c Answer: 354
v -1 -2 3 -4 -5 -6 7 -8 9 -10 -11 -12 13 14 15 -16 -17 18 -19 -20 -21 22
v 23 24 -25 -26 -27 28 -29 -30 -31 -32 33 -34 -35 36 37 -38 39 40 41 42 -43
v -44 -45 46 47 -48 -49 -50 51 52 53 54 55 -56 -57 -58 -59 -60 0
c Answer: 355
v 1 -2 -3 -4 5 6 7 -8 -9 -10 11 -12 -13 -14 15 16 -17 18 -19 -20 -21 22 23
v 24 -25 -26 -27 28 -29 -30 -31 -32 33 -34 -35 36 37 -38 39 40 41 42 -43
v -44 45 46 47 -48 -49 -50 51 52 -53 54 55 -56 -57 -58 -59 -60 0
c Answer: 356
v -1 -2 3 -4 -5 -6 7 -8 9 -10 -11 -12 13 14 15 16 -17 18 -19 -20 -21 22 23
v 24 -25 -26 -27 28 -29 -30 -31 -32 33 -34 -35 36 37 -38 39 40 41 42 -43
v -44 -45 46 47 -48 -49 -50 51 52 53 54 55 -56 -57 -58 -59 -60 0
c Answer: 357
v 1 -2 -3 -4 5 6 7 -8 -9 -10 11 -12 -13 -14 15 -16 -17 18 -19 -20 -21 22
v 23 24 -25 -26 -27 28 -29 -30 -31 -32 33 -34 -35 36 37 -38 39 40 41 42 -43
v -44 45 46 47 48 -49 -50 51 52 -53 54 55 -56 -57 -58 -59 -60 0
c Answer: 358
v 1 -2 -3 -4 5 6 7 -8 -9 -10 11 -12 -13 -14 15 16 -17 18 -19 -20 -21 22 23
v 24 -25 -26 -27 28 -29 -30 -31 -32 33 -34 -35 36 37 -38 39 40 41 42 -43
v -44 45 46 47 48 -49 -50 51 52 -53 54 55 -56 -57 -58 -59 -60 0
c Answer: 359
v -1 -2 3 -4 -5 -6 7 -8 9 -10 -11 -12 13 14 15 -16 -17 18 -19 -20 -21 22
v 23 24 -25 -26 -27 28 -29 -30 -31 -32 33 -34 -35 36 37 -38 39 40 41 42 -43
v -44 -45 46 47 48 -49 -50 51 52 53 54 55 -56 -57 -58 -59 -60 0
c Answer: 360
v -1 -2 3 -4 -5 -6 7 -8 9 -10 -11 -12 13 14 15 16 -17 18 -19 -20 -21 22 23
v 24 -25 -26 -27 28 -29 -30 -31 -32 33 -34 -35 36 37 -38 39 40 41 42 -43
v -44 -45 46 47 48 -49 -50 51 52 53 54 55 -56 -57 -58 -59 -60 0
c Answer: 361
v 1 -2 -3 -4 5 6 7 -8 -9 -10 11 -12 -13 -14 15 -16 -17 18 -19 -20 -21 22
v 23 24 -25 -26 -27 28 -29 -30 -31 32 33 -34 -35 36 37 -38 39 40 41 42 -43
v -44 45 46 47 -48 -49 -50 51 52 -53 54 55 -56 -57 -58 -59 -60 0
c Answer: 362
v -1 -2 3 -4 -5 -6 7 -8 9 -10 -11 -12 13 14 15 -16 -17 18 -19 -20 -21 22
v 23 24 -25 -26 -27 28 -29 -30 -31 32 33 -34 -35 36 37 -38 39 40 41 42 -43
v -44 -45 46 47 -48 -49 -50 51 52 53 54 55 -56 -57 -58 -59 -60 0
c Answer: 363
v 1 -2 -3 -4 5 6 7 -8 -9 -10 11 -12 -13 -14 15 -16 -17 18 -19 -20 -21 22
v 23 24 -25 -26 -27 28 -29 -30 -31 32 33 -34 -35 36 37 -38 39 40 41 42 -43
v -44 45 46 47 48 -49 -50 51 52 -53 54 55 -56 -57 -58 -59 -60 0
c Answer: 364
v -1 -2 3 -4 -5 -6 7 -8 9 -10 -11 -12 13 14 15 -16 -17 18 -19 -20 -21 22
v 23 24 -25 -26 -27 28 -29 -30 -31 32 33 -34 -35 36 37 -38 39 40 41 42 -43
v -44 -45 46 47 48 -49 -50 51 52 53 54 55 -56 -57 -58 -59 -60 0
c Answer: 365
v 1 -2 -3 -4 5 6 7 -8 -9 -10 11 -12 -13 -14 15 16 -17 18 -19 -20 -21 22 23
v 24 -25 -26 -27 28 -29 -30 -31 32 33 -34 -35 36 37 -38 39 40 41 42 -43 -44
v 45 46 47 -48 -49 -50 51 52 -53 54 55 -56 -57 -58 -59 -60 0
c Answer: 366
v 1 -2 -3 -4 5 6 7 -8 -9 -10 11 -12 -13 -14 15 16 -17 18 -19 -20 -21 22 23
v 24 -25 -26 -27 28 -29 -30 -31 32 33 -34 -35 36 37 -38 39 40 41 42 -43 -44
v 45 46 47 48 -49 -50 51 52 -53 54 55 -56 -57 -58 -59 -60 0
c Answer: 367
v -1 -2 3 -4 -5 -6 7 -8 9 -10 -11 -12 13 14 15 16 -17 18 -19 -20 -21 22 23
v 24 -25 -26 -27 28 -29 -30 -31 32 33 -34 -35 36 37 -38 39 40 41 42 -43 -44
v -45 46 47 -48 -49 -50 51 52 53 54 55 -56 -57 -58 -59 -60 0
c Answer: 368
v -1 -2 3 -4 -5 -6 7 -8 9 -10 -11 -12 13 14 15 16 -17 18 -19 -20 -21 22 23
v 24 -25 -26 -27 28 -29 -30 -31 32 33 -34 -35 36 37 -38 39 40 41 42 -43 -44
v -45 46 47 48 -49 -50 51 52 53 54 55 -56 -57 -58 -59 -60 0
c Answer: 369
v 1 -2 -3 -4 5 6 7 -8 -9 -10 11 -12 -13 -14 15 -16 -17 18 -19 -20 -21 22
v 23 24 -25 -26 -27 28 -29 -30 -31 -32 33 -34 -35 36 37 -38 39 40 41 42 -43
v 44 45 46 47 -48 -49 -50 51 52 -53 54 55 -56 -57 -58 -59 -60 0
c Answer: 370
v -1 -2 3 -4 -5 -6 7 -8 9 -10 -11 -12 13 14 15 -16 -17 18 -19 -20 -21 22
v 23 24 -25 -26 -27 28 -29 -30 -31 -32 33 -34 -35 36 37 -38 39 40 41 42 -43
v 44 -45 46 47 -48 -49 -50 51 52 53 54 55 -56 -57 -58 -59 -60 0
c Answer: 371
v 1 -2 -3 -4 5 6 7 -8 -9 -10 11 -12 -13 -14 15 -16 -17 18 -19 -20 -21 22
v 23 24 -25 -26 -27 28 -29 -30 -31 32 33 -34 -35 36 37 -38 39 40 41 42 -43
v 44 45 46 47 -48 -49 -50 51 52 -53 54 55 -56 -57 -58 -59 -60 0
c Answer: 372
v -1 -2 3 -4 -5 -6 7 -8 9 -10 -11 -12 13 14 15 -16 -17 18 -19 -20 -21 22
v 23 24 -25 -26 -27 28 -29 -30 -31 32 33 -34 -35 36 37 -38 39 40 41 42 -43
v 44 -45 46 47 -48 -49 -50 51 52 53 54 55 -56 -57 -58 -59 -60 0
c Answer: 373
v 1 -2 -3 -4 5 6 7 -8 -9 -10 11 -12 -13 -14 15 16 -17 18 -19 -20 -21 22 23
v 24 -25 -26 -27 28 -29 -30 -31 -32 33 -34 -35 36 37 -38 39 40 41 42 -43
v 44 45 46 47 -48 -49 -50 51 52 -53 54 55 -56 -57 -58 -59 -60 0
c Answer: 374
v 1 -2 -3 -4 5 6 7 -8 -9 -10 11 -12 -13 -14 15 16 -17 18 -19 -20 -21 22 23
v 24 -25 -26 -27 28 -29 -30 -31 32 33 -34 -35 36 37 -38 39 40 41 42 -43 44
v 45 46 47 -48 -49 -50 51 52 -53 54 55 -56 -57 -58 -59 -60 0
c Answer: 375
v -1 -2 3 -4 -5 -6 7 -8 9 -10 -11 -12 13 14 15 16 -17 18 -19 -20 -21 22 23
v 24 -25 -26 -27 28 -29 -30 -31 -32 33 -34 -35 36 37 -38 39 40 41 42 -43
v 44 -45 46 47 -48 -49 -50 51 52 53 54 55 -56 -57 -58 -59 -60 0
c Answer: 376
v -1 -2 3 -4 -5 -6 7 -8 9 -10 -11 -12 13 14 15 16 -17 18 -19 -20 -21 22 23
v 24 -25 -26 -27 28 -29 -30 -31 32 33 -34 -35 36 37 -38 39 40 41 42 -43 44
v -45 46 47 -48 -49 -50 51 52 53 54 55 -56 -57 -58 -59 -60 0
c Answer: 377
v 1 -2 -3 -4 5 6 7 -8 -9 -10 11 -12 -13 -14 15 -16 -17 18 -19 -20 -21 22
v 23 24 -25 -26 -27 28 -29 -30 -31 -32 33 -34 -35 36 37 -38 39 40 41 42 -43
v 44 45 46 47 48 -49 -50 51 52 -53 54 55 -56 -57 -58 -59 -60 0
c Answer: 378
v -1 -2 3 -4 -5 -6 7 -8 9 -10 -11 -12 13 14 15 -16 -17 18 -19 -20 -21 22
v 23 24 -25 -26 -27 28 -29 -30 -31 -32 33 -34 -35 36 37 -38 39 40 41 42 -43
v 44 -45 46 47 48 -49 -50 51 52 53 54 55 -56 -57 -58 -59 -60 0
c Answer: 379
v 1 -2 -3 -4 5 6 7 -8 -9 -10 11 -12 -13 -14 15 16 -17 18 -19 -20 -21 22 23
v 24 -25 -26 -27 28 -29 -30 -31 -32 33 -34 -35 36 37 -38 39 40 41 42 -43
v 44 45 46 47 48 -49 -50 51 52 -53 54 55 -56 -57 -58 -59 -60 0
c Answer: 380
v -1 -2 3 -4 -5 -6 7 -8 9 -10 -11 -12 13 14 15 16 -17 18 -19 -20 -21 22 23
v 24 -25 -26 -27 28 -29 -30 -31 -32 33 -34 -35 36 37 -38 39 40 41 42 -43
v 44 -45 46 47 48 -49 -50 51 52 53 54 55 -56 -57 -58 -59 -60 0
c Answer: 381
v 1 -2 -3 -4 5 6 7 -8 -9 -10 11 -12 -13 -14 15 -16 -17 18 -19 -20 -21 22
v 23 24 -25 -26 -27 28 -29 -30 -31 32 33 -34 -35 36 37 -38 39 40 41 42 -43
v 44 45 46 47 48 -49 -50 51 52 -53 54 55 -56 -57 -58 -59 -60 0
c Answer: 382
v 1 -2 -3 -4 5 6 7 -8 -9 -10 11 -12 -13 -14 15 16 -17 18 -19 -20 -21 22 23
v 24 -25 -26 -27 28 -29 -30 -31 32 33 -34 -35 36 37 -38 39 40 41 42 -43 44
v 45 46 47 48 -49 -50 51 52 -53 54 55 -56 -57 -58 -59 -60 0
c Answer: 383
v -1 -2 3 -4 -5 -6 7 -8 9 -10 -11 -12 13 14 15 -16 -17 18 -19 -20 -21 22
v 23 24 -25 -26 -27 28 -29 -30 -31 32 33 -34 -35 36 37 -38 39 40 41 42 -43
v 44 -45 46 47 48 -49 -50 51 52 53 54 55 -56 -57 -58 -59 -60 0
c Answer: 384
v -1 -2 3 -4 -5 -6 7 -8 9 -10 -11 -12 13 14 15 16 -17 18 -19 -20 -21 22 23
v 24 -25 -26 -27 28 -29 -30 -31 32 33 -34 -35 36 37 -38 39 40 41 42 -43 44
v -45 46 47 48 -49 -50 51 52 53 54 55 -56 -57 -58 -59 -60 0
c Answer: 385
v 1 -2 -3 -4 5 6 7 -8 -9 -10 11 -12 -13 -14 15 -16 -17 18 -19 -20 -21 22
v 23 -24 -25 -26 -27 28 -29 -30 -31 -32 33 -34 -35 36 37 -38 39 40 41 -42
v 43 -44 45 46 47 -48 -49 -50 51 52 -53 54 55 -56 -57 -58 -59 -60 0
c Answer: 386
v -1 -2 3 -4 -5 -6 7 -8 9 -10 -11 -12 13 14 15 -16 -17 18 -19 -20 -21 22
v 23 -24 -25 -26 -27 28 -29 -30 -31 -32 33 -34 -35 36 37 -38 39 40 41 -42
v 43 -44 -45 46 47 -48 -49 -50 51 52 53 54 55 -56 -57 -58 -59 -60 0
c Answer: 387
v 1 -2 -3 -4 5 6 7 -8 -9 -10 11 -12 -13 -14 15 -16 -17 18 -19 -20 -21 22
v 23 -24 -25 -26 -27 28 -29 -30 -31 -32 33 -34 -35 36 37 -38 39 40 41 42
v 43 -44 45 46 47 -48 -49 -50 51 52 -53 54 55 -56 -57 -58 -59 -60 0
c Answer: 388
v -1 -2 3 -4 -5 -6 7 -8 9 -10 -11 -12 13 14 15 -16 -17 18 -19 -20 -21 22
v 23 -24 -25 -26 -27 28 -29 -30 -31 -32 33 -34 -35 36 37 -38 39 40 41 42
v 43 -44 -45 46 47 -48 -49 -50 51 52 53 54 55 -56 -57 -58 -59 -60 0
c Answer: 389
v 1 -2 -3 -4 5 6 7 -8 -9 -10 11 -12 -13 -14 15 -16 -17 18 -19 -20 -21 22
v 23 24 -25 -26 -27 28 -29 -30 -31 -32 33 -34 -35 36 37 -38 39 40 41 -42
v 43 -44 45 46 47 -48 -49 -50 51 52 -53 54 55 -56 -57 -58 -59 -60 0
c Answer: 390
v 1 -2 -3 -4 5 6 7 -8 -9 -10 11 -12 -13 -14 15 -16 -17 18 -19 -20 -21 22
v 23 24 -25 -26 -27 28 -29 -30 -31 -32 33 -34 -35 36 37 -38 39 40 41 42 43
v -44 45 46 47 -48 -49 -50 51 52 -53 54 55 -56 -57 -58 -59 -60 0
c Answer: 391
v -1 -2 3 -4 -5 -6 7 -8 9 -10 -11 -12 13 14 15 -16 -17 18 -19 -20 -21 22
v 23 24 -25 -26 -27 28 -29 -30 -31 -32 33 -34 -35 36 37 -38 39 40 41 -42
v 43 -44 -45 46 47 -48 -49 -50 51 52 53 54 55 -56 -57 -58 -59 -60 0
c Answer: 392
v -1 -2 3 -4 -5 -6 7 -8 9 -10 -11 -12 13 14 15 -16 -17 18 -19 -20 -21 22
v 23 24 -25 -26 -27 28 -29 -30 -31 -32 33 -34 -35 36 37 -38 39 40 41 42 43
v -44 -45 46 47 -48 -49 -50 51 52 53 54 55 -56 -57 -58 -59 -60 0
c Answer: 393
v 1 -2 -3 -4 5 6 7 -8 -9 -10 11 -12 -13 -14 15 -16 -17 18 -19 -20 -21 22
v 23 -24 -25 -26 -27 28 -29 -30 -31 -32 33 -34 -35 36 37 -38 39 40 41 -42
v 43 44 45 46 47 -48 -49 -50 51 52 -53 54 55 -56 -57 -58 -59 -60 0
c Answer: 394
v -1 -2 3 -4 -5 -6 7 -8 9 -10 -11 -12 13 14 15 -16 -17 18 -19 -20 -21 22
v 23 -24 -25 -26 -27 28 -29 -30 -31 -32 33 -34 -35 36 37 -38 39 40 41 -42
v 43 44 -45 46 47 -48 -49 -50 51 52 53 54 55 -56 -57 -58 -59 -60 0
c Answer: 395
v 1 -2 -3 -4 5 6 7 -8 -9 -10 11 -12 -13 -14 15 -16 -17 18 -19 -20 -21 22
v 23 24 -25 -26 -27 28 -29 -30 -31 -32 33 -34 -35 36 37 -38 39 40 41 -42
v 43 44 45 46 47 -48 -49 -50 51 52 -53 54 55 -56 -57 -58 -59 -60 0
c Answer: 396
v -1 -2 3 -4 -5 -6 7 -8 9 -10 -11 -12 13 14 15 -16 -17 18 -19 -20 -21 22
v 23 24 -25 -26 -27 28 -29 -30 -31 -32 33 -34 -35 36 37 -38 39 40 41 -42
v 43 44 -45 46 47 -48 -49 -50 51 52 53 54 55 -56 -57 -58 -59 -60 0
c Answer: 397
v 1 -2 -3 -4 5 6 7 -8 -9 -10 11 -12 -13 -14 15 -16 -17 18 -19 -20 -21 22
v 23 -24 -25 -26 -27 28 -29 -30 -31 -32 33 -34 -35 36 37 -38 39 40 41 42
v 43 44 45 46 47 -48 -49 -50 51 52 -53 54 55 -56 -57 -58 -59 -60 0
c Answer: 398
v 1 -2 -3 -4 5 6 7 -8 -9 -10 11 -12 -13 -14 15 -16 -17 18 -19 -20 -21 22
v 23 24 -25 -26 -27 28 -29 -30 -31 -32 33 -34 -35 36 37 -38 39 40 41 42 43
v 44 45 46 47 -48 -49 -50 51 52 -53 54 55 -56 -57 -58 -59 -60 0
c Answer: 399
v -1 -2 3 -4 -5 -6 7 -8 9 -10 -11 -12 13 14 15 -16 -17 18 -19 -20 -21 22
v 23 -24 -25 -26 -27 28 -29 -30 -31 -32 33 -34 -35 36 37 -38 39 40 41 42
v 43 44 -45 46 47 -48 -49 -50 51 52 53 54 55 -56 -57 -58 -59 -60 0
c Answer: 400
v -1 -2 3 -4 -5 -6 7 -8 9 -10 -11 -12 13 14 15 -16 -17 18 -19 -20 -21 22
v 23 24 -25 -26 -27 28 -29 -30 -31 -32 33 -34 -35 36 37 -38 39 40 41 42 43
v 44 -45 46 47 -48 -49 -50 51 52 53 54 55 -56 -57 -58 -59 -60 0
c Answer: 401
v 1 -2 -3 -4 5 6 7 -8 -9 -10 11 -12 -13 -14 15 -16 -17 18 -19 -20 -21 22
v 23 -24 -25 -26 -27 28 -29 -30 -31 -32 33 -34 -35 36 37 -38 39 40 41 -42
v 43 -44 45 46 47 48 -49 -50 51 52 -53 54 55 -56 -57 -58 -59 -60 0
c Answer: 402
v -1 -2 3 -4 -5 -6 7 -8 9 -10 -11 -12 13 14 15 -16 -17 18 -19 -20 -21 22
v 23 -24 -25 -26 -27 28 -29 -30 -31 -32 33 -34 -35 36 37 -38 39 40 41 -42
v 43 -44 -45 46 47 48 -49 -50 51 52 53 54 55 -56 -57 -58 -59 -60 0
c Answer: 403
v 1 -2 -3 -4 5 6 7 -8 -9 -10 11 -12 -13 -14 15 -16 -17 18 -19 -20 -21 22
v 23 -24 -25 -26 -27 28 -29 -30 -31 -32 33 -34 -35 36 37 -38 39 40 41 -42
v 43 44 45 46 47 48 -49 -50 51 52 -53 54 55 -56 -57 -58 -59 -60 0
c Answer: 404
v -1 -2 3 -4 -5 -6 7 -8 9 -10 -11 -12 13 14 15 -16 -17 18 -19 -20 -21 22
v 23 -24 -25 -26 -27 28 -29 -30 -31 -32 33 -34 -35 36 37 -38 39 40 41 -42
v 43 44 -45 46 47 48 -49 -50 51 52 53 54 55 -56 -57 -58 -59 -60 0
c Answer: 405
v 1 -2 -3 -4 5 6 7 -8 -9 -10 11 -12 -13 -14 15 -16 -17 18 -19 -20 -21 22
v 23 -24 -25 -26 -27 28 -29 -30 -31 -32 33 -34 -35 36 37 -38 39 40 41 42
v 43 -44 45 46 47 48 -49 -50 51 52 -53 54 55 -56 -57 -58 -59 -60 0
c Answer: 406
v 1 -2 -3 -4 5 6 7 -8 -9 -10 11 -12 -13 -14 15 -16 -17 18 -19 -20 -21 22
v 23 -24 -25 -26 -27 28 -29 -30 -31 -32 33 -34 -35 36 37 -38 39 40 41 42
v 43 44 45 46 47 48 -49 -50 51 52 -53 54 55 -56 -57 -58 -59 -60 0
c Answer: 407
v -1 -2 3 -4 -5 -6 7 -8 9 -10 -11 -12 13 14 15 -16 -17 18 -19 -20 -21 22
v 23 -24 -25 -26 -27 28 -29 -30 -31 -32 33 -34 -35 36 37 -38 39 40 41 42
v 43 -44 -45 46 47 48 -49 -50 51 52 53 54 55 -56 -57 -58 -59 -60 0
c Answer: 408
v -1 -2 3 -4 -5 -6 7 -8 9 -10 -11 -12 13 14 15 -16 -17 18 -19 -20 -21 22
v 23 -24 -25 -26 -27 28 -29 -30 -31 -32 33 -34 -35 36 37 -38 39 40 41 42
v 43 44 -45 46 47 48 -49 -50 51 52 53 54 55 -56 -57 -58 -59 -60 0
c Answer: 409
v 1 -2 -3 -4 5 6 7 -8 -9 -10 11 -12 -13 -14 15 -16 -17 18 -19 -20 -21 22
v 23 24 -25 -26 -27 28 -29 -30 -31 -32 33 -34 -35 36 37 -38 39 40 41 -42
v 43 -44 45 46 47 48 -49 -50 51 52 -53 54 55 -56 -57 -58 -59 -60 0
c Answer: 410
v -1 -2 3 -4 -5 -6 7 -8 9 -10 -11 -12 13 14 15 -16 -17 18 -19 -20 -21 22
v 23 24 -25 -26 -27 28 -29 -30 -31 -32 33 -34 -35 36 37 -38 39 40 41 -42
v 43 -44 -45 46 47 48 -49 -50 51 52 53 54 55 -56 -57 -58 -59 -60 0
c Answer: 411
v 1 -2 -3 -4 5 6 7 -8 -9 -10 11 -12 -13 -14 15 -16 -17 18 -19 -20 -21 22
v 23 24 -25 -26 -27 28 -29 -30 -31 -32 33 -34 -35 36 37 -38 39 40 41 42 43
v -44 45 46 47 48 -49 -50 51 52 -53 54 55 -56 -57 -58 -59 -60 0
c Answer: 412
v -1 -2 3 -4 -5 -6 7 -8 9 -10 -11 -12 13 14 15 -16 -17 18 -19 -20 -21 22
v 23 24 -25 -26 -27 28 -29 -30 -31 -32 33 -34 -35 36 37 -38 39 40 41 42 43
v -44 -45 46 47 48 -49 -50 51 52 53 54 55 -56 -57 -58 -59 -60 0
c Answer: 413
v 1 -2 -3 -4 5 6 7 -8 -9 -10 11 -12 -13 -14 15 -16 -17 18 -19 -20 -21 22
v 23 24 -25 -26 -27 28 -29 -30 -31 -32 33 -34 -35 36 37 -38 39 40 41 -42
v 43 44 45 46 47 48 -49 -50 51 52 -53 54 55 -56 -57 -58 -59 -60 0
c Answer: 414
v 1 -2 -3 -4 5 6 7 -8 -9 -10 11 -12 -13 -14 15 -16 -17 18 -19 -20 -21 22
v 23 24 -25 -26 -27 28 -29 -30 -31 -32 33 -34 -35 36 37 -38 39 40 41 42 43
v 44 45 46 47 48 -49 -50 51 52 -53 54 55 -56 -57 -58 -59 -60 0
c Answer: 415
v -1 -2 3 -4 -5 -6 7 -8 9 -10 -11 -12 13 14 15 -16 -17 18 -19 -20 -21 22
v 23 24 -25 -26 -27 28 -29 -30 -31 -32 33 -34 -35 36 37 -38 39 40 41 -42
v 43 44 -45 46 47 48 -49 -50 51 52 53 54 55 -56 -57 -58 -59 -60 0
c Answer: 416
v -1 -2 3 -4 -5 -6 7 -8 9 -10 -11 -12 13 14 15 -16 -17 18 -19 -20 -21 22
v 23 24 -25 -26 -27 28 -29 -30 -31 -32 33 -34 -35 36 37 -38 39 40 41 42 43
v 44 -45 46 47 48 -49 -50 51 52 53 54 55 -56 -57 -58 -59 -60 0
c Answer: 417
v 1 -2 -3 -4 5 6 7 -8 -9 -10 11 -12 -13 -14 15 -16 -17 18 -19 -20 -21 22
v 23 -24 -25 -26 -27 28 -29 -30 -31 32 33 -34 -35 36 37 -38 39 40 41 -42
v 43 -44 45 46 47 -48 -49 -50 51 52 -53 54 55 -56 -57 -58 -59 -60 0
c Answer: 418
v -1 -2 3 -4 -5 -6 7 -8 9 -10 -11 -12 13 14 15 -16 -17 18 -19 -20 -21 22
v 23 -24 -25 -26 -27 28 -29 -30 -31 32 33 -34 -35 36 37 -38 39 40 41 -42
v 43 -44 -45 46 47 -48 -49 -50 51 52 53 54 55 -56 -57 -58 -59 -60 0
c Answer: 419
v 1 -2 -3 -4 5 6 7 -8 -9 -10 11 -12 -13 -14 15 -16 -17 18 -19 -20 -21 22
v 23 -24 -25 -26 -27 28 -29 -30 -31 32 33 -34 -35 36 37 -38 39 40 41 -42
v 43 -44 45 46 47 48 -49 -50 51 52 -53 54 55 -56 -57 -58 -59 -60 0
c Answer: 420
v -1 -2 3 -4 -5 -6 7 -8 9 -10 -11 -12 13 14 15 -16 -17 18 -19 -20 -21 22
v 23 -24 -25 -26 -27 28 -29 -30 -31 32 33 -34 -35 36 37 -38 39 40 41 -42
v 43 -44 -45 46 47 48 -49 -50 51 52 53 54 55 -56 -57 -58 -59 -60 0
c Answer: 421
v 1 -2 -3 -4 5 6 7 -8 -9 -10 11 -12 -13 -14 15 -16 -17 18 -19 -20 -21 22
v 23 24 -25 -26 -27 28 -29 -30 -31 32 33 -34 -35 36 37 -38 39 40 41 -42 43
v -44 45 46 47 -48 -49 -50 51 52 -53 54 55 -56 -57 -58 -59 -60 0
c Answer: 422
v 1 -2 -3 -4 5 6 7 -8 -9 -10 11 -12 -13 -14 15 -16 -17 18 -19 -20 -21 22
v 23 24 -25 -26 -27 28 -29 -30 -31 32 33 -34 -35 36 37 -38 39 40 41 -42 43
v -44 45 46 47 48 -49 -50 51 52 -53 54 55 -56 -57 -58 -59 -60 0
c Answer: 423
v -1 -2 3 -4 -5 -6 7 -8 9 -10 -11 -12 13 14 15 -16 -17 18 -19 -20 -21 22
v 23 24 -25 -26 -27 28 -29 -30 -31 32 33 -34 -35 36 37 -38 39 40 41 -42 43
v -44 -45 46 47 -48 -49 -50 51 52 53 54 55 -56 -57 -58 -59 -60 0
c Answer: 424
v -1 -2 3 -4 -5 -6 7 -8 9 -10 -11 -12 13 14 15 -16 -17 18 -19 -20 -21 22
v 23 24 -25 -26 -27 28 -29 -30 -31 32 33 -34 -35 36 37 -38 39 40 41 -42 43
v -44 -45 46 47 48 -49 -50 51 52 53 54 55 -56 -57 -58 -59 -60 0
c Answer: 425
v 1 -2 -3 -4 5 6 7 -8 -9 -10 11 -12 -13 -14 15 -16 -17 18 -19 -20 -21 22
v 23 -24 -25 -26 -27 28 -29 -30 -31 32 33 -34 -35 36 37 -38 39 40 41 -42
v 43 44 45 46 47 -48 -49 -50 51 52 -53 54 55 -56 -57 -58 -59 -60 0
c Answer: 426
v -1 -2 3 -4 -5 -6 7 -8 9 -10 -11 -12 13 14 15 -16 -17 18 -19 -20 -21 22
v 23 -24 -25 -26 -27 28 -29 -30 -31 32 33 -34 -35 36 37 -38 39 40 41 -42
v 43 44 -45 46 47 -48 -49 -50 51 52 53 54 55 -56 -57 -58 -59 -60 0
c Answer: 427
v 1 -2 -3 -4 5 6 7 -8 -9 -10 11 -12 -13 -14 15 -16 -17 18 -19 -20 -21 22
v 23 24 -25 -26 -27 28 -29 -30 -31 32 33 -34 -35 36 37 -38 39 40 41 -42 43
v 44 45 46 47 -48 -49 -50 51 52 -53 54 55 -56 -57 -58 -59 -60 0
c Answer: 428
v -1 -2 3 -4 -5 -6 7 -8 9 -10 -11 -12 13 14 15 -16 -17 18 -19 -20 -21 22
v 23 24 -25 -26 -27 28 -29 -30 -31 32 33 -34 -35 36 37 -38 39 40 41 -42 43
v 44 -45 46 47 -48 -49 -50 51 52 53 54 55 -56 -57 -58 -59 -60 0
c Answer: 429
v 1 -2 -3 -4 5 6 7 -8 -9 -10 11 -12 -13 -14 15 -16 -17 18 -19 -20 -21 22
v 23 -24 -25 -26 -27 28 -29 -30 -31 32 33 -34 -35 36 37 -38 39 40 41 -42
v 43 44 45 46 47 48 -49 -50 51 52 -53 54 55 -56 -57 -58 -59 -60 0
c Answer: 430
v 1 -2 -3 -4 5 6 7 -8 -9 -10 11 -12 -13 -14 15 -16 -17 18 -19 -20 -21 22
v 23 24 -25 -26 -27 28 -29 -30 -31 32 33 -34 -35 36 37 -38 39 40 41 -42 43
v 44 45 46 47 48 -49 -50 51 52 -53 54 55 -56 -57 -58 -59 -60 0
c Answer: 431
v -1 -2 3 -4 -5 -6 7 -8 9 -10 -11 -12 13 14 15 -16 -17 18 -19 -20 -21 22
v 23 -24 -25 -26 -27 28 -29 -30 -31 32 33 -34 -35 36 37 -38 39 40 41 -42
v 43 44 -45 46 47 48 -49 -50 51 52 53 54 55 -56 -57 -58 -59 -60 0
c Answer: 432
v -1 -2 3 -4 -5 -6 7 -8 9 -10 -11 -12 13 14 15 -16 -17 18 -19 -20 -21 22
v 23 24 -25 -26 -27 28 -29 -30 -31 32 33 -34 -35 36 37 -38 39 40 41 -42 43
v 44 -45 46 47 48 -49 -50 51 52 53 54 55 -56 -57 -58 -59 -60 0
c Answer: 433
v 1 -2 -3 -4 5 6 7 -8 -9 -10 11 -12 -13 -14 15 -16 -17 18 -19 -20 -21 22
v 23 -24 -25 -26 -27 28 -29 -30 -31 32 33 -34 -35 36 37 -38 39 40 41 42 43
v -44 45 46 47 -48 -49 -50 51 52 -53 54 55 -56 -57 -58 -59 -60 0
c Answer: 434
v -1 -2 3 -4 -5 -6 7 -8 9 -10 -11 -12 13 14 15 -16 -17 18 -19 -20 -21 22
v 23 -24 -25 -26 -27 28 -29 -30 -31 32 33 -34 -35 36 37 -38 39 40 41 42 43
v -44 -45 46 47 -48 -49 -50 51 52 53 54 55 -56 -57 -58 -59 -60 0
c Answer: 435
v 1 -2 -3 -4 5 6 7 -8 -9 -10 11 -12 -13 -14 15 -16 -17 18 -19 -20 -21 22
v 23 -24 -25 -26 -27 28 -29 -30 -31 32 33 -34 -35 36 37 -38 39 40 41 42 43
v 44 45 46 47 -48 -49 -50 51 52 -53 54 55 -56 -57 -58 -59 -60 0
c Answer: 436
v -1 -2 3 -4 -5 -6 7 -8 9 -10 -11 -12 13 14 15 -16 -17 18 -19 -20 -21 22
v 23 -24 -25 -26 -27 28 -29 -30 -31 32 33 -34 -35 36 37 -38 39 40 41 42 43
v 44 -45 46 47 -48 -49 -50 51 52 53 54 55 -56 -57 -58 -59 -60 0
c Answer: 437
v 1 -2 -3 -4 5 6 7 -8 -9 -10 11 -12 -13 -14 15 -16 -17 18 -19 -20 -21 22
v 23 -24 -25 -26 -27 28 -29 -30 -31 32 33 -34 -35 36 37 -38 39 40 41 42 43
v -44 45 46 47 48 -49 -50 51 52 -53 54 55 -56 -57 -58 -59 -60 0
c Answer: 438
v 1 -2 -3 -4 5 6 7 -8 -9 -10 11 -12 -13 -14 15 -16 -17 18 -19 -20 -21 22
v 23 -24 -25 -26 -27 28 -29 -30 -31 32 33 -34 -35 36 37 -38 39 40 41 42 43
v 44 45 46 47 48 -49 -50 51 52 -53 54 55 -56 -57 -58 -59 -60 0
c Answer: 439
v -1 -2 3 -4 -5 -6 7 -8 9 -10 -11 -12 13 14 15 -16 -17 18 -19 -20 -21 22
v 23 -24 -25 -26 -27 28 -29 -30 -31 32 33 -34 -35 36 37 -38 39 40 41 42 43
v -44 -45 46 47 48 -49 -50 51 52 53 54 55 -56 -57 -58 -59 -60 0
c Answer: 440
v -1 -2 3 -4 -5 -6 7 -8 9 -10 -11 -12 13 14 15 -16 -17 18 -19 -20 -21 22
v 23 -24 -25 -26 -27 28 -29 -30 -31 32 33 -34 -35 36 37 -38 39 40 41 42 43
v 44 -45 46 47 48 -49 -50 51 52 53 54 55 -56 -57 -58 -59 -60 0
c Answer: 441
v 1 -2 -3 -4 5 6 7 -8 -9 -10 11 -12 -13 -14 15 -16 -17 18 -19 -20 -21 22
v 23 24 -25 -26 -27 28 -29 -30 -31 32 33 -34 -35 36 37 -38 39 40 41 42 43
v -44 45 46 47 -48 -49 -50 51 52 -53 54 55 -56 -57 -58 -59 -60 0
c Answer: 442
v -1 -2 3 -4 -5 -6 7 -8 9 -10 -11 -12 13 14 15 -16 -17 18 -19 -20 -21 22
v 23 24 -25 -26 -27 28 -29 -30 -31 32 33 -34 -35 36 37 -38 39 40 41 42 43
v -44 -45 46 47 -48 -49 -50 51 52 53 54 55 -56 -57 -58 -59 -60 0
c Answer: 443
v 1 -2 -3 -4 5 6 7 -8 -9 -10 11 -12 -13 -14 15 -16 -17 18 -19 -20 -21 22
v 23 24 -25 -26 -27 28 -29 -30 -31 32 33 -34 -35 36 37 -38 39 40 41 42 43
v -44 45 46 47 48 -49 -50 51 52 -53 54 55 -56 -57 -58 -59 -60 0
c Answer: 444
v -1 -2 3 -4 -5 -6 7 -8 9 -10 -11 -12 13 14 15 -16 -17 18 -19 -20 -21 22
v 23 24 -25 -26 -27 28 -29 -30 -31 32 33 -34 -35 36 37 -38 39 40 41 42 43
v -44 -45 46 47 48 -49 -50 51 52 53 54 55 -56 -57 -58 -59 -60 0
c Answer: 445
v 1 -2 -3 -4 5 6 7 -8 -9 -10 11 -12 -13 -14 15 -16 -17 18 -19 -20 -21 22
v 23 24 -25 -26 -27 28 -29 -30 -31 32 33 -34 -35 36 37 -38 39 40 41 42 43
v 44 45 46 47 -48 -49 -50 51 52 -53 54 55 -56 -57 -58 -59 -60 0
c Answer: 446
v 1 -2 -3 -4 5 6 7 -8 -9 -10 11 -12 -13 -14 15 -16 -17 18 -19 -20 -21 22
v 23 24 -25 -26 -27 28 -29 -30 -31 32 33 -34 -35 36 37 -38 39 40 41 42 43
v 44 45 46 47 48 -49 -50 51 52 -53 54 55 -56 -57 -58 -59 -60 0
c Answer: 447
v -1 -2 3 -4 -5 -6 7 -8 9 -10 -11 -12 13 14 15 -16 -17 18 -19 -20 -21 22
v 23 24 -25 -26 -27 28 -29 -30 -31 32 33 -34 -35 36 37 -38 39 40 41 42 43
v 44 -45 46 47 -48 -49 -50 51 52 53 54 55 -56 -57 -58 -59 -60 0
c Answer: 448
v -1 -2 3 -4 -5 -6 7 -8 9 -10 -11 -12 13 14 15 -16 -17 18 -19 -20 -21 22
v 23 24 -25 -26 -27 28 -29 -30 -31 32 33 -34 -35 36 37 -38 39 40 41 42 43
v 44 -45 46 47 48 -49 -50 51 52 53 54 55 -56 -57 -58 -59 -60 0
c Answer: 449
v 1 -2 -3 -4 5 6 7 -8 -9 -10 11 -12 -13 -14 15 16 -17 18 -19 -20 -21 22 23
v -24 -25 -26 -27 28 -29 -30 -31 -32 33 -34 -35 36 37 -38 39 40 41 -42 43
v -44 45 46 47 -48 -49 -50 51 52 -53 54 55 -56 -57 -58 -59 -60 0
c Answer: 450
v -1 -2 3 -4 -5 -6 7 -8 9 -10 -11 -12 13 14 15 16 -17 18 -19 -20 -21 22 23
v -24 -25 -26 -27 28 -29 -30 -31 -32 33 -34 -35 36 37 -38 39 40 41 -42 43
v -44 -45 46 47 -48 -49 -50 51 52 53 54 55 -56 -57 -58 -59 -60 0
c Answer: 451
v 1 -2 -3 -4 5 6 7 -8 -9 -10 11 -12 -13 -14 15 16 -17 18 -19 -20 -21 22 23
v -24 -25 -26 -27 28 -29 -30 -31 32 33 -34 -35 36 37 -38 39 40 41 -42 43
v -44 45 46 47 -48 -49 -50 51 52 -53 54 55 -56 -57 -58 -59 -60 0
c Answer: 452
v -1 -2 3 -4 -5 -6 7 -8 9 -10 -11 -12 13 14 15 16 -17 18 -19 -20 -21 22 23
v -24 -25 -26 -27 28 -29 -30 -31 32 33 -34 -35 36 37 -38 39 40 41 -42 43
v -44 -45 46 47 -48 -49 -50 51 52 53 54 55 -56 -57 -58 -59 -60 0
c Answer: 453
v 1 -2 -3 -4 5 6 7 -8 -9 -10 11 -12 -13 -14 15 16 -17 18 -19 -20 -21 22 23
v -24 -25 -26 -27 28 -29 -30 -31 -32 33 -34 -35 36 37 -38 39 40 41 42 43
v -44 45 46 47 -48 -49 -50 51 52 -53 54 55 -56 -57 -58 -59 -60 0
c Answer: 454
v 1 -2 -3 -4 5 6 7 -8 -9 -10 11 -12 -13 -14 15 16 -17 18 -19 -20 -21 22 23
v -24 -25 -26 -27 28 -29 -30 -31 32 33 -34 -35 36 37 -38 39 40 41 42 43 -44
v 45 46 47 -48 -49 -50 51 52 -53 54 55 -56 -57 -58 -59 -60 0
c Answer: 455
v -1 -2 3 -4 -5 -6 7 -8 9 -10 -11 -12 13 14 15 16 -17 18 -19 -20 -21 22 23
v -24 -25 -26 -27 28 -29 -30 -31 -32 33 -34 -35 36 37 -38 39 40 41 42 43
v -44 -45 46 47 -48 -49 -50 51 52 53 54 55 -56 -57 -58 -59 -60 0
c Answer: 456
v -1 -2 3 -4 -5 -6 7 -8 9 -10 -11 -12 13 14 15 16 -17 18 -19 -20 -21 22 23
v -24 -25 -26 -27 28 -29 -30 -31 32 33 -34 -35 36 37 -38 39 40 41 42 43 -44
v -45 46 47 -48 -49 -50 51 52 53 54 55 -56 -57 -58 -59 -60 0
c Answer: 457
v 1 -2 -3 -4 5 6 7 -8 -9 -10 11 -12 -13 -14 15 16 -17 18 -19 -20 -21 22 23
v 24 -25 -26 -27 28 -29 -30 -31 -32 33 -34 -35 36 37 -38 39 40 41 -42 43
v -44 45 46 47 -48 -49 -50 51 52 -53 54 55 -56 -57 -58 -59 -60 0
c Answer: 458
v -1 -2 3 -4 -5 -6 7 -8 9 -10 -11 -12 13 14 15 16 -17 18 -19 -20 -21 22 23
v 24 -25 -26 -27 28 -29 -30 -31 -32 33 -34 -35 36 37 -38 39 40 41 -42 43
v -44 -45 46 47 -48 -49 -50 51 52 53 54 55 -56 -57 -58 -59 -60 0
c Answer: 459
v 1 -2 -3 -4 5 6 7 -8 -9 -10 11 -12 -13 -14 15 16 -17 18 -19 -20 -21 22 23
v 24 -25 -26 -27 28 -29 -30 -31 -32 33 -34 -35 36 37 -38 39 40 41 42 43 -44
v 45 46 47 -48 -49 -50 51 52 -53 54 55 -56 -57 -58 -59 -60 0
c Answer: 460
v -1 -2 3 -4 -5 -6 7 -8 9 -10 -11 -12 13 14 15 16 -17 18 -19 -20 -21 22 23
v 24 -25 -26 -27 28 -29 -30 -31 -32 33 -34 -35 36 37 -38 39 40 41 42 43 -44
v -45 46 47 -48 -49 -50 51 52 53 54 55 -56 -57 -58 -59 -60 0
c Answer: 461
v 1 -2 -3 -4 5 6 7 -8 -9 -10 11 -12 -13 -14 15 16 -17 18 -19 -20 -21 22 23
v 24 -25 -26 -27 28 -29 -30 -31 32 33 -34 -35 36 37 -38 39 40 41 -42 43 -44
v 45 46 47 -48 -49 -50 51 52 -53 54 55 -56 -57 -58 -59 -60 0
c Answer: 462
v 1 -2 -3 -4 5 6 7 -8 -9 -10 11 -12 -13 -14 15 16 -17 18 -19 -20 -21 22 23
v 24 -25 -26 -27 28 -29 -30 -31 32 33 -34 -35 36 37 -38 39 40 41 42 43 -44
v 45 46 47 -48 -49 -50 51 52 -53 54 55 -56 -57 -58 -59 -60 0
c Answer: 463
v -1 -2 3 -4 -5 -6 7 -8 9 -10 -11 -12 13 14 15 16 -17 18 -19 -20 -21 22 23
v 24 -25 -26 -27 28 -29 -30 -31 32 33 -34 -35 36 37 -38 39 40 41 -42 43 -44
v -45 46 47 -48 -49 -50 51 52 53 54 55 -56 -57 -58 -59 -60 0
c Answer: 464
v -1 -2 3 -4 -5 -6 7 -8 9 -10 -11 -12 13 14 15 16 -17 18 -19 -20 -21 22 23
v 24 -25 -26 -27 28 -29 -30 -31 32 33 -34 -35 36 37 -38 39 40 41 42 43 -44
v -45 46 47 -48 -49 -50 51 52 53 54 55 -56 -57 -58 -59 -60 0
c Answer: 465
v 1 -2 -3 -4 5 6 7 -8 -9 -10 11 -12 -13 -14 15 16 -17 18 -19 -20 -21 22 23
v -24 -25 -26 -27 28 -29 -30 -31 -32 33 -34 -35 36 37 -38 39 40 41 -42 43
v 44 45 46 47 -48 -49 -50 51 52 -53 54 55 -56 -57 -58 -59 -60 0
c Answer: 466
v -1 -2 3 -4 -5 -6 7 -8 9 -10 -11 -12 13 14 15 16 -17 18 -19 -20 -21 22 23
v -24 -25 -26 -27 28 -29 -30 -31 -32 33 -34 -35 36 37 -38 39 40 41 -42 43
v 44 -45 46 47 -48 -49 -50 51 52 53 54 55 -56 -57 -58 -59 -60 0
c Answer: 467
v 1 -2 -3 -4 5 6 7 -8 -9 -10 11 -12 -13 -14 15 16 -17 18 -19 -20 -21 22 23
v 24 -25 -26 -27 28 -29 -30 -31 -32 33 -34 -35 36 37 -38 39 40 41 -42 43
v 44 45 46 47 -48 -49 -50 51 52 -53 54 55 -56 -57 -58 -59 -60 0
c Answer: 468
v -1 -2 3 -4 -5 -6 7 -8 9 -10 -11 -12 13 14 15 16 -17 18 -19 -20 -21 22 23
v 24 -25 -26 -27 28 -29 -30 -31 -32 33 -34 -35 36 37 -38 39 40 41 -42 43
v 44 -45 46 47 -48 -49 -50 51 52 53 54 55 -56 -57 -58 -59 -60 0
c Answer: 469
v 1 -2 -3 -4 5 6 7 -8 -9 -10 11 -12 -13 -14 15 16 -17 18 -19 -20 -21 22 23
v -24 -25 -26 -27 28 -29 -30 -31 32 33 -34 -35 36 37 -38 39 40 41 -42 43
v 44 45 46 47 -48 -49 -50 51 52 -53 54 55 -56 -57 -58 -59 -60 0
c Answer: 470
v 1 -2 -3 -4 5 6 7 -8 -9 -10 11 -12 -13 -14 15 16 -17 18 -19 -20 -21 22 23
v 24 -25 -26 -27 28 -29 -30 -31 32 33 -34 -35 36 37 -38 39 40 41 -42 43 44
v 45 46 47 -48 -49 -50 51 52 -53 54 55 -56 -57 -58 -59 -60 0
c Answer: 471
v -1 -2 3 -4 -5 -6 7 -8 9 -10 -11 -12 13 14 15 16 -17 18 -19 -20 -21 22 23
v -24 -25 -26 -27 28 -29 -30 -31 32 33 -34 -35 36 37 -38 39 40 41 -42 43
v 44 -45 46 47 -48 -49 -50 51 52 53 54 55 -56 -57 -58 -59 -60 0
c Answer: 472
v -1 -2 3 -4 -5 -6 7 -8 9 -10 -11 -12 13 14 15 16 -17 18 -19 -20 -21 22 23
v 24 -25 -26 -27 28 -29 -30 -31 32 33 -34 -35 36 37 -38 39 40 41 -42 43 44
v -45 46 47 -48 -49 -50 51 52 53 54 55 -56 -57 -58 -59 -60 0
c Answer: 473
v 1 -2 -3 -4 5 6 7 -8 -9 -10 11 -12 -13 -14 15 16 -17 18 -19 -20 -21 22 23
v -24 -25 -26 -27 28 -29 -30 -31 -32 33 -34 -35 36 37 -38 39 40 41 42 43
v 44 45 46 47 -48 -49 -50 51 52 -53 54 55 -56 -57 -58 -59 -60 0
c Answer: 474
v -1 -2 3 -4 -5 -6 7 -8 9 -10 -11 -12 13 14 15 16 -17 18 -19 -20 -21 22 23
v -24 -25 -26 -27 28 -29 -30 -31 -32 33 -34 -35 36 37 -38 39 40 41 42 43
v 44 -45 46 47 -48 -49 -50 51 52 53 54 55 -56 -57 -58 -59 -60 0
c Answer: 475
v 1 -2 -3 -4 5 6 7 -8 -9 -10 11 -12 -13 -14 15 16 -17 18 -19 -20 -21 22 23
v -24 -25 -26 -27 28 -29 -30 -31 32 33 -34 -35 36 37 -38 39 40 41 42 43 44
v 45 46 47 -48 -49 -50 51 52 -53 54 55 -56 -57 -58 -59 -60 0
c Answer: 476
v -1 -2 3 -4 -5 -6 7 -8 9 -10 -11 -12 13 14 15 16 -17 18 -19 -20 -21 22 23
v -24 -25 -26 -27 28 -29 -30 -31 32 33 -34 -35 36 37 -38 39 40 41 42 43 44
v -45 46 47 -48 -49 -50 51 52 53 54 55 -56 -57 -58 -59 -60 0
c Answer: 477
v 1 -2 -3 -4 5 6 7 -8 -9 -10 11 -12 -13 -14 15 16 -17 18 -19 -20 -21 22 23
v 24 -25 -26 -27 28 -29 -30 -31 -32 33 -34 -35 36 37 -38 39 40 41 42 43 44
v 45 46 47 -48 -49 -50 51 52 -53 54 55 -56 -57 -58 -59 -60 0
c Answer: 478
v 1 -2 -3 -4 5 6 7 -8 -9 -10 11 -12 -13 -14 15 16 -17 18 -19 -20 -21 22 23
v 24 -25 -26 -27 28 -29 -30 -31 32 33 -34 -35 36 37 -38 39 40 41 42 43 44
v 45 46 47 -48 -49 -50 51 52 -53 54 55 -56 -57 -58 -59 -60 0
c Answer: 479
v -1 -2 3 -4 -5 -6 7 -8 9 -10 -11 -12 13 14 15 16 -17 18 -19 -20 -21 22 23
v 24 -25 -26 -27 28 -29 -30 -31 -32 33 -34 -35 36 37 -38 39 40 41 42 43 44
v -45 46 47 -48 -49 -50 51 52 53 54 55 -56 -57 -58 -59 -60 0
c Answer: 480
v -1 -2 3 -4 -5 -6 7 -8 9 -10 -11 -12 13 14 15 16 -17 18 -19 -20 -21 22 23
v 24 -25 -26 -27 28 -29 -30 -31 32 33 -34 -35 36 37 -38 39 40 41 42 43 44
v -45 46 47 -48 -49 -50 51 52 53 54 55 -56 -57 -58 -59 -60 0
c Answer: 481
v 1 -2 -3 -4 5 6 7 -8 -9 -10 11 -12 -13 -14 15 16 -17 18 -19 -20 -21 22 23
v -24 -25 -26 -27 28 -29 -30 -31 -32 33 -34 -35 36 37 -38 39 40 41 -42 43
v -44 45 46 47 48 -49 -50 51 52 -53 54 55 -56 -57 -58 -59 -60 0
c Answer: 482
v -1 -2 3 -4 -5 -6 7 -8 9 -10 -11 -12 13 14 15 16 -17 18 -19 -20 -21 22 23
v -24 -25 -26 -27 28 -29 -30 -31 -32 33 -34 -35 36 37 -38 39 40 41 -42 43
v -44 -45 46 47 48 -49 -50 51 52 53 54 55 -56 -57 -58 -59 -60 0
c Answer: 483
v 1 -2 -3 -4 5 6 7 -8 -9 -10 11 -12 -13 -14 15 16 -17 18 -19 -20 -21 22 23
v -24 -25 -26 -27 28 -29 -30 -31 -32 33 -34 -35 36 37 -38 39 40 41 -42 43
v 44 45 46 47 48 -49 -50 51 52 -53 54 55 -56 -57 -58 -59 -60 0
c Answer: 484
v -1 -2 3 -4 -5 -6 7 -8 9 -10 -11 -12 13 14 15 16 -17 18 -19 -20 -21 22 23
v -24 -25 -26 -27 28 -29 -30 -31 -32 33 -34 -35 36 37 -38 39 40 41 -42 43
v 44 -45 46 47 48 -49 -50 51 52 53 54 55 -56 -57 -58 -59 -60 0
c Answer: 485
v 1 -2 -3 -4 5 6 7 -8 -9 -10 11 -12 -13 -14 15 16 -17 18 -19 -20 -21 22 23
v -24 -25 -26 -27 28 -29 -30 -31 -32 33 -34 -35 36 37 -38 39 40 41 42 43
v -44 45 46 47 48 -49 -50 51 52 -53 54 55 -56 -57 -58 -59 -60 0
c Answer: 486
v 1 -2 -3 -4 5 6 7 -8 -9 -10 11 -12 -13 -14 15 16 -17 18 -19 -20 -21 22 23
v -24 -25 -26 -27 28 -29 -30 -31 -32 33 -34 -35 36 37 -38 39 40 41 42 43
v 44 45 46 47 48 -49 -50 51 52 -53 54 55 -56 -57 -58 -59 -60 0
c Answer: 487
v -1 -2 3 -4 -5 -6 7 -8 9 -10 -11 -12 13 14 15 16 -17 18 -19 -20 -21 22 23
v -24 -25 -26 -27 28 -29 -30 -31 -32 33 -34 -35 36 37 -38 39 40 41 42 43
v -44 -45 46 47 48 -49 -50 51 52 53 54 55 -56 -57 -58 -59 -60 0
c Answer: 488
v -1 -2 3 -4 -5 -6 7 -8 9 -10 -11 -12 13 14 15 16 -17 18 -19 -20 -21 22 23
v -24 -25 -26 -27 28 -29 -30 -31 -32 33 -34 -35 36 37 -38 39 40 41 42 43
v 44 -45 46 47 48 -49 -50 51 52 53 54 55 -56 -57 -58 -59 -60 0
c Answer: 489
v 1 -2 -3 -4 5 6 7 -8 -9 -10 11 -12 -13 -14 15 16 -17 18 -19 -20 -21 22 23
v 24 -25 -26 -27 28 -29 -30 -31 -32 33 -34 -35 36 37 -38 39 40 41 -42 43
v -44 45 46 47 48 -49 -50 51 52 -53 54 55 -56 -57 -58 -59 -60 0
c Answer: 490
v -1 -2 3 -4 -5 -6 7 -8 9 -10 -11 -12 13 14 15 16 -17 18 -19 -20 -21 22 23
v 24 -25 -26 -27 28 -29 -30 -31 -32 33 -34 -35 36 37 -38 39 40 41 -42 43
v -44 -45 46 47 48 -49 -50 51 52 53 54 55 -56 -57 -58 -59 -60 0
c Answer: 491
v 1 -2 -3 -4 5 6 7 -8 -9 -10 11 -12 -13 -14 15 16 -17 18 -19 -20 -21 22 23
v 24 -25 -26 -27 28 -29 -30 -31 -32 33 -34 -35 36 37 -38 39 40 41 42 43 -44
v 45 46 47 48 -49 -50 51 52 -53 54 55 -56 -57 -58 -59 -60 0
c Answer: 492
v -1 -2 3 -4 -5 -6 7 -8 9 -10 -11 -12 13 14 15 16 -17 18 -19 -20 -21 22 23
v 24 -25 -26 -27 28 -29 -30 -31 -32 33 -34 -35 36 37 -38 39 40 41 42 43 -44
v -45 46 47 48 -49 -50 51 52 53 54 55 -56 -57 -58 -59 -60 0
c Answer: 493
v 1 -2 -3 -4 5 6 7 -8 -9 -10 11 -12 -13 -14 15 16 -17 18 -19 -20 -21 22 23
v 24 -25 -26 -27 28 -29 -30 -31 -32 33 -34 -35 36 37 -38 39 40 41 -42 43
v 44 45 46 47 48 -49 -50 51 52 -53 54 55 -56 -57 -58 -59 -60 0
c Answer: 494
v 1 -2 -3 -4 5 6 7 -8 -9 -10 11 -12 -13 -14 15 16 -17 18 -19 -20 -21 22 23
v 24 -25 -26 -27 28 -29 -30 -31 -32 33 -34 -35 36 37 -38 39 40 41 42 43 44
v 45 46 47 48 -49 -50 51 52 -53 54 55 -56 -57 -58 -59 -60 0
c Answer: 495
v -1 -2 3 -4 -5 -6 7 -8 9 -10 -11 -12 13 14 15 16 -17 18 -19 -20 -21 22 23
v 24 -25 -26 -27 28 -29 -30 -31 -32 33 -34 -35 36 37 -38 39 40 41 -42 43
v 44 -45 46 47 48 -49 -50 51 52 53 54 55 -56 -57 -58 -59 -60 0
c Answer: 496
v -1 -2 3 -4 -5 -6 7 -8 9 -10 -11 -12 13 14 15 16 -17 18 -19 -20 -21 22 23
v 24 -25 -26 -27 28 -29 -30 -31 -32 33 -34 -35 36 37 -38 39 40 41 42 43 44
v -45 46 47 48 -49 -50 51 52 53 54 55 -56 -57 -58 -59 -60 0
c Answer: 497
v 1 -2 -3 -4 5 6 7 -8 -9 -10 11 -12 -13 -14 15 16 -17 18 -19 -20 -21 22 23
v -24 -25 -26 -27 28 -29 -30 -31 32 33 -34 -35 36 37 -38 39 40 41 -42 43
v -44 45 46 47 48 -49 -50 51 52 -53 54 55 -56 -57 -58 -59 -60 0
c Answer: 498
v -1 -2 3 -4 -5 -6 7 -8 9 -10 -11 -12 13 14 15 16 -17 18 -19 -20 -21 22 23
v -24 -25 -26 -27 28 -29 -30 -31 32 33 -34 -35 36 37 -38 39 40 41 -42 43
v -44 -45 46 47 48 -49 -50 51 52 53 54 55 -56 -57 -58 -59 -60 0
c Answer: 499
v 1 -2 -3 -4 5 6 7 -8 -9 -10 11 -12 -13 -14 15 16 -17 18 -19 -20 -21 22 23
v 24 -25 -26 -27 28 -29 -30 -31 32 33 -34 -35 36 37 -38 39 40 41 -42 43 -44
v 45 46 47 48 -49 -50 51 52 -53 54 55 -56 -57 -58 -59 -60 0
c Answer: 500
v -1 -2 3 -4 -5 -6 7 -8 9 -10 -11 -12 13 14 15 16 -17 18 -19 -20 -21 22 23
v 24 -25 -26 -27 28 -29 -30 -31 32 33 -34 -35 36 37 -38 39 40 41 -42 43 -44
v -45 46 47 48 -49 -50 51 52 53 54 55 -56 -57 -58 -59 -60 0
c Answer: 501
v 1 -2 -3 -4 5 6 7 -8 -9 -10 11 -12 -13 -14 15 16 -17 18 -19 -20 -21 22 23
v -24 -25 -26 -27 28 -29 -30 -31 32 33 -34 -35 36 37 -38 39 40 41 -42 43
v 44 45 46 47 48 -49 -50 51 52 -53 54 55 -56 -57 -58 -59 -60 0
c Answer: 502
v 1 -2 -3 -4 5 6 7 -8 -9 -10 11 -12 -13 -14 15 16 -17 18 -19 -20 -21 22 23
v 24 -25 -26 -27 28 -29 -30 -31 32 33 -34 -35 36 37 -38 39 40 41 -42 43 44
v 45 46 47 48 -49 -50 51 52 -53 54 55 -56 -57 -58 -59 -60 0
c Answer: 503
v -1 -2 3 -4 -5 -6 7 -8 9 -10 -11 -12 13 14 15 16 -17 18 -19 -20 -21 22 23
v -24 -25 -26 -27 28 -29 -30 -31 32 33 -34 -35 36 37 -38 39 40 41 -42 43
v 44 -45 46 47 48 -49 -50 51 52 53 54 55 -56 -57 -58 -59 -60 0
c Answer: 504
v -1 -2 3 -4 -5 -6 7 -8 9 -10 -11 -12 13 14 15 16 -17 18 -19 -20 -21 22 23
v 24 -25 -26 -27 28 -29 -30 -31 32 33 -34 -35 36 37 -38 39 40 41 -42 43 44
v -45 46 47 48 -49 -50 51 52 53 54 55 -56 -57 -58 -59 -60 0
c Answer: 505
v 1 -2 -3 -4 5 6 7 -8 -9 -10 11 -12 -13 -14 15 16 -17 18 -19 -20 -21 22 23
v -24 -25 -26 -27 28 -29 -30 -31 32 33 -34 -35 36 37 -38 39 40 41 42 43 -44
v 45 46 47 48 -49 -50 51 52 -53 54 55 -56 -57 -58 -59 -60 0
c Answer: 506
v -1 -2 3 -4 -5 -6 7 -8 9 -10 -11 -12 13 14 15 16 -17 18 -19 -20 -21 22 23
v -24 -25 -26 -27 28 -29 -30 -31 32 33 -34 -35 36 37 -38 39 40 41 42 43 -44
v -45 46 47 48 -49 -50 51 52 53 54 55 -56 -57 -58 -59 -60 0
c Answer: 507
v 1 -2 -3 -4 5 6 7 -8 -9 -10 11 -12 -13 -14 15 16 -17 18 -19 -20 -21 22 23
v -24 -25 -26 -27 28 -29 -30 -31 32 33 -34 -35 36 37 -38 39 40 41 42 43 44
v 45 46 47 48 -49 -50 51 52 -53 54 55 -56 -57 -58 -59 -60 0
c Answer: 508
v -1 -2 3 -4 -5 -6 7 -8 9 -10 -11 -12 13 14 15 16 -17 18 -19 -20 -21 22 23
v -24 -25 -26 -27 28 -29 -30 -31 32 33 -34 -35 36 37 -38 39 40 41 42 43 44
v -45 46 47 48 -49 -50 51 52 53 54 55 -56 -57 -58 -59 -60 0
c Answer: 509
v 1 -2 -3 -4 5 6 7 -8 -9 -10 11 -12 -13 -14 15 16 -17 18 -19 -20 -21 22 23
v 24 -25 -26 -27 28 -29 -30 -31 32 33 -34 -35 36 37 -38 39 40 41 42 43 -44
v 45 46 47 48 -49 -50 51 52 -53 54 55 -56 -57 -58 -59 -60 0
c Answer: 510
v 1 -2 -3 -4 5 6 7 -8 -9 -10 11 -12 -13 -14 15 16 -17 18 -19 -20 -21 22 23
v 24 -25 -26 -27 28 -29 -30 -31 32 33 -34 -35 36 37 -38 39 40 41 42 43 44
v 45 46 47 48 -49 -50 51 52 -53 54 55 -56 -57 -58 -59 -60 0
c Answer: 511
v -1 -2 3 -4 -5 -6 7 -8 9 -10 -11 -12 13 14 15 16 -17 18 -19 -20 -21 22 23
v 24 -25 -26 -27 28 -29 -30 -31 32 33 -34 -35 36 37 -38 39 40 41 42 43 -44
v -45 46 47 48 -49 -50 51 52 53 54 55 -56 -57 -58 -59 -60 0
c Answer: 512
v -1 -2 3 -4 -5 -6 7 -8 9 -10 -11 -12 13 14 15 16 -17 18 -19 -20 -21 22 23
v 24 -25 -26 -27 28 -29 -30 -31 32 33 -34 -35 36 37 -38 39 40 41 42 43 44
v -45 46 47 48 -49 -50 51 52 53 54 55 -56 -57 -58 -59 -60 0
c Answer: 513
v 1 -2 -3 -4 5 6 7 -8 -9 -10 11 -12 -13 -14 15 -16 -17 18 -19 -20 -21 22
v 23 -24 -25 -26 -27 28 -29 -30 -31 -32 33 -34 -35 36 37 -38 39 40 41 -42
v -43 -44 45 46 47 -48 -49 -50 51 -52 -53 54 55 56 -57 -58 -59 -60 0
c Answer: 514
v -1 -2 3 -4 -5 -6 7 -8 9 -10 -11 -12 13 14 15 -16 -17 18 -19 -20 -21 22
v 23 -24 -25 -26 -27 28 -29 -30 -31 -32 33 -34 -35 36 37 -38 39 40 41 -42
v -43 -44 -45 46 47 -48 -49 -50 51 -52 53 54 55 56 -57 -58 -59 -60 0
c Answer: 515
v 1 -2 -3 -4 5 6 7 -8 -9 -10 11 -12 -13 -14 15 -16 -17 18 -19 -20 -21 22
v 23 -24 -25 -26 -27 28 -29 -30 -31 -32 33 -34 -35 36 37 -38 39 40 41 -42
v -43 -44 45 46 47 -48 -49 -50 51 52 -53 54 55 56 -57 -58 -59 -60 0
c Answer: 516
v -1 -2 3 -4 -5 -6 7 -8 9 -10 -11 -12 13 14 15 -16 -17 18 -19 -20 -21 22
v 23 -24 -25 -26 -27 28 -29 -30 -31 -32 33 -34 -35 36 37 -38 39 40 41 -42
v -43 -44 -45 46 47 -48 -49 -50 51 52 53 54 55 56 -57 -58 -59 -60 0
c Answer: 517
v 1 -2 -3 -4 5 6 7 -8 -9 -10 11 -12 -13 -14 15 -16 -17 18 -19 -20 -21 22
v 23 -24 -25 -26 -27 28 -29 -30 -31 -32 33 -34 -35 36 37 -38 39 40 41 -42
v 43 -44 45 46 47 -48 -49 -50 51 -52 -53 54 55 56 -57 -58 -59 -60 0
c Answer: 518
v 1 -2 -3 -4 5 6 7 -8 -9 -10 11 -12 -13 -14 15 -16 -17 18 -19 -20 -21 22
v 23 -24 -25 -26 -27 28 -29 -30 -31 -32 33 -34 -35 36 37 -38 39 40 41 -42
v 43 -44 45 46 47 -48 -49 -50 51 52 -53 54 55 56 -57 -58 -59 -60 0
c Answer: 519
v -1 -2 3 -4 -5 -6 7 -8 9 -10 -11 -12 13 14 15 -16 -17 18 -19 -20 -21 22
v 23 -24 -25 -26 -27 28 -29 -30 -31 -32 33 -34 -35 36 37 -38 39 40 41 -42
v 43 -44 -45 46 47 -48 -49 -50 51 -52 53 54 55 56 -57 -58 -59 -60 0
c Answer: 520
v -1 -2 3 -4 -5 -6 7 -8 9 -10 -11 -12 13 14 15 -16 -17 18 -19 -20 -21 22
v 23 -24 -25 -26 -27 28 -29 -30 -31 -32 33 -34 -35 36 37 -38 39 40 41 -42
v 43 -44 -45 46 47 -48 -49 -50 51 52 53 54 55 56 -57 -58 -59 -60 0
c Answer: 521
v 1 -2 -3 -4 5 6 7 -8 -9 -10 11 -12 -13 -14 15 16 -17 18 -19 -20 -21 22 23
v -24 -25 -26 -27 28 -29 -30 -31 -32 33 -34 -35 36 37 -38 39 40 41 -42 -43
v -44 45 46 47 -48 -49 -50 51 -52 -53 54 55 56 -57 -58 -59 -60 0
c Answer: 522
v -1 -2 3 -4 -5 -6 7 -8 9 -10 -11 -12 13 14 15 16 -17 18 -19 -20 -21 22 23
v -24 -25 -26 -27 28 -29 -30 -31 -32 33 -34 -35 36 37 -38 39 40 41 -42 -43
v -44 -45 46 47 -48 -49 -50 51 -52 53 54 55 56 -57 -58 -59 -60 0
c Answer: 523
v 1 -2 -3 -4 5 6 7 -8 -9 -10 11 -12 -13 -14 15 16 -17 18 -19 -20 -21 22 23
v -24 -25 -26 -27 28 -29 -30 -31 -32 33 -34 -35 36 37 -38 39 40 41 -42 43
v -44 45 46 47 -48 -49 -50 51 -52 -53 54 55 56 -57 -58 -59 -60 0
c Answer: 524
v -1 -2 3 -4 -5 -6 7 -8 9 -10 -11 -12 13 14 15 16 -17 18 -19 -20 -21 22 23
v -24 -25 -26 -27 28 -29 -30 -31 -32 33 -34 -35 36 37 -38 39 40 41 -42 43
v -44 -45 46 47 -48 -49 -50 51 -52 53 54 55 56 -57 -58 -59 -60 0
c Answer: 525
v 1 -2 -3 -4 5 6 7 -8 -9 -10 11 -12 -13 -14 15 16 -17 18 -19 -20 -21 22 23
v -24 -25 -26 -27 28 -29 -30 -31 -32 33 -34 -35 36 37 -38 39 40 41 -42 -43
v -44 45 46 47 -48 -49 -50 51 52 -53 54 55 56 -57 -58 -59 -60 0
c Answer: 526
v 1 -2 -3 -4 5 6 7 -8 -9 -10 11 -12 -13 -14 15 16 -17 18 -19 -20 -21 22 23
v -24 -25 -26 -27 28 -29 -30 -31 -32 33 -34 -35 36 37 -38 39 40 41 -42 43
v -44 45 46 47 -48 -49 -50 51 52 -53 54 55 56 -57 -58 -59 -60 0
c Answer: 527
v -1 -2 3 -4 -5 -6 7 -8 9 -10 -11 -12 13 14 15 16 -17 18 -19 -20 -21 22 23
v -24 -25 -26 -27 28 -29 -30 -31 -32 33 -34 -35 36 37 -38 39 40 41 -42 -43
v -44 -45 46 47 -48 -49 -50 51 52 53 54 55 56 -57 -58 -59 -60 0
c Answer: 528
v -1 -2 3 -4 -5 -6 7 -8 9 -10 -11 -12 13 14 15 16 -17 18 -19 -20 -21 22 23
v -24 -25 -26 -27 28 -29 -30 -31 -32 33 -34 -35 36 37 -38 39 40 41 -42 43
v -44 -45 46 47 -48 -49 -50 51 52 53 54 55 56 -57 -58 -59 -60 0
c Answer: 529
v 1 -2 -3 -4 5 6 7 -8 -9 -10 11 -12 -13 -14 15 -16 -17 18 -19 -20 -21 22
v 23 -24 -25 -26 -27 28 -29 -30 -31 -32 33 -34 -35 36 37 -38 39 40 41 -42
v -43 -44 45 46 47 48 -49 -50 51 -52 -53 54 55 56 -57 -58 -59 -60 0
c Answer: 530
v -1 -2 3 -4 -5 -6 7 -8 9 -10 -11 -12 13 14 15 -16 -17 18 -19 -20 -21 22
v 23 -24 -25 -26 -27 28 -29 -30 -31 -32 33 -34 -35 36 37 -38 39 40 41 -42
v -43 -44 -45 46 47 48 -49 -50 51 -52 53 54 55 56 -57 -58 -59 -60 0
c Answer: 531
v 1 -2 -3 -4 5 6 7 -8 -9 -10 11 -12 -13 -14 15 16 -17 18 -19 -20 -21 22 23
v -24 -25 -26 -27 28 -29 -30 -31 -32 33 -34 -35 36 37 -38 39 40 41 -42 -43
v -44 45 46 47 48 -49 -50 51 -52 -53 54 55 56 -57 -58 -59 -60 0
c Answer: 532
v -1 -2 3 -4 -5 -6 7 -8 9 -10 -11 -12 13 14 15 16 -17 18 -19 -20 -21 22 23
v -24 -25 -26 -27 28 -29 -30 -31 -32 33 -34 -35 36 37 -38 39 40 41 -42 -43
v -44 -45 46 47 48 -49 -50 51 -52 53 54 55 56 -57 -58 -59 -60 0
c Answer: 533
v 1 -2 -3 -4 5 6 7 -8 -9 -10 11 -12 -13 -14 15 -16 -17 18 -19 -20 -21 22
v 23 -24 -25 -26 -27 28 -29 -30 -31 -32 33 -34 -35 36 37 -38 39 40 41 -42
v -43 -44 45 46 47 48 -49 -50 51 52 -53 54 55 56 -57 -58 -59 -60 0
c Answer: 534
v 1 -2 -3 -4 5 6 7 -8 -9 -10 11 -12 -13 -14 15 16 -17 18 -19 -20 -21 22 23
v -24 -25 -26 -27 28 -29 -30 -31 -32 33 -34 -35 36 37 -38 39 40 41 -42 -43
v -44 45 46 47 48 -49 -50 51 52 -53 54 55 56 -57 -58 -59 -60 0
c Answer: 535
v -1 -2 3 -4 -5 -6 7 -8 9 -10 -11 -12 13 14 15 -16 -17 18 -19 -20 -21 22
v 23 -24 -25 -26 -27 28 -29 -30 -31 -32 33 -34 -35 36 37 -38 39 40 41 -42
v -43 -44 -45 46 47 48 -49 -50 51 52 53 54 55 56 -57 -58 -59 -60 0
c Answer: 536
v -1 -2 3 -4 -5 -6 7 -8 9 -10 -11 -12 13 14 15 16 -17 18 -19 -20 -21 22 23
v -24 -25 -26 -27 28 -29 -30 -31 -32 33 -34 -35 36 37 -38 39 40 41 -42 -43
v -44 -45 46 47 48 -49 -50 51 52 53 54 55 56 -57 -58 -59 -60 0
c Answer: 537
v 1 -2 -3 -4 5 6 7 -8 -9 -10 11 -12 -13 -14 15 -16 -17 18 -19 -20 -21 22
v 23 -24 -25 -26 -27 28 -29 -30 -31 -32 33 -34 -35 36 37 -38 39 40 41 -42
v 43 -44 45 46 47 48 -49 -50 51 -52 -53 54 55 56 -57 -58 -59 -60 0
c Answer: 538
v -1 -2 3 -4 -5 -6 7 -8 9 -10 -11 -12 13 14 15 -16 -17 18 -19 -20 -21 22
v 23 -24 -25 -26 -27 28 -29 -30 -31 -32 33 -34 -35 36 37 -38 39 40 41 -42
v 43 -44 -45 46 47 48 -49 -50 51 -52 53 54 55 56 -57 -58 -59 -60 0
c Answer: 539
v 1 -2 -3 -4 5 6 7 -8 -9 -10 11 -12 -13 -14 15 -16 -17 18 -19 -20 -21 22
v 23 -24 -25 -26 -27 28 -29 -30 -31 -32 33 -34 -35 36 37 -38 39 40 41 -42
v 43 -44 45 46 47 48 -49 -50 51 52 -53 54 55 56 -57 -58 -59 -60 0
c Answer: 540
v -1 -2 3 -4 -5 -6 7 -8 9 -10 -11 -12 13 14 15 -16 -17 18 -19 -20 -21 22
v 23 -24 -25 -26 -27 28 -29 -30 -31 -32 33 -34 -35 36 37 -38 39 40 41 -42
v 43 -44 -45 46 47 48 -49 -50 51 52 53 54 55 56 -57 -58 -59 -60 0
c Answer: 541
v 1 -2 -3 -4 5 6 7 -8 -9 -10 11 -12 -13 -14 15 16 -17 18 -19 -20 -21 22 23
v -24 -25 -26 -27 28 -29 -30 -31 -32 33 -34 -35 36 37 -38 39 40 41 -42 43
v -44 45 46 47 48 -49 -50 51 -52 -53 54 55 56 -57 -58 -59 -60 0
c Answer: 542
v 1 -2 -3 -4 5 6 7 -8 -9 -10 11 -12 -13 -14 15 16 -17 18 -19 -20 -21 22 23
v -24 -25 -26 -27 28 -29 -30 -31 -32 33 -34 -35 36 37 -38 39 40 41 -42 43
v -44 45 46 47 48 -49 -50 51 52 -53 54 55 56 -57 -58 -59 -60 0
c Answer: 543
v -1 -2 3 -4 -5 -6 7 -8 9 -10 -11 -12 13 14 15 16 -17 18 -19 -20 -21 22 23
v -24 -25 -26 -27 28 -29 -30 -31 -32 33 -34 -35 36 37 -38 39 40 41 -42 43
v -44 -45 46 47 48 -49 -50 51 -52 53 54 55 56 -57 -58 -59 -60 0
c Answer: 544
v -1 -2 3 -4 -5 -6 7 -8 9 -10 -11 -12 13 14 15 16 -17 18 -19 -20 -21 22 23
v -24 -25 -26 -27 28 -29 -30 -31 -32 33 -34 -35 36 37 -38 39 40 41 -42 43
v -44 -45 46 47 48 -49 -50 51 52 53 54 55 56 -57 -58 -59 -60 0
c Answer: 545
v 1 -2 -3 -4 5 6 7 -8 -9 -10 11 -12 -13 -14 15 -16 -17 18 -19 -20 -21 22
v 23 -24 -25 -26 -27 28 -29 -30 -31 32 33 -34 -35 36 37 -38 39 40 41 -42
v -43 -44 45 46 47 -48 -49 -50 51 -52 -53 54 55 56 -57 -58 -59 -60 0
c Answer: 546
v -1 -2 3 -4 -5 -6 7 -8 9 -10 -11 -12 13 14 15 -16 -17 18 -19 -20 -21 22
v 23 -24 -25 -26 -27 28 -29 -30 -31 32 33 -34 -35 36 37 -38 39 40 41 -42
v -43 -44 -45 46 47 -48 -49 -50 51 -52 53 54 55 56 -57 -58 -59 -60 0
c Answer: 547
v 1 -2 -3 -4 5 6 7 -8 -9 -10 11 -12 -13 -14 15 -16 -17 18 -19 -20 -21 22
v 23 -24 -25 -26 -27 28 -29 -30 -31 32 33 -34 -35 36 37 -38 39 40 41 -42
v -43 -44 45 46 47 48 -49 -50 51 -52 -53 54 55 56 -57 -58 -59 -60 0
c Answer: 548
v -1 -2 3 -4 -5 -6 7 -8 9 -10 -11 -12 13 14 15 -16 -17 18 -19 -20 -21 22
v 23 -24 -25 -26 -27 28 -29 -30 -31 32 33 -34 -35 36 37 -38 39 40 41 -42
v -43 -44 -45 46 47 48 -49 -50 51 -52 53 54 55 56 -57 -58 -59 -60 0
c Answer: 549
v 1 -2 -3 -4 5 6 7 -8 -9 -10 11 -12 -13 -14 15 -16 -17 18 -19 -20 -21 22
v 23 -24 -25 -26 -27 28 -29 -30 -31 32 33 -34 -35 36 37 -38 39 40 41 -42
v 43 -44 45 46 47 -48 -49 -50 51 -52 -53 54 55 56 -57 -58 -59 -60 0
c Answer: 550
v 1 -2 -3 -4 5 6 7 -8 -9 -10 11 -12 -13 -14 15 -16 -17 18 -19 -20 -21 22
v 23 -24 -25 -26 -27 28 -29 -30 -31 32 33 -34 -35 36 37 -38 39 40 41 -42
v 43 -44 45 46 47 48 -49 -50 51 -52 -53 54 55 56 -57 -58 -59 -60 0
c Answer: 551
v -1 -2 3 -4 -5 -6 7 -8 9 -10 -11 -12 13 14 15 -16 -17 18 -19 -20 -21 22
v 23 -24 -25 -26 -27 28 -29 -30 -31 32 33 -34 -35 36 37 -38 39 40 41 -42
v 43 -44 -45 46 47 -48 -49 -50 51 -52 53 54 55 56 -57 -58 -59 -60 0
c Answer: 552
v -1 -2 3 -4 -5 -6 7 -8 9 -10 -11 -12 13 14 15 -16 -17 18 -19 -20 -21 22
v 23 -24 -25 -26 -27 28 -29 -30 -31 32 33 -34 -35 36 37 -38 39 40 41 -42
v 43 -44 -45 46 47 48 -49 -50 51 -52 53 54 55 56 -57 -58 -59 -60 0
c Answer: 553
v 1 -2 -3 -4 5 6 7 -8 -9 -10 11 -12 -13 -14 15 16 -17 18 -19 -20 -21 22 23
v -24 -25 -26 -27 28 -29 -30 -31 32 33 -34 -35 36 37 -38 39 40 41 -42 -43
v -44 45 46 47 -48 -49 -50 51 -52 -53 54 55 56 -57 -58 -59 -60 0
c Answer: 554
v -1 -2 3 -4 -5 -6 7 -8 9 -10 -11 -12 13 14 15 16 -17 18 -19 -20 -21 22 23
v -24 -25 -26 -27 28 -29 -30 -31 32 33 -34 -35 36 37 -38 39 40 41 -42 -43
v -44 -45 46 47 -48 -49 -50 51 -52 53 54 55 56 -57 -58 -59 -60 0
c Answer: 555
v 1 -2 -3 -4 5 6 7 -8 -9 -10 11 -12 -13 -14 15 16 -17 18 -19 -20 -21 22 23
v -24 -25 -26 -27 28 -29 -30 -31 32 33 -34 -35 36 37 -38 39 40 41 -42 43
v -44 45 46 47 -48 -49 -50 51 -52 -53 54 55 56 -57 -58 -59 -60 0
c Answer: 556
v -1 -2 3 -4 -5 -6 7 -8 9 -10 -11 -12 13 14 15 16 -17 18 -19 -20 -21 22 23
v -24 -25 -26 -27 28 -29 -30 -31 32 33 -34 -35 36 37 -38 39 40 41 -42 43
v -44 -45 46 47 -48 -49 -50 51 -52 53 54 55 56 -57 -58 -59 -60 0
c Answer: 557
v 1 -2 -3 -4 5 6 7 -8 -9 -10 11 -12 -13 -14 15 16 -17 18 -19 -20 -21 22 23
v -24 -25 -26 -27 28 -29 -30 -31 32 33 -34 -35 36 37 -38 39 40 41 -42 -43
v -44 45 46 47 48 -49 -50 51 -52 -53 54 55 56 -57 -58 -59 -60 0
c Answer: 558
v 1 -2 -3 -4 5 6 7 -8 -9 -10 11 -12 -13 -14 15 16 -17 18 -19 -20 -21 22 23
v -24 -25 -26 -27 28 -29 -30 -31 32 33 -34 -35 36 37 -38 39 40 41 -42 43
v -44 45 46 47 48 -49 -50 51 -52 -53 54 55 56 -57 -58 -59 -60 0
c Answer: 559
v -1 -2 3 -4 -5 -6 7 -8 9 -10 -11 -12 13 14 15 16 -17 18 -19 -20 -21 22 23
v -24 -25 -26 -27 28 -29 -30 -31 32 33 -34 -35 36 37 -38 39 40 41 -42 -43
v -44 -45 46 47 48 -49 -50 51 -52 53 54 55 56 -57 -58 -59 -60 0
c Answer: 560
v -1 -2 3 -4 -5 -6 7 -8 9 -10 -11 -12 13 14 15 16 -17 18 -19 -20 -21 22 23
v -24 -25 -26 -27 28 -29 -30 -31 32 33 -34 -35 36 37 -38 39 40 41 -42 43
v -44 -45 46 47 48 -49 -50 51 -52 53 54 55 56 -57 -58 -59 -60 0
c Answer: 561
v 1 -2 -3 -4 5 6 7 -8 -9 -10 11 -12 -13 -14 15 -16 -17 18 -19 -20 -21 22
v 23 -24 -25 -26 -27 28 -29 -30 -31 32 33 -34 -35 36 37 -38 39 40 41 -42
v -43 -44 45 46 47 -48 -49 -50 51 52 -53 54 55 56 -57 -58 -59 -60 0
c Answer: 562
v -1 -2 3 -4 -5 -6 7 -8 9 -10 -11 -12 13 14 15 -16 -17 18 -19 -20 -21 22
v 23 -24 -25 -26 -27 28 -29 -30 -31 32 33 -34 -35 36 37 -38 39 40 41 -42
v -43 -44 -45 46 47 -48 -49 -50 51 52 53 54 55 56 -57 -58 -59 -60 0
c Answer: 563
v 1 -2 -3 -4 5 6 7 -8 -9 -10 11 -12 -13 -14 15 16 -17 18 -19 -20 -21 22 23
v -24 -25 -26 -27 28 -29 -30 -31 32 33 -34 -35 36 37 -38 39 40 41 -42 -43
v -44 45 46 47 -48 -49 -50 51 52 -53 54 55 56 -57 -58 -59 -60 0
c Answer: 564
v -1 -2 3 -4 -5 -6 7 -8 9 -10 -11 -12 13 14 15 16 -17 18 -19 -20 -21 22 23
v -24 -25 -26 -27 28 -29 -30 -31 32 33 -34 -35 36 37 -38 39 40 41 -42 -43
v -44 -45 46 47 -48 -49 -50 51 52 53 54 55 56 -57 -58 -59 -60 0
c Answer: 565
v 1 -2 -3 -4 5 6 7 -8 -9 -10 11 -12 -13 -14 15 -16 -17 18 -19 -20 -21 22
v 23 -24 -25 -26 -27 28 -29 -30 -31 32 33 -34 -35 36 37 -38 39 40 41 -42
v -43 -44 45 46 47 48 -49 -50 51 52 -53 54 55 56 -57 -58 -59 -60 0
c Answer: 566
v 1 -2 -3 -4 5 6 7 -8 -9 -10 11 -12 -13 -14 15 16 -17 18 -19 -20 -21 22 23
v -24 -25 -26 -27 28 -29 -30 -31 32 33 -34 -35 36 37 -38 39 40 41 -42 -43
v -44 45 46 47 48 -49 -50 51 52 -53 54 55 56 -57 -58 -59 -60 0
c Answer: 567
v -1 -2 3 -4 -5 -6 7 -8 9 -10 -11 -12 13 14 15 -16 -17 18 -19 -20 -21 22
v 23 -24 -25 -26 -27 28 -29 -30 -31 32 33 -34 -35 36 37 -38 39 40 41 -42
v -43 -44 -45 46 47 48 -49 -50 51 52 53 54 55 56 -57 -58 -59 -60 0
c Answer: 568
v -1 -2 3 -4 -5 -6 7 -8 9 -10 -11 -12 13 14 15 16 -17 18 -19 -20 -21 22 23
v -24 -25 -26 -27 28 -29 -30 -31 32 33 -34 -35 36 37 -38 39 40 41 -42 -43
v -44 -45 46 47 48 -49 -50 51 52 53 54 55 56 -57 -58 -59 -60 0
c Answer: 569
v 1 -2 -3 -4 5 6 7 -8 -9 -10 11 -12 -13 -14 15 -16 -17 18 -19 -20 -21 22
v 23 -24 -25 -26 -27 28 -29 -30 -31 32 33 -34 -35 36 37 -38 39 40 41 -42
v 43 -44 45 46 47 -48 -49 -50 51 52 -53 54 55 56 -57 -58 -59 -60 0
c Answer: 570
v -1 -2 3 -4 -5 -6 7 -8 9 -10 -11 -12 13 14 15 -16 -17 18 -19 -20 -21 22
v 23 -24 -25 -26 -27 28 -29 -30 -31 32 33 -34 -35 36 37 -38 39 40 41 -42
v 43 -44 -45 46 47 -48 -49 -50 51 52 53 54 55 56 -57 -58 -59 -60 0
c Answer: 571
v 1 -2 -3 -4 5 6 7 -8 -9 -10 11 -12 -13 -14 15 -16 -17 18 -19 -20 -21 22
v 23 -24 -25 -26 -27 28 -29 -30 -31 32 33 -34 -35 36 37 -38 39 40 41 -42
v 43 -44 45 46 47 48 -49 -50 51 52 -53 54 55 56 -57 -58 -59 -60 0
c Answer: 572
v -1 -2 3 -4 -5 -6 7 -8 9 -10 -11 -12 13 14 15 -16 -17 18 -19 -20 -21 22
v 23 -24 -25 -26 -27 28 -29 -30 -31 32 33 -34 -35 36 37 -38 39 40 41 -42
v 43 -44 -45 46 47 48 -49 -50 51 52 53 54 55 56 -57 -58 -59 -60 0
c Answer: 573
v 1 -2 -3 -4 5 6 7 -8 -9 -10 11 -12 -13 -14 15 16 -17 18 -19 -20 -21 22 23
v -24 -25 -26 -27 28 -29 -30 -31 32 33 -34 -35 36 37 -38 39 40 41 -42 43
v -44 45 46 47 -48 -49 -50 51 52 -53 54 55 56 -57 -58 -59 -60 0
c Answer: 574
v 1 -2 -3 -4 5 6 7 -8 -9 -10 11 -12 -13 -14 15 16 -17 18 -19 -20 -21 22 23
v -24 -25 -26 -27 28 -29 -30 -31 32 33 -34 -35 36 37 -38 39 40 41 -42 43
v -44 45 46 47 48 -49 -50 51 52 -53 54 55 56 -57 -58 -59 -60 0
c Answer: 575
v -1 -2 3 -4 -5 -6 7 -8 9 -10 -11 -12 13 14 15 16 -17 18 -19 -20 -21 22 23
v -24 -25 -26 -27 28 -29 -30 -31 32 33 -34 -35 36 37 -38 39 40 41 -42 43
v -44 -45 46 47 -48 -49 -50 51 52 53 54 55 56 -57 -58 -59 -60 0
c Answer: 576
v -1 -2 3 -4 -5 -6 7 -8 9 -10 -11 -12 13 14 15 16 -17 18 -19 -20 -21 22 23
v -24 -25 -26 -27 28 -29 -30 -31 32 33 -34 -35 36 37 -38 39 40 41 -42 43
v -44 -45 46 47 48 -49 -50 51 52 53 54 55 56 -57 -58 -59 -60 0
c Answer: 577
v 1 -2 -3 -4 5 6 7 -8 -9 -10 11 -12 -13 -14 15 -16 -17 18 -19 -20 -21 22
v 23 -24 -25 -26 -27 28 -29 -30 -31 -32 33 -34 -35 36 37 -38 39 40 41 42
v -43 -44 45 46 47 -48 -49 -50 51 -52 -53 54 55 56 -57 -58 -59 -60 0
c Answer: 578
v -1 -2 3 -4 -5 -6 7 -8 9 -10 -11 -12 13 14 15 -16 -17 18 -19 -20 -21 22
v 23 -24 -25 -26 -27 28 -29 -30 -31 -32 33 -34 -35 36 37 -38 39 40 41 42
v -43 -44 -45 46 47 -48 -49 -50 51 -52 53 54 55 56 -57 -58 -59 -60 0
c Answer: 579
v 1 -2 -3 -4 5 6 7 -8 -9 -10 11 -12 -13 -14 15 -16 -17 18 -19 -20 -21 22
v 23 -24 -25 -26 -27 28 -29 -30 -31 32 33 -34 -35 36 37 -38 39 40 41 42 -43
v -44 45 46 47 -48 -49 -50 51 -52 -53 54 55 56 -57 -58 -59 -60 0
c Answer: 580
v -1 -2 3 -4 -5 -6 7 -8 9 -10 -11 -12 13 14 15 -16 -17 18 -19 -20 -21 22
v 23 -24 -25 -26 -27 28 -29 -30 -31 32 33 -34 -35 36 37 -38 39 40 41 42 -43
v -44 -45 46 47 -48 -49 -50 51 -52 53 54 55 56 -57 -58 -59 -60 0
c Answer: 581
v 1 -2 -3 -4 5 6 7 -8 -9 -10 11 -12 -13 -14 15 -16 -17 18 -19 -20 -21 22
v 23 -24 -25 -26 -27 28 -29 -30 -31 -32 33 -34 -35 36 37 -38 39 40 41 42
v -43 -44 45 46 47 -48 -49 -50 51 52 -53 54 55 56 -57 -58 -59 -60 0
c Answer: 582
v 1 -2 -3 -4 5 6 7 -8 -9 -10 11 -12 -13 -14 15 -16 -17 18 -19 -20 -21 22
v 23 -24 -25 -26 -27 28 -29 -30 -31 32 33 -34 -35 36 37 -38 39 40 41 42 -43
v -44 45 46 47 -48 -49 -50 51 52 -53 54 55 56 -57 -58 -59 -60 0
c Answer: 583
v -1 -2 3 -4 -5 -6 7 -8 9 -10 -11 -12 13 14 15 -16 -17 18 -19 -20 -21 22
v 23 -24 -25 -26 -27 28 -29 -30 -31 -32 33 -34 -35 36 37 -38 39 40 41 42
v -43 -44 -45 46 47 -48 -49 -50 51 52 53 54 55 56 -57 -58 -59 -60 0
c Answer: 584
v -1 -2 3 -4 -5 -6 7 -8 9 -10 -11 -12 13 14 15 -16 -17 18 -19 -20 -21 22
v 23 -24 -25 -26 -27 28 -29 -30 -31 32 33 -34 -35 36 37 -38 39 40 41 42 -43
v -44 -45 46 47 -48 -49 -50 51 52 53 54 55 56 -57 -58 -59 -60 0
c Answer: 585
v 1 -2 -3 -4 5 6 7 -8 -9 -10 11 -12 -13 -14 15 -16 -17 18 -19 -20 -21 22
v 23 -24 -25 -26 -27 28 -29 -30 -31 -32 33 -34 -35 36 37 -38 39 40 41 42
v 43 -44 45 46 47 -48 -49 -50 51 -52 -53 54 55 56 -57 -58 -59 -60 0
c Answer: 586
v -1 -2 3 -4 -5 -6 7 -8 9 -10 -11 -12 13 14 15 -16 -17 18 -19 -20 -21 22
v 23 -24 -25 -26 -27 28 -29 -30 -31 -32 33 -34 -35 36 37 -38 39 40 41 42
v 43 -44 -45 46 47 -48 -49 -50 51 -52 53 54 55 56 -57 -58 -59 -60 0
c Answer: 587
v 1 -2 -3 -4 5 6 7 -8 -9 -10 11 -12 -13 -14 15 -16 -17 18 -19 -20 -21 22
v 23 -24 -25 -26 -27 28 -29 -30 -31 -32 33 -34 -35 36 37 -38 39 40 41 42
v 43 -44 45 46 47 -48 -49 -50 51 52 -53 54 55 56 -57 -58 -59 -60 0
c Answer: 588
v -1 -2 3 -4 -5 -6 7 -8 9 -10 -11 -12 13 14 15 -16 -17 18 -19 -20 -21 22
v 23 -24 -25 -26 -27 28 -29 -30 -31 -32 33 -34 -35 36 37 -38 39 40 41 42
v 43 -44 -45 46 47 -48 -49 -50 51 52 53 54 55 56 -57 -58 -59 -60 0
c Answer: 589
v 1 -2 -3 -4 5 6 7 -8 -9 -10 11 -12 -13 -14 15 -16 -17 18 -19 -20 -21 22
v 23 -24 -25 -26 -27 28 -29 -30 -31 32 33 -34 -35 36 37 -38 39 40 41 42 43
v -44 45 46 47 -48 -49 -50 51 -52 -53 54 55 56 -57 -58 -59 -60 0
c Answer: 590
v 1 -2 -3 -4 5 6 7 -8 -9 -10 11 -12 -13 -14 15 -16 -17 18 -19 -20 -21 22
v 23 -24 -25 -26 -27 28 -29 -30 -31 32 33 -34 -35 36 37 -38 39 40 41 42 43
v -44 45 46 47 -48 -49 -50 51 52 -53 54 55 56 -57 -58 -59 -60 0
c Answer: 591
v -1 -2 3 -4 -5 -6 7 -8 9 -10 -11 -12 13 14 15 -16 -17 18 -19 -20 -21 22
v 23 -24 -25 -26 -27 28 -29 -30 -31 32 33 -34 -35 36 37 -38 39 40 41 42 43
v -44 -45 46 47 -48 -49 -50 51 -52 53 54 55 56 -57 -58 -59 -60 0
c Answer: 592
v -1 -2 3 -4 -5 -6 7 -8 9 -10 -11 -12 13 14 15 -16 -17 18 -19 -20 -21 22
v 23 -24 -25 -26 -27 28 -29 -30 -31 32 33 -34 -35 36 37 -38 39 40 41 42 43
v -44 -45 46 47 -48 -49 -50 51 52 53 54 55 56 -57 -58 -59 -60 0
c Answer: 593
v 1 -2 -3 -4 5 6 7 -8 -9 -10 11 -12 -13 -14 15 16 -17 18 -19 -20 -21 22 23
v -24 -25 -26 -27 28 -29 -30 -31 -32 33 -34 -35 36 37 -38 39 40 41 42 -43
v -44 45 46 47 -48 -49 -50 51 -52 -53 54 55 56 -57 -58 -59 -60 0
c Answer: 594
v -1 -2 3 -4 -5 -6 7 -8 9 -10 -11 -12 13 14 15 16 -17 18 -19 -20 -21 22 23
v -24 -25 -26 -27 28 -29 -30 -31 -32 33 -34 -35 36 37 -38 39 40 41 42 -43
v -44 -45 46 47 -48 -49 -50 51 -52 53 54 55 56 -57 -58 -59 -60 0
c Answer: 595
v 1 -2 -3 -4 5 6 7 -8 -9 -10 11 -12 -13 -14 15 16 -17 18 -19 -20 -21 22 23
v -24 -25 -26 -27 28 -29 -30 -31 -32 33 -34 -35 36 37 -38 39 40 41 42 43
v -44 45 46 47 -48 -49 -50 51 -52 -53 54 55 56 -57 -58 -59 -60 0
c Answer: 596
v -1 -2 3 -4 -5 -6 7 -8 9 -10 -11 -12 13 14 15 16 -17 18 -19 -20 -21 22 23
v -24 -25 -26 -27 28 -29 -30 -31 -32 33 -34 -35 36 37 -38 39 40 41 42 43
v -44 -45 46 47 -48 -49 -50 51 -52 53 54 55 56 -57 -58 -59 -60 0
c Answer: 597
v 1 -2 -3 -4 5 6 7 -8 -9 -10 11 -12 -13 -14 15 16 -17 18 -19 -20 -21 22 23
v -24 -25 -26 -27 28 -29 -30 -31 32 33 -34 -35 36 37 -38 39 40 41 42 -43
v -44 45 46 47 -48 -49 -50 51 -52 -53 54 55 56 -57 -58 -59 -60 0
c Answer: 598
v 1 -2 -3 -4 5 6 7 -8 -9 -10 11 -12 -13 -14 15 16 -17 18 -19 -20 -21 22 23
v -24 -25 -26 -27 28 -29 -30 -31 32 33 -34 -35 36 37 -38 39 40 41 42 43 -44
v 45 46 47 -48 -49 -50 51 -52 -53 54 55 56 -57 -58 -59 -60 0
c Answer: 599
v -1 -2 3 -4 -5 -6 7 -8 9 -10 -11 -12 13 14 15 16 -17 18 -19 -20 -21 22 23
v -24 -25 -26 -27 28 -29 -30 -31 32 33 -34 -35 36 37 -38 39 40 41 42 -43
v -44 -45 46 47 -48 -49 -50 51 -52 53 54 55 56 -57 -58 -59 -60 0
c Answer: 600
v -1 -2 3 -4 -5 -6 7 -8 9 -10 -11 -12 13 14 15 16 -17 18 -19 -20 -21 22 23
v -24 -25 -26 -27 28 -29 -30 -31 32 33 -34 -35 36 37 -38 39 40 41 42 43 -44
v -45 46 47 -48 -49 -50 51 -52 53 54 55 56 -57 -58 -59 -60 0
c Answer: 601
v 1 -2 -3 -4 5 6 7 -8 -9 -10 11 -12 -13 -14 15 16 -17 18 -19 -20 -21 22 23
v -24 -25 -26 -27 28 -29 -30 -31 -32 33 -34 -35 36 37 -38 39 40 41 42 -43
v -44 45 46 47 -48 -49 -50 51 52 -53 54 55 56 -57 -58 -59 -60 0
c Answer: 602
v -1 -2 3 -4 -5 -6 7 -8 9 -10 -11 -12 13 14 15 16 -17 18 -19 -20 -21 22 23
v -24 -25 -26 -27 28 -29 -30 -31 -32 33 -34 -35 36 37 -38 39 40 41 42 -43
v -44 -45 46 47 -48 -49 -50 51 52 53 54 55 56 -57 -58 -59 -60 0
c Answer: 603
v 1 -2 -3 -4 5 6 7 -8 -9 -10 11 -12 -13 -14 15 16 -17 18 -19 -20 -21 22 23
v -24 -25 -26 -27 28 -29 -30 -31 32 33 -34 -35 36 37 -38 39 40 41 42 -43
v -44 45 46 47 -48 -49 -50 51 52 -53 54 55 56 -57 -58 -59 -60 0
c Answer: 604
v -1 -2 3 -4 -5 -6 7 -8 9 -10 -11 -12 13 14 15 16 -17 18 -19 -20 -21 22 23
v -24 -25 -26 -27 28 -29 -30 -31 32 33 -34 -35 36 37 -38 39 40 41 42 -43
v -44 -45 46 47 -48 -49 -50 51 52 53 54 55 56 -57 -58 -59 -60 0
c Answer: 605
v 1 -2 -3 -4 5 6 7 -8 -9 -10 11 -12 -13 -14 15 16 -17 18 -19 -20 -21 22 23
v -24 -25 -26 -27 28 -29 -30 -31 -32 33 -34 -35 36 37 -38 39 40 41 42 43
v -44 45 46 47 -48 -49 -50 51 52 -53 54 55 56 -57 -58 -59 -60 0
c Answer: 606
v 1 -2 -3 -4 5 6 7 -8 -9 -10 11 -12 -13 -14 15 16 -17 18 -19 -20 -21 22 23
v -24 -25 -26 -27 28 -29 -30 -31 32 33 -34 -35 36 37 -38 39 40 41 42 43 -44
v 45 46 47 -48 -49 -50 51 52 -53 54 55 56 -57 -58 -59 -60 0
c Answer: 607
v -1 -2 3 -4 -5 -6 7 -8 9 -10 -11 -12 13 14 15 16 -17 18 -19 -20 -21 22 23
v -24 -25 -26 -27 28 -29 -30 -31 -32 33 -34 -35 36 37 -38 39 40 41 42 43
v -44 -45 46 47 -48 -49 -50 51 52 53 54 55 56 -57 -58 -59 -60 0
c Answer: 608
v -1 -2 3 -4 -5 -6 7 -8 9 -10 -11 -12 13 14 15 16 -17 18 -19 -20 -21 22 23
v -24 -25 -26 -27 28 -29 -30 -31 32 33 -34 -35 36 37 -38 39 40 41 42 43 -44
v -45 46 47 -48 -49 -50 51 52 53 54 55 56 -57 -58 -59 -60 0
c Answer: 609
v 1 -2 -3 -4 5 6 7 -8 -9 -10 11 -12 -13 -14 15 -16 -17 18 -19 -20 -21 22
v 23 -24 -25 -26 -27 28 -29 -30 -31 -32 33 -34 -35 36 37 -38 39 40 41 42
v -43 -44 45 46 47 48 -49 -50 51 -52 -53 54 55 56 -57 -58 -59 -60 0
c Answer: 610
v -1 -2 3 -4 -5 -6 7 -8 9 -10 -11 -12 13 14 15 -16 -17 18 -19 -20 -21 22
v 23 -24 -25 -26 -27 28 -29 -30 -31 -32 33 -34 -35 36 37 -38 39 40 41 42
v -43 -44 -45 46 47 48 -49 -50 51 -52 53 54 55 56 -57 -58 -59 -60 0
c Answer: 611
v 1 -2 -3 -4 5 6 7 -8 -9 -10 11 -12 -13 -14 15 16 -17 18 -19 -20 -21 22 23
v -24 -25 -26 -27 28 -29 -30 -31 -32 33 -34 -35 36 37 -38 39 40 41 42 -43
v -44 45 46 47 48 -49 -50 51 -52 -53 54 55 56 -57 -58 -59 -60 0
c Answer: 612
v -1 -2 3 -4 -5 -6 7 -8 9 -10 -11 -12 13 14 15 16 -17 18 -19 -20 -21 22 23
v -24 -25 -26 -27 28 -29 -30 -31 -32 33 -34 -35 36 37 -38 39 40 41 42 -43
v -44 -45 46 47 48 -49 -50 51 -52 53 54 55 56 -57 -58 -59 -60 0
c Answer: 613
v 1 -2 -3 -4 5 6 7 -8 -9 -10 11 -12 -13 -14 15 -16 -17 18 -19 -20 -21 22
v 23 -24 -25 -26 -27 28 -29 -30 -31 -32 33 -34 -35 36 37 -38 39 40 41 42
v -43 -44 45 46 47 48 -49 -50 51 52 -53 54 55 56 -57 -58 -59 -60 0
c Answer: 614
v 1 -2 -3 -4 5 6 7 -8 -9 -10 11 -12 -13 -14 15 16 -17 18 -19 -20 -21 22 23
v -24 -25 -26 -27 28 -29 -30 -31 -32 33 -34 -35 36 37 -38 39 40 41 42 -43
v -44 45 46 47 48 -49 -50 51 52 -53 54 55 56 -57 -58 -59 -60 0
c Answer: 615
v -1 -2 3 -4 -5 -6 7 -8 9 -10 -11 -12 13 14 15 -16 -17 18 -19 -20 -21 22
v 23 -24 -25 -26 -27 28 -29 -30 -31 -32 33 -34 -35 36 37 -38 39 40 41 42
v -43 -44 -45 46 47 48 -49 -50 51 52 53 54 55 56 -57 -58 -59 -60 0
c Answer: 616
v -1 -2 3 -4 -5 -6 7 -8 9 -10 -11 -12 13 14 15 16 -17 18 -19 -20 -21 22 23
v -24 -25 -26 -27 28 -29 -30 -31 -32 33 -34 -35 36 37 -38 39 40 41 42 -43
v -44 -45 46 47 48 -49 -50 51 52 53 54 55 56 -57 -58 -59 -60 0
c Answer: 617
v 1 -2 -3 -4 5 6 7 -8 -9 -10 11 -12 -13 -14 15 -16 -17 18 -19 -20 -21 22
v 23 -24 -25 -26 -27 28 -29 -30 -31 -32 33 -34 -35 36 37 -38 39 40 41 42
v 43 -44 45 46 47 48 -49 -50 51 -52 -53 54 55 56 -57 -58 -59 -60 0
c Answer: 618
v -1 -2 3 -4 -5 -6 7 -8 9 -10 -11 -12 13 14 15 -16 -17 18 -19 -20 -21 22
v 23 -24 -25 -26 -27 28 -29 -30 -31 -32 33 -34 -35 36 37 -38 39 40 41 42
v 43 -44 -45 46 47 48 -49 -50 51 -52 53 54 55 56 -57 -58 -59 -60 0
c Answer: 619
v 1 -2 -3 -4 5 6 7 -8 -9 -10 11 -12 -13 -14 15 -16 -17 18 -19 -20 -21 22
v 23 -24 -25 -26 -27 28 -29 -30 -31 -32 33 -34 -35 36 37 -38 39 40 41 42
v 43 -44 45 46 47 48 -49 -50 51 52 -53 54 55 56 -57 -58 -59 -60 0
c Answer: 620
v -1 -2 3 -4 -5 -6 7 -8 9 -10 -11 -12 13 14 15 -16 -17 18 -19 -20 -21 22
v 23 -24 -25 -26 -27 28 -29 -30 -31 -32 33 -34 -35 36 37 -38 39 40 41 42
v 43 -44 -45 46 47 48 -49 -50 51 52 53 54 55 56 -57 -58 -59 -60 0
c Answer: 621
v 1 -2 -3 -4 5 6 7 -8 -9 -10 11 -12 -13 -14 15 16 -17 18 -19 -20 -21 22 23
v -24 -25 -26 -27 28 -29 -30 -31 -32 33 -34 -35 36 37 -38 39 40 41 42 43
v -44 45 46 47 48 -49 -50 51 -52 -53 54 55 56 -57 -58 -59 -60 0
c Answer: 622
v 1 -2 -3 -4 5 6 7 -8 -9 -10 11 -12 -13 -14 15 16 -17 18 -19 -20 -21 22 23
v -24 -25 -26 -27 28 -29 -30 -31 -32 33 -34 -35 36 37 -38 39 40 41 42 43
v -44 45 46 47 48 -49 -50 51 52 -53 54 55 56 -57 -58 -59 -60 0
c Answer: 623
v -1 -2 3 -4 -5 -6 7 -8 9 -10 -11 -12 13 14 15 16 -17 18 -19 -20 -21 22 23
v -24 -25 -26 -27 28 -29 -30 -31 -32 33 -34 -35 36 37 -38 39 40 41 42 43
v -44 -45 46 47 48 -49 -50 51 -52 53 54 55 56 -57 -58 -59 -60 0
c Answer: 624
v -1 -2 3 -4 -5 -6 7 -8 9 -10 -11 -12 13 14 15 16 -17 18 -19 -20 -21 22 23
v -24 -25 -26 -27 28 -29 -30 -31 -32 33 -34 -35 36 37 -38 39 40 41 42 43
v -44 -45 46 47 48 -49 -50 51 52 53 54 55 56 -57 -58 -59 -60 0
c Answer: 625
v 1 -2 -3 -4 5 6 7 -8 -9 -10 11 -12 -13 -14 15 -16 -17 18 -19 -20 -21 22
v 23 -24 -25 -26 -27 28 -29 -30 -31 32 33 -34 -35 36 37 -38 39 40 41 42 -43
v -44 45 46 47 48 -49 -50 51 -52 -53 54 55 56 -57 -58 -59 -60 0
c Answer: 626
v -1 -2 3 -4 -5 -6 7 -8 9 -10 -11 -12 13 14 15 -16 -17 18 -19 -20 -21 22
v 23 -24 -25 -26 -27 28 -29 -30 -31 32 33 -34 -35 36 37 -38 39 40 41 42 -43
v -44 -45 46 47 48 -49 -50 51 -52 53 54 55 56 -57 -58 -59 -60 0
c Answer: 627
v 1 -2 -3 -4 5 6 7 -8 -9 -10 11 -12 -13 -14 15 -16 -17 18 -19 -20 -21 22
v 23 -24 -25 -26 -27 28 -29 -30 -31 32 33 -34 -35 36 37 -38 39 40 41 42 43
v -44 45 46 47 48 -49 -50 51 -52 -53 54 55 56 -57 -58 -59 -60 0
c Answer: 628
v -1 -2 3 -4 -5 -6 7 -8 9 -10 -11 -12 13 14 15 -16 -17 18 -19 -20 -21 22
v 23 -24 -25 -26 -27 28 -29 -30 -31 32 33 -34 -35 36 37 -38 39 40 41 42 43
v -44 -45 46 47 48 -49 -50 51 -52 53 54 55 56 -57 -58 -59 -60 0
c Answer: 629
v 1 -2 -3 -4 5 6 7 -8 -9 -10 11 -12 -13 -14 15 16 -17 18 -19 -20 -21 22 23
v -24 -25 -26 -27 28 -29 -30 -31 32 33 -34 -35 36 37 -38 39 40 41 42 -43
v -44 45 46 47 48 -49 -50 51 -52 -53 54 55 56 -57 -58 -59 -60 0
c Answer: 630
v 1 -2 -3 -4 5 6 7 -8 -9 -10 11 -12 -13 -14 15 16 -17 18 -19 -20 -21 22 23
v -24 -25 -26 -27 28 -29 -30 -31 32 33 -34 -35 36 37 -38 39 40 41 42 43 -44
v 45 46 47 48 -49 -50 51 -52 -53 54 55 56 -57 -58 -59 -60 0
c Answer: 631
v -1 -2 3 -4 -5 -6 7 -8 9 -10 -11 -12 13 14 15 16 -17 18 -19 -20 -21 22 23
v -24 -25 -26 -27 28 -29 -30 -31 32 33 -34 -35 36 37 -38 39 40 41 42 -43
v -44 -45 46 47 48 -49 -50 51 -52 53 54 55 56 -57 -58 -59 -60 0
c Answer: 632
v -1 -2 3 -4 -5 -6 7 -8 9 -10 -11 -12 13 14 15 16 -17 18 -19 -20 -21 22 23
v -24 -25 -26 -27 28 -29 -30 -31 32 33 -34 -35 36 37 -38 39 40 41 42 43 -44
v -45 46 47 48 -49 -50 51 -52 53 54 55 56 -57 -58 -59 -60 0
c Answer: 633
v 1 -2 -3 -4 5 6 7 -8 -9 -10 11 -12 -13 -14 15 -16 -17 18 -19 -20 -21 22
v 23 -24 -25 -26 -27 28 -29 -30 -31 32 33 -34 -35 36 37 -38 39 40 41 42 -43
v -44 45 46 47 48 -49 -50 51 52 -53 54 55 56 -57 -58 -59 -60 0
c Answer: 634
v -1 -2 3 -4 -5 -6 7 -8 9 -10 -11 -12 13 14 15 -16 -17 18 -19 -20 -21 22
v 23 -24 -25 -26 -27 28 -29 -30 -31 32 33 -34 -35 36 37 -38 39 40 41 42 -43
v -44 -45 46 47 48 -49 -50 51 52 53 54 55 56 -57 -58 -59 -60 0
c Answer: 635
v 1 -2 -3 -4 5 6 7 -8 -9 -10 11 -12 -13 -14 15 16 -17 18 -19 -20 -21 22 23
v -24 -25 -26 -27 28 -29 -30 -31 32 33 -34 -35 36 37 -38 39 40 41 42 -43
v -44 45 46 47 48 -49 -50 51 52 -53 54 55 56 -57 -58 -59 -60 0
c Answer: 636
v -1 -2 3 -4 -5 -6 7 -8 9 -10 -11 -12 13 14 15 16 -17 18 -19 -20 -21 22 23
v -24 -25 -26 -27 28 -29 -30 -31 32 33 -34 -35 36 37 -38 39 40 41 42 -43
v -44 -45 46 47 48 -49 -50 51 52 53 54 55 56 -57 -58 -59 -60 0
c Answer: 637
v 1 -2 -3 -4 5 6 7 -8 -9 -10 11 -12 -13 -14 15 -16 -17 18 -19 -20 -21 22
v 23 -24 -25 -26 -27 28 -29 -30 -31 32 33 -34 -35 36 37 -38 39 40 41 42 43
v -44 45 46 47 48 -49 -50 51 52 -53 54 55 56 -57 -58 -59 -60 0
c Answer: 638
v 1 -2 -3 -4 5 6 7 -8 -9 -10 11 -12 -13 -14 15 16 -17 18 -19 -20 -21 22 23
v -24 -25 -26 -27 28 -29 -30 -31 32 33 -34 -35 36 37 -38 39 40 41 42 43 -44
v 45 46 47 48 -49 -50 51 52 -53 54 55 56 -57 -58 -59 -60 0
c Answer: 639
v -1 -2 3 -4 -5 -6 7 -8 9 -10 -11 -12 13 14 15 -16 -17 18 -19 -20 -21 22
v 23 -24 -25 -26 -27 28 -29 -30 -31 32 33 -34 -35 36 37 -38 39 40 41 42 43
v -44 -45 46 47 48 -49 -50 51 52 53 54 55 56 -57 -58 -59 -60 0
c Answer: 640
v -1 -2 3 -4 -5 -6 7 -8 9 -10 -11 -12 13 14 15 16 -17 18 -19 -20 -21 22 23
v -24 -25 -26 -27 28 -29 -30 -31 32 33 -34 -35 36 37 -38 39 40 41 42 43 -44
v -45 46 47 48 -49 -50 51 52 53 54 55 56 -57 -58 -59 -60 0
c Answer: 641
v 1 -2 -3 -4 5 6 7 -8 -9 -10 11 -12 -13 -14 15 -16 -17 18 -19 -20 -21 22
v 23 24 -25 -26 -27 28 -29 -30 -31 -32 33 -34 -35 36 37 -38 39 40 41 -42
v -43 -44 45 46 47 -48 -49 -50 51 -52 -53 54 55 56 -57 -58 -59 -60 0
c Answer: 642
v -1 -2 3 -4 -5 -6 7 -8 9 -10 -11 -12 13 14 15 -16 -17 18 -19 -20 -21 22
v 23 24 -25 -26 -27 28 -29 -30 -31 -32 33 -34 -35 36 37 -38 39 40 41 -42
v -43 -44 -45 46 47 -48 -49 -50 51 -52 53 54 55 56 -57 -58 -59 -60 0
c Answer: 643
v 1 -2 -3 -4 5 6 7 -8 -9 -10 11 -12 -13 -14 15 -16 -17 18 -19 -20 -21 22
v 23 24 -25 -26 -27 28 -29 -30 -31 -32 33 -34 -35 36 37 -38 39 40 41 42 -43
v -44 45 46 47 -48 -49 -50 51 -52 -53 54 55 56 -57 -58 -59 -60 0
c Answer: 644
v -1 -2 3 -4 -5 -6 7 -8 9 -10 -11 -12 13 14 15 -16 -17 18 -19 -20 -21 22
v 23 24 -25 -26 -27 28 -29 -30 -31 -32 33 -34 -35 36 37 -38 39 40 41 42 -43
v -44 -45 46 47 -48 -49 -50 51 -52 53 54 55 56 -57 -58 -59 -60 0
c Answer: 645
v 1 -2 -3 -4 5 6 7 -8 -9 -10 11 -12 -13 -14 15 -16 -17 18 -19 -20 -21 22
v 23 24 -25 -26 -27 28 -29 -30 -31 -32 33 -34 -35 36 37 -38 39 40 41 -42
v -43 -44 45 46 47 48 -49 -50 51 -52 -53 54 55 56 -57 -58 -59 -60 0
c Answer: 646
v 1 -2 -3 -4 5 6 7 -8 -9 -10 11 -12 -13 -14 15 -16 -17 18 -19 -20 -21 22
v 23 24 -25 -26 -27 28 -29 -30 -31 -32 33 -34 -35 36 37 -38 39 40 41 42 -43
v -44 45 46 47 48 -49 -50 51 -52 -53 54 55 56 -57 -58 -59 -60 0
c Answer: 647
v -1 -2 3 -4 -5 -6 7 -8 9 -10 -11 -12 13 14 15 -16 -17 18 -19 -20 -21 22
v 23 24 -25 -26 -27 28 -29 -30 -31 -32 33 -34 -35 36 37 -38 39 40 41 -42
v -43 -44 -45 46 47 48 -49 -50 51 -52 53 54 55 56 -57 -58 -59 -60 0
c Answer: 648
v -1 -2 3 -4 -5 -6 7 -8 9 -10 -11 -12 13 14 15 -16 -17 18 -19 -20 -21 22
v 23 24 -25 -26 -27 28 -29 -30 -31 -32 33 -34 -35 36 37 -38 39 40 41 42 -43
v -44 -45 46 47 48 -49 -50 51 -52 53 54 55 56 -57 -58 -59 -60 0
c Answer: 649
v 1 -2 -3 -4 5 6 7 -8 -9 -10 11 -12 -13 -14 15 -16 -17 18 -19 -20 -21 22
v 23 24 -25 -26 -27 28 -29 -30 -31 32 33 -34 -35 36 37 -38 39 40 41 -42 -43
v -44 45 46 47 -48 -49 -50 51 -52 -53 54 55 56 -57 -58 -59 -60 0
c Answer: 650
v -1 -2 3 -4 -5 -6 7 -8 9 -10 -11 -12 13 14 15 -16 -17 18 -19 -20 -21 22
v 23 24 -25 -26 -27 28 -29 -30 -31 32 33 -34 -35 36 37 -38 39 40 41 -42 -43
v -44 -45 46 47 -48 -49 -50 51 -52 53 54 55 56 -57 -58 -59 -60 0
c Answer: 651
v 1 -2 -3 -4 5 6 7 -8 -9 -10 11 -12 -13 -14 15 -16 -17 18 -19 -20 -21 22
v 23 24 -25 -26 -27 28 -29 -30 -31 32 33 -34 -35 36 37 -38 39 40 41 -42 -43
v -44 45 46 47 48 -49 -50 51 -52 -53 54 55 56 -57 -58 -59 -60 0
c Answer: 652
v -1 -2 3 -4 -5 -6 7 -8 9 -10 -11 -12 13 14 15 -16 -17 18 -19 -20 -21 22
v 23 24 -25 -26 -27 28 -29 -30 -31 32 33 -34 -35 36 37 -38 39 40 41 -42 -43
v -44 -45 46 47 48 -49 -50 51 -52 53 54 55 56 -57 -58 -59 -60 0
c Answer: 653
v 1 -2 -3 -4 5 6 7 -8 -9 -10 11 -12 -13 -14 15 -16 -17 18 -19 -20 -21 22
v 23 24 -25 -26 -27 28 -29 -30 -31 32 33 -34 -35 36 37 -38 39 40 41 42 -43
v -44 45 46 47 -48 -49 -50 51 -52 -53 54 55 56 -57 -58 -59 -60 0
c Answer: 654
v 1 -2 -3 -4 5 6 7 -8 -9 -10 11 -12 -13 -14 15 -16 -17 18 -19 -20 -21 22
v 23 24 -25 -26 -27 28 -29 -30 -31 32 33 -34 -35 36 37 -38 39 40 41 42 -43
v -44 45 46 47 48 -49 -50 51 -52 -53 54 55 56 -57 -58 -59 -60 0
c Answer: 655
v -1 -2 3 -4 -5 -6 7 -8 9 -10 -11 -12 13 14 15 -16 -17 18 -19 -20 -21 22
v 23 24 -25 -26 -27 28 -29 -30 -31 32 33 -34 -35 36 37 -38 39 40 41 42 -43
v -44 -45 46 47 -48 -49 -50 51 -52 53 54 55 56 -57 -58 -59 -60 0
c Answer: 656
v -1 -2 3 -4 -5 -6 7 -8 9 -10 -11 -12 13 14 15 -16 -17 18 -19 -20 -21 22
v 23 24 -25 -26 -27 28 -29 -30 -31 32 33 -34 -35 36 37 -38 39 40 41 42 -43
v -44 -45 46 47 48 -49 -50 51 -52 53 54 55 56 -57 -58 -59 -60 0
c Answer: 657
v 1 -2 -3 -4 5 6 7 -8 -9 -10 11 -12 -13 -14 15 -16 -17 18 -19 -20 -21 22
v 23 24 -25 -26 -27 28 -29 -30 -31 -32 33 -34 -35 36 37 -38 39 40 41 -42
v -43 -44 45 46 47 -48 -49 -50 51 52 -53 54 55 56 -57 -58 -59 -60 0
c Answer: 658
v -1 -2 3 -4 -5 -6 7 -8 9 -10 -11 -12 13 14 15 -16 -17 18 -19 -20 -21 22
v 23 24 -25 -26 -27 28 -29 -30 -31 -32 33 -34 -35 36 37 -38 39 40 41 -42
v -43 -44 -45 46 47 -48 -49 -50 51 52 53 54 55 56 -57 -58 -59 -60 0
c Answer: 659
v 1 -2 -3 -4 5 6 7 -8 -9 -10 11 -12 -13 -14 15 -16 -17 18 -19 -20 -21 22
v 23 24 -25 -26 -27 28 -29 -30 -31 32 33 -34 -35 36 37 -38 39 40 41 -42 -43
v -44 45 46 47 -48 -49 -50 51 52 -53 54 55 56 -57 -58 -59 -60 0
c Answer: 660
v -1 -2 3 -4 -5 -6 7 -8 9 -10 -11 -12 13 14 15 -16 -17 18 -19 -20 -21 22
v 23 24 -25 -26 -27 28 -29 -30 -31 32 33 -34 -35 36 37 -38 39 40 41 -42 -43
v -44 -45 46 47 -48 -49 -50 51 52 53 54 55 56 -57 -58 -59 -60 0
c Answer: 661
v 1 -2 -3 -4 5 6 7 -8 -9 -10 11 -12 -13 -14 15 -16 -17 18 -19 -20 -21 22
v 23 24 -25 -26 -27 28 -29 -30 -31 -32 33 -34 -35 36 37 -38 39 40 41 42 -43
v -44 45 46 47 -48 -49 -50 51 52 -53 54 55 56 -57 -58 -59 -60 0
c Answer: 662
v 1 -2 -3 -4 5 6 7 -8 -9 -10 11 -12 -13 -14 15 -16 -17 18 -19 -20 -21 22
v 23 24 -25 -26 -27 28 -29 -30 -31 32 33 -34 -35 36 37 -38 39 40 41 42 -43
v -44 45 46 47 -48 -49 -50 51 52 -53 54 55 56 -57 -58 -59 -60 0
c Answer: 663
v -1 -2 3 -4 -5 -6 7 -8 9 -10 -11 -12 13 14 15 -16 -17 18 -19 -20 -21 22
v 23 24 -25 -26 -27 28 -29 -30 -31 -32 33 -34 -35 36 37 -38 39 40 41 42 -43
v -44 -45 46 47 -48 -49 -50 51 52 53 54 55 56 -57 -58 -59 -60 0
c Answer: 664
v -1 -2 3 -4 -5 -6 7 -8 9 -10 -11 -12 13 14 15 -16 -17 18 -19 -20 -21 22
v 23 24 -25 -26 -27 28 -29 -30 -31 32 33 -34 -35 36 37 -38 39 40 41 42 -43
v -44 -45 46 47 -48 -49 -50 51 52 53 54 55 56 -57 -58 -59 -60 0
c Answer: 665
v 1 -2 -3 -4 5 6 7 -8 -9 -10 11 -12 -13 -14 15 -16 -17 18 -19 -20 -21 22
v 23 24 -25 -26 -27 28 -29 -30 -31 -32 33 -34 -35 36 37 -38 39 40 41 -42
v -43 -44 45 46 47 48 -49 -50 51 52 -53 54 55 56 -57 -58 -59 -60 0
c Answer: 666
v -1 -2 3 -4 -5 -6 7 -8 9 -10 -11 -12 13 14 15 -16 -17 18 -19 -20 -21 22
v 23 24 -25 -26 -27 28 -29 -30 -31 -32 33 -34 -35 36 37 -38 39 40 41 -42
v -43 -44 -45 46 47 48 -49 -50 51 52 53 54 55 56 -57 -58 -59 -60 0
c Answer: 667
v 1 -2 -3 -4 5 6 7 -8 -9 -10 11 -12 -13 -14 15 -16 -17 18 -19 -20 -21 22
v 23 24 -25 -26 -27 28 -29 -30 -31 -32 33 -34 -35 36 37 -38 39 40 41 42 -43
v -44 45 46 47 48 -49 -50 51 52 -53 54 55 56 -57 -58 -59 -60 0
c Answer: 668
v -1 -2 3 -4 -5 -6 7 -8 9 -10 -11 -12 13 14 15 -16 -17 18 -19 -20 -21 22
v 23 24 -25 -26 -27 28 -29 -30 -31 -32 33 -34 -35 36 37 -38 39 40 41 42 -43
v -44 -45 46 47 48 -49 -50 51 52 53 54 55 56 -57 -58 -59 -60 0
c Answer: 669
v 1 -2 -3 -4 5 6 7 -8 -9 -10 11 -12 -13 -14 15 -16 -17 18 -19 -20 -21 22
v 23 24 -25 -26 -27 28 -29 -30 -31 32 33 -34 -35 36 37 -38 39 40 41 -42 -43
v -44 45 46 47 48 -49 -50 51 52 -53 54 55 56 -57 -58 -59 -60 0
c Answer: 670
v 1 -2 -3 -4 5 6 7 -8 -9 -10 11 -12 -13 -14 15 -16 -17 18 -19 -20 -21 22
v 23 24 -25 -26 -27 28 -29 -30 -31 32 33 -34 -35 36 37 -38 39 40 41 42 -43
v -44 45 46 47 48 -49 -50 51 52 -53 54 55 56 -57 -58 -59 -60 0
c Answer: 671
v -1 -2 3 -4 -5 -6 7 -8 9 -10 -11 -12 13 14 15 -16 -17 18 -19 -20 -21 22
v 23 24 -25 -26 -27 28 -29 -30 -31 32 33 -34 -35 36 37 -38 39 40 41 -42 -43
v -44 -45 46 47 48 -49 -50 51 52 53 54 55 56 -57 -58 -59 -60 0
c Answer: 672
v -1 -2 3 -4 -5 -6 7 -8 9 -10 -11 -12 13 14 15 -16 -17 18 -19 -20 -21 22
v 23 24 -25 -26 -27 28 -29 -30 -31 32 33 -34 -35 36 37 -38 39 40 41 42 -43
v -44 -45 46 47 48 -49 -50 51 52 53 54 55 56 -57 -58 -59 -60 0
c Answer: 673
v 1 -2 -3 -4 5 6 7 -8 -9 -10 11 -12 -13 -14 15 -16 -17 18 -19 -20 -21 22
v 23 24 -25 -26 -27 28 -29 -30 -31 -32 33 -34 -35 36 37 -38 39 40 41 -42
v 43 -44 45 46 47 -48 -49 -50 51 -52 -53 54 55 56 -57 -58 -59 -60 0
c Answer: 674
v -1 -2 3 -4 -5 -6 7 -8 9 -10 -11 -12 13 14 15 -16 -17 18 -19 -20 -21 22
v 23 24 -25 -26 -27 28 -29 -30 -31 -32 33 -34 -35 36 37 -38 39 40 41 -42
v 43 -44 -45 46 47 -48 -49 -50 51 -52 53 54 55 56 -57 -58 -59 -60 0
c Answer: 675
v 1 -2 -3 -4 5 6 7 -8 -9 -10 11 -12 -13 -14 15 -16 -17 18 -19 -20 -21 22
v 23 24 -25 -26 -27 28 -29 -30 -31 -32 33 -34 -35 36 37 -38 39 40 41 -42
v 43 -44 45 46 47 -48 -49 -50 51 52 -53 54 55 56 -57 -58 -59 -60 0
c Answer: 676
v -1 -2 3 -4 -5 -6 7 -8 9 -10 -11 -12 13 14 15 -16 -17 18 -19 -20 -21 22
v 23 24 -25 -26 -27 28 -29 -30 -31 -32 33 -34 -35 36 37 -38 39 40 41 -42
v 43 -44 -45 46 47 -48 -49 -50 51 52 53 54 55 56 -57 -58 -59 -60 0
c Answer: 677
v 1 -2 -3 -4 5 6 7 -8 -9 -10 11 -12 -13 -14 15 -16 -17 18 -19 -20 -21 22
v 23 24 -25 -26 -27 28 -29 -30 -31 -32 33 -34 -35 36 37 -38 39 40 41 -42
v 43 -44 45 46 47 48 -49 -50 51 -52 -53 54 55 56 -57 -58 -59 -60 0
c Answer: 678
v 1 -2 -3 -4 5 6 7 -8 -9 -10 11 -12 -13 -14 15 -16 -17 18 -19 -20 -21 22
v 23 24 -25 -26 -27 28 -29 -30 -31 -32 33 -34 -35 36 37 -38 39 40 41 -42
v 43 -44 45 46 47 48 -49 -50 51 52 -53 54 55 56 -57 -58 -59 -60 0
c Answer: 679
v -1 -2 3 -4 -5 -6 7 -8 9 -10 -11 -12 13 14 15 -16 -17 18 -19 -20 -21 22
v 23 24 -25 -26 -27 28 -29 -30 -31 -32 33 -34 -35 36 37 -38 39 40 41 -42
v 43 -44 -45 46 47 48 -49 -50 51 -52 53 54 55 56 -57 -58 -59 -60 0
c Answer: 680
v -1 -2 3 -4 -5 -6 7 -8 9 -10 -11 -12 13 14 15 -16 -17 18 -19 -20 -21 22
v 23 24 -25 -26 -27 28 -29 -30 -31 -32 33 -34 -35 36 37 -38 39 40 41 -42
v 43 -44 -45 46 47 48 -49 -50 51 52 53 54 55 56 -57 -58 -59 -60 0
c Answer: 681
v 1 -2 -3 -4 5 6 7 -8 -9 -10 11 -12 -13 -14 15 -16 -17 18 -19 -20 -21 22
v 23 24 -25 -26 -27 28 -29 -30 -31 32 33 -34 -35 36 37 -38 39 40 41 -42 43
v -44 45 46 47 -48 -49 -50 51 -52 -53 54 55 56 -57 -58 -59 -60 0
c Answer: 682
v -1 -2 3 -4 -5 -6 7 -8 9 -10 -11 -12 13 14 15 -16 -17 18 -19 -20 -21 22
v 23 24 -25 -26 -27 28 -29 -30 -31 32 33 -34 -35 36 37 -38 39 40 41 -42 43
v -44 -45 46 47 -48 -49 -50 51 -52 53 54 55 56 -57 -58 -59 -60 0
c Answer: 683
v 1 -2 -3 -4 5 6 7 -8 -9 -10 11 -12 -13 -14 15 -16 -17 18 -19 -20 -21 22
v 23 24 -25 -26 -27 28 -29 -30 -31 32 33 -34 -35 36 37 -38 39 40 41 -42 43
v -44 45 46 47 48 -49 -50 51 -52 -53 54 55 56 -57 -58 -59 -60 0
c Answer: 684
v -1 -2 3 -4 -5 -6 7 -8 9 -10 -11 -12 13 14 15 -16 -17 18 -19 -20 -21 22
v 23 24 -25 -26 -27 28 -29 -30 -31 32 33 -34 -35 36 37 -38 39 40 41 -42 43
v -44 -45 46 47 48 -49 -50 51 -52 53 54 55 56 -57 -58 -59 -60 0
c Answer: 685
v 1 -2 -3 -4 5 6 7 -8 -9 -10 11 -12 -13 -14 15 -16 -17 18 -19 -20 -21 22
v 23 24 -25 -26 -27 28 -29 -30 -31 32 33 -34 -35 36 37 -38 39 40 41 -42 43
v -44 45 46 47 -48 -49 -50 51 52 -53 54 55 56 -57 -58 -59 -60 0
c Answer: 686
v 1 -2 -3 -4 5 6 7 -8 -9 -10 11 -12 -13 -14 15 -16 -17 18 -19 -20 -21 22
v 23 24 -25 -26 -27 28 -29 -30 -31 32 33 -34 -35 36 37 -38 39 40 41 -42 43
v -44 45 46 47 48 -49 -50 51 52 -53 54 55 56 -57 -58 -59 -60 0
c Answer: 687
v -1 -2 3 -4 -5 -6 7 -8 9 -10 -11 -12 13 14 15 -16 -17 18 -19 -20 -21 22
v 23 24 -25 -26 -27 28 -29 -30 -31 32 33 -34 -35 36 37 -38 39 40 41 -42 43
v -44 -45 46 47 -48 -49 -50 51 52 53 54 55 56 -57 -58 -59 -60 0
c Answer: 688
v -1 -2 3 -4 -5 -6 7 -8 9 -10 -11 -12 13 14 15 -16 -17 18 -19 -20 -21 22
v 23 24 -25 -26 -27 28 -29 -30 -31 32 33 -34 -35 36 37 -38 39 40 41 -42 43
v -44 -45 46 47 48 -49 -50 51 52 53 54 55 56 -57 -58 -59 -60 0
c Answer: 689
v 1 -2 -3 -4 5 6 7 -8 -9 -10 11 -12 -13 -14 15 -16 -17 18 -19 -20 -21 22
v 23 24 -25 -26 -27 28 -29 -30 -31 -32 33 -34 -35 36 37 -38 39 40 41 42 43
v -44 45 46 47 -48 -49 -50 51 -52 -53 54 55 56 -57 -58 -59 -60 0
c Answer: 690
v -1 -2 3 -4 -5 -6 7 -8 9 -10 -11 -12 13 14 15 -16 -17 18 -19 -20 -21 22
v 23 24 -25 -26 -27 28 -29 -30 -31 -32 33 -34 -35 36 37 -38 39 40 41 42 43
v -44 -45 46 47 -48 -49 -50 51 -52 53 54 55 56 -57 -58 -59 -60 0
c Answer: 691
v 1 -2 -3 -4 5 6 7 -8 -9 -10 11 -12 -13 -14 15 -16 -17 18 -19 -20 -21 22
v 23 24 -25 -26 -27 28 -29 -30 -31 32 33 -34 -35 36 37 -38 39 40 41 42 43
v -44 45 46 47 -48 -49 -50 51 -52 -53 54 55 56 -57 -58 -59 -60 0
c Answer: 692
v -1 -2 3 -4 -5 -6 7 -8 9 -10 -11 -12 13 14 15 -16 -17 18 -19 -20 -21 22
v 23 24 -25 -26 -27 28 -29 -30 -31 32 33 -34 -35 36 37 -38 39 40 41 42 43
v -44 -45 46 47 -48 -49 -50 51 -52 53 54 55 56 -57 -58 -59 -60 0
c Answer: 693
v 1 -2 -3 -4 5 6 7 -8 -9 -10 11 -12 -13 -14 15 -16 -17 18 -19 -20 -21 22
v 23 24 -25 -26 -27 28 -29 -30 -31 -32 33 -34 -35 36 37 -38 39 40 41 42 43
v -44 45 46 47 -48 -49 -50 51 52 -53 54 55 56 -57 -58 -59 -60 0
c Answer: 694
v 1 -2 -3 -4 5 6 7 -8 -9 -10 11 -12 -13 -14 15 -16 -17 18 -19 -20 -21 22
v 23 24 -25 -26 -27 28 -29 -30 -31 32 33 -34 -35 36 37 -38 39 40 41 42 43
v -44 45 46 47 -48 -49 -50 51 52 -53 54 55 56 -57 -58 -59 -60 0
c Answer: 695
v -1 -2 3 -4 -5 -6 7 -8 9 -10 -11 -12 13 14 15 -16 -17 18 -19 -20 -21 22
v 23 24 -25 -26 -27 28 -29 -30 -31 -32 33 -34 -35 36 37 -38 39 40 41 42 43
v -44 -45 46 47 -48 -49 -50 51 52 53 54 55 56 -57 -58 -59 -60 0
c Answer: 696
v -1 -2 3 -4 -5 -6 7 -8 9 -10 -11 -12 13 14 15 -16 -17 18 -19 -20 -21 22
v 23 24 -25 -26 -27 28 -29 -30 -31 32 33 -34 -35 36 37 -38 39 40 41 42 43
v -44 -45 46 47 -48 -49 -50 51 52 53 54 55 56 -57 -58 -59 -60 0
c Answer: 697
v 1 -2 -3 -4 5 6 7 -8 -9 -10 11 -12 -13 -14 15 -16 -17 18 -19 -20 -21 22
v 23 24 -25 -26 -27 28 -29 -30 -31 -32 33 -34 -35 36 37 -38 39 40 41 42 43
v -44 45 46 47 48 -49 -50 51 -52 -53 54 55 56 -57 -58 -59 -60 0
c Answer: 698
v -1 -2 3 -4 -5 -6 7 -8 9 -10 -11 -12 13 14 15 -16 -17 18 -19 -20 -21 22
v 23 24 -25 -26 -27 28 -29 -30 -31 -32 33 -34 -35 36 37 -38 39 40 41 42 43
v -44 -45 46 47 48 -49 -50 51 -52 53 54 55 56 -57 -58 -59 -60 0
c Answer: 699
v 1 -2 -3 -4 5 6 7 -8 -9 -10 11 -12 -13 -14 15 -16 -17 18 -19 -20 -21 22
v 23 24 -25 -26 -27 28 -29 -30 -31 -32 33 -34 -35 36 37 -38 39 40 41 42 43
v -44 45 46 47 48 -49 -50 51 52 -53 54 55 56 -57 -58 -59 -60 0
c Answer: 700
v -1 -2 3 -4 -5 -6 7 -8 9 -10 -11 -12 13 14 15 -16 -17 18 -19 -20 -21 22
v 23 24 -25 -26 -27 28 -29 -30 -31 -32 33 -34 -35 36 37 -38 39 40 41 42 43
v -44 -45 46 47 48 -49 -50 51 52 53 54 55 56 -57 -58 -59 -60 0
c Answer: 701
v 1 -2 -3 -4 5 6 7 -8 -9 -10 11 -12 -13 -14 15 -16 -17 18 -19 -20 -21 22
v 23 24 -25 -26 -27 28 -29 -30 -31 32 33 -34 -35 36 37 -38 39 40 41 42 43
v -44 45 46 47 48 -49 -50 51 -52 -53 54 55 56 -57 -58 -59 -60 0
c Answer: 702
v 1 -2 -3 -4 5 6 7 -8 -9 -10 11 -12 -13 -14 15 -16 -17 18 -19 -20 -21 22
v 23 24 -25 -26 -27 28 -29 -30 -31 32 33 -34 -35 36 37 -38 39 40 41 42 43
v -44 45 46 47 48 -49 -50 51 52 -53 54 55 56 -57 -58 -59 -60 0
c Answer: 703
v -1 -2 3 -4 -5 -6 7 -8 9 -10 -11 -12 13 14 15 -16 -17 18 -19 -20 -21 22
v 23 24 -25 -26 -27 28 -29 -30 -31 32 33 -34 -35 36 37 -38 39 40 41 42 43
v -44 -45 46 47 48 -49 -50 51 -52 53 54 55 56 -57 -58 -59 -60 0
c Answer: 704
v -1 -2 3 -4 -5 -6 7 -8 9 -10 -11 -12 13 14 15 -16 -17 18 -19 -20 -21 22
v 23 24 -25 -26 -27 28 -29 -30 -31 32 33 -34 -35 36 37 -38 39 40 41 42 43
v -44 -45 46 47 48 -49 -50 51 52 53 54 55 56 -57 -58 -59 -60 0
c Answer: 705
v 1 -2 -3 -4 5 6 7 -8 -9 -10 11 -12 -13 -14 15 16 -17 18 -19 -20 -21 22 23
v 24 -25 -26 -27 28 -29 -30 -31 -32 33 -34 -35 36 37 -38 39 40 41 -42 -43
v -44 45 46 47 -48 -49 -50 51 -52 -53 54 55 56 -57 -58 -59 -60 0
c Answer: 706
v -1 -2 3 -4 -5 -6 7 -8 9 -10 -11 -12 13 14 15 16 -17 18 -19 -20 -21 22 23
v 24 -25 -26 -27 28 -29 -30 -31 -32 33 -34 -35 36 37 -38 39 40 41 -42 -43
v -44 -45 46 47 -48 -49 -50 51 -52 53 54 55 56 -57 -58 -59 -60 0
c Answer: 707
v 1 -2 -3 -4 5 6 7 -8 -9 -10 11 -12 -13 -14 15 16 -17 18 -19 -20 -21 22 23
v 24 -25 -26 -27 28 -29 -30 -31 -32 33 -34 -35 36 37 -38 39 40 41 -42 43
v -44 45 46 47 -48 -49 -50 51 -52 -53 54 55 56 -57 -58 -59 -60 0
c Answer: 708
v -1 -2 3 -4 -5 -6 7 -8 9 -10 -11 -12 13 14 15 16 -17 18 -19 -20 -21 22 23
v 24 -25 -26 -27 28 -29 -30 -31 -32 33 -34 -35 36 37 -38 39 40 41 -42 43
v -44 -45 46 47 -48 -49 -50 51 -52 53 54 55 56 -57 -58 -59 -60 0
c Answer: 709
v 1 -2 -3 -4 5 6 7 -8 -9 -10 11 -12 -13 -14 15 16 -17 18 -19 -20 -21 22 23
v 24 -25 -26 -27 28 -29 -30 -31 -32 33 -34 -35 36 37 -38 39 40 41 42 -43
v -44 45 46 47 -48 -49 -50 51 -52 -53 54 55 56 -57 -58 -59 -60 0
c Answer: 710
v 1 -2 -3 -4 5 6 7 -8 -9 -10 11 -12 -13 -14 15 16 -17 18 -19 -20 -21 22 23
v 24 -25 -26 -27 28 -29 -30 -31 -32 33 -34 -35 36 37 -38 39 40 41 42 43 -44
v 45 46 47 -48 -49 -50 51 -52 -53 54 55 56 -57 -58 -59 -60 0
c Answer: 711
v -1 -2 3 -4 -5 -6 7 -8 9 -10 -11 -12 13 14 15 16 -17 18 -19 -20 -21 22 23
v 24 -25 -26 -27 28 -29 -30 -31 -32 33 -34 -35 36 37 -38 39 40 41 42 -43
v -44 -45 46 47 -48 -49 -50 51 -52 53 54 55 56 -57 -58 -59 -60 0
c Answer: 712
v -1 -2 3 -4 -5 -6 7 -8 9 -10 -11 -12 13 14 15 16 -17 18 -19 -20 -21 22 23
v 24 -25 -26 -27 28 -29 -30 -31 -32 33 -34 -35 36 37 -38 39 40 41 42 43 -44
v -45 46 47 -48 -49 -50 51 -52 53 54 55 56 -57 -58 -59 -60 0
c Answer: 713
v 1 -2 -3 -4 5 6 7 -8 -9 -10 11 -12 -13 -14 15 16 -17 18 -19 -20 -21 22 23
v 24 -25 -26 -27 28 -29 -30 -31 -32 33 -34 -35 36 37 -38 39 40 41 -42 -43
v -44 45 46 47 48 -49 -50 51 -52 -53 54 55 56 -57 -58 -59 -60 0
c Answer: 714
v -1 -2 3 -4 -5 -6 7 -8 9 -10 -11 -12 13 14 15 16 -17 18 -19 -20 -21 22 23
v 24 -25 -26 -27 28 -29 -30 -31 -32 33 -34 -35 36 37 -38 39 40 41 -42 -43
v -44 -45 46 47 48 -49 -50 51 -52 53 54 55 56 -57 -58 -59 -60 0
c Answer: 715
v 1 -2 -3 -4 5 6 7 -8 -9 -10 11 -12 -13 -14 15 16 -17 18 -19 -20 -21 22 23
v 24 -25 -26 -27 28 -29 -30 -31 -32 33 -34 -35 36 37 -38 39 40 41 42 -43
v -44 45 46 47 48 -49 -50 51 -52 -53 54 55 56 -57 -58 -59 -60 0
c Answer: 716
v -1 -2 3 -4 -5 -6 7 -8 9 -10 -11 -12 13 14 15 16 -17 18 -19 -20 -21 22 23
v 24 -25 -26 -27 28 -29 -30 -31 -32 33 -34 -35 36 37 -38 39 40 41 42 -43
v -44 -45 46 47 48 -49 -50 51 -52 53 54 55 56 -57 -58 -59 -60 0
c Answer: 717
v 1 -2 -3 -4 5 6 7 -8 -9 -10 11 -12 -13 -14 15 16 -17 18 -19 -20 -21 22 23
v 24 -25 -26 -27 28 -29 -30 -31 -32 33 -34 -35 36 37 -38 39 40 41 -42 43
v -44 45 46 47 48 -49 -50 51 -52 -53 54 55 56 -57 -58 -59 -60 0
c Answer: 718
v 1 -2 -3 -4 5 6 7 -8 -9 -10 11 -12 -13 -14 15 16 -17 18 -19 -20 -21 22 23
v 24 -25 -26 -27 28 -29 -30 -31 -32 33 -34 -35 36 37 -38 39 40 41 42 43 -44
v 45 46 47 48 -49 -50 51 -52 -53 54 55 56 -57 -58 -59 -60 0
c Answer: 719
v -1 -2 3 -4 -5 -6 7 -8 9 -10 -11 -12 13 14 15 16 -17 18 -19 -20 -21 22 23
v 24 -25 -26 -27 28 -29 -30 -31 -32 33 -34 -35 36 37 -38 39 40 41 -42 43
v -44 -45 46 47 48 -49 -50 51 -52 53 54 55 56 -57 -58 -59 -60 0
c Answer: 720
v -1 -2 3 -4 -5 -6 7 -8 9 -10 -11 -12 13 14 15 16 -17 18 -19 -20 -21 22 23
v 24 -25 -26 -27 28 -29 -30 -31 -32 33 -34 -35 36 37 -38 39 40 41 42 43 -44
v -45 46 47 48 -49 -50 51 -52 53 54 55 56 -57 -58 -59 -60 0
c Answer: 721
v 1 -2 -3 -4 5 6 7 -8 -9 -10 11 -12 -13 -14 15 16 -17 18 -19 -20 -21 22 23
v 24 -25 -26 -27 28 -29 -30 -31 32 33 -34 -35 36 37 -38 39 40 41 -42 -43
v -44 45 46 47 -48 -49 -50 51 -52 -53 54 55 56 -57 -58 -59 -60 0
c Answer: 722
v -1 -2 3 -4 -5 -6 7 -8 9 -10 -11 -12 13 14 15 16 -17 18 -19 -20 -21 22 23
v 24 -25 -26 -27 28 -29 -30 -31 32 33 -34 -35 36 37 -38 39 40 41 -42 -43
v -44 -45 46 47 -48 -49 -50 51 -52 53 54 55 56 -57 -58 -59 -60 0
c Answer: 723
v 1 -2 -3 -4 5 6 7 -8 -9 -10 11 -12 -13 -14 15 16 -17 18 -19 -20 -21 22 23
v 24 -25 -26 -27 28 -29 -30 -31 32 33 -34 -35 36 37 -38 39 40 41 -42 -43
v -44 45 46 47 48 -49 -50 51 -52 -53 54 55 56 -57 -58 -59 -60 0
c Answer: 724
v -1 -2 3 -4 -5 -6 7 -8 9 -10 -11 -12 13 14 15 16 -17 18 -19 -20 -21 22 23
v 24 -25 -26 -27 28 -29 -30 -31 32 33 -34 -35 36 37 -38 39 40 41 -42 -43
v -44 -45 46 47 48 -49 -50 51 -52 53 54 55 56 -57 -58 -59 -60 0
c Answer: 725
v 1 -2 -3 -4 5 6 7 -8 -9 -10 11 -12 -13 -14 15 16 -17 18 -19 -20 -21 22 23
v 24 -25 -26 -27 28 -29 -30 -31 32 33 -34 -35 36 37 -38 39 40 41 -42 43 -44
v 45 46 47 -48 -49 -50 51 -52 -53 54 55 56 -57 -58 -59 -60 0
c Answer: 726
v 1 -2 -3 -4 5 6 7 -8 -9 -10 11 -12 -13 -14 15 16 -17 18 -19 -20 -21 22 23
v 24 -25 -26 -27 28 -29 -30 -31 32 33 -34 -35 36 37 -38 39 40 41 -42 43 -44
v 45 46 47 48 -49 -50 51 -52 -53 54 55 56 -57 -58 -59 -60 0
c Answer: 727
v -1 -2 3 -4 -5 -6 7 -8 9 -10 -11 -12 13 14 15 16 -17 18 -19 -20 -21 22 23
v 24 -25 -26 -27 28 -29 -30 -31 32 33 -34 -35 36 37 -38 39 40 41 -42 43 -44
v -45 46 47 -48 -49 -50 51 -52 53 54 55 56 -57 -58 -59 -60 0
c Answer: 728
v -1 -2 3 -4 -5 -6 7 -8 9 -10 -11 -12 13 14 15 16 -17 18 -19 -20 -21 22 23
v 24 -25 -26 -27 28 -29 -30 -31 32 33 -34 -35 36 37 -38 39 40 41 -42 43 -44
v -45 46 47 48 -49 -50 51 -52 53 54 55 56 -57 -58 -59 -60 0
c Answer: 729
v 1 -2 -3 -4 5 6 7 -8 -9 -10 11 -12 -13 -14 15 16 -17 18 -19 -20 -21 22 23
v 24 -25 -26 -27 28 -29 -30 -31 32 33 -34 -35 36 37 -38 39 40 41 42 -43 -44
v 45 46 47 -48 -49 -50 51 -52 -53 54 55 56 -57 -58 -59 -60 0
c Answer: 730
v -1 -2 3 -4 -5 -6 7 -8 9 -10 -11 -12 13 14 15 16 -17 18 -19 -20 -21 22 23
v 24 -25 -26 -27 28 -29 -30 -31 32 33 -34 -35 36 37 -38 39 40 41 42 -43 -44
v -45 46 47 -48 -49 -50 51 -52 53 54 55 56 -57 -58 -59 -60 0
c Answer: 731
v 1 -2 -3 -4 5 6 7 -8 -9 -10 11 -12 -13 -14 15 16 -17 18 -19 -20 -21 22 23
v 24 -25 -26 -27 28 -29 -30 -31 32 33 -34 -35 36 37 -38 39 40 41 42 43 -44
v 45 46 47 -48 -49 -50 51 -52 -53 54 55 56 -57 -58 -59 -60 0
c Answer: 732
v -1 -2 3 -4 -5 -6 7 -8 9 -10 -11 -12 13 14 15 16 -17 18 -19 -20 -21 22 23
v 24 -25 -26 -27 28 -29 -30 -31 32 33 -34 -35 36 37 -38 39 40 41 42 43 -44
v -45 46 47 -48 -49 -50 51 -52 53 54 55 56 -57 -58 -59 -60 0
c Answer: 733
v 1 -2 -3 -4 5 6 7 -8 -9 -10 11 -12 -13 -14 15 16 -17 18 -19 -20 -21 22 23
v 24 -25 -26 -27 28 -29 -30 -31 32 33 -34 -35 36 37 -38 39 40 41 42 -43 -44
v 45 46 47 48 -49 -50 51 -52 -53 54 55 56 -57 -58 -59 -60 0
c Answer: 734
v 1 -2 -3 -4 5 6 7 -8 -9 -10 11 -12 -13 -14 15 16 -17 18 -19 -20 -21 22 23
v 24 -25 -26 -27 28 -29 -30 -31 32 33 -34 -35 36 37 -38 39 40 41 42 43 -44
v 45 46 47 48 -49 -50 51 -52 -53 54 55 56 -57 -58 -59 -60 0
c Answer: 735
v -1 -2 3 -4 -5 -6 7 -8 9 -10 -11 -12 13 14 15 16 -17 18 -19 -20 -21 22 23
v 24 -25 -26 -27 28 -29 -30 -31 32 33 -34 -35 36 37 -38 39 40 41 42 -43 -44
v -45 46 47 48 -49 -50 51 -52 53 54 55 56 -57 -58 -59 -60 0
c Answer: 736
v -1 -2 3 -4 -5 -6 7 -8 9 -10 -11 -12 13 14 15 16 -17 18 -19 -20 -21 22 23
v 24 -25 -26 -27 28 -29 -30 -31 32 33 -34 -35 36 37 -38 39 40 41 42 43 -44
v -45 46 47 48 -49 -50 51 -52 53 54 55 56 -57 -58 -59 -60 0
c Answer: 737
v 1 -2 -3 -4 5 6 7 -8 -9 -10 11 -12 -13 -14 15 16 -17 18 -19 -20 -21 22 23
v 24 -25 -26 -27 28 -29 -30 -31 -32 33 -34 -35 36 37 -38 39 40 41 -42 -43
v -44 45 46 47 -48 -49 -50 51 52 -53 54 55 56 -57 -58 -59 -60 0
c Answer: 738
v -1 -2 3 -4 -5 -6 7 -8 9 -10 -11 -12 13 14 15 16 -17 18 -19 -20 -21 22 23
v 24 -25 -26 -27 28 -29 -30 -31 -32 33 -34 -35 36 37 -38 39 40 41 -42 -43
v -44 -45 46 47 -48 -49 -50 51 52 53 54 55 56 -57 -58 -59 -60 0
c Answer: 739
v 1 -2 -3 -4 5 6 7 -8 -9 -10 11 -12 -13 -14 15 16 -17 18 -19 -20 -21 22 23
v 24 -25 -26 -27 28 -29 -30 -31 32 33 -34 -35 36 37 -38 39 40 41 -42 -43
v -44 45 46 47 -48 -49 -50 51 52 -53 54 55 56 -57 -58 -59 -60 0
c Answer: 740
v -1 -2 3 -4 -5 -6 7 -8 9 -10 -11 -12 13 14 15 16 -17 18 -19 -20 -21 22 23
v 24 -25 -26 -27 28 -29 -30 -31 32 33 -34 -35 36 37 -38 39 40 41 -42 -43
v -44 -45 46 47 -48 -49 -50 51 52 53 54 55 56 -57 -58 -59 -60 0
c Answer: 741
v 1 -2 -3 -4 5 6 7 -8 -9 -10 11 -12 -13 -14 15 16 -17 18 -19 -20 -21 22 23
v 24 -25 -26 -27 28 -29 -30 -31 -32 33 -34 -35 36 37 -38 39 40 41 42 -43
v -44 45 46 47 -48 -49 -50 51 52 -53 54 55 56 -57 -58 -59 -60 0
c Answer: 742
v 1 -2 -3 -4 5 6 7 -8 -9 -10 11 -12 -13 -14 15 16 -17 18 -19 -20 -21 22 23
v 24 -25 -26 -27 28 -29 -30 -31 32 33 -34 -35 36 37 -38 39 40 41 42 -43 -44
v 45 46 47 -48 -49 -50 51 52 -53 54 55 56 -57 -58 -59 -60 0
c Answer: 743
v -1 -2 3 -4 -5 -6 7 -8 9 -10 -11 -12 13 14 15 16 -17 18 -19 -20 -21 22 23
v 24 -25 -26 -27 28 -29 -30 -31 -32 33 -34 -35 36 37 -38 39 40 41 42 -43
v -44 -45 46 47 -48 -49 -50 51 52 53 54 55 56 -57 -58 -59 -60 0
c Answer: 744
v -1 -2 3 -4 -5 -6 7 -8 9 -10 -11 -12 13 14 15 16 -17 18 -19 -20 -21 22 23
v 24 -25 -26 -27 28 -29 -30 -31 32 33 -34 -35 36 37 -38 39 40 41 42 -43 -44
v -45 46 47 -48 -49 -50 51 52 53 54 55 56 -57 -58 -59 -60 0
c Answer: 745
v 1 -2 -3 -4 5 6 7 -8 -9 -10 11 -12 -13 -14 15 16 -17 18 -19 -20 -21 22 23
v 24 -25 -26 -27 28 -29 -30 -31 -32 33 -34 -35 36 37 -38 39 40 41 -42 -43
v -44 45 46 47 48 -49 -50 51 52 -53 54 55 56 -57 -58 -59 -60 0
c Answer: 746
v -1 -2 3 -4 -5 -6 7 -8 9 -10 -11 -12 13 14 15 16 -17 18 -19 -20 -21 22 23
v 24 -25 -26 -27 28 -29 -30 -31 -32 33 -34 -35 36 37 -38 39 40 41 -42 -43
v -44 -45 46 47 48 -49 -50 51 52 53 54 55 56 -57 -58 -59 -60 0
c Answer: 747
v 1 -2 -3 -4 5 6 7 -8 -9 -10 11 -12 -13 -14 15 16 -17 18 -19 -20 -21 22 23
v 24 -25 -26 -27 28 -29 -30 -31 -32 33 -34 -35 36 37 -38 39 40 41 42 -43
v -44 45 46 47 48 -49 -50 51 52 -53 54 55 56 -57 -58 -59 -60 0
c Answer: 748
v -1 -2 3 -4 -5 -6 7 -8 9 -10 -11 -12 13 14 15 16 -17 18 -19 -20 -21 22 23
v 24 -25 -26 -27 28 -29 -30 -31 -32 33 -34 -35 36 37 -38 39 40 41 42 -43
v -44 -45 46 47 48 -49 -50 51 52 53 54 55 56 -57 -58 -59 -60 0
c Answer: 749
v 1 -2 -3 -4 5 6 7 -8 -9 -10 11 -12 -13 -14 15 16 -17 18 -19 -20 -21 22 23
v 24 -25 -26 -27 28 -29 -30 -31 32 33 -34 -35 36 37 -38 39 40 41 -42 -43
v -44 45 46 47 48 -49 -50 51 52 -53 54 55 56 -57 -58 -59 -60 0
c Answer: 750
v 1 -2 -3 -4 5 6 7 -8 -9 -10 11 -12 -13 -14 15 16 -17 18 -19 -20 -21 22 23
v 24 -25 -26 -27 28 -29 -30 -31 32 33 -34 -35 36 37 -38 39 40 41 42 -43 -44
v 45 46 47 48 -49 -50 51 52 -53 54 55 56 -57 -58 -59 -60 0
c Answer: 751
v -1 -2 3 -4 -5 -6 7 -8 9 -10 -11 -12 13 14 15 16 -17 18 -19 -20 -21 22 23
v 24 -25 -26 -27 28 -29 -30 -31 32 33 -34 -35 36 37 -38 39 40 41 -42 -43
v -44 -45 46 47 48 -49 -50 51 52 53 54 55 56 -57 -58 -59 -60 0
c Answer: 752
v -1 -2 3 -4 -5 -6 7 -8 9 -10 -11 -12 13 14 15 16 -17 18 -19 -20 -21 22 23
v 24 -25 -26 -27 28 -29 -30 -31 32 33 -34 -35 36 37 -38 39 40 41 42 -43 -44
v -45 46 47 48 -49 -50 51 52 53 54 55 56 -57 -58 -59 -60 0
c Answer: 753
v 1 -2 -3 -4 5 6 7 -8 -9 -10 11 -12 -13 -14 15 16 -17 18 -19 -20 -21 22 23
v 24 -25 -26 -27 28 -29 -30 -31 -32 33 -34 -35 36 37 -38 39 40 41 -42 43
v -44 45 46 47 -48 -49 -50 51 52 -53 54 55 56 -57 -58 -59 -60 0
c Answer: 754
v -1 -2 3 -4 -5 -6 7 -8 9 -10 -11 -12 13 14 15 16 -17 18 -19 -20 -21 22 23
v 24 -25 -26 -27 28 -29 -30 -31 -32 33 -34 -35 36 37 -38 39 40 41 -42 43
v -44 -45 46 47 -48 -49 -50 51 52 53 54 55 56 -57 -58 -59 -60 0
c Answer: 755
v 1 -2 -3 -4 5 6 7 -8 -9 -10 11 -12 -13 -14 15 16 -17 18 -19 -20 -21 22 23
v 24 -25 -26 -27 28 -29 -30 -31 -32 33 -34 -35 36 37 -38 39 40 41 -42 43
v -44 45 46 47 48 -49 -50 51 52 -53 54 55 56 -57 -58 -59 -60 0
c Answer: 756
v -1 -2 3 -4 -5 -6 7 -8 9 -10 -11 -12 13 14 15 16 -17 18 -19 -20 -21 22 23
v 24 -25 -26 -27 28 -29 -30 -31 -32 33 -34 -35 36 37 -38 39 40 41 -42 43
v -44 -45 46 47 48 -49 -50 51 52 53 54 55 56 -57 -58 -59 -60 0
c Answer: 757
v 1 -2 -3 -4 5 6 7 -8 -9 -10 11 -12 -13 -14 15 16 -17 18 -19 -20 -21 22 23
v 24 -25 -26 -27 28 -29 -30 -31 32 33 -34 -35 36 37 -38 39 40 41 -42 43 -44
v 45 46 47 -48 -49 -50 51 52 -53 54 55 56 -57 -58 -59 -60 0
c Answer: 758
v 1 -2 -3 -4 5 6 7 -8 -9 -10 11 -12 -13 -14 15 16 -17 18 -19 -20 -21 22 23
v 24 -25 -26 -27 28 -29 -30 -31 32 33 -34 -35 36 37 -38 39 40 41 -42 43 -44
v 45 46 47 48 -49 -50 51 52 -53 54 55 56 -57 -58 -59 -60 0
c Answer: 759
v -1 -2 3 -4 -5 -6 7 -8 9 -10 -11 -12 13 14 15 16 -17 18 -19 -20 -21 22 23
v 24 -25 -26 -27 28 -29 -30 -31 32 33 -34 -35 36 37 -38 39 40 41 -42 43 -44
v -45 46 47 -48 -49 -50 51 52 53 54 55 56 -57 -58 -59 -60 0
c Answer: 760
v -1 -2 3 -4 -5 -6 7 -8 9 -10 -11 -12 13 14 15 16 -17 18 -19 -20 -21 22 23
v 24 -25 -26 -27 28 -29 -30 -31 32 33 -34 -35 36 37 -38 39 40 41 -42 43 -44
v -45 46 47 48 -49 -50 51 52 53 54 55 56 -57 -58 -59 -60 0
c Answer: 761
v 1 -2 -3 -4 5 6 7 -8 -9 -10 11 -12 -13 -14 15 16 -17 18 -19 -20 -21 22 23
v 24 -25 -26 -27 28 -29 -30 -31 -32 33 -34 -35 36 37 -38 39 40 41 42 43 -44
v 45 46 47 -48 -49 -50 51 52 -53 54 55 56 -57 -58 -59 -60 0
c Answer: 762
v -1 -2 3 -4 -5 -6 7 -8 9 -10 -11 -12 13 14 15 16 -17 18 -19 -20 -21 22 23
v 24 -25 -26 -27 28 -29 -30 -31 -32 33 -34 -35 36 37 -38 39 40 41 42 43 -44
v -45 46 47 -48 -49 -50 51 52 53 54 55 56 -57 -58 -59 -60 0
c Answer: 763
v 1 -2 -3 -4 5 6 7 -8 -9 -10 11 -12 -13 -14 15 16 -17 18 -19 -20 -21 22 23
v 24 -25 -26 -27 28 -29 -30 -31 32 33 -34 -35 36 37 -38 39 40 41 42 43 -44
v 45 46 47 -48 -49 -50 51 52 -53 54 55 56 -57 -58 -59 -60 0
c Answer: 764
v -1 -2 3 -4 -5 -6 7 -8 9 -10 -11 -12 13 14 15 16 -17 18 -19 -20 -21 22 23
v 24 -25 -26 -27 28 -29 -30 -31 32 33 -34 -35 36 37 -38 39 40 41 42 43 -44
v -45 46 47 -48 -49 -50 51 52 53 54 55 56 -57 -58 -59 -60 0
c Answer: 765
v 1 -2 -3 -4 5 6 7 -8 -9 -10 11 -12 -13 -14 15 16 -17 18 -19 -20 -21 22 23
v 24 -25 -26 -27 28 -29 -30 -31 -32 33 -34 -35 36 37 -38 39 40 41 42 43 -44
v 45 46 47 48 -49 -50 51 52 -53 54 55 56 -57 -58 -59 -60 0
c Answer: 766
v 1 -2 -3 -4 5 6 7 -8 -9 -10 11 -12 -13 -14 15 16 -17 18 -19 -20 -21 22 23
v 24 -25 -26 -27 28 -29 -30 -31 32 33 -34 -35 36 37 -38 39 40 41 42 43 -44
v 45 46 47 48 -49 -50 51 52 -53 54 55 56 -57 -58 -59 -60 0
c Answer: 767
v -1 -2 3 -4 -5 -6 7 -8 9 -10 -11 -12 13 14 15 16 -17 18 -19 -20 -21 22 23
v 24 -25 -26 -27 28 -29 -30 -31 -32 33 -34 -35 36 37 -38 39 40 41 42 43 -44
v -45 46 47 48 -49 -50 51 52 53 54 55 56 -57 -58 -59 -60 0
c Answer: 768
v -1 -2 3 -4 -5 -6 7 -8 9 -10 -11 -12 13 14 15 16 -17 18 -19 -20 -21 22 23
v 24 -25 -26 -27 28 -29 -30 -31 32 33 -34 -35 36 37 -38 39 40 41 42 43 -44
v -45 46 47 48 -49 -50 51 52 53 54 55 56 -57 -58 -59 -60 0
c Answer: 769
v 1 -2 -3 -4 5 6 7 -8 -9 -10 11 -12 -13 -14 15 -16 -17 18 -19 -20 -21 22
v 23 -24 -25 -26 -27 28 -29 -30 -31 -32 33 -34 -35 36 37 -38 39 40 41 -42
v -43 44 45 46 47 -48 -49 -50 51 -52 -53 54 55 56 -57 -58 -59 -60 0
c Answer: 770
v -1 -2 3 -4 -5 -6 7 -8 9 -10 -11 -12 13 14 15 -16 -17 18 -19 -20 -21 22
v 23 -24 -25 -26 -27 28 -29 -30 -31 -32 33 -34 -35 36 37 -38 39 40 41 -42
v -43 44 -45 46 47 -48 -49 -50 51 -52 53 54 55 56 -57 -58 -59 -60 0
c Answer: 771
v 1 -2 -3 -4 5 6 7 -8 -9 -10 11 -12 -13 -14 15 -16 -17 18 -19 -20 -21 22
v 23 24 -25 -26 -27 28 -29 -30 -31 -32 33 -34 -35 36 37 -38 39 40 41 -42
v -43 44 45 46 47 -48 -49 -50 51 -52 -53 54 55 56 -57 -58 -59 -60 0
c Answer: 772
v -1 -2 3 -4 -5 -6 7 -8 9 -10 -11 -12 13 14 15 -16 -17 18 -19 -20 -21 22
v 23 24 -25 -26 -27 28 -29 -30 -31 -32 33 -34 -35 36 37 -38 39 40 41 -42
v -43 44 -45 46 47 -48 -49 -50 51 -52 53 54 55 56 -57 -58 -59 -60 0
c Answer: 773
v 1 -2 -3 -4 5 6 7 -8 -9 -10 11 -12 -13 -14 15 16 -17 18 -19 -20 -21 22 23
v -24 -25 -26 -27 28 -29 -30 -31 -32 33 -34 -35 36 37 -38 39 40 41 -42 -43
v 44 45 46 47 -48 -49 -50 51 -52 -53 54 55 56 -57 -58 -59 -60 0
c Answer: 774
v 1 -2 -3 -4 5 6 7 -8 -9 -10 11 -12 -13 -14 15 16 -17 18 -19 -20 -21 22 23
v 24 -25 -26 -27 28 -29 -30 -31 -32 33 -34 -35 36 37 -38 39 40 41 -42 -43
v 44 45 46 47 -48 -49 -50 51 -52 -53 54 55 56 -57 -58 -59 -60 0
c Answer: 775
v -1 -2 3 -4 -5 -6 7 -8 9 -10 -11 -12 13 14 15 16 -17 18 -19 -20 -21 22 23
v -24 -25 -26 -27 28 -29 -30 -31 -32 33 -34 -35 36 37 -38 39 40 41 -42 -43
v 44 -45 46 47 -48 -49 -50 51 -52 53 54 55 56 -57 -58 -59 -60 0
c Answer: 776
v -1 -2 3 -4 -5 -6 7 -8 9 -10 -11 -12 13 14 15 16 -17 18 -19 -20 -21 22 23
v 24 -25 -26 -27 28 -29 -30 -31 -32 33 -34 -35 36 37 -38 39 40 41 -42 -43
v 44 -45 46 47 -48 -49 -50 51 -52 53 54 55 56 -57 -58 -59 -60 0
c Answer: 777
v 1 -2 -3 -4 5 6 7 -8 -9 -10 11 -12 -13 -14 15 -16 -17 18 -19 -20 -21 22
v 23 -24 -25 -26 -27 28 -29 -30 -31 -32 33 -34 -35 36 37 -38 39 40 41 -42
v -43 44 45 46 47 -48 -49 -50 51 52 -53 54 55 56 -57 -58 -59 -60 0
c Answer: 778
v -1 -2 3 -4 -5 -6 7 -8 9 -10 -11 -12 13 14 15 -16 -17 18 -19 -20 -21 22
v 23 -24 -25 -26 -27 28 -29 -30 -31 -32 33 -34 -35 36 37 -38 39 40 41 -42
v -43 44 -45 46 47 -48 -49 -50 51 52 53 54 55 56 -57 -58 -59 -60 0
c Answer: 779
v 1 -2 -3 -4 5 6 7 -8 -9 -10 11 -12 -13 -14 15 16 -17 18 -19 -20 -21 22 23
v -24 -25 -26 -27 28 -29 -30 -31 -32 33 -34 -35 36 37 -38 39 40 41 -42 -43
v 44 45 46 47 -48 -49 -50 51 52 -53 54 55 56 -57 -58 -59 -60 0
c Answer: 780
v -1 -2 3 -4 -5 -6 7 -8 9 -10 -11 -12 13 14 15 16 -17 18 -19 -20 -21 22 23
v -24 -25 -26 -27 28 -29 -30 -31 -32 33 -34 -35 36 37 -38 39 40 41 -42 -43
v 44 -45 46 47 -48 -49 -50 51 52 53 54 55 56 -57 -58 -59 -60 0
c Answer: 781
v 1 -2 -3 -4 5 6 7 -8 -9 -10 11 -12 -13 -14 15 -16 -17 18 -19 -20 -21 22
v 23 24 -25 -26 -27 28 -29 -30 -31 -32 33 -34 -35 36 37 -38 39 40 41 -42
v -43 44 45 46 47 -48 -49 -50 51 52 -53 54 55 56 -57 -58 -59 -60 0
c Answer: 782
v 1 -2 -3 -4 5 6 7 -8 -9 -10 11 -12 -13 -14 15 16 -17 18 -19 -20 -21 22 23
v 24 -25 -26 -27 28 -29 -30 -31 -32 33 -34 -35 36 37 -38 39 40 41 -42 -43
v 44 45 46 47 -48 -49 -50 51 52 -53 54 55 56 -57 -58 -59 -60 0
c Answer: 783
v -1 -2 3 -4 -5 -6 7 -8 9 -10 -11 -12 13 14 15 -16 -17 18 -19 -20 -21 22
v 23 24 -25 -26 -27 28 -29 -30 -31 -32 33 -34 -35 36 37 -38 39 40 41 -42
v -43 44 -45 46 47 -48 -49 -50 51 52 53 54 55 56 -57 -58 -59 -60 0
c Answer: 784
v -1 -2 3 -4 -5 -6 7 -8 9 -10 -11 -12 13 14 15 16 -17 18 -19 -20 -21 22 23
v 24 -25 -26 -27 28 -29 -30 -31 -32 33 -34 -35 36 37 -38 39 40 41 -42 -43
v 44 -45 46 47 -48 -49 -50 51 52 53 54 55 56 -57 -58 -59 -60 0
c Answer: 785
v 1 -2 -3 -4 5 6 7 -8 -9 -10 11 -12 -13 -14 15 -16 -17 18 -19 -20 -21 22
v 23 -24 -25 -26 -27 28 -29 -30 -31 -32 33 -34 -35 36 37 -38 39 40 41 -42
v 43 44 45 46 47 -48 -49 -50 51 -52 -53 54 55 56 -57 -58 -59 -60 0
c Answer: 786
v -1 -2 3 -4 -5 -6 7 -8 9 -10 -11 -12 13 14 15 -16 -17 18 -19 -20 -21 22
v 23 -24 -25 -26 -27 28 -29 -30 -31 -32 33 -34 -35 36 37 -38 39 40 41 -42
v 43 44 -45 46 47 -48 -49 -50 51 -52 53 54 55 56 -57 -58 -59 -60 0
c Answer: 787
v 1 -2 -3 -4 5 6 7 -8 -9 -10 11 -12 -13 -14 15 -16 -17 18 -19 -20 -21 22
v 23 -24 -25 -26 -27 28 -29 -30 -31 -32 33 -34 -35 36 37 -38 39 40 41 -42
v 43 44 45 46 47 -48 -49 -50 51 52 -53 54 55 56 -57 -58 -59 -60 0
c Answer: 788
v -1 -2 3 -4 -5 -6 7 -8 9 -10 -11 -12 13 14 15 -16 -17 18 -19 -20 -21 22
v 23 -24 -25 -26 -27 28 -29 -30 -31 -32 33 -34 -35 36 37 -38 39 40 41 -42
v 43 44 -45 46 47 -48 -49 -50 51 52 53 54 55 56 -57 -58 -59 -60 0
c Answer: 789
v 1 -2 -3 -4 5 6 7 -8 -9 -10 11 -12 -13 -14 15 -16 -17 18 -19 -20 -21 22
v 23 24 -25 -26 -27 28 -29 -30 -31 -32 33 -34 -35 36 37 -38 39 40 41 -42
v 43 44 45 46 47 -48 -49 -50 51 -52 -53 54 55 56 -57 -58 -59 -60 0
c Answer: 790
v 1 -2 -3 -4 5 6 7 -8 -9 -10 11 -12 -13 -14 15 -16 -17 18 -19 -20 -21 22
v 23 24 -25 -26 -27 28 -29 -30 -31 -32 33 -34 -35 36 37 -38 39 40 41 -42
v 43 44 45 46 47 -48 -49 -50 51 52 -53 54 55 56 -57 -58 -59 -60 0
c Answer: 791
v -1 -2 3 -4 -5 -6 7 -8 9 -10 -11 -12 13 14 15 -16 -17 18 -19 -20 -21 22
v 23 24 -25 -26 -27 28 -29 -30 -31 -32 33 -34 -35 36 37 -38 39 40 41 -42
v 43 44 -45 46 47 -48 -49 -50 51 -52 53 54 55 56 -57 -58 -59 -60 0
c Answer: 792
v -1 -2 3 -4 -5 -6 7 -8 9 -10 -11 -12 13 14 15 -16 -17 18 -19 -20 -21 22
v 23 24 -25 -26 -27 28 -29 -30 -31 -32 33 -34 -35 36 37 -38 39 40 41 -42
v 43 44 -45 46 47 -48 -49 -50 51 52 53 54 55 56 -57 -58 -59 -60 0
c Answer: 793
v 1 -2 -3 -4 5 6 7 -8 -9 -10 11 -12 -13 -14 15 16 -17 18 -19 -20 -21 22 23
v -24 -25 -26 -27 28 -29 -30 -31 -32 33 -34 -35 36 37 -38 39 40 41 -42 43
v 44 45 46 47 -48 -49 -50 51 -52 -53 54 55 56 -57 -58 -59 -60 0
c Answer: 794
v -1 -2 3 -4 -5 -6 7 -8 9 -10 -11 -12 13 14 15 16 -17 18 -19 -20 -21 22 23
v -24 -25 -26 -27 28 -29 -30 -31 -32 33 -34 -35 36 37 -38 39 40 41 -42 43
v 44 -45 46 47 -48 -49 -50 51 -52 53 54 55 56 -57 -58 -59 -60 0
c Answer: 795
v 1 -2 -3 -4 5 6 7 -8 -9 -10 11 -12 -13 -14 15 16 -17 18 -19 -20 -21 22 23
v 24 -25 -26 -27 28 -29 -30 -31 -32 33 -34 -35 36 37 -38 39 40 41 -42 43
v 44 45 46 47 -48 -49 -50 51 -52 -53 54 55 56 -57 -58 -59 -60 0
c Answer: 796
v -1 -2 3 -4 -5 -6 7 -8 9 -10 -11 -12 13 14 15 16 -17 18 -19 -20 -21 22 23
v 24 -25 -26 -27 28 -29 -30 -31 -32 33 -34 -35 36 37 -38 39 40 41 -42 43
v 44 -45 46 47 -48 -49 -50 51 -52 53 54 55 56 -57 -58 -59 -60 0
c Answer: 797
v 1 -2 -3 -4 5 6 7 -8 -9 -10 11 -12 -13 -14 15 16 -17 18 -19 -20 -21 22 23
v -24 -25 -26 -27 28 -29 -30 -31 -32 33 -34 -35 36 37 -38 39 40 41 -42 43
v 44 45 46 47 -48 -49 -50 51 52 -53 54 55 56 -57 -58 -59 -60 0
c Answer: 798
v 1 -2 -3 -4 5 6 7 -8 -9 -10 11 -12 -13 -14 15 16 -17 18 -19 -20 -21 22 23
v 24 -25 -26 -27 28 -29 -30 -31 -32 33 -34 -35 36 37 -38 39 40 41 -42 43
v 44 45 46 47 -48 -49 -50 51 52 -53 54 55 56 -57 -58 -59 -60 0
c Answer: 799
v -1 -2 3 -4 -5 -6 7 -8 9 -10 -11 -12 13 14 15 16 -17 18 -19 -20 -21 22 23
v -24 -25 -26 -27 28 -29 -30 -31 -32 33 -34 -35 36 37 -38 39 40 41 -42 43
v 44 -45 46 47 -48 -49 -50 51 52 53 54 55 56 -57 -58 -59 -60 0
c Answer: 800
v -1 -2 3 -4 -5 -6 7 -8 9 -10 -11 -12 13 14 15 16 -17 18 -19 -20 -21 22 23
v 24 -25 -26 -27 28 -29 -30 -31 -32 33 -34 -35 36 37 -38 39 40 41 -42 43
v 44 -45 46 47 -48 -49 -50 51 52 53 54 55 56 -57 -58 -59 -60 0
c Answer: 801
v 1 -2 -3 -4 5 6 7 -8 -9 -10 11 -12 -13 -14 15 -16 -17 18 -19 -20 -21 22
v 23 -24 -25 -26 -27 28 -29 -30 -31 -32 33 -34 -35 36 37 -38 39 40 41 42
v -43 44 45 46 47 -48 -49 -50 51 -52 -53 54 55 56 -57 -58 -59 -60 0
c Answer: 802
v -1 -2 3 -4 -5 -6 7 -8 9 -10 -11 -12 13 14 15 -16 -17 18 -19 -20 -21 22
v 23 -24 -25 -26 -27 28 -29 -30 -31 -32 33 -34 -35 36 37 -38 39 40 41 42
v -43 44 -45 46 47 -48 -49 -50 51 -52 53 54 55 56 -57 -58 -59 -60 0
c Answer: 803
v 1 -2 -3 -4 5 6 7 -8 -9 -10 11 -12 -13 -14 15 -16 -17 18 -19 -20 -21 22
v 23 -24 -25 -26 -27 28 -29 -30 -31 -32 33 -34 -35 36 37 -38 39 40 41 42
v 43 44 45 46 47 -48 -49 -50 51 -52 -53 54 55 56 -57 -58 -59 -60 0
c Answer: 804
v -1 -2 3 -4 -5 -6 7 -8 9 -10 -11 -12 13 14 15 -16 -17 18 -19 -20 -21 22
v 23 -24 -25 -26 -27 28 -29 -30 -31 -32 33 -34 -35 36 37 -38 39 40 41 42
v 43 44 -45 46 47 -48 -49 -50 51 -52 53 54 55 56 -57 -58 -59 -60 0
c Answer: 805
v 1 -2 -3 -4 5 6 7 -8 -9 -10 11 -12 -13 -14 15 16 -17 18 -19 -20 -21 22 23
v -24 -25 -26 -27 28 -29 -30 -31 -32 33 -34 -35 36 37 -38 39 40 41 42 -43
v 44 45 46 47 -48 -49 -50 51 -52 -53 54 55 56 -57 -58 -59 -60 0
c Answer: 806
v 1 -2 -3 -4 5 6 7 -8 -9 -10 11 -12 -13 -14 15 16 -17 18 -19 -20 -21 22 23
v -24 -25 -26 -27 28 -29 -30 -31 -32 33 -34 -35 36 37 -38 39 40 41 42 43
v 44 45 46 47 -48 -49 -50 51 -52 -53 54 55 56 -57 -58 -59 -60 0
c Answer: 807
v -1 -2 3 -4 -5 -6 7 -8 9 -10 -11 -12 13 14 15 16 -17 18 -19 -20 -21 22 23
v -24 -25 -26 -27 28 -29 -30 -31 -32 33 -34 -35 36 37 -38 39 40 41 42 -43
v 44 -45 46 47 -48 -49 -50 51 -52 53 54 55 56 -57 -58 -59 -60 0
c Answer: 808
v -1 -2 3 -4 -5 -6 7 -8 9 -10 -11 -12 13 14 15 16 -17 18 -19 -20 -21 22 23
v -24 -25 -26 -27 28 -29 -30 -31 -32 33 -34 -35 36 37 -38 39 40 41 42 43
v 44 -45 46 47 -48 -49 -50 51 -52 53 54 55 56 -57 -58 -59 -60 0
c Answer: 809
v 1 -2 -3 -4 5 6 7 -8 -9 -10 11 -12 -13 -14 15 -16 -17 18 -19 -20 -21 22
v 23 -24 -25 -26 -27 28 -29 -30 -31 -32 33 -34 -35 36 37 -38 39 40 41 42
v -43 44 45 46 47 -48 -49 -50 51 52 -53 54 55 56 -57 -58 -59 -60 0
c Answer: 810
v -1 -2 3 -4 -5 -6 7 -8 9 -10 -11 -12 13 14 15 -16 -17 18 -19 -20 -21 22
v 23 -24 -25 -26 -27 28 -29 -30 -31 -32 33 -34 -35 36 37 -38 39 40 41 42
v -43 44 -45 46 47 -48 -49 -50 51 52 53 54 55 56 -57 -58 -59 -60 0
c Answer: 811
v 1 -2 -3 -4 5 6 7 -8 -9 -10 11 -12 -13 -14 15 16 -17 18 -19 -20 -21 22 23
v -24 -25 -26 -27 28 -29 -30 -31 -32 33 -34 -35 36 37 -38 39 40 41 42 -43
v 44 45 46 47 -48 -49 -50 51 52 -53 54 55 56 -57 -58 -59 -60 0
c Answer: 812
v -1 -2 3 -4 -5 -6 7 -8 9 -10 -11 -12 13 14 15 16 -17 18 -19 -20 -21 22 23
v -24 -25 -26 -27 28 -29 -30 -31 -32 33 -34 -35 36 37 -38 39 40 41 42 -43
v 44 -45 46 47 -48 -49 -50 51 52 53 54 55 56 -57 -58 -59 -60 0
c Answer: 813
v 1 -2 -3 -4 5 6 7 -8 -9 -10 11 -12 -13 -14 15 -16 -17 18 -19 -20 -21 22
v 23 -24 -25 -26 -27 28 -29 -30 -31 -32 33 -34 -35 36 37 -38 39 40 41 42
v 43 44 45 46 47 -48 -49 -50 51 52 -53 54 55 56 -57 -58 -59 -60 0
c Answer: 814
v 1 -2 -3 -4 5 6 7 -8 -9 -10 11 -12 -13 -14 15 16 -17 18 -19 -20 -21 22 23
v -24 -25 -26 -27 28 -29 -30 -31 -32 33 -34 -35 36 37 -38 39 40 41 42 43
v 44 45 46 47 -48 -49 -50 51 52 -53 54 55 56 -57 -58 -59 -60 0
c Answer: 815
v -1 -2 3 -4 -5 -6 7 -8 9 -10 -11 -12 13 14 15 -16 -17 18 -19 -20 -21 22
v 23 -24 -25 -26 -27 28 -29 -30 -31 -32 33 -34 -35 36 37 -38 39 40 41 42
v 43 44 -45 46 47 -48 -49 -50 51 52 53 54 55 56 -57 -58 -59 -60 0
c Answer: 816
v -1 -2 3 -4 -5 -6 7 -8 9 -10 -11 -12 13 14 15 16 -17 18 -19 -20 -21 22 23
v -24 -25 -26 -27 28 -29 -30 -31 -32 33 -34 -35 36 37 -38 39 40 41 42 43
v 44 -45 46 47 -48 -49 -50 51 52 53 54 55 56 -57 -58 -59 -60 0
c Answer: 817
v 1 -2 -3 -4 5 6 7 -8 -9 -10 11 -12 -13 -14 15 -16 -17 18 -19 -20 -21 22
v 23 24 -25 -26 -27 28 -29 -30 -31 -32 33 -34 -35 36 37 -38 39 40 41 42 -43
v 44 45 46 47 -48 -49 -50 51 -52 -53 54 55 56 -57 -58 -59 -60 0
c Answer: 818
v -1 -2 3 -4 -5 -6 7 -8 9 -10 -11 -12 13 14 15 -16 -17 18 -19 -20 -21 22
v 23 24 -25 -26 -27 28 -29 -30 -31 -32 33 -34 -35 36 37 -38 39 40 41 42 -43
v 44 -45 46 47 -48 -49 -50 51 -52 53 54 55 56 -57 -58 -59 -60 0
c Answer: 819
v 1 -2 -3 -4 5 6 7 -8 -9 -10 11 -12 -13 -14 15 -16 -17 18 -19 -20 -21 22
v 23 24 -25 -26 -27 28 -29 -30 -31 -32 33 -34 -35 36 37 -38 39 40 41 42 -43
v 44 45 46 47 -48 -49 -50 51 52 -53 54 55 56 -57 -58 -59 -60 0
c Answer: 820
v -1 -2 3 -4 -5 -6 7 -8 9 -10 -11 -12 13 14 15 -16 -17 18 -19 -20 -21 22
v 23 24 -25 -26 -27 28 -29 -30 -31 -32 33 -34 -35 36 37 -38 39 40 41 42 -43
v 44 -45 46 47 -48 -49 -50 51 52 53 54 55 56 -57 -58 -59 -60 0
c Answer: 821
v 1 -2 -3 -4 5 6 7 -8 -9 -10 11 -12 -13 -14 15 -16 -17 18 -19 -20 -21 22
v 23 24 -25 -26 -27 28 -29 -30 -31 -32 33 -34 -35 36 37 -38 39 40 41 42 43
v 44 45 46 47 -48 -49 -50 51 -52 -53 54 55 56 -57 -58 -59 -60 0
c Answer: 822
v 1 -2 -3 -4 5 6 7 -8 -9 -10 11 -12 -13 -14 15 -16 -17 18 -19 -20 -21 22
v 23 24 -25 -26 -27 28 -29 -30 -31 -32 33 -34 -35 36 37 -38 39 40 41 42 43
v 44 45 46 47 -48 -49 -50 51 52 -53 54 55 56 -57 -58 -59 -60 0
c Answer: 823
v -1 -2 3 -4 -5 -6 7 -8 9 -10 -11 -12 13 14 15 -16 -17 18 -19 -20 -21 22
v 23 24 -25 -26 -27 28 -29 -30 -31 -32 33 -34 -35 36 37 -38 39 40 41 42 43
v 44 -45 46 47 -48 -49 -50 51 -52 53 54 55 56 -57 -58 -59 -60 0
c Answer: 824
v -1 -2 3 -4 -5 -6 7 -8 9 -10 -11 -12 13 14 15 -16 -17 18 -19 -20 -21 22
v 23 24 -25 -26 -27 28 -29 -30 -31 -32 33 -34 -35 36 37 -38 39 40 41 42 43
v 44 -45 46 47 -48 -49 -50 51 52 53 54 55 56 -57 -58 -59 -60 0
c Answer: 825
v 1 -2 -3 -4 5 6 7 -8 -9 -10 11 -12 -13 -14 15 16 -17 18 -19 -20 -21 22 23
v 24 -25 -26 -27 28 -29 -30 -31 -32 33 -34 -35 36 37 -38 39 40 41 42 -43
v 44 45 46 47 -48 -49 -50 51 -52 -53 54 55 56 -57 -58 -59 -60 0
c Answer: 826
v -1 -2 3 -4 -5 -6 7 -8 9 -10 -11 -12 13 14 15 16 -17 18 -19 -20 -21 22 23
v 24 -25 -26 -27 28 -29 -30 -31 -32 33 -34 -35 36 37 -38 39 40 41 42 -43
v 44 -45 46 47 -48 -49 -50 51 -52 53 54 55 56 -57 -58 -59 -60 0
c Answer: 827
v 1 -2 -3 -4 5 6 7 -8 -9 -10 11 -12 -13 -14 15 16 -17 18 -19 -20 -21 22 23
v 24 -25 -26 -27 28 -29 -30 -31 -32 33 -34 -35 36 37 -38 39 40 41 42 43 44
v 45 46 47 -48 -49 -50 51 -52 -53 54 55 56 -57 -58 -59 -60 0
c Answer: 828
v -1 -2 3 -4 -5 -6 7 -8 9 -10 -11 -12 13 14 15 16 -17 18 -19 -20 -21 22 23
v 24 -25 -26 -27 28 -29 -30 -31 -32 33 -34 -35 36 37 -38 39 40 41 42 43 44
v -45 46 47 -48 -49 -50 51 -52 53 54 55 56 -57 -58 -59 -60 0
c Answer: 829
v 1 -2 -3 -4 5 6 7 -8 -9 -10 11 -12 -13 -14 15 16 -17 18 -19 -20 -21 22 23
v 24 -25 -26 -27 28 -29 -30 -31 -32 33 -34 -35 36 37 -38 39 40 41 42 -43
v 44 45 46 47 -48 -49 -50 51 52 -53 54 55 56 -57 -58 -59 -60 0
c Answer: 830
v 1 -2 -3 -4 5 6 7 -8 -9 -10 11 -12 -13 -14 15 16 -17 18 -19 -20 -21 22 23
v 24 -25 -26 -27 28 -29 -30 -31 -32 33 -34 -35 36 37 -38 39 40 41 42 43 44
v 45 46 47 -48 -49 -50 51 52 -53 54 55 56 -57 -58 -59 -60 0
c Answer: 831
v -1 -2 3 -4 -5 -6 7 -8 9 -10 -11 -12 13 14 15 16 -17 18 -19 -20 -21 22 23
v 24 -25 -26 -27 28 -29 -30 -31 -32 33 -34 -35 36 37 -38 39 40 41 42 -43
v 44 -45 46 47 -48 -49 -50 51 52 53 54 55 56 -57 -58 -59 -60 0
c Answer: 832
v -1 -2 3 -4 -5 -6 7 -8 9 -10 -11 -12 13 14 15 16 -17 18 -19 -20 -21 22 23
v 24 -25 -26 -27 28 -29 -30 -31 -32 33 -34 -35 36 37 -38 39 40 41 42 43 44
v -45 46 47 -48 -49 -50 51 52 53 54 55 56 -57 -58 -59 -60 0
c Answer: 833
v 1 -2 -3 -4 5 6 7 -8 -9 -10 11 -12 -13 -14 15 -16 -17 18 -19 -20 -21 22
v 23 -24 -25 -26 -27 28 -29 -30 -31 -32 33 -34 -35 36 37 -38 39 40 41 -42
v -43 44 45 46 47 48 -49 -50 51 -52 -53 54 55 56 -57 -58 -59 -60 0
c Answer: 834
v -1 -2 3 -4 -5 -6 7 -8 9 -10 -11 -12 13 14 15 -16 -17 18 -19 -20 -21 22
v 23 -24 -25 -26 -27 28 -29 -30 -31 -32 33 -34 -35 36 37 -38 39 40 41 -42
v -43 44 -45 46 47 48 -49 -50 51 -52 53 54 55 56 -57 -58 -59 -60 0
c Answer: 835
v 1 -2 -3 -4 5 6 7 -8 -9 -10 11 -12 -13 -14 15 -16 -17 18 -19 -20 -21 22
v 23 -24 -25 -26 -27 28 -29 -30 -31 -32 33 -34 -35 36 37 -38 39 40 41 42
v -43 44 45 46 47 48 -49 -50 51 -52 -53 54 55 56 -57 -58 -59 -60 0
c Answer: 836
v -1 -2 3 -4 -5 -6 7 -8 9 -10 -11 -12 13 14 15 -16 -17 18 -19 -20 -21 22
v 23 -24 -25 -26 -27 28 -29 -30 -31 -32 33 -34 -35 36 37 -38 39 40 41 42
v -43 44 -45 46 47 48 -49 -50 51 -52 53 54 55 56 -57 -58 -59 -60 0
c Answer: 837
v 1 -2 -3 -4 5 6 7 -8 -9 -10 11 -12 -13 -14 15 -16 -17 18 -19 -20 -21 22
v 23 24 -25 -26 -27 28 -29 -30 -31 -32 33 -34 -35 36 37 -38 39 40 41 -42
v -43 44 45 46 47 48 -49 -50 51 -52 -53 54 55 56 -57 -58 -59 -60 0
c Answer: 838
v 1 -2 -3 -4 5 6 7 -8 -9 -10 11 -12 -13 -14 15 -16 -17 18 -19 -20 -21 22
v 23 24 -25 -26 -27 28 -29 -30 -31 -32 33 -34 -35 36 37 -38 39 40 41 42 -43
v 44 45 46 47 48 -49 -50 51 -52 -53 54 55 56 -57 -58 -59 -60 0
c Answer: 839
v -1 -2 3 -4 -5 -6 7 -8 9 -10 -11 -12 13 14 15 -16 -17 18 -19 -20 -21 22
v 23 24 -25 -26 -27 28 -29 -30 -31 -32 33 -34 -35 36 37 -38 39 40 41 -42
v -43 44 -45 46 47 48 -49 -50 51 -52 53 54 55 56 -57 -58 -59 -60 0
c Answer: 840
v -1 -2 3 -4 -5 -6 7 -8 9 -10 -11 -12 13 14 15 -16 -17 18 -19 -20 -21 22
v 23 24 -25 -26 -27 28 -29 -30 -31 -32 33 -34 -35 36 37 -38 39 40 41 42 -43
v 44 -45 46 47 48 -49 -50 51 -52 53 54 55 56 -57 -58 -59 -60 0
c Answer: 841
v 1 -2 -3 -4 5 6 7 -8 -9 -10 11 -12 -13 -14 15 16 -17 18 -19 -20 -21 22 23
v -24 -25 -26 -27 28 -29 -30 -31 -32 33 -34 -35 36 37 -38 39 40 41 -42 -43
v 44 45 46 47 48 -49 -50 51 -52 -53 54 55 56 -57 -58 -59 -60 0
c Answer: 842
v -1 -2 3 -4 -5 -6 7 -8 9 -10 -11 -12 13 14 15 16 -17 18 -19 -20 -21 22 23
v -24 -25 -26 -27 28 -29 -30 -31 -32 33 -34 -35 36 37 -38 39 40 41 -42 -43
v 44 -45 46 47 48 -49 -50 51 -52 53 54 55 56 -57 -58 -59 -60 0
c Answer: 843
v 1 -2 -3 -4 5 6 7 -8 -9 -10 11 -12 -13 -14 15 16 -17 18 -19 -20 -21 22 23
v 24 -25 -26 -27 28 -29 -30 -31 -32 33 -34 -35 36 37 -38 39 40 41 -42 -43
v 44 45 46 47 48 -49 -50 51 -52 -53 54 55 56 -57 -58 -59 -60 0
c Answer: 844
v -1 -2 3 -4 -5 -6 7 -8 9 -10 -11 -12 13 14 15 16 -17 18 -19 -20 -21 22 23
v 24 -25 -26 -27 28 -29 -30 -31 -32 33 -34 -35 36 37 -38 39 40 41 -42 -43
v 44 -45 46 47 48 -49 -50 51 -52 53 54 55 56 -57 -58 -59 -60 0
c Answer: 845
v 1 -2 -3 -4 5 6 7 -8 -9 -10 11 -12 -13 -14 15 16 -17 18 -19 -20 -21 22 23
v -24 -25 -26 -27 28 -29 -30 -31 -32 33 -34 -35 36 37 -38 39 40 41 42 -43
v 44 45 46 47 48 -49 -50 51 -52 -53 54 55 56 -57 -58 -59 -60 0
c Answer: 846
v 1 -2 -3 -4 5 6 7 -8 -9 -10 11 -12 -13 -14 15 16 -17 18 -19 -20 -21 22 23
v 24 -25 -26 -27 28 -29 -30 -31 -32 33 -34 -35 36 37 -38 39 40 41 42 -43
v 44 45 46 47 48 -49 -50 51 -52 -53 54 55 56 -57 -58 -59 -60 0
c Answer: 847
v -1 -2 3 -4 -5 -6 7 -8 9 -10 -11 -12 13 14 15 16 -17 18 -19 -20 -21 22 23
v -24 -25 -26 -27 28 -29 -30 -31 -32 33 -34 -35 36 37 -38 39 40 41 42 -43
v 44 -45 46 47 48 -49 -50 51 -52 53 54 55 56 -57 -58 -59 -60 0
c Answer: 848
v -1 -2 3 -4 -5 -6 7 -8 9 -10 -11 -12 13 14 15 16 -17 18 -19 -20 -21 22 23
v 24 -25 -26 -27 28 -29 -30 -31 -32 33 -34 -35 36 37 -38 39 40 41 42 -43
v 44 -45 46 47 48 -49 -50 51 -52 53 54 55 56 -57 -58 -59 -60 0
c Answer: 849
v 1 -2 -3 -4 5 6 7 -8 -9 -10 11 -12 -13 -14 15 -16 -17 18 -19 -20 -21 22
v 23 -24 -25 -26 -27 28 -29 -30 -31 -32 33 -34 -35 36 37 -38 39 40 41 -42
v -43 44 45 46 47 48 -49 -50 51 52 -53 54 55 56 -57 -58 -59 -60 0
c Answer: 850
v -1 -2 3 -4 -5 -6 7 -8 9 -10 -11 -12 13 14 15 -16 -17 18 -19 -20 -21 22
v 23 -24 -25 -26 -27 28 -29 -30 -31 -32 33 -34 -35 36 37 -38 39 40 41 -42
v -43 44 -45 46 47 48 -49 -50 51 52 53 54 55 56 -57 -58 -59 -60 0
c Answer: 851
v 1 -2 -3 -4 5 6 7 -8 -9 -10 11 -12 -13 -14 15 16 -17 18 -19 -20 -21 22 23
v -24 -25 -26 -27 28 -29 -30 -31 -32 33 -34 -35 36 37 -38 39 40 41 -42 -43
v 44 45 46 47 48 -49 -50 51 52 -53 54 55 56 -57 -58 -59 -60 0
c Answer: 852
v -1 -2 3 -4 -5 -6 7 -8 9 -10 -11 -12 13 14 15 16 -17 18 -19 -20 -21 22 23
v -24 -25 -26 -27 28 -29 -30 -31 -32 33 -34 -35 36 37 -38 39 40 41 -42 -43
v 44 -45 46 47 48 -49 -50 51 52 53 54 55 56 -57 -58 -59 -60 0
c Answer: 853
v 1 -2 -3 -4 5 6 7 -8 -9 -10 11 -12 -13 -14 15 -16 -17 18 -19 -20 -21 22
v 23 -24 -25 -26 -27 28 -29 -30 -31 -32 33 -34 -35 36 37 -38 39 40 41 42
v -43 44 45 46 47 48 -49 -50 51 52 -53 54 55 56 -57 -58 -59 -60 0
c Answer: 854
v 1 -2 -3 -4 5 6 7 -8 -9 -10 11 -12 -13 -14 15 16 -17 18 -19 -20 -21 22 23
v -24 -25 -26 -27 28 -29 -30 -31 -32 33 -34 -35 36 37 -38 39 40 41 42 -43
v 44 45 46 47 48 -49 -50 51 52 -53 54 55 56 -57 -58 -59 -60 0
c Answer: 855
v -1 -2 3 -4 -5 -6 7 -8 9 -10 -11 -12 13 14 15 -16 -17 18 -19 -20 -21 22
v 23 -24 -25 -26 -27 28 -29 -30 -31 -32 33 -34 -35 36 37 -38 39 40 41 42
v -43 44 -45 46 47 48 -49 -50 51 52 53 54 55 56 -57 -58 -59 -60 0
c Answer: 856
v -1 -2 3 -4 -5 -6 7 -8 9 -10 -11 -12 13 14 15 16 -17 18 -19 -20 -21 22 23
v -24 -25 -26 -27 28 -29 -30 -31 -32 33 -34 -35 36 37 -38 39 40 41 42 -43
v 44 -45 46 47 48 -49 -50 51 52 53 54 55 56 -57 -58 -59 -60 0
c Answer: 857
v 1 -2 -3 -4 5 6 7 -8 -9 -10 11 -12 -13 -14 15 -16 -17 18 -19 -20 -21 22
v 23 24 -25 -26 -27 28 -29 -30 -31 -32 33 -34 -35 36 37 -38 39 40 41 -42
v -43 44 45 46 47 48 -49 -50 51 52 -53 54 55 56 -57 -58 -59 -60 0
c Answer: 858
v -1 -2 3 -4 -5 -6 7 -8 9 -10 -11 -12 13 14 15 -16 -17 18 -19 -20 -21 22
v 23 24 -25 -26 -27 28 -29 -30 -31 -32 33 -34 -35 36 37 -38 39 40 41 -42
v -43 44 -45 46 47 48 -49 -50 51 52 53 54 55 56 -57 -58 -59 -60 0
c Answer: 859
v 1 -2 -3 -4 5 6 7 -8 -9 -10 11 -12 -13 -14 15 -16 -17 18 -19 -20 -21 22
v 23 24 -25 -26 -27 28 -29 -30 -31 -32 33 -34 -35 36 37 -38 39 40 41 42 -43
v 44 45 46 47 48 -49 -50 51 52 -53 54 55 56 -57 -58 -59 -60 0
c Answer: 860
v -1 -2 3 -4 -5 -6 7 -8 9 -10 -11 -12 13 14 15 -16 -17 18 -19 -20 -21 22
v 23 24 -25 -26 -27 28 -29 -30 -31 -32 33 -34 -35 36 37 -38 39 40 41 42 -43
v 44 -45 46 47 48 -49 -50 51 52 53 54 55 56 -57 -58 -59 -60 0
c Answer: 861
v 1 -2 -3 -4 5 6 7 -8 -9 -10 11 -12 -13 -14 15 16 -17 18 -19 -20 -21 22 23
v 24 -25 -26 -27 28 -29 -30 -31 -32 33 -34 -35 36 37 -38 39 40 41 -42 -43
v 44 45 46 47 48 -49 -50 51 52 -53 54 55 56 -57 -58 -59 -60 0
c Answer: 862
v 1 -2 -3 -4 5 6 7 -8 -9 -10 11 -12 -13 -14 15 16 -17 18 -19 -20 -21 22 23
v 24 -25 -26 -27 28 -29 -30 -31 -32 33 -34 -35 36 37 -38 39 40 41 42 -43
v 44 45 46 47 48 -49 -50 51 52 -53 54 55 56 -57 -58 -59 -60 0
c Answer: 863
v -1 -2 3 -4 -5 -6 7 -8 9 -10 -11 -12 13 14 15 16 -17 18 -19 -20 -21 22 23
v 24 -25 -26 -27 28 -29 -30 -31 -32 33 -34 -35 36 37 -38 39 40 41 -42 -43
v 44 -45 46 47 48 -49 -50 51 52 53 54 55 56 -57 -58 -59 -60 0
c Answer: 864
v -1 -2 3 -4 -5 -6 7 -8 9 -10 -11 -12 13 14 15 16 -17 18 -19 -20 -21 22 23
v 24 -25 -26 -27 28 -29 -30 -31 -32 33 -34 -35 36 37 -38 39 40 41 42 -43
v 44 -45 46 47 48 -49 -50 51 52 53 54 55 56 -57 -58 -59 -60 0
c Answer: 865
v 1 -2 -3 -4 5 6 7 -8 -9 -10 11 -12 -13 -14 15 -16 -17 18 -19 -20 -21 22
v 23 -24 -25 -26 -27 28 -29 -30 -31 -32 33 -34 -35 36 37 -38 39 40 41 -42
v 43 44 45 46 47 48 -49 -50 51 -52 -53 54 55 56 -57 -58 -59 -60 0
c Answer: 866
v -1 -2 3 -4 -5 -6 7 -8 9 -10 -11 -12 13 14 15 -16 -17 18 -19 -20 -21 22
v 23 -24 -25 -26 -27 28 -29 -30 -31 -32 33 -34 -35 36 37 -38 39 40 41 -42
v 43 44 -45 46 47 48 -49 -50 51 -52 53 54 55 56 -57 -58 -59 -60 0
c Answer: 867
v 1 -2 -3 -4 5 6 7 -8 -9 -10 11 -12 -13 -14 15 -16 -17 18 -19 -20 -21 22
v 23 -24 -25 -26 -27 28 -29 -30 -31 -32 33 -34 -35 36 37 -38 39 40 41 -42
v 43 44 45 46 47 48 -49 -50 51 52 -53 54 55 56 -57 -58 -59 -60 0
c Answer: 868
v -1 -2 3 -4 -5 -6 7 -8 9 -10 -11 -12 13 14 15 -16 -17 18 -19 -20 -21 22
v 23 -24 -25 -26 -27 28 -29 -30 -31 -32 33 -34 -35 36 37 -38 39 40 41 -42
v 43 44 -45 46 47 48 -49 -50 51 52 53 54 55 56 -57 -58 -59 -60 0
c Answer: 869
v 1 -2 -3 -4 5 6 7 -8 -9 -10 11 -12 -13 -14 15 -16 -17 18 -19 -20 -21 22
v 23 24 -25 -26 -27 28 -29 -30 -31 -32 33 -34 -35 36 37 -38 39 40 41 -42
v 43 44 45 46 47 48 -49 -50 51 -52 -53 54 55 56 -57 -58 -59 -60 0
c Answer: 870
v 1 -2 -3 -4 5 6 7 -8 -9 -10 11 -12 -13 -14 15 -16 -17 18 -19 -20 -21 22
v 23 24 -25 -26 -27 28 -29 -30 -31 -32 33 -34 -35 36 37 -38 39 40 41 -42
v 43 44 45 46 47 48 -49 -50 51 52 -53 54 55 56 -57 -58 -59 -60 0
c Answer: 871
v -1 -2 3 -4 -5 -6 7 -8 9 -10 -11 -12 13 14 15 -16 -17 18 -19 -20 -21 22
v 23 24 -25 -26 -27 28 -29 -30 -31 -32 33 -34 -35 36 37 -38 39 40 41 -42
v 43 44 -45 46 47 48 -49 -50 51 -52 53 54 55 56 -57 -58 -59 -60 0
c Answer: 872
v -1 -2 3 -4 -5 -6 7 -8 9 -10 -11 -12 13 14 15 -16 -17 18 -19 -20 -21 22
v 23 24 -25 -26 -27 28 -29 -30 -31 -32 33 -34 -35 36 37 -38 39 40 41 -42
v 43 44 -45 46 47 48 -49 -50 51 52 53 54 55 56 -57 -58 -59 -60 0
c Answer: 873
v 1 -2 -3 -4 5 6 7 -8 -9 -10 11 -12 -13 -14 15 16 -17 18 -19 -20 -21 22 23
v -24 -25 -26 -27 28 -29 -30 -31 -32 33 -34 -35 36 37 -38 39 40 41 -42 43
v 44 45 46 47 48 -49 -50 51 -52 -53 54 55 56 -57 -58 -59 -60 0
c Answer: 874
v -1 -2 3 -4 -5 -6 7 -8 9 -10 -11 -12 13 14 15 16 -17 18 -19 -20 -21 22 23
v -24 -25 -26 -27 28 -29 -30 -31 -32 33 -34 -35 36 37 -38 39 40 41 -42 43
v 44 -45 46 47 48 -49 -50 51 -52 53 54 55 56 -57 -58 -59 -60 0
c Answer: 875
v 1 -2 -3 -4 5 6 7 -8 -9 -10 11 -12 -13 -14 15 16 -17 18 -19 -20 -21 22 23
v 24 -25 -26 -27 28 -29 -30 -31 -32 33 -34 -35 36 37 -38 39 40 41 -42 43
v 44 45 46 47 48 -49 -50 51 -52 -53 54 55 56 -57 -58 -59 -60 0
c Answer: 876
v -1 -2 3 -4 -5 -6 7 -8 9 -10 -11 -12 13 14 15 16 -17 18 -19 -20 -21 22 23
v 24 -25 -26 -27 28 -29 -30 -31 -32 33 -34 -35 36 37 -38 39 40 41 -42 43
v 44 -45 46 47 48 -49 -50 51 -52 53 54 55 56 -57 -58 -59 -60 0
c Answer: 877
v 1 -2 -3 -4 5 6 7 -8 -9 -10 11 -12 -13 -14 15 16 -17 18 -19 -20 -21 22 23
v -24 -25 -26 -27 28 -29 -30 -31 -32 33 -34 -35 36 37 -38 39 40 41 -42 43
v 44 45 46 47 48 -49 -50 51 52 -53 54 55 56 -57 -58 -59 -60 0
c Answer: 878
v 1 -2 -3 -4 5 6 7 -8 -9 -10 11 -12 -13 -14 15 16 -17 18 -19 -20 -21 22 23
v 24 -25 -26 -27 28 -29 -30 -31 -32 33 -34 -35 36 37 -38 39 40 41 -42 43
v 44 45 46 47 48 -49 -50 51 52 -53 54 55 56 -57 -58 -59 -60 0
c Answer: 879
v -1 -2 3 -4 -5 -6 7 -8 9 -10 -11 -12 13 14 15 16 -17 18 -19 -20 -21 22 23
v -24 -25 -26 -27 28 -29 -30 -31 -32 33 -34 -35 36 37 -38 39 40 41 -42 43
v 44 -45 46 47 48 -49 -50 51 52 53 54 55 56 -57 -58 -59 -60 0
c Answer: 880
v -1 -2 3 -4 -5 -6 7 -8 9 -10 -11 -12 13 14 15 16 -17 18 -19 -20 -21 22 23
v 24 -25 -26 -27 28 -29 -30 -31 -32 33 -34 -35 36 37 -38 39 40 41 -42 43
v 44 -45 46 47 48 -49 -50 51 52 53 54 55 56 -57 -58 -59 -60 0
c Answer: 881
v 1 -2 -3 -4 5 6 7 -8 -9 -10 11 -12 -13 -14 15 -16 -17 18 -19 -20 -21 22
v 23 -24 -25 -26 -27 28 -29 -30 -31 -32 33 -34 -35 36 37 -38 39 40 41 42
v 43 44 45 46 47 48 -49 -50 51 -52 -53 54 55 56 -57 -58 -59 -60 0
c Answer: 882
v -1 -2 3 -4 -5 -6 7 -8 9 -10 -11 -12 13 14 15 -16 -17 18 -19 -20 -21 22
v 23 -24 -25 -26 -27 28 -29 -30 -31 -32 33 -34 -35 36 37 -38 39 40 41 42
v 43 44 -45 46 47 48 -49 -50 51 -52 53 54 55 56 -57 -58 -59 -60 0
c Answer: 883
v 1 -2 -3 -4 5 6 7 -8 -9 -10 11 -12 -13 -14 15 16 -17 18 -19 -20 -21 22 23
v -24 -25 -26 -27 28 -29 -30 -31 -32 33 -34 -35 36 37 -38 39 40 41 42 43
v 44 45 46 47 48 -49 -50 51 -52 -53 54 55 56 -57 -58 -59 -60 0
c Answer: 884
v -1 -2 3 -4 -5 -6 7 -8 9 -10 -11 -12 13 14 15 16 -17 18 -19 -20 -21 22 23
v -24 -25 -26 -27 28 -29 -30 -31 -32 33 -34 -35 36 37 -38 39 40 41 42 43
v 44 -45 46 47 48 -49 -50 51 -52 53 54 55 56 -57 -58 -59 -60 0
c Answer: 885
v 1 -2 -3 -4 5 6 7 -8 -9 -10 11 -12 -13 -14 15 -16 -17 18 -19 -20 -21 22
v 23 -24 -25 -26 -27 28 -29 -30 -31 -32 33 -34 -35 36 37 -38 39 40 41 42
v 43 44 45 46 47 48 -49 -50 51 52 -53 54 55 56 -57 -58 -59 -60 0
c Answer: 886
v 1 -2 -3 -4 5 6 7 -8 -9 -10 11 -12 -13 -14 15 16 -17 18 -19 -20 -21 22 23
v -24 -25 -26 -27 28 -29 -30 -31 -32 33 -34 -35 36 37 -38 39 40 41 42 43
v 44 45 46 47 48 -49 -50 51 52 -53 54 55 56 -57 -58 -59 -60 0
c Answer: 887
v -1 -2 3 -4 -5 -6 7 -8 9 -10 -11 -12 13 14 15 -16 -17 18 -19 -20 -21 22
v 23 -24 -25 -26 -27 28 -29 -30 -31 -32 33 -34 -35 36 37 -38 39 40 41 42
v 43 44 -45 46 47 48 -49 -50 51 52 53 54 55 56 -57 -58 -59 -60 0
c Answer: 888
v -1 -2 3 -4 -5 -6 7 -8 9 -10 -11 -12 13 14 15 16 -17 18 -19 -20 -21 22 23
v -24 -25 -26 -27 28 -29 -30 -31 -32 33 -34 -35 36 37 -38 39 40 41 42 43
v 44 -45 46 47 48 -49 -50 51 52 53 54 55 56 -57 -58 -59 -60 0
c Answer: 889
v 1 -2 -3 -4 5 6 7 -8 -9 -10 11 -12 -13 -14 15 -16 -17 18 -19 -20 -21 22
v 23 24 -25 -26 -27 28 -29 -30 -31 -32 33 -34 -35 36 37 -38 39 40 41 42 43
v 44 45 46 47 48 -49 -50 51 -52 -53 54 55 56 -57 -58 -59 -60 0
c Answer: 890
v -1 -2 3 -4 -5 -6 7 -8 9 -10 -11 -12 13 14 15 -16 -17 18 -19 -20 -21 22
v 23 24 -25 -26 -27 28 -29 -30 -31 -32 33 -34 -35 36 37 -38 39 40 41 42 43
v 44 -45 46 47 48 -49 -50 51 -52 53 54 55 56 -57 -58 -59 -60 0
c Answer: 891
v 1 -2 -3 -4 5 6 7 -8 -9 -10 11 -12 -13 -14 15 -16 -17 18 -19 -20 -21 22
v 23 24 -25 -26 -27 28 -29 -30 -31 -32 33 -34 -35 36 37 -38 39 40 41 42 43
v 44 45 46 47 48 -49 -50 51 52 -53 54 55 56 -57 -58 -59 -60 0
c Answer: 892
v -1 -2 3 -4 -5 -6 7 -8 9 -10 -11 -12 13 14 15 -16 -17 18 -19 -20 -21 22
v 23 24 -25 -26 -27 28 -29 -30 -31 -32 33 -34 -35 36 37 -38 39 40 41 42 43
v 44 -45 46 47 48 -49 -50 51 52 53 54 55 56 -57 -58 -59 -60 0
c Answer: 893
v 1 -2 -3 -4 5 6 7 -8 -9 -10 11 -12 -13 -14 15 16 -17 18 -19 -20 -21 22 23
v 24 -25 -26 -27 28 -29 -30 -31 -32 33 -34 -35 36 37 -38 39 40 41 42 43 44
v 45 46 47 48 -49 -50 51 -52 -53 54 55 56 -57 -58 -59 -60 0
c Answer: 894
v 1 -2 -3 -4 5 6 7 -8 -9 -10 11 -12 -13 -14 15 16 -17 18 -19 -20 -21 22 23
v 24 -25 -26 -27 28 -29 -30 -31 -32 33 -34 -35 36 37 -38 39 40 41 42 43 44
v 45 46 47 48 -49 -50 51 52 -53 54 55 56 -57 -58 -59 -60 0
c Answer: 895
v -1 -2 3 -4 -5 -6 7 -8 9 -10 -11 -12 13 14 15 16 -17 18 -19 -20 -21 22 23
v 24 -25 -26 -27 28 -29 -30 -31 -32 33 -34 -35 36 37 -38 39 40 41 42 43 44
v -45 46 47 48 -49 -50 51 -52 53 54 55 56 -57 -58 -59 -60 0
c Answer: 896
v -1 -2 3 -4 -5 -6 7 -8 9 -10 -11 -12 13 14 15 16 -17 18 -19 -20 -21 22 23
v 24 -25 -26 -27 28 -29 -30 -31 -32 33 -34 -35 36 37 -38 39 40 41 42 43 44
v -45 46 47 48 -49 -50 51 52 53 54 55 56 -57 -58 -59 -60 0
c Answer: 897
v 1 -2 -3 -4 5 6 7 -8 -9 -10 11 -12 -13 -14 15 -16 -17 18 -19 -20 -21 22
v 23 -24 -25 -26 -27 28 -29 -30 -31 32 33 -34 -35 36 37 -38 39 40 41 -42
v -43 44 45 46 47 -48 -49 -50 51 -52 -53 54 55 56 -57 -58 -59 -60 0
c Answer: 898
v -1 -2 3 -4 -5 -6 7 -8 9 -10 -11 -12 13 14 15 -16 -17 18 -19 -20 -21 22
v 23 -24 -25 -26 -27 28 -29 -30 -31 32 33 -34 -35 36 37 -38 39 40 41 -42
v -43 44 -45 46 47 -48 -49 -50 51 -52 53 54 55 56 -57 -58 -59 -60 0
c Answer: 899
v 1 -2 -3 -4 5 6 7 -8 -9 -10 11 -12 -13 -14 15 -16 -17 18 -19 -20 -21 22
v 23 -24 -25 -26 -27 28 -29 -30 -31 32 33 -34 -35 36 37 -38 39 40 41 -42
v -43 44 45 46 47 48 -49 -50 51 -52 -53 54 55 56 -57 -58 -59 -60 0
c Answer: 900
v -1 -2 3 -4 -5 -6 7 -8 9 -10 -11 -12 13 14 15 -16 -17 18 -19 -20 -21 22
v 23 -24 -25 -26 -27 28 -29 -30 -31 32 33 -34 -35 36 37 -38 39 40 41 -42
v -43 44 -45 46 47 48 -49 -50 51 -52 53 54 55 56 -57 -58 -59 -60 0
c Answer: 901
v 1 -2 -3 -4 5 6 7 -8 -9 -10 11 -12 -13 -14 15 -16 -17 18 -19 -20 -21 22
v 23 -24 -25 -26 -27 28 -29 -30 -31 32 33 -34 -35 36 37 -38 39 40 41 -42
v 43 44 45 46 47 -48 -49 -50 51 -52 -53 54 55 56 -57 -58 -59 -60 0
c Answer: 902
v 1 -2 -3 -4 5 6 7 -8 -9 -10 11 -12 -13 -14 15 -16 -17 18 -19 -20 -21 22
v 23 -24 -25 -26 -27 28 -29 -30 -31 32 33 -34 -35 36 37 -38 39 40 41 -42
v 43 44 45 46 47 48 -49 -50 51 -52 -53 54 55 56 -57 -58 -59 -60 0
c Answer: 903
v -1 -2 3 -4 -5 -6 7 -8 9 -10 -11 -12 13 14 15 -16 -17 18 -19 -20 -21 22
v 23 -24 -25 -26 -27 28 -29 -30 -31 32 33 -34 -35 36 37 -38 39 40 41 -42
v 43 44 -45 46 47 -48 -49 -50 51 -52 53 54 55 56 -57 -58 -59 -60 0
c Answer: 904
v -1 -2 3 -4 -5 -6 7 -8 9 -10 -11 -12 13 14 15 -16 -17 18 -19 -20 -21 22
v 23 -24 -25 -26 -27 28 -29 -30 -31 32 33 -34 -35 36 37 -38 39 40 41 -42
v 43 44 -45 46 47 48 -49 -50 51 -52 53 54 55 56 -57 -58 -59 -60 0
c Answer: 905
v 1 -2 -3 -4 5 6 7 -8 -9 -10 11 -12 -13 -14 15 -16 -17 18 -19 -20 -21 22
v 23 -24 -25 -26 -27 28 -29 -30 -31 32 33 -34 -35 36 37 -38 39 40 41 42 -43
v 44 45 46 47 -48 -49 -50 51 -52 -53 54 55 56 -57 -58 -59 -60 0
c Answer: 906
v -1 -2 3 -4 -5 -6 7 -8 9 -10 -11 -12 13 14 15 -16 -17 18 -19 -20 -21 22
v 23 -24 -25 -26 -27 28 -29 -30 -31 32 33 -34 -35 36 37 -38 39 40 41 42 -43
v 44 -45 46 47 -48 -49 -50 51 -52 53 54 55 56 -57 -58 -59 -60 0
c Answer: 907
v 1 -2 -3 -4 5 6 7 -8 -9 -10 11 -12 -13 -14 15 -16 -17 18 -19 -20 -21 22
v 23 -24 -25 -26 -27 28 -29 -30 -31 32 33 -34 -35 36 37 -38 39 40 41 42 43
v 44 45 46 47 -48 -49 -50 51 -52 -53 54 55 56 -57 -58 -59 -60 0
c Answer: 908
v -1 -2 3 -4 -5 -6 7 -8 9 -10 -11 -12 13 14 15 -16 -17 18 -19 -20 -21 22
v 23 -24 -25 -26 -27 28 -29 -30 -31 32 33 -34 -35 36 37 -38 39 40 41 42 43
v 44 -45 46 47 -48 -49 -50 51 -52 53 54 55 56 -57 -58 -59 -60 0
c Answer: 909
v 1 -2 -3 -4 5 6 7 -8 -9 -10 11 -12 -13 -14 15 -16 -17 18 -19 -20 -21 22
v 23 -24 -25 -26 -27 28 -29 -30 -31 32 33 -34 -35 36 37 -38 39 40 41 42 -43
v 44 45 46 47 48 -49 -50 51 -52 -53 54 55 56 -57 -58 -59 -60 0
c Answer: 910
v 1 -2 -3 -4 5 6 7 -8 -9 -10 11 -12 -13 -14 15 -16 -17 18 -19 -20 -21 22
v 23 -24 -25 -26 -27 28 -29 -30 -31 32 33 -34 -35 36 37 -38 39 40 41 42 43
v 44 45 46 47 48 -49 -50 51 -52 -53 54 55 56 -57 -58 -59 -60 0
c Answer: 911
v -1 -2 3 -4 -5 -6 7 -8 9 -10 -11 -12 13 14 15 -16 -17 18 -19 -20 -21 22
v 23 -24 -25 -26 -27 28 -29 -30 -31 32 33 -34 -35 36 37 -38 39 40 41 42 -43
v 44 -45 46 47 48 -49 -50 51 -52 53 54 55 56 -57 -58 -59 -60 0
c Answer: 912
v -1 -2 3 -4 -5 -6 7 -8 9 -10 -11 -12 13 14 15 -16 -17 18 -19 -20 -21 22
v 23 -24 -25 -26 -27 28 -29 -30 -31 32 33 -34 -35 36 37 -38 39 40 41 42 43
v 44 -45 46 47 48 -49 -50 51 -52 53 54 55 56 -57 -58 -59 -60 0
c Answer: 913
v 1 -2 -3 -4 5 6 7 -8 -9 -10 11 -12 -13 -14 15 -16 -17 18 -19 -20 -21 22
v 23 24 -25 -26 -27 28 -29 -30 -31 32 33 -34 -35 36 37 -38 39 40 41 -42 -43
v 44 45 46 47 -48 -49 -50 51 -52 -53 54 55 56 -57 -58 -59 -60 0
c Answer: 914
v -1 -2 3 -4 -5 -6 7 -8 9 -10 -11 -12 13 14 15 -16 -17 18 -19 -20 -21 22
v 23 24 -25 -26 -27 28 -29 -30 -31 32 33 -34 -35 36 37 -38 39 40 41 -42 -43
v 44 -45 46 47 -48 -49 -50 51 -52 53 54 55 56 -57 -58 -59 -60 0
c Answer: 915
v 1 -2 -3 -4 5 6 7 -8 -9 -10 11 -12 -13 -14 15 -16 -17 18 -19 -20 -21 22
v 23 24 -25 -26 -27 28 -29 -30 -31 32 33 -34 -35 36 37 -38 39 40 41 42 -43
v 44 45 46 47 -48 -49 -50 51 -52 -53 54 55 56 -57 -58 -59 -60 0
c Answer: 916
v -1 -2 3 -4 -5 -6 7 -8 9 -10 -11 -12 13 14 15 -16 -17 18 -19 -20 -21 22
v 23 24 -25 -26 -27 28 -29 -30 -31 32 33 -34 -35 36 37 -38 39 40 41 42 -43
v 44 -45 46 47 -48 -49 -50 51 -52 53 54 55 56 -57 -58 -59 -60 0
c Answer: 917
v 1 -2 -3 -4 5 6 7 -8 -9 -10 11 -12 -13 -14 15 -16 -17 18 -19 -20 -21 22
v 23 24 -25 -26 -27 28 -29 -30 -31 32 33 -34 -35 36 37 -38 39 40 41 -42 -43
v 44 45 46 47 48 -49 -50 51 -52 -53 54 55 56 -57 -58 -59 -60 0
c Answer: 918
v 1 -2 -3 -4 5 6 7 -8 -9 -10 11 -12 -13 -14 15 -16 -17 18 -19 -20 -21 22
v 23 24 -25 -26 -27 28 -29 -30 -31 32 33 -34 -35 36 37 -38 39 40 41 42 -43
v 44 45 46 47 48 -49 -50 51 -52 -53 54 55 56 -57 -58 -59 -60 0
c Answer: 919
v -1 -2 3 -4 -5 -6 7 -8 9 -10 -11 -12 13 14 15 -16 -17 18 -19 -20 -21 22
v 23 24 -25 -26 -27 28 -29 -30 -31 32 33 -34 -35 36 37 -38 39 40 41 -42 -43
v 44 -45 46 47 48 -49 -50 51 -52 53 54 55 56 -57 -58 -59 -60 0
c Answer: 920
v -1 -2 3 -4 -5 -6 7 -8 9 -10 -11 -12 13 14 15 -16 -17 18 -19 -20 -21 22
v 23 24 -25 -26 -27 28 -29 -30 -31 32 33 -34 -35 36 37 -38 39 40 41 42 -43
v 44 -45 46 47 48 -49 -50 51 -52 53 54 55 56 -57 -58 -59 -60 0
c Answer: 921
v 1 -2 -3 -4 5 6 7 -8 -9 -10 11 -12 -13 -14 15 -16 -17 18 -19 -20 -21 22
v 23 24 -25 -26 -27 28 -29 -30 -31 32 33 -34 -35 36 37 -38 39 40 41 -42 43
v 44 45 46 47 -48 -49 -50 51 -52 -53 54 55 56 -57 -58 -59 -60 0
c Answer: 922
v -1 -2 3 -4 -5 -6 7 -8 9 -10 -11 -12 13 14 15 -16 -17 18 -19 -20 -21 22
v 23 24 -25 -26 -27 28 -29 -30 -31 32 33 -34 -35 36 37 -38 39 40 41 -42 43
v 44 -45 46 47 -48 -49 -50 51 -52 53 54 55 56 -57 -58 -59 -60 0
c Answer: 923
v 1 -2 -3 -4 5 6 7 -8 -9 -10 11 -12 -13 -14 15 -16 -17 18 -19 -20 -21 22
v 23 24 -25 -26 -27 28 -29 -30 -31 32 33 -34 -35 36 37 -38 39 40 41 -42 43
v 44 45 46 47 48 -49 -50 51 -52 -53 54 55 56 -57 -58 -59 -60 0
c Answer: 924
v -1 -2 3 -4 -5 -6 7 -8 9 -10 -11 -12 13 14 15 -16 -17 18 -19 -20 -21 22
v 23 24 -25 -26 -27 28 -29 -30 -31 32 33 -34 -35 36 37 -38 39 40 41 -42 43
v 44 -45 46 47 48 -49 -50 51 -52 53 54 55 56 -57 -58 -59 -60 0
c Answer: 925
v 1 -2 -3 -4 5 6 7 -8 -9 -10 11 -12 -13 -14 15 -16 -17 18 -19 -20 -21 22
v 23 24 -25 -26 -27 28 -29 -30 -31 32 33 -34 -35 36 37 -38 39 40 41 42 43
v 44 45 46 47 -48 -49 -50 51 -52 -53 54 55 56 -57 -58 -59 -60 0
c Answer: 926
v 1 -2 -3 -4 5 6 7 -8 -9 -10 11 -12 -13 -14 15 -16 -17 18 -19 -20 -21 22
v 23 24 -25 -26 -27 28 -29 -30 -31 32 33 -34 -35 36 37 -38 39 40 41 42 43
v 44 45 46 47 48 -49 -50 51 -52 -53 54 55 56 -57 -58 -59 -60 0
c Answer: 927
v -1 -2 3 -4 -5 -6 7 -8 9 -10 -11 -12 13 14 15 -16 -17 18 -19 -20 -21 22
v 23 24 -25 -26 -27 28 -29 -30 -31 32 33 -34 -35 36 37 -38 39 40 41 42 43
v 44 -45 46 47 -48 -49 -50 51 -52 53 54 55 56 -57 -58 -59 -60 0
c Answer: 928
v -1 -2 3 -4 -5 -6 7 -8 9 -10 -11 -12 13 14 15 -16 -17 18 -19 -20 -21 22
v 23 24 -25 -26 -27 28 -29 -30 -31 32 33 -34 -35 36 37 -38 39 40 41 42 43
v 44 -45 46 47 48 -49 -50 51 -52 53 54 55 56 -57 -58 -59 -60 0
c Answer: 929
v 1 -2 -3 -4 5 6 7 -8 -9 -10 11 -12 -13 -14 15 16 -17 18 -19 -20 -21 22 23
v -24 -25 -26 -27 28 -29 -30 -31 32 33 -34 -35 36 37 -38 39 40 41 -42 -43
v 44 45 46 47 -48 -49 -50 51 -52 -53 54 55 56 -57 -58 -59 -60 0
c Answer: 930
v -1 -2 3 -4 -5 -6 7 -8 9 -10 -11 -12 13 14 15 16 -17 18 -19 -20 -21 22 23
v -24 -25 -26 -27 28 -29 -30 -31 32 33 -34 -35 36 37 -38 39 40 41 -42 -43
v 44 -45 46 47 -48 -49 -50 51 -52 53 54 55 56 -57 -58 -59 -60 0
c Answer: 931
v 1 -2 -3 -4 5 6 7 -8 -9 -10 11 -12 -13 -14 15 16 -17 18 -19 -20 -21 22 23
v 24 -25 -26 -27 28 -29 -30 -31 32 33 -34 -35 36 37 -38 39 40 41 -42 -43
v 44 45 46 47 -48 -49 -50 51 -52 -53 54 55 56 -57 -58 -59 -60 0
c Answer: 932
v -1 -2 3 -4 -5 -6 7 -8 9 -10 -11 -12 13 14 15 16 -17 18 -19 -20 -21 22 23
v 24 -25 -26 -27 28 -29 -30 -31 32 33 -34 -35 36 37 -38 39 40 41 -42 -43
v 44 -45 46 47 -48 -49 -50 51 -52 53 54 55 56 -57 -58 -59 -60 0
c Answer: 933
v 1 -2 -3 -4 5 6 7 -8 -9 -10 11 -12 -13 -14 15 16 -17 18 -19 -20 -21 22 23
v -24 -25 -26 -27 28 -29 -30 -31 32 33 -34 -35 36 37 -38 39 40 41 -42 43
v 44 45 46 47 -48 -49 -50 51 -52 -53 54 55 56 -57 -58 -59 -60 0
c Answer: 934
v 1 -2 -3 -4 5 6 7 -8 -9 -10 11 -12 -13 -14 15 16 -17 18 -19 -20 -21 22 23
v 24 -25 -26 -27 28 -29 -30 -31 32 33 -34 -35 36 37 -38 39 40 41 -42 43 44
v 45 46 47 -48 -49 -50 51 -52 -53 54 55 56 -57 -58 -59 -60 0
c Answer: 935
v -1 -2 3 -4 -5 -6 7 -8 9 -10 -11 -12 13 14 15 16 -17 18 -19 -20 -21 22 23
v -24 -25 -26 -27 28 -29 -30 -31 32 33 -34 -35 36 37 -38 39 40 41 -42 43
v 44 -45 46 47 -48 -49 -50 51 -52 53 54 55 56 -57 -58 -59 -60 0
c Answer: 936
v -1 -2 3 -4 -5 -6 7 -8 9 -10 -11 -12 13 14 15 16 -17 18 -19 -20 -21 22 23
v 24 -25 -26 -27 28 -29 -30 -31 32 33 -34 -35 36 37 -38 39 40 41 -42 43 44
v -45 46 47 -48 -49 -50 51 -52 53 54 55 56 -57 -58 -59 -60 0
c Answer: 937
v 1 -2 -3 -4 5 6 7 -8 -9 -10 11 -12 -13 -14 15 16 -17 18 -19 -20 -21 22 23
v -24 -25 -26 -27 28 -29 -30 -31 32 33 -34 -35 36 37 -38 39 40 41 42 -43
v 44 45 46 47 -48 -49 -50 51 -52 -53 54 55 56 -57 -58 -59 -60 0
c Answer: 938
v -1 -2 3 -4 -5 -6 7 -8 9 -10 -11 -12 13 14 15 16 -17 18 -19 -20 -21 22 23
v -24 -25 -26 -27 28 -29 -30 -31 32 33 -34 -35 36 37 -38 39 40 41 42 -43
v 44 -45 46 47 -48 -49 -50 51 -52 53 54 55 56 -57 -58 -59 -60 0
c Answer: 939
v 1 -2 -3 -4 5 6 7 -8 -9 -10 11 -12 -13 -14 15 16 -17 18 -19 -20 -21 22 23
v -24 -25 -26 -27 28 -29 -30 -31 32 33 -34 -35 36 37 -38 39 40 41 42 43 44
v 45 46 47 -48 -49 -50 51 -52 -53 54 55 56 -57 -58 -59 -60 0
c Answer: 940
v -1 -2 3 -4 -5 -6 7 -8 9 -10 -11 -12 13 14 15 16 -17 18 -19 -20 -21 22 23
v -24 -25 -26 -27 28 -29 -30 -31 32 33 -34 -35 36 37 -38 39 40 41 42 43 44
v -45 46 47 -48 -49 -50 51 -52 53 54 55 56 -57 -58 -59 -60 0
c Answer: 941
v 1 -2 -3 -4 5 6 7 -8 -9 -10 11 -12 -13 -14 15 16 -17 18 -19 -20 -21 22 23
v 24 -25 -26 -27 28 -29 -30 -31 32 33 -34 -35 36 37 -38 39 40 41 42 -43 44
v 45 46 47 -48 -49 -50 51 -52 -53 54 55 56 -57 -58 -59 -60 0
c Answer: 942
v 1 -2 -3 -4 5 6 7 -8 -9 -10 11 -12 -13 -14 15 16 -17 18 -19 -20 -21 22 23
v 24 -25 -26 -27 28 -29 -30 -31 32 33 -34 -35 36 37 -38 39 40 41 42 43 44
v 45 46 47 -48 -49 -50 51 -52 -53 54 55 56 -57 -58 -59 -60 0
c Answer: 943
v -1 -2 3 -4 -5 -6 7 -8 9 -10 -11 -12 13 14 15 16 -17 18 -19 -20 -21 22 23
v 24 -25 -26 -27 28 -29 -30 -31 32 33 -34 -35 36 37 -38 39 40 41 42 -43 44
v -45 46 47 -48 -49 -50 51 -52 53 54 55 56 -57 -58 -59 -60 0
c Answer: 944
v -1 -2 3 -4 -5 -6 7 -8 9 -10 -11 -12 13 14 15 16 -17 18 -19 -20 -21 22 23
v 24 -25 -26 -27 28 -29 -30 -31 32 33 -34 -35 36 37 -38 39 40 41 42 43 44
v -45 46 47 -48 -49 -50 51 -52 53 54 55 56 -57 -58 -59 -60 0
c Answer: 945
v 1 -2 -3 -4 5 6 7 -8 -9 -10 11 -12 -13 -14 15 16 -17 18 -19 -20 -21 22 23
v -24 -25 -26 -27 28 -29 -30 -31 32 33 -34 -35 36 37 -38 39 40 41 -42 -43
v 44 45 46 47 48 -49 -50 51 -52 -53 54 55 56 -57 -58 -59 -60 0
c Answer: 946
v -1 -2 3 -4 -5 -6 7 -8 9 -10 -11 -12 13 14 15 16 -17 18 -19 -20 -21 22 23
v -24 -25 -26 -27 28 -29 -30 -31 32 33 -34 -35 36 37 -38 39 40 41 -42 -43
v 44 -45 46 47 48 -49 -50 51 -52 53 54 55 56 -57 -58 -59 -60 0
c Answer: 947
v 1 -2 -3 -4 5 6 7 -8 -9 -10 11 -12 -13 -14 15 16 -17 18 -19 -20 -21 22 23
v -24 -25 -26 -27 28 -29 -30 -31 32 33 -34 -35 36 37 -38 39 40 41 42 -43
v 44 45 46 47 48 -49 -50 51 -52 -53 54 55 56 -57 -58 -59 -60 0
c Answer: 948
v -1 -2 3 -4 -5 -6 7 -8 9 -10 -11 -12 13 14 15 16 -17 18 -19 -20 -21 22 23
v -24 -25 -26 -27 28 -29 -30 -31 32 33 -34 -35 36 37 -38 39 40 41 42 -43
v 44 -45 46 47 48 -49 -50 51 -52 53 54 55 56 -57 -58 -59 -60 0
c Answer: 949
v 1 -2 -3 -4 5 6 7 -8 -9 -10 11 -12 -13 -14 15 16 -17 18 -19 -20 -21 22 23
v 24 -25 -26 -27 28 -29 -30 -31 32 33 -34 -35 36 37 -38 39 40 41 -42 -43
v 44 45 46 47 48 -49 -50 51 -52 -53 54 55 56 -57 -58 -59 -60 0
c Answer: 950
v 1 -2 -3 -4 5 6 7 -8 -9 -10 11 -12 -13 -14 15 16 -17 18 -19 -20 -21 22 23
v 24 -25 -26 -27 28 -29 -30 -31 32 33 -34 -35 36 37 -38 39 40 41 42 -43 44
v 45 46 47 48 -49 -50 51 -52 -53 54 55 56 -57 -58 -59 -60 0
c Answer: 951
v -1 -2 3 -4 -5 -6 7 -8 9 -10 -11 -12 13 14 15 16 -17 18 -19 -20 -21 22 23
v 24 -25 -26 -27 28 -29 -30 -31 32 33 -34 -35 36 37 -38 39 40 41 -42 -43
v 44 -45 46 47 48 -49 -50 51 -52 53 54 55 56 -57 -58 -59 -60 0
c Answer: 952
v -1 -2 3 -4 -5 -6 7 -8 9 -10 -11 -12 13 14 15 16 -17 18 -19 -20 -21 22 23
v 24 -25 -26 -27 28 -29 -30 -31 32 33 -34 -35 36 37 -38 39 40 41 42 -43 44
v -45 46 47 48 -49 -50 51 -52 53 54 55 56 -57 -58 -59 -60 0
c Answer: 953
v 1 -2 -3 -4 5 6 7 -8 -9 -10 11 -12 -13 -14 15 16 -17 18 -19 -20 -21 22 23
v -24 -25 -26 -27 28 -29 -30 -31 32 33 -34 -35 36 37 -38 39 40 41 -42 43
v 44 45 46 47 48 -49 -50 51 -52 -53 54 55 56 -57 -58 -59 -60 0
c Answer: 954
v -1 -2 3 -4 -5 -6 7 -8 9 -10 -11 -12 13 14 15 16 -17 18 -19 -20 -21 22 23
v -24 -25 -26 -27 28 -29 -30 -31 32 33 -34 -35 36 37 -38 39 40 41 -42 43
v 44 -45 46 47 48 -49 -50 51 -52 53 54 55 56 -57 -58 -59 -60 0
c Answer: 955
v 1 -2 -3 -4 5 6 7 -8 -9 -10 11 -12 -13 -14 15 16 -17 18 -19 -20 -21 22 23
v 24 -25 -26 -27 28 -29 -30 -31 32 33 -34 -35 36 37 -38 39 40 41 -42 43 44
v 45 46 47 48 -49 -50 51 -52 -53 54 55 56 -57 -58 -59 -60 0
c Answer: 956
v -1 -2 3 -4 -5 -6 7 -8 9 -10 -11 -12 13 14 15 16 -17 18 -19 -20 -21 22 23
v 24 -25 -26 -27 28 -29 -30 -31 32 33 -34 -35 36 37 -38 39 40 41 -42 43 44
v -45 46 47 48 -49 -50 51 -52 53 54 55 56 -57 -58 -59 -60 0
c Answer: 957
v 1 -2 -3 -4 5 6 7 -8 -9 -10 11 -12 -13 -14 15 16 -17 18 -19 -20 -21 22 23
v -24 -25 -26 -27 28 -29 -30 -31 32 33 -34 -35 36 37 -38 39 40 41 42 43 44
v 45 46 47 48 -49 -50 51 -52 -53 54 55 56 -57 -58 -59 -60 0
c Answer: 958
v 1 -2 -3 -4 5 6 7 -8 -9 -10 11 -12 -13 -14 15 16 -17 18 -19 -20 -21 22 23
v 24 -25 -26 -27 28 -29 -30 -31 32 33 -34 -35 36 37 -38 39 40 41 42 43 44
v 45 46 47 48 -49 -50 51 -52 -53 54 55 56 -57 -58 -59 -60 0
c Answer: 959
v -1 -2 3 -4 -5 -6 7 -8 9 -10 -11 -12 13 14 15 16 -17 18 -19 -20 -21 22 23
v -24 -25 -26 -27 28 -29 -30 -31 32 33 -34 -35 36 37 -38 39 40 41 42 43 44
v -45 46 47 48 -49 -50 51 -52 53 54 55 56 -57 -58 -59 -60 0
c Answer: 960
v -1 -2 3 -4 -5 -6 7 -8 9 -10 -11 -12 13 14 15 16 -17 18 -19 -20 -21 22 23
v 24 -25 -26 -27 28 -29 -30 -31 32 33 -34 -35 36 37 -38 39 40 41 42 43 44
v -45 46 47 48 -49 -50 51 -52 53 54 55 56 -57 -58 -59 -60 0
c Answer: 961
v 1 -2 -3 -4 5 6 7 -8 -9 -10 11 -12 -13 -14 15 -16 -17 18 -19 -20 -21 22
v 23 -24 -25 -26 -27 28 -29 -30 -31 32 33 -34 -35 36 37 -38 39 40 41 -42
v -43 44 45 46 47 -48 -49 -50 51 52 -53 54 55 56 -57 -58 -59 -60 0
c Answer: 962
v -1 -2 3 -4 -5 -6 7 -8 9 -10 -11 -12 13 14 15 -16 -17 18 -19 -20 -21 22
v 23 -24 -25 -26 -27 28 -29 -30 -31 32 33 -34 -35 36 37 -38 39 40 41 -42
v -43 44 -45 46 47 -48 -49 -50 51 52 53 54 55 56 -57 -58 -59 -60 0
c Answer: 963
v 1 -2 -3 -4 5 6 7 -8 -9 -10 11 -12 -13 -14 15 16 -17 18 -19 -20 -21 22 23
v -24 -25 -26 -27 28 -29 -30 -31 32 33 -34 -35 36 37 -38 39 40 41 -42 -43
v 44 45 46 47 -48 -49 -50 51 52 -53 54 55 56 -57 -58 -59 -60 0
c Answer: 964
v -1 -2 3 -4 -5 -6 7 -8 9 -10 -11 -12 13 14 15 16 -17 18 -19 -20 -21 22 23
v -24 -25 -26 -27 28 -29 -30 -31 32 33 -34 -35 36 37 -38 39 40 41 -42 -43
v 44 -45 46 47 -48 -49 -50 51 52 53 54 55 56 -57 -58 -59 -60 0
c Answer: 965
v 1 -2 -3 -4 5 6 7 -8 -9 -10 11 -12 -13 -14 15 -16 -17 18 -19 -20 -21 22
v 23 -24 -25 -26 -27 28 -29 -30 -31 32 33 -34 -35 36 37 -38 39 40 41 -42
v -43 44 45 46 47 48 -49 -50 51 52 -53 54 55 56 -57 -58 -59 -60 0
c Answer: 966
v 1 -2 -3 -4 5 6 7 -8 -9 -10 11 -12 -13 -14 15 16 -17 18 -19 -20 -21 22 23
v -24 -25 -26 -27 28 -29 -30 -31 32 33 -34 -35 36 37 -38 39 40 41 -42 -43
v 44 45 46 47 48 -49 -50 51 52 -53 54 55 56 -57 -58 -59 -60 0
c Answer: 967
v -1 -2 3 -4 -5 -6 7 -8 9 -10 -11 -12 13 14 15 -16 -17 18 -19 -20 -21 22
v 23 -24 -25 -26 -27 28 -29 -30 -31 32 33 -34 -35 36 37 -38 39 40 41 -42
v -43 44 -45 46 47 48 -49 -50 51 52 53 54 55 56 -57 -58 -59 -60 0
c Answer: 968
v -1 -2 3 -4 -5 -6 7 -8 9 -10 -11 -12 13 14 15 16 -17 18 -19 -20 -21 22 23
v -24 -25 -26 -27 28 -29 -30 -31 32 33 -34 -35 36 37 -38 39 40 41 -42 -43
v 44 -45 46 47 48 -49 -50 51 52 53 54 55 56 -57 -58 -59 -60 0
c Answer: 969
v 1 -2 -3 -4 5 6 7 -8 -9 -10 11 -12 -13 -14 15 -16 -17 18 -19 -20 -21 22
v 23 -24 -25 -26 -27 28 -29 -30 -31 32 33 -34 -35 36 37 -38 39 40 41 -42
v 43 44 45 46 47 -48 -49 -50 51 52 -53 54 55 56 -57 -58 -59 -60 0
c Answer: 970
v -1 -2 3 -4 -5 -6 7 -8 9 -10 -11 -12 13 14 15 -16 -17 18 -19 -20 -21 22
v 23 -24 -25 -26 -27 28 -29 -30 -31 32 33 -34 -35 36 37 -38 39 40 41 -42
v 43 44 -45 46 47 -48 -49 -50 51 52 53 54 55 56 -57 -58 -59 -60 0
c Answer: 971
v 1 -2 -3 -4 5 6 7 -8 -9 -10 11 -12 -13 -14 15 -16 -17 18 -19 -20 -21 22
v 23 -24 -25 -26 -27 28 -29 -30 -31 32 33 -34 -35 36 37 -38 39 40 41 -42
v 43 44 45 46 47 48 -49 -50 51 52 -53 54 55 56 -57 -58 -59 -60 0
c Answer: 972
v -1 -2 3 -4 -5 -6 7 -8 9 -10 -11 -12 13 14 15 -16 -17 18 -19 -20 -21 22
v 23 -24 -25 -26 -27 28 -29 -30 -31 32 33 -34 -35 36 37 -38 39 40 41 -42
v 43 44 -45 46 47 48 -49 -50 51 52 53 54 55 56 -57 -58 -59 -60 0
c Answer: 973
v 1 -2 -3 -4 5 6 7 -8 -9 -10 11 -12 -13 -14 15 16 -17 18 -19 -20 -21 22 23
v -24 -25 -26 -27 28 -29 -30 -31 32 33 -34 -35 36 37 -38 39 40 41 -42 43
v 44 45 46 47 -48 -49 -50 51 52 -53 54 55 56 -57 -58 -59 -60 0
c Answer: 974
v 1 -2 -3 -4 5 6 7 -8 -9 -10 11 -12 -13 -14 15 16 -17 18 -19 -20 -21 22 23
v -24 -25 -26 -27 28 -29 -30 -31 32 33 -34 -35 36 37 -38 39 40 41 -42 43
v 44 45 46 47 48 -49 -50 51 52 -53 54 55 56 -57 -58 -59 -60 0
c Answer: 975
v -1 -2 3 -4 -5 -6 7 -8 9 -10 -11 -12 13 14 15 16 -17 18 -19 -20 -21 22 23
v -24 -25 -26 -27 28 -29 -30 -31 32 33 -34 -35 36 37 -38 39 40 41 -42 43
v 44 -45 46 47 -48 -49 -50 51 52 53 54 55 56 -57 -58 -59 -60 0
c Answer: 976
v -1 -2 3 -4 -5 -6 7 -8 9 -10 -11 -12 13 14 15 16 -17 18 -19 -20 -21 22 23
v -24 -25 -26 -27 28 -29 -30 -31 32 33 -34 -35 36 37 -38 39 40 41 -42 43
v 44 -45 46 47 48 -49 -50 51 52 53 54 55 56 -57 -58 -59 -60 0
c Answer: 977
v 1 -2 -3 -4 5 6 7 -8 -9 -10 11 -12 -13 -14 15 -16 -17 18 -19 -20 -21 22
v 23 -24 -25 -26 -27 28 -29 -30 -31 32 33 -34 -35 36 37 -38 39 40 41 42 -43
v 44 45 46 47 -48 -49 -50 51 52 -53 54 55 56 -57 -58 -59 -60 0
c Answer: 978
v -1 -2 3 -4 -5 -6 7 -8 9 -10 -11 -12 13 14 15 -16 -17 18 -19 -20 -21 22
v 23 -24 -25 -26 -27 28 -29 -30 -31 32 33 -34 -35 36 37 -38 39 40 41 42 -43
v 44 -45 46 47 -48 -49 -50 51 52 53 54 55 56 -57 -58 -59 -60 0
c Answer: 979
v 1 -2 -3 -4 5 6 7 -8 -9 -10 11 -12 -13 -14 15 -16 -17 18 -19 -20 -21 22
v 23 -24 -25 -26 -27 28 -29 -30 -31 32 33 -34 -35 36 37 -38 39 40 41 42 43
v 44 45 46 47 -48 -49 -50 51 52 -53 54 55 56 -57 -58 -59 -60 0
c Answer: 980
v -1 -2 3 -4 -5 -6 7 -8 9 -10 -11 -12 13 14 15 -16 -17 18 -19 -20 -21 22
v 23 -24 -25 -26 -27 28 -29 -30 -31 32 33 -34 -35 36 37 -38 39 40 41 42 43
v 44 -45 46 47 -48 -49 -50 51 52 53 54 55 56 -57 -58 -59 -60 0
c Answer: 981
v 1 -2 -3 -4 5 6 7 -8 -9 -10 11 -12 -13 -14 15 16 -17 18 -19 -20 -21 22 23
v -24 -25 -26 -27 28 -29 -30 -31 32 33 -34 -35 36 37 -38 39 40 41 42 -43
v 44 45 46 47 -48 -49 -50 51 52 -53 54 55 56 -57 -58 -59 -60 0
c Answer: 982
v 1 -2 -3 -4 5 6 7 -8 -9 -10 11 -12 -13 -14 15 16 -17 18 -19 -20 -21 22 23
v -24 -25 -26 -27 28 -29 -30 -31 32 33 -34 -35 36 37 -38 39 40 41 42 43 44
v 45 46 47 -48 -49 -50 51 52 -53 54 55 56 -57 -58 -59 -60 0
c Answer: 983
v -1 -2 3 -4 -5 -6 7 -8 9 -10 -11 -12 13 14 15 16 -17 18 -19 -20 -21 22 23
v -24 -25 -26 -27 28 -29 -30 -31 32 33 -34 -35 36 37 -38 39 40 41 42 -43
v 44 -45 46 47 -48 -49 -50 51 52 53 54 55 56 -57 -58 -59 -60 0
c Answer: 984
v -1 -2 3 -4 -5 -6 7 -8 9 -10 -11 -12 13 14 15 16 -17 18 -19 -20 -21 22 23
v -24 -25 -26 -27 28 -29 -30 -31 32 33 -34 -35 36 37 -38 39 40 41 42 43 44
v -45 46 47 -48 -49 -50 51 52 53 54 55 56 -57 -58 -59 -60 0
c Answer: 985
v 1 -2 -3 -4 5 6 7 -8 -9 -10 11 -12 -13 -14 15 -16 -17 18 -19 -20 -21 22
v 23 -24 -25 -26 -27 28 -29 -30 -31 32 33 -34 -35 36 37 -38 39 40 41 42 -43
v 44 45 46 47 48 -49 -50 51 52 -53 54 55 56 -57 -58 -59 -60 0
c Answer: 986
v -1 -2 3 -4 -5 -6 7 -8 9 -10 -11 -12 13 14 15 -16 -17 18 -19 -20 -21 22
v 23 -24 -25 -26 -27 28 -29 -30 -31 32 33 -34 -35 36 37 -38 39 40 41 42 -43
v 44 -45 46 47 48 -49 -50 51 52 53 54 55 56 -57 -58 -59 -60 0
c Answer: 987
v 1 -2 -3 -4 5 6 7 -8 -9 -10 11 -12 -13 -14 15 16 -17 18 -19 -20 -21 22 23
v -24 -25 -26 -27 28 -29 -30 -31 32 33 -34 -35 36 37 -38 39 40 41 42 -43
v 44 45 46 47 48 -49 -50 51 52 -53 54 55 56 -57 -58 -59 -60 0
c Answer: 988
v -1 -2 3 -4 -5 -6 7 -8 9 -10 -11 -12 13 14 15 16 -17 18 -19 -20 -21 22 23
v -24 -25 -26 -27 28 -29 -30 -31 32 33 -34 -35 36 37 -38 39 40 41 42 -43
v 44 -45 46 47 48 -49 -50 51 52 53 54 55 56 -57 -58 -59 -60 0
c Answer: 989
v 1 -2 -3 -4 5 6 7 -8 -9 -10 11 -12 -13 -14 15 -16 -17 18 -19 -20 -21 22
v 23 -24 -25 -26 -27 28 -29 -30 -31 32 33 -34 -35 36 37 -38 39 40 41 42 43
v 44 45 46 47 48 -49 -50 51 52 -53 54 55 56 -57 -58 -59 -60 0
c Answer: 990
v 1 -2 -3 -4 5 6 7 -8 -9 -10 11 -12 -13 -14 15 16 -17 18 -19 -20 -21 22 23
v -24 -25 -26 -27 28 -29 -30 -31 32 33 -34 -35 36 37 -38 39 40 41 42 43 44
v 45 46 47 48 -49 -50 51 52 -53 54 55 56 -57 -58 -59 -60 0
c Answer: 991
v -1 -2 3 -4 -5 -6 7 -8 9 -10 -11 -12 13 14 15 -16 -17 18 -19 -20 -21 22
v 23 -24 -25 -26 -27 28 -29 -30 -31 32 33 -34 -35 36 37 -38 39 40 41 42 43
v 44 -45 46 47 48 -49 -50 51 52 53 54 55 56 -57 -58 -59 -60 0
c Answer: 992
v -1 -2 3 -4 -5 -6 7 -8 9 -10 -11 -12 13 14 15 16 -17 18 -19 -20 -21 22 23
v -24 -25 -26 -27 28 -29 -30 -31 32 33 -34 -35 36 37 -38 39 40 41 42 43 44
v -45 46 47 48 -49 -50 51 52 53 54 55 56 -57 -58 -59 -60 0
c Answer: 993
v 1 -2 -3 -4 5 6 7 -8 -9 -10 11 -12 -13 -14 15 -16 -17 18 -19 -20 -21 22
v 23 24 -25 -26 -27 28 -29 -30 -31 32 33 -34 -35 36 37 -38 39 40 41 -42 -43
v 44 45 46 47 -48 -49 -50 51 52 -53 54 55 56 -57 -58 -59 -60 0
c Answer: 994
v -1 -2 3 -4 -5 -6 7 -8 9 -10 -11 -12 13 14 15 -16 -17 18 -19 -20 -21 22
v 23 24 -25 -26 -27 28 -29 -30 -31 32 33 -34 -35 36 37 -38 39 40 41 -42 -43
v 44 -45 46 47 -48 -49 -50 51 52 53 54 55 56 -57 -58 -59 -60 0
c Answer: 995
v 1 -2 -3 -4 5 6 7 -8 -9 -10 11 -12 -13 -14 15 -16 -17 18 -19 -20 -21 22
v 23 24 -25 -26 -27 28 -29 -30 -31 32 33 -34 -35 36 37 -38 39 40 41 42 -43
v 44 45 46 47 -48 -49 -50 51 52 -53 54 55 56 -57 -58 -59 -60 0
c Answer: 996
v -1 -2 3 -4 -5 -6 7 -8 9 -10 -11 -12 13 14 15 -16 -17 18 -19 -20 -21 22
v 23 24 -25 -26 -27 28 -29 -30 -31 32 33 -34 -35 36 37 -38 39 40 41 42 -43
v 44 -45 46 47 -48 -49 -50 51 52 53 54 55 56 -57 -58 -59 -60 0
c Answer: 997
v 1 -2 -3 -4 5 6 7 -8 -9 -10 11 -12 -13 -14 15 -16 -17 18 -19 -20 -21 22
v 23 24 -25 -26 -27 28 -29 -30 -31 32 33 -34 -35 36 37 -38 39 40 41 -42 -43
v 44 45 46 47 48 -49 -50 51 52 -53 54 55 56 -57 -58 -59 -60 0
c Answer: 998
v 1 -2 -3 -4 5 6 7 -8 -9 -10 11 -12 -13 -14 15 -16 -17 18 -19 -20 -21 22
v 23 24 -25 -26 -27 28 -29 -30 -31 32 33 -34 -35 36 37 -38 39 40 41 42 -43
v 44 45 46 47 48 -49 -50 51 52 -53 54 55 56 -57 -58 -59 -60 0
c Answer: 999
v -1 -2 3 -4 -5 -6 7 -8 9 -10 -11 -12 13 14 15 -16 -17 18 -19 -20 -21 22
v 23 24 -25 -26 -27 28 -29 -30 -31 32 33 -34 -35 36 37 -38 39 40 41 -42 -43
v 44 -45 46 47 48 -49 -50 51 52 53 54 55 56 -57 -58 -59 -60 0
c Answer: 1000
v -1 -2 3 -4 -5 -6 7 -8 9 -10 -11 -12 13 14 15 -16 -17 18 -19 -20 -21 22
v 23 24 -25 -26 -27 28 -29 -30 -31 32 33 -34 -35 36 37 -38 39 40 41 42 -43
v 44 -45 46 47 48 -49 -50 51 52 53 54 55 56 -57 -58 -59 -60 0
c Answer: 1001
v 1 -2 -3 -4 5 6 7 -8 -9 -10 11 -12 -13 -14 15 -16 -17 18 -19 -20 -21 22
v 23 24 -25 -26 -27 28 -29 -30 -31 32 33 -34 -35 36 37 -38 39 40 41 -42 43
v 44 45 46 47 -48 -49 -50 51 52 -53 54 55 56 -57 -58 -59 -60 0
c Answer: 1002
v -1 -2 3 -4 -5 -6 7 -8 9 -10 -11 -12 13 14 15 -16 -17 18 -19 -20 -21 22
v 23 24 -25 -26 -27 28 -29 -30 -31 32 33 -34 -35 36 37 -38 39 40 41 -42 43
v 44 -45 46 47 -48 -49 -50 51 52 53 54 55 56 -57 -58 -59 -60 0
c Answer: 1003
v 1 -2 -3 -4 5 6 7 -8 -9 -10 11 -12 -13 -14 15 -16 -17 18 -19 -20 -21 22
v 23 24 -25 -26 -27 28 -29 -30 -31 32 33 -34 -35 36 37 -38 39 40 41 -42 43
v 44 45 46 47 48 -49 -50 51 52 -53 54 55 56 -57 -58 -59 -60 0
c Answer: 1004
v -1 -2 3 -4 -5 -6 7 -8 9 -10 -11 -12 13 14 15 -16 -17 18 -19 -20 -21 22
v 23 24 -25 -26 -27 28 -29 -30 -31 32 33 -34 -35 36 37 -38 39 40 41 -42 43
v 44 -45 46 47 48 -49 -50 51 52 53 54 55 56 -57 -58 -59 -60 0
c Answer: 1005
v 1 -2 -3 -4 5 6 7 -8 -9 -10 11 -12 -13 -14 15 -16 -17 18 -19 -20 -21 22
v 23 24 -25 -26 -27 28 -29 -30 -31 32 33 -34 -35 36 37 -38 39 40 41 42 43
v 44 45 46 47 -48 -49 -50 51 52 -53 54 55 56 -57 -58 -59 -60 0
c Answer: 1006
v 1 -2 -3 -4 5 6 7 -8 -9 -10 11 -12 -13 -14 15 -16 -17 18 -19 -20 -21 22
v 23 24 -25 -26 -27 28 -29 -30 -31 32 33 -34 -35 36 37 -38 39 40 41 42 43
v 44 45 46 47 48 -49 -50 51 52 -53 54 55 56 -57 -58 -59 -60 0
c Answer: 1007
v -1 -2 3 -4 -5 -6 7 -8 9 -10 -11 -12 13 14 15 -16 -17 18 -19 -20 -21 22
v 23 24 -25 -26 -27 28 -29 -30 -31 32 33 -34 -35 36 37 -38 39 40 41 42 43
v 44 -45 46 47 -48 -49 -50 51 52 53 54 55 56 -57 -58 -59 -60 0
c Answer: 1008
v -1 -2 3 -4 -5 -6 7 -8 9 -10 -11 -12 13 14 15 -16 -17 18 -19 -20 -21 22
v 23 24 -25 -26 -27 28 -29 -30 -31 32 33 -34 -35 36 37 -38 39 40 41 42 43
v 44 -45 46 47 48 -49 -50 51 52 53 54 55 56 -57 -58 -59 -60 0
c Answer: 1009
v 1 -2 -3 -4 5 6 7 -8 -9 -10 11 -12 -13 -14 15 16 -17 18 -19 -20 -21 22 23
v 24 -25 -26 -27 28 -29 -30 -31 32 33 -34 -35 36 37 -38 39 40 41 -42 -43
v 44 45 46 47 -48 -49 -50 51 52 -53 54 55 56 -57 -58 -59 -60 0
c Answer: 1010
v -1 -2 3 -4 -5 -6 7 -8 9 -10 -11 -12 13 14 15 16 -17 18 -19 -20 -21 22 23
v 24 -25 -26 -27 28 -29 -30 -31 32 33 -34 -35 36 37 -38 39 40 41 -42 -43
v 44 -45 46 47 -48 -49 -50 51 52 53 54 55 56 -57 -58 -59 -60 0
c Answer: 1011
v 1 -2 -3 -4 5 6 7 -8 -9 -10 11 -12 -13 -14 15 16 -17 18 -19 -20 -21 22 23
v 24 -25 -26 -27 28 -29 -30 -31 32 33 -34 -35 36 37 -38 39 40 41 -42 43 44
v 45 46 47 -48 -49 -50 51 52 -53 54 55 56 -57 -58 -59 -60 0
c Answer: 1012
v -1 -2 3 -4 -5 -6 7 -8 9 -10 -11 -12 13 14 15 16 -17 18 -19 -20 -21 22 23
v 24 -25 -26 -27 28 -29 -30 -31 32 33 -34 -35 36 37 -38 39 40 41 -42 43 44
v -45 46 47 -48 -49 -50 51 52 53 54 55 56 -57 -58 -59 -60 0
c Answer: 1013
v 1 -2 -3 -4 5 6 7 -8 -9 -10 11 -12 -13 -14 15 16 -17 18 -19 -20 -21 22 23
v 24 -25 -26 -27 28 -29 -30 -31 32 33 -34 -35 36 37 -38 39 40 41 42 -43 44
v 45 46 47 -48 -49 -50 51 52 -53 54 55 56 -57 -58 -59 -60 0
c Answer: 1014
v 1 -2 -3 -4 5 6 7 -8 -9 -10 11 -12 -13 -14 15 16 -17 18 -19 -20 -21 22 23
v 24 -25 -26 -27 28 -29 -30 -31 32 33 -34 -35 36 37 -38 39 40 41 42 43 44
v 45 46 47 -48 -49 -50 51 52 -53 54 55 56 -57 -58 -59 -60 0
c Answer: 1015
v -1 -2 3 -4 -5 -6 7 -8 9 -10 -11 -12 13 14 15 16 -17 18 -19 -20 -21 22 23
v 24 -25 -26 -27 28 -29 -30 -31 32 33 -34 -35 36 37 -38 39 40 41 42 -43 44
v -45 46 47 -48 -49 -50 51 52 53 54 55 56 -57 -58 -59 -60 0
c Answer: 1016
v -1 -2 3 -4 -5 -6 7 -8 9 -10 -11 -12 13 14 15 16 -17 18 -19 -20 -21 22 23
v 24 -25 -26 -27 28 -29 -30 -31 32 33 -34 -35 36 37 -38 39 40 41 42 43 44
v -45 46 47 -48 -49 -50 51 52 53 54 55 56 -57 -58 -59 -60 0
c Answer: 1017
v 1 -2 -3 -4 5 6 7 -8 -9 -10 11 -12 -13 -14 15 16 -17 18 -19 -20 -21 22 23
v 24 -25 -26 -27 28 -29 -30 -31 32 33 -34 -35 36 37 -38 39 40 41 -42 -43
v 44 45 46 47 48 -49 -50 51 52 -53 54 55 56 -57 -58 -59 -60 0
c Answer: 1018
v -1 -2 3 -4 -5 -6 7 -8 9 -10 -11 -12 13 14 15 16 -17 18 -19 -20 -21 22 23
v 24 -25 -26 -27 28 -29 -30 -31 32 33 -34 -35 36 37 -38 39 40 41 -42 -43
v 44 -45 46 47 48 -49 -50 51 52 53 54 55 56 -57 -58 -59 -60 0
c Answer: 1019
v 1 -2 -3 -4 5 6 7 -8 -9 -10 11 -12 -13 -14 15 16 -17 18 -19 -20 -21 22 23
v 24 -25 -26 -27 28 -29 -30 -31 32 33 -34 -35 36 37 -38 39 40 41 42 -43 44
v 45 46 47 48 -49 -50 51 52 -53 54 55 56 -57 -58 -59 -60 0
c Answer: 1020
v -1 -2 3 -4 -5 -6 7 -8 9 -10 -11 -12 13 14 15 16 -17 18 -19 -20 -21 22 23
v 24 -25 -26 -27 28 -29 -30 -31 32 33 -34 -35 36 37 -38 39 40 41 42 -43 44
v -45 46 47 48 -49 -50 51 52 53 54 55 56 -57 -58 -59 -60 0
c Answer: 1021
v 1 -2 -3 -4 5 6 7 -8 -9 -10 11 -12 -13 -14 15 16 -17 18 -19 -20 -21 22 23
v 24 -25 -26 -27 28 -29 -30 -31 32 33 -34 -35 36 37 -38 39 40 41 -42 43 44
v 45 46 47 48 -49 -50 51 52 -53 54 55 56 -57 -58 -59 -60 0
c Answer: 1022
v 1 -2 -3 -4 5 6 7 -8 -9 -10 11 -12 -13 -14 15 16 -17 18 -19 -20 -21 22 23
v 24 -25 -26 -27 28 -29 -30 -31 32 33 -34 -35 36 37 -38 39 40 41 42 43 44
v 45 46 47 48 -49 -50 51 52 -53 54 55 56 -57 -58 -59 -60 0
c Answer: 1023
v -1 -2 3 -4 -5 -6 7 -8 9 -10 -11 -12 13 14 15 16 -17 18 -19 -20 -21 22 23
v 24 -25 -26 -27 28 -29 -30 -31 32 33 -34 -35 36 37 -38 39 40 41 -42 43 44
v -45 46 47 48 -49 -50 51 52 53 54 55 56 -57 -58 -59 -60 0
c Answer: 1024
v -1 -2 3 -4 -5 -6 7 -8 9 -10 -11 -12 13 14 15 16 -17 18 -19 -20 -21 22 23
v 24 -25 -26 -27 28 -29 -30 -31 32 33 -34 -35 36 37 -38 39 40 41 42 43 44
v -45 46 47 48 -49 -50 51 52 53 54 55 56 -57 -58 -59 -60 0
c Answer: 1025
v 1 -2 -3 -4 5 6 7 -8 -9 -10 11 -12 -13 -14 15 -16 -17 18 -19 -20 -21 22
v 23 -24 -25 -26 -27 28 -29 -30 -31 -32 33 -34 -35 36 37 -38 39 40 41 -42
v -43 -44 45 46 47 -48 -49 -50 51 -52 -53 54 55 -56 -57 -58 -59 60 0
c Answer: 1026
v -1 -2 3 -4 -5 -6 7 -8 9 -10 -11 -12 13 14 15 -16 -17 18 -19 -20 -21 22
v 23 -24 -25 -26 -27 28 -29 -30 -31 -32 33 -34 -35 36 37 -38 39 40 41 -42
v -43 -44 -45 46 47 -48 -49 -50 51 -52 53 54 55 -56 -57 -58 -59 60 0
c Answer: 1027
v 1 -2 -3 -4 5 6 7 -8 -9 -10 11 -12 -13 -14 15 -16 -17 18 -19 -20 -21 22
v 23 -24 -25 -26 -27 28 -29 -30 -31 -32 33 -34 -35 36 37 -38 39 40 41 -42
v -43 -44 45 46 47 -48 -49 -50 51 -52 -53 54 55 56 -57 -58 -59 60 0
c Answer: 1028
v -1 -2 3 -4 -5 -6 7 -8 9 -10 -11 -12 13 14 15 -16 -17 18 -19 -20 -21 22
v 23 -24 -25 -26 -27 28 -29 -30 -31 -32 33 -34 -35 36 37 -38 39 40 41 -42
v -43 -44 -45 46 47 -48 -49 -50 51 -52 53 54 55 56 -57 -58 -59 60 0
c Answer: 1029
v 1 -2 -3 -4 5 6 7 -8 -9 -10 11 -12 -13 -14 15 -16 -17 18 -19 -20 -21 22
v 23 -24 -25 -26 -27 28 -29 -30 -31 -32 33 -34 -35 36 37 -38 39 40 41 -42
v -43 44 45 46 47 -48 -49 -50 51 -52 -53 54 55 -56 -57 -58 -59 60 0
c Answer: 1030
v 1 -2 -3 -4 5 6 7 -8 -9 -10 11 -12 -13 -14 15 -16 -17 18 -19 -20 -21 22
v 23 -24 -25 -26 -27 28 -29 -30 -31 -32 33 -34 -35 36 37 -38 39 40 41 -42
v -43 44 45 46 47 -48 -49 -50 51 -52 -53 54 55 56 -57 -58 -59 60 0
c Answer: 1031
v -1 -2 3 -4 -5 -6 7 -8 9 -10 -11 -12 13 14 15 -16 -17 18 -19 -20 -21 22
v 23 -24 -25 -26 -27 28 -29 -30 -31 -32 33 -34 -35 36 37 -38 39 40 41 -42
v -43 44 -45 46 47 -48 -49 -50 51 -52 53 54 55 -56 -57 -58 -59 60 0
c Answer: 1032
v -1 -2 3 -4 -5 -6 7 -8 9 -10 -11 -12 13 14 15 -16 -17 18 -19 -20 -21 22
v 23 -24 -25 -26 -27 28 -29 -30 -31 -32 33 -34 -35 36 37 -38 39 40 41 -42
v -43 44 -45 46 47 -48 -49 -50 51 -52 53 54 55 56 -57 -58 -59 60 0
c Answer: 1033
v 1 -2 -3 -4 5 6 7 -8 -9 -10 11 -12 -13 -14 15 -16 -17 18 -19 -20 -21 22
v 23 -24 -25 -26 -27 28 -29 -30 -31 32 33 -34 -35 36 37 -38 39 40 41 -42
v -43 -44 45 46 47 -48 -49 -50 51 -52 -53 54 55 -56 -57 -58 -59 60 0
c Answer: 1034
v -1 -2 3 -4 -5 -6 7 -8 9 -10 -11 -12 13 14 15 -16 -17 18 -19 -20 -21 22
v 23 -24 -25 -26 -27 28 -29 -30 -31 32 33 -34 -35 36 37 -38 39 40 41 -42
v -43 -44 -45 46 47 -48 -49 -50 51 -52 53 54 55 -56 -57 -58 -59 60 0
c Answer: 1035
v 1 -2 -3 -4 5 6 7 -8 -9 -10 11 -12 -13 -14 15 -16 -17 18 -19 -20 -21 22
v 23 -24 -25 -26 -27 28 -29 -30 -31 32 33 -34 -35 36 37 -38 39 40 41 -42
v -43 44 45 46 47 -48 -49 -50 51 -52 -53 54 55 -56 -57 -58 -59 60 0
c Answer: 1036
v -1 -2 3 -4 -5 -6 7 -8 9 -10 -11 -12 13 14 15 -16 -17 18 -19 -20 -21 22
v 23 -24 -25 -26 -27 28 -29 -30 -31 32 33 -34 -35 36 37 -38 39 40 41 -42
v -43 44 -45 46 47 -48 -49 -50 51 -52 53 54 55 -56 -57 -58 -59 60 0
c Answer: 1037
v 1 -2 -3 -4 5 6 7 -8 -9 -10 11 -12 -13 -14 15 -16 -17 18 -19 -20 -21 22
v 23 -24 -25 -26 -27 28 -29 -30 -31 32 33 -34 -35 36 37 -38 39 40 41 -42
v -43 -44 45 46 47 -48 -49 -50 51 -52 -53 54 55 56 -57 -58 -59 60 0
c Answer: 1038
v 1 -2 -3 -4 5 6 7 -8 -9 -10 11 -12 -13 -14 15 -16 -17 18 -19 -20 -21 22
v 23 -24 -25 -26 -27 28 -29 -30 -31 32 33 -34 -35 36 37 -38 39 40 41 -42
v -43 44 45 46 47 -48 -49 -50 51 -52 -53 54 55 56 -57 -58 -59 60 0
c Answer: 1039
v -1 -2 3 -4 -5 -6 7 -8 9 -10 -11 -12 13 14 15 -16 -17 18 -19 -20 -21 22
v 23 -24 -25 -26 -27 28 -29 -30 -31 32 33 -34 -35 36 37 -38 39 40 41 -42
v -43 -44 -45 46 47 -48 -49 -50 51 -52 53 54 55 56 -57 -58 -59 60 0
c Answer: 1040
v -1 -2 3 -4 -5 -6 7 -8 9 -10 -11 -12 13 14 15 -16 -17 18 -19 -20 -21 22
v 23 -24 -25 -26 -27 28 -29 -30 -31 32 33 -34 -35 36 37 -38 39 40 41 -42
v -43 44 -45 46 47 -48 -49 -50 51 -52 53 54 55 56 -57 -58 -59 60 0
c Answer: 1041
v 1 -2 -3 -4 5 6 7 -8 -9 -10 11 -12 -13 -14 15 -16 -17 18 -19 -20 -21 22
v 23 -24 -25 -26 -27 28 -29 -30 -31 -32 33 -34 -35 36 37 -38 39 40 41 -42
v -43 -44 45 46 47 -48 -49 -50 51 52 -53 54 55 -56 -57 -58 -59 60 0
c Answer: 1042
v -1 -2 3 -4 -5 -6 7 -8 9 -10 -11 -12 13 14 15 -16 -17 18 -19 -20 -21 22
v 23 -24 -25 -26 -27 28 -29 -30 -31 -32 33 -34 -35 36 37 -38 39 40 41 -42
v -43 -44 -45 46 47 -48 -49 -50 51 52 53 54 55 -56 -57 -58 -59 60 0
c Answer: 1043
v 1 -2 -3 -4 5 6 7 -8 -9 -10 11 -12 -13 -14 15 -16 -17 18 -19 -20 -21 22
v 23 -24 -25 -26 -27 28 -29 -30 -31 32 33 -34 -35 36 37 -38 39 40 41 -42
v -43 -44 45 46 47 -48 -49 -50 51 52 -53 54 55 -56 -57 -58 -59 60 0
c Answer: 1044
v -1 -2 3 -4 -5 -6 7 -8 9 -10 -11 -12 13 14 15 -16 -17 18 -19 -20 -21 22
v 23 -24 -25 -26 -27 28 -29 -30 -31 32 33 -34 -35 36 37 -38 39 40 41 -42
v -43 -44 -45 46 47 -48 -49 -50 51 52 53 54 55 -56 -57 -58 -59 60 0
c Answer: 1045
v 1 -2 -3 -4 5 6 7 -8 -9 -10 11 -12 -13 -14 15 -16 -17 18 -19 -20 -21 22
v 23 -24 -25 -26 -27 28 -29 -30 -31 -32 33 -34 -35 36 37 -38 39 40 41 -42
v -43 -44 45 46 47 -48 -49 -50 51 52 -53 54 55 56 -57 -58 -59 60 0
c Answer: 1046
v 1 -2 -3 -4 5 6 7 -8 -9 -10 11 -12 -13 -14 15 -16 -17 18 -19 -20 -21 22
v 23 -24 -25 -26 -27 28 -29 -30 -31 32 33 -34 -35 36 37 -38 39 40 41 -42
v -43 -44 45 46 47 -48 -49 -50 51 52 -53 54 55 56 -57 -58 -59 60 0
c Answer: 1047
v -1 -2 3 -4 -5 -6 7 -8 9 -10 -11 -12 13 14 15 -16 -17 18 -19 -20 -21 22
v 23 -24 -25 -26 -27 28 -29 -30 -31 -32 33 -34 -35 36 37 -38 39 40 41 -42
v -43 -44 -45 46 47 -48 -49 -50 51 52 53 54 55 56 -57 -58 -59 60 0
c Answer: 1048
v -1 -2 3 -4 -5 -6 7 -8 9 -10 -11 -12 13 14 15 -16 -17 18 -19 -20 -21 22
v 23 -24 -25 -26 -27 28 -29 -30 -31 32 33 -34 -35 36 37 -38 39 40 41 -42
v -43 -44 -45 46 47 -48 -49 -50 51 52 53 54 55 56 -57 -58 -59 60 0
c Answer: 1049
v 1 -2 -3 -4 5 6 7 -8 -9 -10 11 -12 -13 -14 15 -16 -17 18 -19 -20 -21 22
v 23 -24 -25 -26 -27 28 -29 -30 -31 -32 33 -34 -35 36 37 -38 39 40 41 -42
v -43 44 45 46 47 -48 -49 -50 51 52 -53 54 55 -56 -57 -58 -59 60 0
c Answer: 1050
v -1 -2 3 -4 -5 -6 7 -8 9 -10 -11 -12 13 14 15 -16 -17 18 -19 -20 -21 22
v 23 -24 -25 -26 -27 28 -29 -30 -31 -32 33 -34 -35 36 37 -38 39 40 41 -42
v -43 44 -45 46 47 -48 -49 -50 51 52 53 54 55 -56 -57 -58 -59 60 0
c Answer: 1051
v 1 -2 -3 -4 5 6 7 -8 -9 -10 11 -12 -13 -14 15 -16 -17 18 -19 -20 -21 22
v 23 -24 -25 -26 -27 28 -29 -30 -31 -32 33 -34 -35 36 37 -38 39 40 41 -42
v -43 44 45 46 47 -48 -49 -50 51 52 -53 54 55 56 -57 -58 -59 60 0
c Answer: 1052
v -1 -2 3 -4 -5 -6 7 -8 9 -10 -11 -12 13 14 15 -16 -17 18 -19 -20 -21 22
v 23 -24 -25 -26 -27 28 -29 -30 -31 -32 33 -34 -35 36 37 -38 39 40 41 -42
v -43 44 -45 46 47 -48 -49 -50 51 52 53 54 55 56 -57 -58 -59 60 0
c Answer: 1053
v 1 -2 -3 -4 5 6 7 -8 -9 -10 11 -12 -13 -14 15 -16 -17 18 -19 -20 -21 22
v 23 -24 -25 -26 -27 28 -29 -30 -31 32 33 -34 -35 36 37 -38 39 40 41 -42
v -43 44 45 46 47 -48 -49 -50 51 52 -53 54 55 -56 -57 -58 -59 60 0
c Answer: 1054
v 1 -2 -3 -4 5 6 7 -8 -9 -10 11 -12 -13 -14 15 -16 -17 18 -19 -20 -21 22
v 23 -24 -25 -26 -27 28 -29 -30 -31 32 33 -34 -35 36 37 -38 39 40 41 -42
v -43 44 45 46 47 -48 -49 -50 51 52 -53 54 55 56 -57 -58 -59 60 0
c Answer: 1055
v -1 -2 3 -4 -5 -6 7 -8 9 -10 -11 -12 13 14 15 -16 -17 18 -19 -20 -21 22
v 23 -24 -25 -26 -27 28 -29 -30 -31 32 33 -34 -35 36 37 -38 39 40 41 -42
v -43 44 -45 46 47 -48 -49 -50 51 52 53 54 55 -56 -57 -58 -59 60 0
c Answer: 1056
v -1 -2 3 -4 -5 -6 7 -8 9 -10 -11 -12 13 14 15 -16 -17 18 -19 -20 -21 22
v 23 -24 -25 -26 -27 28 -29 -30 -31 32 33 -34 -35 36 37 -38 39 40 41 -42
v -43 44 -45 46 47 -48 -49 -50 51 52 53 54 55 56 -57 -58 -59 60 0
c Answer: 1057
v 1 -2 -3 -4 5 6 7 -8 -9 -10 11 -12 -13 -14 15 -16 -17 18 -19 -20 -21 22
v 23 24 -25 -26 -27 28 -29 -30 -31 -32 33 -34 -35 36 37 -38 39 40 41 -42
v -43 -44 45 46 47 -48 -49 -50 51 -52 -53 54 55 -56 -57 -58 -59 60 0
c Answer: 1058
v -1 -2 3 -4 -5 -6 7 -8 9 -10 -11 -12 13 14 15 -16 -17 18 -19 -20 -21 22
v 23 24 -25 -26 -27 28 -29 -30 -31 -32 33 -34 -35 36 37 -38 39 40 41 -42
v -43 -44 -45 46 47 -48 -49 -50 51 -52 53 54 55 -56 -57 -58 -59 60 0
c Answer: 1059
v 1 -2 -3 -4 5 6 7 -8 -9 -10 11 -12 -13 -14 15 -16 -17 18 -19 -20 -21 22
v 23 24 -25 -26 -27 28 -29 -30 -31 -32 33 -34 -35 36 37 -38 39 40 41 -42
v -43 -44 45 46 47 -48 -49 -50 51 52 -53 54 55 -56 -57 -58 -59 60 0
c Answer: 1060
v -1 -2 3 -4 -5 -6 7 -8 9 -10 -11 -12 13 14 15 -16 -17 18 -19 -20 -21 22
v 23 24 -25 -26 -27 28 -29 -30 -31 -32 33 -34 -35 36 37 -38 39 40 41 -42
v -43 -44 -45 46 47 -48 -49 -50 51 52 53 54 55 -56 -57 -58 -59 60 0
c Answer: 1061
v 1 -2 -3 -4 5 6 7 -8 -9 -10 11 -12 -13 -14 15 -16 -17 18 -19 -20 -21 22
v 23 24 -25 -26 -27 28 -29 -30 -31 -32 33 -34 -35 36 37 -38 39 40 41 -42
v -43 44 45 46 47 -48 -49 -50 51 -52 -53 54 55 -56 -57 -58 -59 60 0
c Answer: 1062
v 1 -2 -3 -4 5 6 7 -8 -9 -10 11 -12 -13 -14 15 -16 -17 18 -19 -20 -21 22
v 23 24 -25 -26 -27 28 -29 -30 -31 -32 33 -34 -35 36 37 -38 39 40 41 -42
v -43 44 45 46 47 -48 -49 -50 51 52 -53 54 55 -56 -57 -58 -59 60 0
c Answer: 1063
v -1 -2 3 -4 -5 -6 7 -8 9 -10 -11 -12 13 14 15 -16 -17 18 -19 -20 -21 22
v 23 24 -25 -26 -27 28 -29 -30 -31 -32 33 -34 -35 36 37 -38 39 40 41 -42
v -43 44 -45 46 47 -48 -49 -50 51 -52 53 54 55 -56 -57 -58 -59 60 0
c Answer: 1064
v -1 -2 3 -4 -5 -6 7 -8 9 -10 -11 -12 13 14 15 -16 -17 18 -19 -20 -21 22
v 23 24 -25 -26 -27 28 -29 -30 -31 -32 33 -34 -35 36 37 -38 39 40 41 -42
v -43 44 -45 46 47 -48 -49 -50 51 52 53 54 55 -56 -57 -58 -59 60 0
c Answer: 1065
v 1 -2 -3 -4 5 6 7 -8 -9 -10 11 -12 -13 -14 15 -16 -17 18 -19 -20 -21 22
v 23 24 -25 -26 -27 28 -29 -30 -31 32 33 -34 -35 36 37 -38 39 40 41 -42 -43
v -44 45 46 47 -48 -49 -50 51 -52 -53 54 55 -56 -57 -58 -59 60 0
c Answer: 1066
v -1 -2 3 -4 -5 -6 7 -8 9 -10 -11 -12 13 14 15 -16 -17 18 -19 -20 -21 22
v 23 24 -25 -26 -27 28 -29 -30 -31 32 33 -34 -35 36 37 -38 39 40 41 -42 -43
v -44 -45 46 47 -48 -49 -50 51 -52 53 54 55 -56 -57 -58 -59 60 0
c Answer: 1067
v 1 -2 -3 -4 5 6 7 -8 -9 -10 11 -12 -13 -14 15 -16 -17 18 -19 -20 -21 22
v 23 24 -25 -26 -27 28 -29 -30 -31 32 33 -34 -35 36 37 -38 39 40 41 -42 -43
v 44 45 46 47 -48 -49 -50 51 -52 -53 54 55 -56 -57 -58 -59 60 0
c Answer: 1068
v -1 -2 3 -4 -5 -6 7 -8 9 -10 -11 -12 13 14 15 -16 -17 18 -19 -20 -21 22
v 23 24 -25 -26 -27 28 -29 -30 -31 32 33 -34 -35 36 37 -38 39 40 41 -42 -43
v 44 -45 46 47 -48 -49 -50 51 -52 53 54 55 -56 -57 -58 -59 60 0
c Answer: 1069
v 1 -2 -3 -4 5 6 7 -8 -9 -10 11 -12 -13 -14 15 -16 -17 18 -19 -20 -21 22
v 23 24 -25 -26 -27 28 -29 -30 -31 32 33 -34 -35 36 37 -38 39 40 41 -42 -43
v -44 45 46 47 -48 -49 -50 51 52 -53 54 55 -56 -57 -58 -59 60 0
c Answer: 1070
v 1 -2 -3 -4 5 6 7 -8 -9 -10 11 -12 -13 -14 15 -16 -17 18 -19 -20 -21 22
v 23 24 -25 -26 -27 28 -29 -30 -31 32 33 -34 -35 36 37 -38 39 40 41 -42 -43
v 44 45 46 47 -48 -49 -50 51 52 -53 54 55 -56 -57 -58 -59 60 0
c Answer: 1071
v -1 -2 3 -4 -5 -6 7 -8 9 -10 -11 -12 13 14 15 -16 -17 18 -19 -20 -21 22
v 23 24 -25 -26 -27 28 -29 -30 -31 32 33 -34 -35 36 37 -38 39 40 41 -42 -43
v -44 -45 46 47 -48 -49 -50 51 52 53 54 55 -56 -57 -58 -59 60 0
c Answer: 1072
v -1 -2 3 -4 -5 -6 7 -8 9 -10 -11 -12 13 14 15 -16 -17 18 -19 -20 -21 22
v 23 24 -25 -26 -27 28 -29 -30 -31 32 33 -34 -35 36 37 -38 39 40 41 -42 -43
v 44 -45 46 47 -48 -49 -50 51 52 53 54 55 -56 -57 -58 -59 60 0
c Answer: 1073
v 1 -2 -3 -4 5 6 7 -8 -9 -10 11 -12 -13 -14 15 -16 -17 18 -19 -20 -21 22
v 23 24 -25 -26 -27 28 -29 -30 -31 -32 33 -34 -35 36 37 -38 39 40 41 -42
v -43 -44 45 46 47 -48 -49 -50 51 -52 -53 54 55 56 -57 -58 -59 60 0
c Answer: 1074
v -1 -2 3 -4 -5 -6 7 -8 9 -10 -11 -12 13 14 15 -16 -17 18 -19 -20 -21 22
v 23 24 -25 -26 -27 28 -29 -30 -31 -32 33 -34 -35 36 37 -38 39 40 41 -42
v -43 -44 -45 46 47 -48 -49 -50 51 -52 53 54 55 56 -57 -58 -59 60 0
c Answer: 1075
v 1 -2 -3 -4 5 6 7 -8 -9 -10 11 -12 -13 -14 15 -16 -17 18 -19 -20 -21 22
v 23 24 -25 -26 -27 28 -29 -30 -31 32 33 -34 -35 36 37 -38 39 40 41 -42 -43
v -44 45 46 47 -48 -49 -50 51 -52 -53 54 55 56 -57 -58 -59 60 0
c Answer: 1076
v -1 -2 3 -4 -5 -6 7 -8 9 -10 -11 -12 13 14 15 -16 -17 18 -19 -20 -21 22
v 23 24 -25 -26 -27 28 -29 -30 -31 32 33 -34 -35 36 37 -38 39 40 41 -42 -43
v -44 -45 46 47 -48 -49 -50 51 -52 53 54 55 56 -57 -58 -59 60 0
c Answer: 1077
v 1 -2 -3 -4 5 6 7 -8 -9 -10 11 -12 -13 -14 15 -16 -17 18 -19 -20 -21 22
v 23 24 -25 -26 -27 28 -29 -30 -31 -32 33 -34 -35 36 37 -38 39 40 41 -42
v -43 -44 45 46 47 -48 -49 -50 51 52 -53 54 55 56 -57 -58 -59 60 0
c Answer: 1078
v 1 -2 -3 -4 5 6 7 -8 -9 -10 11 -12 -13 -14 15 -16 -17 18 -19 -20 -21 22
v 23 24 -25 -26 -27 28 -29 -30 -31 32 33 -34 -35 36 37 -38 39 40 41 -42 -43
v -44 45 46 47 -48 -49 -50 51 52 -53 54 55 56 -57 -58 -59 60 0
c Answer: 1079
v -1 -2 3 -4 -5 -6 7 -8 9 -10 -11 -12 13 14 15 -16 -17 18 -19 -20 -21 22
v 23 24 -25 -26 -27 28 -29 -30 -31 -32 33 -34 -35 36 37 -38 39 40 41 -42
v -43 -44 -45 46 47 -48 -49 -50 51 52 53 54 55 56 -57 -58 -59 60 0
c Answer: 1080
v -1 -2 3 -4 -5 -6 7 -8 9 -10 -11 -12 13 14 15 -16 -17 18 -19 -20 -21 22
v 23 24 -25 -26 -27 28 -29 -30 -31 32 33 -34 -35 36 37 -38 39 40 41 -42 -43
v -44 -45 46 47 -48 -49 -50 51 52 53 54 55 56 -57 -58 -59 60 0
c Answer: 1081
v 1 -2 -3 -4 5 6 7 -8 -9 -10 11 -12 -13 -14 15 -16 -17 18 -19 -20 -21 22
v 23 24 -25 -26 -27 28 -29 -30 -31 -32 33 -34 -35 36 37 -38 39 40 41 -42
v -43 44 45 46 47 -48 -49 -50 51 -52 -53 54 55 56 -57 -58 -59 60 0
c Answer: 1082
v -1 -2 3 -4 -5 -6 7 -8 9 -10 -11 -12 13 14 15 -16 -17 18 -19 -20 -21 22
v 23 24 -25 -26 -27 28 -29 -30 -31 -32 33 -34 -35 36 37 -38 39 40 41 -42
v -43 44 -45 46 47 -48 -49 -50 51 -52 53 54 55 56 -57 -58 -59 60 0
c Answer: 1083
v 1 -2 -3 -4 5 6 7 -8 -9 -10 11 -12 -13 -14 15 -16 -17 18 -19 -20 -21 22
v 23 24 -25 -26 -27 28 -29 -30 -31 -32 33 -34 -35 36 37 -38 39 40 41 -42
v -43 44 45 46 47 -48 -49 -50 51 52 -53 54 55 56 -57 -58 -59 60 0
c Answer: 1084
v -1 -2 3 -4 -5 -6 7 -8 9 -10 -11 -12 13 14 15 -16 -17 18 -19 -20 -21 22
v 23 24 -25 -26 -27 28 -29 -30 -31 -32 33 -34 -35 36 37 -38 39 40 41 -42
v -43 44 -45 46 47 -48 -49 -50 51 52 53 54 55 56 -57 -58 -59 60 0
c Answer: 1085
v 1 -2 -3 -4 5 6 7 -8 -9 -10 11 -12 -13 -14 15 -16 -17 18 -19 -20 -21 22
v 23 24 -25 -26 -27 28 -29 -30 -31 32 33 -34 -35 36 37 -38 39 40 41 -42 -43
v 44 45 46 47 -48 -49 -50 51 -52 -53 54 55 56 -57 -58 -59 60 0
c Answer: 1086
v 1 -2 -3 -4 5 6 7 -8 -9 -10 11 -12 -13 -14 15 -16 -17 18 -19 -20 -21 22
v 23 24 -25 -26 -27 28 -29 -30 -31 32 33 -34 -35 36 37 -38 39 40 41 -42 -43
v 44 45 46 47 -48 -49 -50 51 52 -53 54 55 56 -57 -58 -59 60 0
c Answer: 1087
v -1 -2 3 -4 -5 -6 7 -8 9 -10 -11 -12 13 14 15 -16 -17 18 -19 -20 -21 22
v 23 24 -25 -26 -27 28 -29 -30 -31 32 33 -34 -35 36 37 -38 39 40 41 -42 -43
v 44 -45 46 47 -48 -49 -50 51 -52 53 54 55 56 -57 -58 -59 60 0
c Answer: 1088
v -1 -2 3 -4 -5 -6 7 -8 9 -10 -11 -12 13 14 15 -16 -17 18 -19 -20 -21 22
v 23 24 -25 -26 -27 28 -29 -30 -31 32 33 -34 -35 36 37 -38 39 40 41 -42 -43
v 44 -45 46 47 -48 -49 -50 51 52 53 54 55 56 -57 -58 -59 60 0
c Answer: 1089
v 1 -2 -3 -4 5 6 7 -8 -9 -10 11 -12 -13 -14 15 16 -17 18 -19 -20 -21 22 23
v -24 -25 -26 -27 28 -29 -30 -31 -32 33 -34 -35 36 37 -38 39 40 41 -42 -43
v -44 45 46 47 -48 -49 -50 51 -52 -53 54 55 -56 -57 -58 -59 60 0
c Answer: 1090
v -1 -2 3 -4 -5 -6 7 -8 9 -10 -11 -12 13 14 15 16 -17 18 -19 -20 -21 22 23
v -24 -25 -26 -27 28 -29 -30 -31 -32 33 -34 -35 36 37 -38 39 40 41 -42 -43
v -44 -45 46 47 -48 -49 -50 51 -52 53 54 55 -56 -57 -58 -59 60 0
c Answer: 1091
v 1 -2 -3 -4 5 6 7 -8 -9 -10 11 -12 -13 -14 15 16 -17 18 -19 -20 -21 22 23
v 24 -25 -26 -27 28 -29 -30 -31 -32 33 -34 -35 36 37 -38 39 40 41 -42 -43
v -44 45 46 47 -48 -49 -50 51 -52 -53 54 55 -56 -57 -58 -59 60 0
c Answer: 1092
v -1 -2 3 -4 -5 -6 7 -8 9 -10 -11 -12 13 14 15 16 -17 18 -19 -20 -21 22 23
v 24 -25 -26 -27 28 -29 -30 -31 -32 33 -34 -35 36 37 -38 39 40 41 -42 -43
v -44 -45 46 47 -48 -49 -50 51 -52 53 54 55 -56 -57 -58 -59 60 0
c Answer: 1093
v 1 -2 -3 -4 5 6 7 -8 -9 -10 11 -12 -13 -14 15 16 -17 18 -19 -20 -21 22 23
v -24 -25 -26 -27 28 -29 -30 -31 -32 33 -34 -35 36 37 -38 39 40 41 -42 -43
v -44 45 46 47 -48 -49 -50 51 -52 -53 54 55 56 -57 -58 -59 60 0
c Answer: 1094
v 1 -2 -3 -4 5 6 7 -8 -9 -10 11 -12 -13 -14 15 16 -17 18 -19 -20 -21 22 23
v 24 -25 -26 -27 28 -29 -30 -31 -32 33 -34 -35 36 37 -38 39 40 41 -42 -43
v -44 45 46 47 -48 -49 -50 51 -52 -53 54 55 56 -57 -58 -59 60 0
c Answer: 1095
v -1 -2 3 -4 -5 -6 7 -8 9 -10 -11 -12 13 14 15 16 -17 18 -19 -20 -21 22 23
v -24 -25 -26 -27 28 -29 -30 -31 -32 33 -34 -35 36 37 -38 39 40 41 -42 -43
v -44 -45 46 47 -48 -49 -50 51 -52 53 54 55 56 -57 -58 -59 60 0
c Answer: 1096
v -1 -2 3 -4 -5 -6 7 -8 9 -10 -11 -12 13 14 15 16 -17 18 -19 -20 -21 22 23
v 24 -25 -26 -27 28 -29 -30 -31 -32 33 -34 -35 36 37 -38 39 40 41 -42 -43
v -44 -45 46 47 -48 -49 -50 51 -52 53 54 55 56 -57 -58 -59 60 0
c Answer: 1097
v 1 -2 -3 -4 5 6 7 -8 -9 -10 11 -12 -13 -14 15 16 -17 18 -19 -20 -21 22 23
v -24 -25 -26 -27 28 -29 -30 -31 -32 33 -34 -35 36 37 -38 39 40 41 -42 -43
v 44 45 46 47 -48 -49 -50 51 -52 -53 54 55 -56 -57 -58 -59 60 0
c Answer: 1098
v -1 -2 3 -4 -5 -6 7 -8 9 -10 -11 -12 13 14 15 16 -17 18 -19 -20 -21 22 23
v -24 -25 -26 -27 28 -29 -30 -31 -32 33 -34 -35 36 37 -38 39 40 41 -42 -43
v 44 -45 46 47 -48 -49 -50 51 -52 53 54 55 -56 -57 -58 -59 60 0
c Answer: 1099
v 1 -2 -3 -4 5 6 7 -8 -9 -10 11 -12 -13 -14 15 16 -17 18 -19 -20 -21 22 23
v -24 -25 -26 -27 28 -29 -30 -31 -32 33 -34 -35 36 37 -38 39 40 41 -42 -43
v 44 45 46 47 -48 -49 -50 51 -52 -53 54 55 56 -57 -58 -59 60 0
c Answer: 1100
v -1 -2 3 -4 -5 -6 7 -8 9 -10 -11 -12 13 14 15 16 -17 18 -19 -20 -21 22 23
v -24 -25 -26 -27 28 -29 -30 -31 -32 33 -34 -35 36 37 -38 39 40 41 -42 -43
v 44 -45 46 47 -48 -49 -50 51 -52 53 54 55 56 -57 -58 -59 60 0
c Answer: 1101
v 1 -2 -3 -4 5 6 7 -8 -9 -10 11 -12 -13 -14 15 16 -17 18 -19 -20 -21 22 23
v 24 -25 -26 -27 28 -29 -30 -31 -32 33 -34 -35 36 37 -38 39 40 41 -42 -43
v 44 45 46 47 -48 -49 -50 51 -52 -53 54 55 -56 -57 -58 -59 60 0
c Answer: 1102
v 1 -2 -3 -4 5 6 7 -8 -9 -10 11 -12 -13 -14 15 16 -17 18 -19 -20 -21 22 23
v 24 -25 -26 -27 28 -29 -30 -31 -32 33 -34 -35 36 37 -38 39 40 41 -42 -43
v 44 45 46 47 -48 -49 -50 51 -52 -53 54 55 56 -57 -58 -59 60 0
c Answer: 1103
v -1 -2 3 -4 -5 -6 7 -8 9 -10 -11 -12 13 14 15 16 -17 18 -19 -20 -21 22 23
v 24 -25 -26 -27 28 -29 -30 -31 -32 33 -34 -35 36 37 -38 39 40 41 -42 -43
v 44 -45 46 47 -48 -49 -50 51 -52 53 54 55 -56 -57 -58 -59 60 0
c Answer: 1104
v -1 -2 3 -4 -5 -6 7 -8 9 -10 -11 -12 13 14 15 16 -17 18 -19 -20 -21 22 23
v 24 -25 -26 -27 28 -29 -30 -31 -32 33 -34 -35 36 37 -38 39 40 41 -42 -43
v 44 -45 46 47 -48 -49 -50 51 -52 53 54 55 56 -57 -58 -59 60 0
c Answer: 1105
v 1 -2 -3 -4 5 6 7 -8 -9 -10 11 -12 -13 -14 15 16 -17 18 -19 -20 -21 22 23
v -24 -25 -26 -27 28 -29 -30 -31 32 33 -34 -35 36 37 -38 39 40 41 -42 -43
v -44 45 46 47 -48 -49 -50 51 -52 -53 54 55 -56 -57 -58 -59 60 0
c Answer: 1106
v -1 -2 3 -4 -5 -6 7 -8 9 -10 -11 -12 13 14 15 16 -17 18 -19 -20 -21 22 23
v -24 -25 -26 -27 28 -29 -30 -31 32 33 -34 -35 36 37 -38 39 40 41 -42 -43
v -44 -45 46 47 -48 -49 -50 51 -52 53 54 55 -56 -57 -58 -59 60 0
c Answer: 1107
v 1 -2 -3 -4 5 6 7 -8 -9 -10 11 -12 -13 -14 15 16 -17 18 -19 -20 -21 22 23
v -24 -25 -26 -27 28 -29 -30 -31 32 33 -34 -35 36 37 -38 39 40 41 -42 -43
v 44 45 46 47 -48 -49 -50 51 -52 -53 54 55 -56 -57 -58 -59 60 0
c Answer: 1108
v -1 -2 3 -4 -5 -6 7 -8 9 -10 -11 -12 13 14 15 16 -17 18 -19 -20 -21 22 23
v -24 -25 -26 -27 28 -29 -30 -31 32 33 -34 -35 36 37 -38 39 40 41 -42 -43
v 44 -45 46 47 -48 -49 -50 51 -52 53 54 55 -56 -57 -58 -59 60 0
c Answer: 1109
v 1 -2 -3 -4 5 6 7 -8 -9 -10 11 -12 -13 -14 15 16 -17 18 -19 -20 -21 22 23
v 24 -25 -26 -27 28 -29 -30 -31 32 33 -34 -35 36 37 -38 39 40 41 -42 -43
v -44 45 46 47 -48 -49 -50 51 -52 -53 54 55 -56 -57 -58 -59 60 0
c Answer: 1110
v 1 -2 -3 -4 5 6 7 -8 -9 -10 11 -12 -13 -14 15 16 -17 18 -19 -20 -21 22 23
v 24 -25 -26 -27 28 -29 -30 -31 32 33 -34 -35 36 37 -38 39 40 41 -42 -43
v 44 45 46 47 -48 -49 -50 51 -52 -53 54 55 -56 -57 -58 -59 60 0
c Answer: 1111
v -1 -2 3 -4 -5 -6 7 -8 9 -10 -11 -12 13 14 15 16 -17 18 -19 -20 -21 22 23
v 24 -25 -26 -27 28 -29 -30 -31 32 33 -34 -35 36 37 -38 39 40 41 -42 -43
v -44 -45 46 47 -48 -49 -50 51 -52 53 54 55 -56 -57 -58 -59 60 0
c Answer: 1112
v -1 -2 3 -4 -5 -6 7 -8 9 -10 -11 -12 13 14 15 16 -17 18 -19 -20 -21 22 23
v 24 -25 -26 -27 28 -29 -30 -31 32 33 -34 -35 36 37 -38 39 40 41 -42 -43
v 44 -45 46 47 -48 -49 -50 51 -52 53 54 55 -56 -57 -58 -59 60 0
c Answer: 1113
v 1 -2 -3 -4 5 6 7 -8 -9 -10 11 -12 -13 -14 15 16 -17 18 -19 -20 -21 22 23
v -24 -25 -26 -27 28 -29 -30 -31 32 33 -34 -35 36 37 -38 39 40 41 -42 -43
v -44 45 46 47 -48 -49 -50 51 -52 -53 54 55 56 -57 -58 -59 60 0
c Answer: 1114
v -1 -2 3 -4 -5 -6 7 -8 9 -10 -11 -12 13 14 15 16 -17 18 -19 -20 -21 22 23
v -24 -25 -26 -27 28 -29 -30 -31 32 33 -34 -35 36 37 -38 39 40 41 -42 -43
v -44 -45 46 47 -48 -49 -50 51 -52 53 54 55 56 -57 -58 -59 60 0
c Answer: 1115
v 1 -2 -3 -4 5 6 7 -8 -9 -10 11 -12 -13 -14 15 16 -17 18 -19 -20 -21 22 23
v 24 -25 -26 -27 28 -29 -30 -31 32 33 -34 -35 36 37 -38 39 40 41 -42 -43
v -44 45 46 47 -48 -49 -50 51 -52 -53 54 55 56 -57 -58 -59 60 0
c Answer: 1116
v -1 -2 3 -4 -5 -6 7 -8 9 -10 -11 -12 13 14 15 16 -17 18 -19 -20 -21 22 23
v 24 -25 -26 -27 28 -29 -30 -31 32 33 -34 -35 36 37 -38 39 40 41 -42 -43
v -44 -45 46 47 -48 -49 -50 51 -52 53 54 55 56 -57 -58 -59 60 0
c Answer: 1117
v 1 -2 -3 -4 5 6 7 -8 -9 -10 11 -12 -13 -14 15 16 -17 18 -19 -20 -21 22 23
v -24 -25 -26 -27 28 -29 -30 -31 32 33 -34 -35 36 37 -38 39 40 41 -42 -43
v 44 45 46 47 -48 -49 -50 51 -52 -53 54 55 56 -57 -58 -59 60 0
c Answer: 1118
v 1 -2 -3 -4 5 6 7 -8 -9 -10 11 -12 -13 -14 15 16 -17 18 -19 -20 -21 22 23
v 24 -25 -26 -27 28 -29 -30 -31 32 33 -34 -35 36 37 -38 39 40 41 -42 -43
v 44 45 46 47 -48 -49 -50 51 -52 -53 54 55 56 -57 -58 -59 60 0
c Answer: 1119
v -1 -2 3 -4 -5 -6 7 -8 9 -10 -11 -12 13 14 15 16 -17 18 -19 -20 -21 22 23
v -24 -25 -26 -27 28 -29 -30 -31 32 33 -34 -35 36 37 -38 39 40 41 -42 -43
v 44 -45 46 47 -48 -49 -50 51 -52 53 54 55 56 -57 -58 -59 60 0
c Answer: 1120
v -1 -2 3 -4 -5 -6 7 -8 9 -10 -11 -12 13 14 15 16 -17 18 -19 -20 -21 22 23
v 24 -25 -26 -27 28 -29 -30 -31 32 33 -34 -35 36 37 -38 39 40 41 -42 -43
v 44 -45 46 47 -48 -49 -50 51 -52 53 54 55 56 -57 -58 -59 60 0
c Answer: 1121
v 1 -2 -3 -4 5 6 7 -8 -9 -10 11 -12 -13 -14 15 16 -17 18 -19 -20 -21 22 23
v -24 -25 -26 -27 28 -29 -30 -31 -32 33 -34 -35 36 37 -38 39 40 41 -42 -43
v -44 45 46 47 -48 -49 -50 51 52 -53 54 55 -56 -57 -58 -59 60 0
c Answer: 1122
v -1 -2 3 -4 -5 -6 7 -8 9 -10 -11 -12 13 14 15 16 -17 18 -19 -20 -21 22 23
v -24 -25 -26 -27 28 -29 -30 -31 -32 33 -34 -35 36 37 -38 39 40 41 -42 -43
v -44 -45 46 47 -48 -49 -50 51 52 53 54 55 -56 -57 -58 -59 60 0
c Answer: 1123
v 1 -2 -3 -4 5 6 7 -8 -9 -10 11 -12 -13 -14 15 16 -17 18 -19 -20 -21 22 23
v -24 -25 -26 -27 28 -29 -30 -31 32 33 -34 -35 36 37 -38 39 40 41 -42 -43
v -44 45 46 47 -48 -49 -50 51 52 -53 54 55 -56 -57 -58 -59 60 0
c Answer: 1124
v -1 -2 3 -4 -5 -6 7 -8 9 -10 -11 -12 13 14 15 16 -17 18 -19 -20 -21 22 23
v -24 -25 -26 -27 28 -29 -30 -31 32 33 -34 -35 36 37 -38 39 40 41 -42 -43
v -44 -45 46 47 -48 -49 -50 51 52 53 54 55 -56 -57 -58 -59 60 0
c Answer: 1125
v 1 -2 -3 -4 5 6 7 -8 -9 -10 11 -12 -13 -14 15 16 -17 18 -19 -20 -21 22 23
v -24 -25 -26 -27 28 -29 -30 -31 -32 33 -34 -35 36 37 -38 39 40 41 -42 -43
v -44 45 46 47 -48 -49 -50 51 52 -53 54 55 56 -57 -58 -59 60 0
c Answer: 1126
v 1 -2 -3 -4 5 6 7 -8 -9 -10 11 -12 -13 -14 15 16 -17 18 -19 -20 -21 22 23
v -24 -25 -26 -27 28 -29 -30 -31 32 33 -34 -35 36 37 -38 39 40 41 -42 -43
v -44 45 46 47 -48 -49 -50 51 52 -53 54 55 56 -57 -58 -59 60 0
c Answer: 1127
v -1 -2 3 -4 -5 -6 7 -8 9 -10 -11 -12 13 14 15 16 -17 18 -19 -20 -21 22 23
v -24 -25 -26 -27 28 -29 -30 -31 -32 33 -34 -35 36 37 -38 39 40 41 -42 -43
v -44 -45 46 47 -48 -49 -50 51 52 53 54 55 56 -57 -58 -59 60 0
c Answer: 1128
v -1 -2 3 -4 -5 -6 7 -8 9 -10 -11 -12 13 14 15 16 -17 18 -19 -20 -21 22 23
v -24 -25 -26 -27 28 -29 -30 -31 32 33 -34 -35 36 37 -38 39 40 41 -42 -43
v -44 -45 46 47 -48 -49 -50 51 52 53 54 55 56 -57 -58 -59 60 0
c Answer: 1129
v 1 -2 -3 -4 5 6 7 -8 -9 -10 11 -12 -13 -14 15 16 -17 18 -19 -20 -21 22 23
v -24 -25 -26 -27 28 -29 -30 -31 -32 33 -34 -35 36 37 -38 39 40 41 -42 -43
v 44 45 46 47 -48 -49 -50 51 52 -53 54 55 -56 -57 -58 -59 60 0
c Answer: 1130
v -1 -2 3 -4 -5 -6 7 -8 9 -10 -11 -12 13 14 15 16 -17 18 -19 -20 -21 22 23
v -24 -25 -26 -27 28 -29 -30 -31 -32 33 -34 -35 36 37 -38 39 40 41 -42 -43
v 44 -45 46 47 -48 -49 -50 51 52 53 54 55 -56 -57 -58 -59 60 0
c Answer: 1131
v 1 -2 -3 -4 5 6 7 -8 -9 -10 11 -12 -13 -14 15 16 -17 18 -19 -20 -21 22 23
v -24 -25 -26 -27 28 -29 -30 -31 -32 33 -34 -35 36 37 -38 39 40 41 -42 -43
v 44 45 46 47 -48 -49 -50 51 52 -53 54 55 56 -57 -58 -59 60 0
c Answer: 1132
v -1 -2 3 -4 -5 -6 7 -8 9 -10 -11 -12 13 14 15 16 -17 18 -19 -20 -21 22 23
v -24 -25 -26 -27 28 -29 -30 -31 -32 33 -34 -35 36 37 -38 39 40 41 -42 -43
v 44 -45 46 47 -48 -49 -50 51 52 53 54 55 56 -57 -58 -59 60 0
c Answer: 1133
v 1 -2 -3 -4 5 6 7 -8 -9 -10 11 -12 -13 -14 15 16 -17 18 -19 -20 -21 22 23
v -24 -25 -26 -27 28 -29 -30 -31 32 33 -34 -35 36 37 -38 39 40 41 -42 -43
v 44 45 46 47 -48 -49 -50 51 52 -53 54 55 -56 -57 -58 -59 60 0
c Answer: 1134
v 1 -2 -3 -4 5 6 7 -8 -9 -10 11 -12 -13 -14 15 16 -17 18 -19 -20 -21 22 23
v -24 -25 -26 -27 28 -29 -30 -31 32 33 -34 -35 36 37 -38 39 40 41 -42 -43
v 44 45 46 47 -48 -49 -50 51 52 -53 54 55 56 -57 -58 -59 60 0
c Answer: 1135
v -1 -2 3 -4 -5 -6 7 -8 9 -10 -11 -12 13 14 15 16 -17 18 -19 -20 -21 22 23
v -24 -25 -26 -27 28 -29 -30 -31 32 33 -34 -35 36 37 -38 39 40 41 -42 -43
v 44 -45 46 47 -48 -49 -50 51 52 53 54 55 -56 -57 -58 -59 60 0
c Answer: 1136
v -1 -2 3 -4 -5 -6 7 -8 9 -10 -11 -12 13 14 15 16 -17 18 -19 -20 -21 22 23
v -24 -25 -26 -27 28 -29 -30 -31 32 33 -34 -35 36 37 -38 39 40 41 -42 -43
v 44 -45 46 47 -48 -49 -50 51 52 53 54 55 56 -57 -58 -59 60 0
c Answer: 1137
v 1 -2 -3 -4 5 6 7 -8 -9 -10 11 -12 -13 -14 15 16 -17 18 -19 -20 -21 22 23
v 24 -25 -26 -27 28 -29 -30 -31 -32 33 -34 -35 36 37 -38 39 40 41 -42 -43
v -44 45 46 47 -48 -49 -50 51 52 -53 54 55 -56 -57 -58 -59 60 0
c Answer: 1138
v -1 -2 3 -4 -5 -6 7 -8 9 -10 -11 -12 13 14 15 16 -17 18 -19 -20 -21 22 23
v 24 -25 -26 -27 28 -29 -30 -31 -32 33 -34 -35 36 37 -38 39 40 41 -42 -43
v -44 -45 46 47 -48 -49 -50 51 52 53 54 55 -56 -57 -58 -59 60 0
c Answer: 1139
v 1 -2 -3 -4 5 6 7 -8 -9 -10 11 -12 -13 -14 15 16 -17 18 -19 -20 -21 22 23
v 24 -25 -26 -27 28 -29 -30 -31 -32 33 -34 -35 36 37 -38 39 40 41 -42 -43
v 44 45 46 47 -48 -49 -50 51 52 -53 54 55 -56 -57 -58 -59 60 0
c Answer: 1140
v -1 -2 3 -4 -5 -6 7 -8 9 -10 -11 -12 13 14 15 16 -17 18 -19 -20 -21 22 23
v 24 -25 -26 -27 28 -29 -30 -31 -32 33 -34 -35 36 37 -38 39 40 41 -42 -43
v 44 -45 46 47 -48 -49 -50 51 52 53 54 55 -56 -57 -58 -59 60 0
c Answer: 1141
v 1 -2 -3 -4 5 6 7 -8 -9 -10 11 -12 -13 -14 15 16 -17 18 -19 -20 -21 22 23
v 24 -25 -26 -27 28 -29 -30 -31 32 33 -34 -35 36 37 -38 39 40 41 -42 -43
v -44 45 46 47 -48 -49 -50 51 52 -53 54 55 -56 -57 -58 -59 60 0
c Answer: 1142
v 1 -2 -3 -4 5 6 7 -8 -9 -10 11 -12 -13 -14 15 16 -17 18 -19 -20 -21 22 23
v 24 -25 -26 -27 28 -29 -30 -31 32 33 -34 -35 36 37 -38 39 40 41 -42 -43
v 44 45 46 47 -48 -49 -50 51 52 -53 54 55 -56 -57 -58 -59 60 0
c Answer: 1143
v -1 -2 3 -4 -5 -6 7 -8 9 -10 -11 -12 13 14 15 16 -17 18 -19 -20 -21 22 23
v 24 -25 -26 -27 28 -29 -30 -31 32 33 -34 -35 36 37 -38 39 40 41 -42 -43
v -44 -45 46 47 -48 -49 -50 51 52 53 54 55 -56 -57 -58 -59 60 0
c Answer: 1144
v -1 -2 3 -4 -5 -6 7 -8 9 -10 -11 -12 13 14 15 16 -17 18 -19 -20 -21 22 23
v 24 -25 -26 -27 28 -29 -30 -31 32 33 -34 -35 36 37 -38 39 40 41 -42 -43
v 44 -45 46 47 -48 -49 -50 51 52 53 54 55 -56 -57 -58 -59 60 0
c Answer: 1145
v 1 -2 -3 -4 5 6 7 -8 -9 -10 11 -12 -13 -14 15 16 -17 18 -19 -20 -21 22 23
v 24 -25 -26 -27 28 -29 -30 -31 -32 33 -34 -35 36 37 -38 39 40 41 -42 -43
v -44 45 46 47 -48 -49 -50 51 52 -53 54 55 56 -57 -58 -59 60 0
c Answer: 1146
v -1 -2 3 -4 -5 -6 7 -8 9 -10 -11 -12 13 14 15 16 -17 18 -19 -20 -21 22 23
v 24 -25 -26 -27 28 -29 -30 -31 -32 33 -34 -35 36 37 -38 39 40 41 -42 -43
v -44 -45 46 47 -48 -49 -50 51 52 53 54 55 56 -57 -58 -59 60 0
c Answer: 1147
v 1 -2 -3 -4 5 6 7 -8 -9 -10 11 -12 -13 -14 15 16 -17 18 -19 -20 -21 22 23
v 24 -25 -26 -27 28 -29 -30 -31 32 33 -34 -35 36 37 -38 39 40 41 -42 -43
v -44 45 46 47 -48 -49 -50 51 52 -53 54 55 56 -57 -58 -59 60 0
c Answer: 1148
v -1 -2 3 -4 -5 -6 7 -8 9 -10 -11 -12 13 14 15 16 -17 18 -19 -20 -21 22 23
v 24 -25 -26 -27 28 -29 -30 -31 32 33 -34 -35 36 37 -38 39 40 41 -42 -43
v -44 -45 46 47 -48 -49 -50 51 52 53 54 55 56 -57 -58 -59 60 0
c Answer: 1149
v 1 -2 -3 -4 5 6 7 -8 -9 -10 11 -12 -13 -14 15 16 -17 18 -19 -20 -21 22 23
v 24 -25 -26 -27 28 -29 -30 -31 -32 33 -34 -35 36 37 -38 39 40 41 -42 -43
v 44 45 46 47 -48 -49 -50 51 52 -53 54 55 56 -57 -58 -59 60 0
c Answer: 1150
v 1 -2 -3 -4 5 6 7 -8 -9 -10 11 -12 -13 -14 15 16 -17 18 -19 -20 -21 22 23
v 24 -25 -26 -27 28 -29 -30 -31 32 33 -34 -35 36 37 -38 39 40 41 -42 -43
v 44 45 46 47 -48 -49 -50 51 52 -53 54 55 56 -57 -58 -59 60 0
c Answer: 1151
v -1 -2 3 -4 -5 -6 7 -8 9 -10 -11 -12 13 14 15 16 -17 18 -19 -20 -21 22 23
v 24 -25 -26 -27 28 -29 -30 -31 -32 33 -34 -35 36 37 -38 39 40 41 -42 -43
v 44 -45 46 47 -48 -49 -50 51 52 53 54 55 56 -57 -58 -59 60 0
c Answer: 1152
v -1 -2 3 -4 -5 -6 7 -8 9 -10 -11 -12 13 14 15 16 -17 18 -19 -20 -21 22 23
v 24 -25 -26 -27 28 -29 -30 -31 32 33 -34 -35 36 37 -38 39 40 41 -42 -43
v 44 -45 46 47 -48 -49 -50 51 52 53 54 55 56 -57 -58 -59 60 0
c Answer: 1153
v 1 -2 -3 -4 5 6 7 -8 -9 -10 11 -12 -13 -14 15 -16 -17 18 -19 -20 -21 22
v 23 -24 -25 -26 -27 28 -29 -30 -31 -32 33 -34 -35 36 37 -38 39 40 41 -42
v -43 -44 45 46 47 48 -49 -50 51 -52 -53 54 55 -56 -57 -58 -59 60 0
c Answer: 1154
v -1 -2 3 -4 -5 -6 7 -8 9 -10 -11 -12 13 14 15 -16 -17 18 -19 -20 -21 22
v 23 -24 -25 -26 -27 28 -29 -30 -31 -32 33 -34 -35 36 37 -38 39 40 41 -42
v -43 -44 -45 46 47 48 -49 -50 51 -52 53 54 55 -56 -57 -58 -59 60 0
c Answer: 1155
v 1 -2 -3 -4 5 6 7 -8 -9 -10 11 -12 -13 -14 15 16 -17 18 -19 -20 -21 22 23
v -24 -25 -26 -27 28 -29 -30 -31 -32 33 -34 -35 36 37 -38 39 40 41 -42 -43
v -44 45 46 47 48 -49 -50 51 -52 -53 54 55 -56 -57 -58 -59 60 0
c Answer: 1156
v -1 -2 3 -4 -5 -6 7 -8 9 -10 -11 -12 13 14 15 16 -17 18 -19 -20 -21 22 23
v -24 -25 -26 -27 28 -29 -30 -31 -32 33 -34 -35 36 37 -38 39 40 41 -42 -43
v -44 -45 46 47 48 -49 -50 51 -52 53 54 55 -56 -57 -58 -59 60 0
c Answer: 1157
v 1 -2 -3 -4 5 6 7 -8 -9 -10 11 -12 -13 -14 15 -16 -17 18 -19 -20 -21 22
v 23 -24 -25 -26 -27 28 -29 -30 -31 -32 33 -34 -35 36 37 -38 39 40 41 -42
v -43 -44 45 46 47 48 -49 -50 51 52 -53 54 55 -56 -57 -58 -59 60 0
c Answer: 1158
v 1 -2 -3 -4 5 6 7 -8 -9 -10 11 -12 -13 -14 15 16 -17 18 -19 -20 -21 22 23
v -24 -25 -26 -27 28 -29 -30 -31 -32 33 -34 -35 36 37 -38 39 40 41 -42 -43
v -44 45 46 47 48 -49 -50 51 52 -53 54 55 -56 -57 -58 -59 60 0
c Answer: 1159
v -1 -2 3 -4 -5 -6 7 -8 9 -10 -11 -12 13 14 15 -16 -17 18 -19 -20 -21 22
v 23 -24 -25 -26 -27 28 -29 -30 -31 -32 33 -34 -35 36 37 -38 39 40 41 -42
v -43 -44 -45 46 47 48 -49 -50 51 52 53 54 55 -56 -57 -58 -59 60 0
c Answer: 1160
v -1 -2 3 -4 -5 -6 7 -8 9 -10 -11 -12 13 14 15 16 -17 18 -19 -20 -21 22 23
v -24 -25 -26 -27 28 -29 -30 -31 -32 33 -34 -35 36 37 -38 39 40 41 -42 -43
v -44 -45 46 47 48 -49 -50 51 52 53 54 55 -56 -57 -58 -59 60 0
c Answer: 1161
v 1 -2 -3 -4 5 6 7 -8 -9 -10 11 -12 -13 -14 15 -16 -17 18 -19 -20 -21 22
v 23 24 -25 -26 -27 28 -29 -30 -31 -32 33 -34 -35 36 37 -38 39 40 41 -42
v -43 -44 45 46 47 48 -49 -50 51 -52 -53 54 55 -56 -57 -58 -59 60 0
c Answer: 1162
v -1 -2 3 -4 -5 -6 7 -8 9 -10 -11 -12 13 14 15 -16 -17 18 -19 -20 -21 22
v 23 24 -25 -26 -27 28 -29 -30 -31 -32 33 -34 -35 36 37 -38 39 40 41 -42
v -43 -44 -45 46 47 48 -49 -50 51 -52 53 54 55 -56 -57 -58 -59 60 0
c Answer: 1163
v 1 -2 -3 -4 5 6 7 -8 -9 -10 11 -12 -13 -14 15 -16 -17 18 -19 -20 -21 22
v 23 24 -25 -26 -27 28 -29 -30 -31 -32 33 -34 -35 36 37 -38 39 40 41 -42
v -43 -44 45 46 47 48 -49 -50 51 52 -53 54 55 -56 -57 -58 -59 60 0
c Answer: 1164
v -1 -2 3 -4 -5 -6 7 -8 9 -10 -11 -12 13 14 15 -16 -17 18 -19 -20 -21 22
v 23 24 -25 -26 -27 28 -29 -30 -31 -32 33 -34 -35 36 37 -38 39 40 41 -42
v -43 -44 -45 46 47 48 -49 -50 51 52 53 54 55 -56 -57 -58 -59 60 0
c Answer: 1165
v 1 -2 -3 -4 5 6 7 -8 -9 -10 11 -12 -13 -14 15 16 -17 18 -19 -20 -21 22 23
v 24 -25 -26 -27 28 -29 -30 -31 -32 33 -34 -35 36 37 -38 39 40 41 -42 -43
v -44 45 46 47 48 -49 -50 51 -52 -53 54 55 -56 -57 -58 -59 60 0
c Answer: 1166
v 1 -2 -3 -4 5 6 7 -8 -9 -10 11 -12 -13 -14 15 16 -17 18 -19 -20 -21 22 23
v 24 -25 -26 -27 28 -29 -30 -31 -32 33 -34 -35 36 37 -38 39 40 41 -42 -43
v -44 45 46 47 48 -49 -50 51 52 -53 54 55 -56 -57 -58 -59 60 0
c Answer: 1167
v -1 -2 3 -4 -5 -6 7 -8 9 -10 -11 -12 13 14 15 16 -17 18 -19 -20 -21 22 23
v 24 -25 -26 -27 28 -29 -30 -31 -32 33 -34 -35 36 37 -38 39 40 41 -42 -43
v -44 -45 46 47 48 -49 -50 51 -52 53 54 55 -56 -57 -58 -59 60 0
c Answer: 1168
v -1 -2 3 -4 -5 -6 7 -8 9 -10 -11 -12 13 14 15 16 -17 18 -19 -20 -21 22 23
v 24 -25 -26 -27 28 -29 -30 -31 -32 33 -34 -35 36 37 -38 39 40 41 -42 -43
v -44 -45 46 47 48 -49 -50 51 52 53 54 55 -56 -57 -58 -59 60 0
c Answer: 1169
v 1 -2 -3 -4 5 6 7 -8 -9 -10 11 -12 -13 -14 15 -16 -17 18 -19 -20 -21 22
v 23 -24 -25 -26 -27 28 -29 -30 -31 -32 33 -34 -35 36 37 -38 39 40 41 -42
v -43 -44 45 46 47 48 -49 -50 51 -52 -53 54 55 56 -57 -58 -59 60 0
c Answer: 1170
v -1 -2 3 -4 -5 -6 7 -8 9 -10 -11 -12 13 14 15 -16 -17 18 -19 -20 -21 22
v 23 -24 -25 -26 -27 28 -29 -30 -31 -32 33 -34 -35 36 37 -38 39 40 41 -42
v -43 -44 -45 46 47 48 -49 -50 51 -52 53 54 55 56 -57 -58 -59 60 0
c Answer: 1171
v 1 -2 -3 -4 5 6 7 -8 -9 -10 11 -12 -13 -14 15 -16 -17 18 -19 -20 -21 22
v 23 24 -25 -26 -27 28 -29 -30 -31 -32 33 -34 -35 36 37 -38 39 40 41 -42
v -43 -44 45 46 47 48 -49 -50 51 -52 -53 54 55 56 -57 -58 -59 60 0
c Answer: 1172
v -1 -2 3 -4 -5 -6 7 -8 9 -10 -11 -12 13 14 15 -16 -17 18 -19 -20 -21 22
v 23 24 -25 -26 -27 28 -29 -30 -31 -32 33 -34 -35 36 37 -38 39 40 41 -42
v -43 -44 -45 46 47 48 -49 -50 51 -52 53 54 55 56 -57 -58 -59 60 0
c Answer: 1173
v 1 -2 -3 -4 5 6 7 -8 -9 -10 11 -12 -13 -14 15 16 -17 18 -19 -20 -21 22 23
v -24 -25 -26 -27 28 -29 -30 -31 -32 33 -34 -35 36 37 -38 39 40 41 -42 -43
v -44 45 46 47 48 -49 -50 51 -52 -53 54 55 56 -57 -58 -59 60 0
c Answer: 1174
v 1 -2 -3 -4 5 6 7 -8 -9 -10 11 -12 -13 -14 15 16 -17 18 -19 -20 -21 22 23
v 24 -25 -26 -27 28 -29 -30 -31 -32 33 -34 -35 36 37 -38 39 40 41 -42 -43
v -44 45 46 47 48 -49 -50 51 -52 -53 54 55 56 -57 -58 -59 60 0
c Answer: 1175
v -1 -2 3 -4 -5 -6 7 -8 9 -10 -11 -12 13 14 15 16 -17 18 -19 -20 -21 22 23
v -24 -25 -26 -27 28 -29 -30 -31 -32 33 -34 -35 36 37 -38 39 40 41 -42 -43
v -44 -45 46 47 48 -49 -50 51 -52 53 54 55 56 -57 -58 -59 60 0
c Answer: 1176
v -1 -2 3 -4 -5 -6 7 -8 9 -10 -11 -12 13 14 15 16 -17 18 -19 -20 -21 22 23
v 24 -25 -26 -27 28 -29 -30 -31 -32 33 -34 -35 36 37 -38 39 40 41 -42 -43
v -44 -45 46 47 48 -49 -50 51 -52 53 54 55 56 -57 -58 -59 60 0
c Answer: 1177
v 1 -2 -3 -4 5 6 7 -8 -9 -10 11 -12 -13 -14 15 -16 -17 18 -19 -20 -21 22
v 23 -24 -25 -26 -27 28 -29 -30 -31 -32 33 -34 -35 36 37 -38 39 40 41 -42
v -43 -44 45 46 47 48 -49 -50 51 52 -53 54 55 56 -57 -58 -59 60 0
c Answer: 1178
v -1 -2 3 -4 -5 -6 7 -8 9 -10 -11 -12 13 14 15 -16 -17 18 -19 -20 -21 22
v 23 -24 -25 -26 -27 28 -29 -30 -31 -32 33 -34 -35 36 37 -38 39 40 41 -42
v -43 -44 -45 46 47 48 -49 -50 51 52 53 54 55 56 -57 -58 -59 60 0
c Answer: 1179
v 1 -2 -3 -4 5 6 7 -8 -9 -10 11 -12 -13 -14 15 16 -17 18 -19 -20 -21 22 23
v -24 -25 -26 -27 28 -29 -30 -31 -32 33 -34 -35 36 37 -38 39 40 41 -42 -43
v -44 45 46 47 48 -49 -50 51 52 -53 54 55 56 -57 -58 -59 60 0
c Answer: 1180
v -1 -2 3 -4 -5 -6 7 -8 9 -10 -11 -12 13 14 15 16 -17 18 -19 -20 -21 22 23
v -24 -25 -26 -27 28 -29 -30 -31 -32 33 -34 -35 36 37 -38 39 40 41 -42 -43
v -44 -45 46 47 48 -49 -50 51 52 53 54 55 56 -57 -58 -59 60 0
c Answer: 1181
v 1 -2 -3 -4 5 6 7 -8 -9 -10 11 -12 -13 -14 15 -16 -17 18 -19 -20 -21 22
v 23 24 -25 -26 -27 28 -29 -30 -31 -32 33 -34 -35 36 37 -38 39 40 41 -42
v -43 -44 45 46 47 48 -49 -50 51 52 -53 54 55 56 -57 -58 -59 60 0
c Answer: 1182
v 1 -2 -3 -4 5 6 7 -8 -9 -10 11 -12 -13 -14 15 16 -17 18 -19 -20 -21 22 23
v 24 -25 -26 -27 28 -29 -30 -31 -32 33 -34 -35 36 37 -38 39 40 41 -42 -43
v -44 45 46 47 48 -49 -50 51 52 -53 54 55 56 -57 -58 -59 60 0
c Answer: 1183
v -1 -2 3 -4 -5 -6 7 -8 9 -10 -11 -12 13 14 15 -16 -17 18 -19 -20 -21 22
v 23 24 -25 -26 -27 28 -29 -30 -31 -32 33 -34 -35 36 37 -38 39 40 41 -42
v -43 -44 -45 46 47 48 -49 -50 51 52 53 54 55 56 -57 -58 -59 60 0
c Answer: 1184
v -1 -2 3 -4 -5 -6 7 -8 9 -10 -11 -12 13 14 15 16 -17 18 -19 -20 -21 22 23
v 24 -25 -26 -27 28 -29 -30 -31 -32 33 -34 -35 36 37 -38 39 40 41 -42 -43
v -44 -45 46 47 48 -49 -50 51 52 53 54 55 56 -57 -58 -59 60 0
c Answer: 1185
v 1 -2 -3 -4 5 6 7 -8 -9 -10 11 -12 -13 -14 15 -16 -17 18 -19 -20 -21 22
v 23 -24 -25 -26 -27 28 -29 -30 -31 -32 33 -34 -35 36 37 -38 39 40 41 -42
v -43 44 45 46 47 48 -49 -50 51 -52 -53 54 55 -56 -57 -58 -59 60 0
c Answer: 1186
v -1 -2 3 -4 -5 -6 7 -8 9 -10 -11 -12 13 14 15 -16 -17 18 -19 -20 -21 22
v 23 -24 -25 -26 -27 28 -29 -30 -31 -32 33 -34 -35 36 37 -38 39 40 41 -42
v -43 44 -45 46 47 48 -49 -50 51 -52 53 54 55 -56 -57 -58 -59 60 0
c Answer: 1187
v 1 -2 -3 -4 5 6 7 -8 -9 -10 11 -12 -13 -14 15 -16 -17 18 -19 -20 -21 22
v 23 -24 -25 -26 -27 28 -29 -30 -31 -32 33 -34 -35 36 37 -38 39 40 41 -42
v -43 44 45 46 47 48 -49 -50 51 -52 -53 54 55 56 -57 -58 -59 60 0
c Answer: 1188
v -1 -2 3 -4 -5 -6 7 -8 9 -10 -11 -12 13 14 15 -16 -17 18 -19 -20 -21 22
v 23 -24 -25 -26 -27 28 -29 -30 -31 -32 33 -34 -35 36 37 -38 39 40 41 -42
v -43 44 -45 46 47 48 -49 -50 51 -52 53 54 55 56 -57 -58 -59 60 0
c Answer: 1189
v 1 -2 -3 -4 5 6 7 -8 -9 -10 11 -12 -13 -14 15 -16 -17 18 -19 -20 -21 22
v 23 -24 -25 -26 -27 28 -29 -30 -31 -32 33 -34 -35 36 37 -38 39 40 41 -42
v -43 44 45 46 47 48 -49 -50 51 52 -53 54 55 -56 -57 -58 -59 60 0
c Answer: 1190
v 1 -2 -3 -4 5 6 7 -8 -9 -10 11 -12 -13 -14 15 -16 -17 18 -19 -20 -21 22
v 23 -24 -25 -26 -27 28 -29 -30 -31 -32 33 -34 -35 36 37 -38 39 40 41 -42
v -43 44 45 46 47 48 -49 -50 51 52 -53 54 55 56 -57 -58 -59 60 0
c Answer: 1191
v -1 -2 3 -4 -5 -6 7 -8 9 -10 -11 -12 13 14 15 -16 -17 18 -19 -20 -21 22
v 23 -24 -25 -26 -27 28 -29 -30 -31 -32 33 -34 -35 36 37 -38 39 40 41 -42
v -43 44 -45 46 47 48 -49 -50 51 52 53 54 55 -56 -57 -58 -59 60 0
c Answer: 1192
v -1 -2 3 -4 -5 -6 7 -8 9 -10 -11 -12 13 14 15 -16 -17 18 -19 -20 -21 22
v 23 -24 -25 -26 -27 28 -29 -30 -31 -32 33 -34 -35 36 37 -38 39 40 41 -42
v -43 44 -45 46 47 48 -49 -50 51 52 53 54 55 56 -57 -58 -59 60 0
c Answer: 1193
v 1 -2 -3 -4 5 6 7 -8 -9 -10 11 -12 -13 -14 15 -16 -17 18 -19 -20 -21 22
v 23 24 -25 -26 -27 28 -29 -30 -31 -32 33 -34 -35 36 37 -38 39 40 41 -42
v -43 44 45 46 47 48 -49 -50 51 -52 -53 54 55 -56 -57 -58 -59 60 0
c Answer: 1194
v -1 -2 3 -4 -5 -6 7 -8 9 -10 -11 -12 13 14 15 -16 -17 18 -19 -20 -21 22
v 23 24 -25 -26 -27 28 -29 -30 -31 -32 33 -34 -35 36 37 -38 39 40 41 -42
v -43 44 -45 46 47 48 -49 -50 51 -52 53 54 55 -56 -57 -58 -59 60 0
c Answer: 1195
v 1 -2 -3 -4 5 6 7 -8 -9 -10 11 -12 -13 -14 15 -16 -17 18 -19 -20 -21 22
v 23 24 -25 -26 -27 28 -29 -30 -31 -32 33 -34 -35 36 37 -38 39 40 41 -42
v -43 44 45 46 47 48 -49 -50 51 52 -53 54 55 -56 -57 -58 -59 60 0
c Answer: 1196
v -1 -2 3 -4 -5 -6 7 -8 9 -10 -11 -12 13 14 15 -16 -17 18 -19 -20 -21 22
v 23 24 -25 -26 -27 28 -29 -30 -31 -32 33 -34 -35 36 37 -38 39 40 41 -42
v -43 44 -45 46 47 48 -49 -50 51 52 53 54 55 -56 -57 -58 -59 60 0
c Answer: 1197
v 1 -2 -3 -4 5 6 7 -8 -9 -10 11 -12 -13 -14 15 -16 -17 18 -19 -20 -21 22
v 23 24 -25 -26 -27 28 -29 -30 -31 -32 33 -34 -35 36 37 -38 39 40 41 -42
v -43 44 45 46 47 48 -49 -50 51 -52 -53 54 55 56 -57 -58 -59 60 0
c Answer: 1198
v 1 -2 -3 -4 5 6 7 -8 -9 -10 11 -12 -13 -14 15 -16 -17 18 -19 -20 -21 22
v 23 24 -25 -26 -27 28 -29 -30 -31 -32 33 -34 -35 36 37 -38 39 40 41 -42
v -43 44 45 46 47 48 -49 -50 51 52 -53 54 55 56 -57 -58 -59 60 0
c Answer: 1199
v -1 -2 3 -4 -5 -6 7 -8 9 -10 -11 -12 13 14 15 -16 -17 18 -19 -20 -21 22
v 23 24 -25 -26 -27 28 -29 -30 -31 -32 33 -34 -35 36 37 -38 39 40 41 -42
v -43 44 -45 46 47 48 -49 -50 51 -52 53 54 55 56 -57 -58 -59 60 0
c Answer: 1200
v -1 -2 3 -4 -5 -6 7 -8 9 -10 -11 -12 13 14 15 -16 -17 18 -19 -20 -21 22
v 23 24 -25 -26 -27 28 -29 -30 -31 -32 33 -34 -35 36 37 -38 39 40 41 -42
v -43 44 -45 46 47 48 -49 -50 51 52 53 54 55 56 -57 -58 -59 60 0
c Answer: 1201
v 1 -2 -3 -4 5 6 7 -8 -9 -10 11 -12 -13 -14 15 16 -17 18 -19 -20 -21 22 23
v -24 -25 -26 -27 28 -29 -30 -31 -32 33 -34 -35 36 37 -38 39 40 41 -42 -43
v 44 45 46 47 48 -49 -50 51 -52 -53 54 55 -56 -57 -58 -59 60 0
c Answer: 1202
v -1 -2 3 -4 -5 -6 7 -8 9 -10 -11 -12 13 14 15 16 -17 18 -19 -20 -21 22 23
v -24 -25 -26 -27 28 -29 -30 -31 -32 33 -34 -35 36 37 -38 39 40 41 -42 -43
v 44 -45 46 47 48 -49 -50 51 -52 53 54 55 -56 -57 -58 -59 60 0
c Answer: 1203
v 1 -2 -3 -4 5 6 7 -8 -9 -10 11 -12 -13 -14 15 16 -17 18 -19 -20 -21 22 23
v 24 -25 -26 -27 28 -29 -30 -31 -32 33 -34 -35 36 37 -38 39 40 41 -42 -43
v 44 45 46 47 48 -49 -50 51 -52 -53 54 55 -56 -57 -58 -59 60 0
c Answer: 1204
v -1 -2 3 -4 -5 -6 7 -8 9 -10 -11 -12 13 14 15 16 -17 18 -19 -20 -21 22 23
v 24 -25 -26 -27 28 -29 -30 -31 -32 33 -34 -35 36 37 -38 39 40 41 -42 -43
v 44 -45 46 47 48 -49 -50 51 -52 53 54 55 -56 -57 -58 -59 60 0
c Answer: 1205
v 1 -2 -3 -4 5 6 7 -8 -9 -10 11 -12 -13 -14 15 16 -17 18 -19 -20 -21 22 23
v -24 -25 -26 -27 28 -29 -30 -31 -32 33 -34 -35 36 37 -38 39 40 41 -42 -43
v 44 45 46 47 48 -49 -50 51 -52 -53 54 55 56 -57 -58 -59 60 0
c Answer: 1206
v 1 -2 -3 -4 5 6 7 -8 -9 -10 11 -12 -13 -14 15 16 -17 18 -19 -20 -21 22 23
v 24 -25 -26 -27 28 -29 -30 -31 -32 33 -34 -35 36 37 -38 39 40 41 -42 -43
v 44 45 46 47 48 -49 -50 51 -52 -53 54 55 56 -57 -58 -59 60 0
c Answer: 1207
v -1 -2 3 -4 -5 -6 7 -8 9 -10 -11 -12 13 14 15 16 -17 18 -19 -20 -21 22 23
v -24 -25 -26 -27 28 -29 -30 -31 -32 33 -34 -35 36 37 -38 39 40 41 -42 -43
v 44 -45 46 47 48 -49 -50 51 -52 53 54 55 56 -57 -58 -59 60 0
c Answer: 1208
v -1 -2 3 -4 -5 -6 7 -8 9 -10 -11 -12 13 14 15 16 -17 18 -19 -20 -21 22 23
v 24 -25 -26 -27 28 -29 -30 -31 -32 33 -34 -35 36 37 -38 39 40 41 -42 -43
v 44 -45 46 47 48 -49 -50 51 -52 53 54 55 56 -57 -58 -59 60 0
c Answer: 1209
v 1 -2 -3 -4 5 6 7 -8 -9 -10 11 -12 -13 -14 15 16 -17 18 -19 -20 -21 22 23
v -24 -25 -26 -27 28 -29 -30 -31 -32 33 -34 -35 36 37 -38 39 40 41 -42 -43
v 44 45 46 47 48 -49 -50 51 52 -53 54 55 -56 -57 -58 -59 60 0
c Answer: 1210
v -1 -2 3 -4 -5 -6 7 -8 9 -10 -11 -12 13 14 15 16 -17 18 -19 -20 -21 22 23
v -24 -25 -26 -27 28 -29 -30 -31 -32 33 -34 -35 36 37 -38 39 40 41 -42 -43
v 44 -45 46 47 48 -49 -50 51 52 53 54 55 -56 -57 -58 -59 60 0
c Answer: 1211
v 1 -2 -3 -4 5 6 7 -8 -9 -10 11 -12 -13 -14 15 16 -17 18 -19 -20 -21 22 23
v -24 -25 -26 -27 28 -29 -30 -31 -32 33 -34 -35 36 37 -38 39 40 41 -42 -43
v 44 45 46 47 48 -49 -50 51 52 -53 54 55 56 -57 -58 -59 60 0
c Answer: 1212
v -1 -2 3 -4 -5 -6 7 -8 9 -10 -11 -12 13 14 15 16 -17 18 -19 -20 -21 22 23
v -24 -25 -26 -27 28 -29 -30 -31 -32 33 -34 -35 36 37 -38 39 40 41 -42 -43
v 44 -45 46 47 48 -49 -50 51 52 53 54 55 56 -57 -58 -59 60 0
c Answer: 1213
v 1 -2 -3 -4 5 6 7 -8 -9 -10 11 -12 -13 -14 15 16 -17 18 -19 -20 -21 22 23
v 24 -25 -26 -27 28 -29 -30 -31 -32 33 -34 -35 36 37 -38 39 40 41 -42 -43
v 44 45 46 47 48 -49 -50 51 52 -53 54 55 -56 -57 -58 -59 60 0
c Answer: 1214
v 1 -2 -3 -4 5 6 7 -8 -9 -10 11 -12 -13 -14 15 16 -17 18 -19 -20 -21 22 23
v 24 -25 -26 -27 28 -29 -30 -31 -32 33 -34 -35 36 37 -38 39 40 41 -42 -43
v 44 45 46 47 48 -49 -50 51 52 -53 54 55 56 -57 -58 -59 60 0
c Answer: 1215
v -1 -2 3 -4 -5 -6 7 -8 9 -10 -11 -12 13 14 15 16 -17 18 -19 -20 -21 22 23
v 24 -25 -26 -27 28 -29 -30 -31 -32 33 -34 -35 36 37 -38 39 40 41 -42 -43
v 44 -45 46 47 48 -49 -50 51 52 53 54 55 -56 -57 -58 -59 60 0
c Answer: 1216
v -1 -2 3 -4 -5 -6 7 -8 9 -10 -11 -12 13 14 15 16 -17 18 -19 -20 -21 22 23
v 24 -25 -26 -27 28 -29 -30 -31 -32 33 -34 -35 36 37 -38 39 40 41 -42 -43
v 44 -45 46 47 48 -49 -50 51 52 53 54 55 56 -57 -58 -59 60 0
c Answer: 1217
v 1 -2 -3 -4 5 6 7 -8 -9 -10 11 -12 -13 -14 15 -16 -17 18 -19 -20 -21 22
v 23 -24 -25 -26 -27 28 -29 -30 -31 32 33 -34 -35 36 37 -38 39 40 41 -42
v -43 -44 45 46 47 48 -49 -50 51 -52 -53 54 55 -56 -57 -58 -59 60 0
c Answer: 1218
v -1 -2 3 -4 -5 -6 7 -8 9 -10 -11 -12 13 14 15 -16 -17 18 -19 -20 -21 22
v 23 -24 -25 -26 -27 28 -29 -30 -31 32 33 -34 -35 36 37 -38 39 40 41 -42
v -43 -44 -45 46 47 48 -49 -50 51 -52 53 54 55 -56 -57 -58 -59 60 0
c Answer: 1219
v 1 -2 -3 -4 5 6 7 -8 -9 -10 11 -12 -13 -14 15 -16 -17 18 -19 -20 -21 22
v 23 -24 -25 -26 -27 28 -29 -30 -31 32 33 -34 -35 36 37 -38 39 40 41 -42
v -43 44 45 46 47 48 -49 -50 51 -52 -53 54 55 -56 -57 -58 -59 60 0
c Answer: 1220
v -1 -2 3 -4 -5 -6 7 -8 9 -10 -11 -12 13 14 15 -16 -17 18 -19 -20 -21 22
v 23 -24 -25 -26 -27 28 -29 -30 -31 32 33 -34 -35 36 37 -38 39 40 41 -42
v -43 44 -45 46 47 48 -49 -50 51 -52 53 54 55 -56 -57 -58 -59 60 0
c Answer: 1221
v 1 -2 -3 -4 5 6 7 -8 -9 -10 11 -12 -13 -14 15 16 -17 18 -19 -20 -21 22 23
v -24 -25 -26 -27 28 -29 -30 -31 32 33 -34 -35 36 37 -38 39 40 41 -42 -43
v -44 45 46 47 48 -49 -50 51 -52 -53 54 55 -56 -57 -58 -59 60 0
c Answer: 1222
v 1 -2 -3 -4 5 6 7 -8 -9 -10 11 -12 -13 -14 15 16 -17 18 -19 -20 -21 22 23
v -24 -25 -26 -27 28 -29 -30 -31 32 33 -34 -35 36 37 -38 39 40 41 -42 -43
v 44 45 46 47 48 -49 -50 51 -52 -53 54 55 -56 -57 -58 -59 60 0
c Answer: 1223
v -1 -2 3 -4 -5 -6 7 -8 9 -10 -11 -12 13 14 15 16 -17 18 -19 -20 -21 22 23
v -24 -25 -26 -27 28 -29 -30 -31 32 33 -34 -35 36 37 -38 39 40 41 -42 -43
v -44 -45 46 47 48 -49 -50 51 -52 53 54 55 -56 -57 -58 -59 60 0
c Answer: 1224
v -1 -2 3 -4 -5 -6 7 -8 9 -10 -11 -12 13 14 15 16 -17 18 -19 -20 -21 22 23
v -24 -25 -26 -27 28 -29 -30 -31 32 33 -34 -35 36 37 -38 39 40 41 -42 -43
v 44 -45 46 47 48 -49 -50 51 -52 53 54 55 -56 -57 -58 -59 60 0
c Answer: 1225
v 1 -2 -3 -4 5 6 7 -8 -9 -10 11 -12 -13 -14 15 -16 -17 18 -19 -20 -21 22
v 23 -24 -25 -26 -27 28 -29 -30 -31 32 33 -34 -35 36 37 -38 39 40 41 -42
v -43 -44 45 46 47 48 -49 -50 51 52 -53 54 55 -56 -57 -58 -59 60 0
c Answer: 1226
v -1 -2 3 -4 -5 -6 7 -8 9 -10 -11 -12 13 14 15 -16 -17 18 -19 -20 -21 22
v 23 -24 -25 -26 -27 28 -29 -30 -31 32 33 -34 -35 36 37 -38 39 40 41 -42
v -43 -44 -45 46 47 48 -49 -50 51 52 53 54 55 -56 -57 -58 -59 60 0
c Answer: 1227
v 1 -2 -3 -4 5 6 7 -8 -9 -10 11 -12 -13 -14 15 16 -17 18 -19 -20 -21 22 23
v -24 -25 -26 -27 28 -29 -30 -31 32 33 -34 -35 36 37 -38 39 40 41 -42 -43
v -44 45 46 47 48 -49 -50 51 52 -53 54 55 -56 -57 -58 -59 60 0
c Answer: 1228
v -1 -2 3 -4 -5 -6 7 -8 9 -10 -11 -12 13 14 15 16 -17 18 -19 -20 -21 22 23
v -24 -25 -26 -27 28 -29 -30 -31 32 33 -34 -35 36 37 -38 39 40 41 -42 -43
v -44 -45 46 47 48 -49 -50 51 52 53 54 55 -56 -57 -58 -59 60 0
c Answer: 1229
v 1 -2 -3 -4 5 6 7 -8 -9 -10 11 -12 -13 -14 15 -16 -17 18 -19 -20 -21 22
v 23 -24 -25 -26 -27 28 -29 -30 -31 32 33 -34 -35 36 37 -38 39 40 41 -42
v -43 44 45 46 47 48 -49 -50 51 52 -53 54 55 -56 -57 -58 -59 60 0
c Answer: 1230
v 1 -2 -3 -4 5 6 7 -8 -9 -10 11 -12 -13 -14 15 16 -17 18 -19 -20 -21 22 23
v -24 -25 -26 -27 28 -29 -30 -31 32 33 -34 -35 36 37 -38 39 40 41 -42 -43
v 44 45 46 47 48 -49 -50 51 52 -53 54 55 -56 -57 -58 -59 60 0
c Answer: 1231
v -1 -2 3 -4 -5 -6 7 -8 9 -10 -11 -12 13 14 15 -16 -17 18 -19 -20 -21 22
v 23 -24 -25 -26 -27 28 -29 -30 -31 32 33 -34 -35 36 37 -38 39 40 41 -42
v -43 44 -45 46 47 48 -49 -50 51 52 53 54 55 -56 -57 -58 -59 60 0
c Answer: 1232
v -1 -2 3 -4 -5 -6 7 -8 9 -10 -11 -12 13 14 15 16 -17 18 -19 -20 -21 22 23
v -24 -25 -26 -27 28 -29 -30 -31 32 33 -34 -35 36 37 -38 39 40 41 -42 -43
v 44 -45 46 47 48 -49 -50 51 52 53 54 55 -56 -57 -58 -59 60 0
c Answer: 1233
v 1 -2 -3 -4 5 6 7 -8 -9 -10 11 -12 -13 -14 15 -16 -17 18 -19 -20 -21 22
v 23 24 -25 -26 -27 28 -29 -30 -31 32 33 -34 -35 36 37 -38 39 40 41 -42 -43
v -44 45 46 47 48 -49 -50 51 -52 -53 54 55 -56 -57 -58 -59 60 0
c Answer: 1234
v -1 -2 3 -4 -5 -6 7 -8 9 -10 -11 -12 13 14 15 -16 -17 18 -19 -20 -21 22
v 23 24 -25 -26 -27 28 -29 -30 -31 32 33 -34 -35 36 37 -38 39 40 41 -42 -43
v -44 -45 46 47 48 -49 -50 51 -52 53 54 55 -56 -57 -58 -59 60 0
c Answer: 1235
v 1 -2 -3 -4 5 6 7 -8 -9 -10 11 -12 -13 -14 15 -16 -17 18 -19 -20 -21 22
v 23 24 -25 -26 -27 28 -29 -30 -31 32 33 -34 -35 36 37 -38 39 40 41 -42 -43
v -44 45 46 47 48 -49 -50 51 52 -53 54 55 -56 -57 -58 -59 60 0
c Answer: 1236
v -1 -2 3 -4 -5 -6 7 -8 9 -10 -11 -12 13 14 15 -16 -17 18 -19 -20 -21 22
v 23 24 -25 -26 -27 28 -29 -30 -31 32 33 -34 -35 36 37 -38 39 40 41 -42 -43
v -44 -45 46 47 48 -49 -50 51 52 53 54 55 -56 -57 -58 -59 60 0
c Answer: 1237
v 1 -2 -3 -4 5 6 7 -8 -9 -10 11 -12 -13 -14 15 -16 -17 18 -19 -20 -21 22
v 23 24 -25 -26 -27 28 -29 -30 -31 32 33 -34 -35 36 37 -38 39 40 41 -42 -43
v 44 45 46 47 48 -49 -50 51 -52 -53 54 55 -56 -57 -58 -59 60 0
c Answer: 1238
v 1 -2 -3 -4 5 6 7 -8 -9 -10 11 -12 -13 -14 15 -16 -17 18 -19 -20 -21 22
v 23 24 -25 -26 -27 28 -29 -30 -31 32 33 -34 -35 36 37 -38 39 40 41 -42 -43
v 44 45 46 47 48 -49 -50 51 52 -53 54 55 -56 -57 -58 -59 60 0
c Answer: 1239
v -1 -2 3 -4 -5 -6 7 -8 9 -10 -11 -12 13 14 15 -16 -17 18 -19 -20 -21 22
v 23 24 -25 -26 -27 28 -29 -30 -31 32 33 -34 -35 36 37 -38 39 40 41 -42 -43
v 44 -45 46 47 48 -49 -50 51 -52 53 54 55 -56 -57 -58 -59 60 0
c Answer: 1240
v -1 -2 3 -4 -5 -6 7 -8 9 -10 -11 -12 13 14 15 -16 -17 18 -19 -20 -21 22
v 23 24 -25 -26 -27 28 -29 -30 -31 32 33 -34 -35 36 37 -38 39 40 41 -42 -43
v 44 -45 46 47 48 -49 -50 51 52 53 54 55 -56 -57 -58 -59 60 0
c Answer: 1241
v 1 -2 -3 -4 5 6 7 -8 -9 -10 11 -12 -13 -14 15 16 -17 18 -19 -20 -21 22 23
v 24 -25 -26 -27 28 -29 -30 -31 32 33 -34 -35 36 37 -38 39 40 41 -42 -43
v -44 45 46 47 48 -49 -50 51 -52 -53 54 55 -56 -57 -58 -59 60 0
c Answer: 1242
v -1 -2 3 -4 -5 -6 7 -8 9 -10 -11 -12 13 14 15 16 -17 18 -19 -20 -21 22 23
v 24 -25 -26 -27 28 -29 -30 -31 32 33 -34 -35 36 37 -38 39 40 41 -42 -43
v -44 -45 46 47 48 -49 -50 51 -52 53 54 55 -56 -57 -58 -59 60 0
c Answer: 1243
v 1 -2 -3 -4 5 6 7 -8 -9 -10 11 -12 -13 -14 15 16 -17 18 -19 -20 -21 22 23
v 24 -25 -26 -27 28 -29 -30 -31 32 33 -34 -35 36 37 -38 39 40 41 -42 -43
v 44 45 46 47 48 -49 -50 51 -52 -53 54 55 -56 -57 -58 -59 60 0
c Answer: 1244
v -1 -2 3 -4 -5 -6 7 -8 9 -10 -11 -12 13 14 15 16 -17 18 -19 -20 -21 22 23
v 24 -25 -26 -27 28 -29 -30 -31 32 33 -34 -35 36 37 -38 39 40 41 -42 -43
v 44 -45 46 47 48 -49 -50 51 -52 53 54 55 -56 -57 -58 -59 60 0
c Answer: 1245
v 1 -2 -3 -4 5 6 7 -8 -9 -10 11 -12 -13 -14 15 16 -17 18 -19 -20 -21 22 23
v 24 -25 -26 -27 28 -29 -30 -31 32 33 -34 -35 36 37 -38 39 40 41 -42 -43
v -44 45 46 47 48 -49 -50 51 52 -53 54 55 -56 -57 -58 -59 60 0
c Answer: 1246
v 1 -2 -3 -4 5 6 7 -8 -9 -10 11 -12 -13 -14 15 16 -17 18 -19 -20 -21 22 23
v 24 -25 -26 -27 28 -29 -30 -31 32 33 -34 -35 36 37 -38 39 40 41 -42 -43
v 44 45 46 47 48 -49 -50 51 52 -53 54 55 -56 -57 -58 -59 60 0
c Answer: 1247
v -1 -2 3 -4 -5 -6 7 -8 9 -10 -11 -12 13 14 15 16 -17 18 -19 -20 -21 22 23
v 24 -25 -26 -27 28 -29 -30 -31 32 33 -34 -35 36 37 -38 39 40 41 -42 -43
v -44 -45 46 47 48 -49 -50 51 52 53 54 55 -56 -57 -58 -59 60 0
c Answer: 1248
v -1 -2 3 -4 -5 -6 7 -8 9 -10 -11 -12 13 14 15 16 -17 18 -19 -20 -21 22 23
v 24 -25 -26 -27 28 -29 -30 -31 32 33 -34 -35 36 37 -38 39 40 41 -42 -43
v 44 -45 46 47 48 -49 -50 51 52 53 54 55 -56 -57 -58 -59 60 0
c Answer: 1249
v 1 -2 -3 -4 5 6 7 -8 -9 -10 11 -12 -13 -14 15 -16 -17 18 -19 -20 -21 22
v 23 -24 -25 -26 -27 28 -29 -30 -31 32 33 -34 -35 36 37 -38 39 40 41 -42
v -43 -44 45 46 47 48 -49 -50 51 -52 -53 54 55 56 -57 -58 -59 60 0
c Answer: 1250
v -1 -2 3 -4 -5 -6 7 -8 9 -10 -11 -12 13 14 15 -16 -17 18 -19 -20 -21 22
v 23 -24 -25 -26 -27 28 -29 -30 -31 32 33 -34 -35 36 37 -38 39 40 41 -42
v -43 -44 -45 46 47 48 -49 -50 51 -52 53 54 55 56 -57 -58 -59 60 0
c Answer: 1251
v 1 -2 -3 -4 5 6 7 -8 -9 -10 11 -12 -13 -14 15 -16 -17 18 -19 -20 -21 22
v 23 24 -25 -26 -27 28 -29 -30 -31 32 33 -34 -35 36 37 -38 39 40 41 -42 -43
v -44 45 46 47 48 -49 -50 51 -52 -53 54 55 56 -57 -58 -59 60 0
c Answer: 1252
v -1 -2 3 -4 -5 -6 7 -8 9 -10 -11 -12 13 14 15 -16 -17 18 -19 -20 -21 22
v 23 24 -25 -26 -27 28 -29 -30 -31 32 33 -34 -35 36 37 -38 39 40 41 -42 -43
v -44 -45 46 47 48 -49 -50 51 -52 53 54 55 56 -57 -58 -59 60 0
c Answer: 1253
v 1 -2 -3 -4 5 6 7 -8 -9 -10 11 -12 -13 -14 15 16 -17 18 -19 -20 -21 22 23
v -24 -25 -26 -27 28 -29 -30 -31 32 33 -34 -35 36 37 -38 39 40 41 -42 -43
v -44 45 46 47 48 -49 -50 51 -52 -53 54 55 56 -57 -58 -59 60 0
c Answer: 1254
v 1 -2 -3 -4 5 6 7 -8 -9 -10 11 -12 -13 -14 15 16 -17 18 -19 -20 -21 22 23
v 24 -25 -26 -27 28 -29 -30 -31 32 33 -34 -35 36 37 -38 39 40 41 -42 -43
v -44 45 46 47 48 -49 -50 51 -52 -53 54 55 56 -57 -58 -59 60 0
c Answer: 1255
v -1 -2 3 -4 -5 -6 7 -8 9 -10 -11 -12 13 14 15 16 -17 18 -19 -20 -21 22 23
v -24 -25 -26 -27 28 -29 -30 -31 32 33 -34 -35 36 37 -38 39 40 41 -42 -43
v -44 -45 46 47 48 -49 -50 51 -52 53 54 55 56 -57 -58 -59 60 0
c Answer: 1256
v -1 -2 3 -4 -5 -6 7 -8 9 -10 -11 -12 13 14 15 16 -17 18 -19 -20 -21 22 23
v 24 -25 -26 -27 28 -29 -30 -31 32 33 -34 -35 36 37 -38 39 40 41 -42 -43
v -44 -45 46 47 48 -49 -50 51 -52 53 54 55 56 -57 -58 -59 60 0
c Answer: 1257
v 1 -2 -3 -4 5 6 7 -8 -9 -10 11 -12 -13 -14 15 -16 -17 18 -19 -20 -21 22
v 23 -24 -25 -26 -27 28 -29 -30 -31 32 33 -34 -35 36 37 -38 39 40 41 -42
v -43 -44 45 46 47 48 -49 -50 51 52 -53 54 55 56 -57 -58 -59 60 0
c Answer: 1258
v -1 -2 3 -4 -5 -6 7 -8 9 -10 -11 -12 13 14 15 -16 -17 18 -19 -20 -21 22
v 23 -24 -25 -26 -27 28 -29 -30 -31 32 33 -34 -35 36 37 -38 39 40 41 -42
v -43 -44 -45 46 47 48 -49 -50 51 52 53 54 55 56 -57 -58 -59 60 0
c Answer: 1259
v 1 -2 -3 -4 5 6 7 -8 -9 -10 11 -12 -13 -14 15 16 -17 18 -19 -20 -21 22 23
v -24 -25 -26 -27 28 -29 -30 -31 32 33 -34 -35 36 37 -38 39 40 41 -42 -43
v -44 45 46 47 48 -49 -50 51 52 -53 54 55 56 -57 -58 -59 60 0
c Answer: 1260
v -1 -2 3 -4 -5 -6 7 -8 9 -10 -11 -12 13 14 15 16 -17 18 -19 -20 -21 22 23
v -24 -25 -26 -27 28 -29 -30 -31 32 33 -34 -35 36 37 -38 39 40 41 -42 -43
v -44 -45 46 47 48 -49 -50 51 52 53 54 55 56 -57 -58 -59 60 0
c Answer: 1261
v 1 -2 -3 -4 5 6 7 -8 -9 -10 11 -12 -13 -14 15 -16 -17 18 -19 -20 -21 22
v 23 24 -25 -26 -27 28 -29 -30 -31 32 33 -34 -35 36 37 -38 39 40 41 -42 -43
v -44 45 46 47 48 -49 -50 51 52 -53 54 55 56 -57 -58 -59 60 0
c Answer: 1262
v 1 -2 -3 -4 5 6 7 -8 -9 -10 11 -12 -13 -14 15 16 -17 18 -19 -20 -21 22 23
v 24 -25 -26 -27 28 -29 -30 -31 32 33 -34 -35 36 37 -38 39 40 41 -42 -43
v -44 45 46 47 48 -49 -50 51 52 -53 54 55 56 -57 -58 -59 60 0
c Answer: 1263
v -1 -2 3 -4 -5 -6 7 -8 9 -10 -11 -12 13 14 15 -16 -17 18 -19 -20 -21 22
v 23 24 -25 -26 -27 28 -29 -30 -31 32 33 -34 -35 36 37 -38 39 40 41 -42 -43
v -44 -45 46 47 48 -49 -50 51 52 53 54 55 56 -57 -58 -59 60 0
c Answer: 1264
v -1 -2 3 -4 -5 -6 7 -8 9 -10 -11 -12 13 14 15 16 -17 18 -19 -20 -21 22 23
v 24 -25 -26 -27 28 -29 -30 -31 32 33 -34 -35 36 37 -38 39 40 41 -42 -43
v -44 -45 46 47 48 -49 -50 51 52 53 54 55 56 -57 -58 -59 60 0
c Answer: 1265
v 1 -2 -3 -4 5 6 7 -8 -9 -10 11 -12 -13 -14 15 -16 -17 18 -19 -20 -21 22
v 23 -24 -25 -26 -27 28 -29 -30 -31 32 33 -34 -35 36 37 -38 39 40 41 -42
v -43 44 45 46 47 48 -49 -50 51 -52 -53 54 55 56 -57 -58 -59 60 0
c Answer: 1266
v -1 -2 3 -4 -5 -6 7 -8 9 -10 -11 -12 13 14 15 -16 -17 18 -19 -20 -21 22
v 23 -24 -25 -26 -27 28 -29 -30 -31 32 33 -34 -35 36 37 -38 39 40 41 -42
v -43 44 -45 46 47 48 -49 -50 51 -52 53 54 55 56 -57 -58 -59 60 0
c Answer: 1267
v 1 -2 -3 -4 5 6 7 -8 -9 -10 11 -12 -13 -14 15 -16 -17 18 -19 -20 -21 22
v 23 -24 -25 -26 -27 28 -29 -30 -31 32 33 -34 -35 36 37 -38 39 40 41 -42
v -43 44 45 46 47 48 -49 -50 51 52 -53 54 55 56 -57 -58 -59 60 0
c Answer: 1268
v -1 -2 3 -4 -5 -6 7 -8 9 -10 -11 -12 13 14 15 -16 -17 18 -19 -20 -21 22
v 23 -24 -25 -26 -27 28 -29 -30 -31 32 33 -34 -35 36 37 -38 39 40 41 -42
v -43 44 -45 46 47 48 -49 -50 51 52 53 54 55 56 -57 -58 -59 60 0
c Answer: 1269
v 1 -2 -3 -4 5 6 7 -8 -9 -10 11 -12 -13 -14 15 -16 -17 18 -19 -20 -21 22
v 23 24 -25 -26 -27 28 -29 -30 -31 32 33 -34 -35 36 37 -38 39 40 41 -42 -43
v 44 45 46 47 48 -49 -50 51 -52 -53 54 55 56 -57 -58 -59 60 0
c Answer: 1270
v 1 -2 -3 -4 5 6 7 -8 -9 -10 11 -12 -13 -14 15 -16 -17 18 -19 -20 -21 22
v 23 24 -25 -26 -27 28 -29 -30 -31 32 33 -34 -35 36 37 -38 39 40 41 -42 -43
v 44 45 46 47 48 -49 -50 51 52 -53 54 55 56 -57 -58 -59 60 0
c Answer: 1271
v -1 -2 3 -4 -5 -6 7 -8 9 -10 -11 -12 13 14 15 -16 -17 18 -19 -20 -21 22
v 23 24 -25 -26 -27 28 -29 -30 -31 32 33 -34 -35 36 37 -38 39 40 41 -42 -43
v 44 -45 46 47 48 -49 -50 51 -52 53 54 55 56 -57 -58 -59 60 0
c Answer: 1272
v -1 -2 3 -4 -5 -6 7 -8 9 -10 -11 -12 13 14 15 -16 -17 18 -19 -20 -21 22
v 23 24 -25 -26 -27 28 -29 -30 -31 32 33 -34 -35 36 37 -38 39 40 41 -42 -43
v 44 -45 46 47 48 -49 -50 51 52 53 54 55 56 -57 -58 -59 60 0
c Answer: 1273
v 1 -2 -3 -4 5 6 7 -8 -9 -10 11 -12 -13 -14 15 16 -17 18 -19 -20 -21 22 23
v -24 -25 -26 -27 28 -29 -30 -31 32 33 -34 -35 36 37 -38 39 40 41 -42 -43
v 44 45 46 47 48 -49 -50 51 -52 -53 54 55 56 -57 -58 -59 60 0
c Answer: 1274
v -1 -2 3 -4 -5 -6 7 -8 9 -10 -11 -12 13 14 15 16 -17 18 -19 -20 -21 22 23
v -24 -25 -26 -27 28 -29 -30 -31 32 33 -34 -35 36 37 -38 39 40 41 -42 -43
v 44 -45 46 47 48 -49 -50 51 -52 53 54 55 56 -57 -58 -59 60 0
c Answer: 1275
v 1 -2 -3 -4 5 6 7 -8 -9 -10 11 -12 -13 -14 15 16 -17 18 -19 -20 -21 22 23
v 24 -25 -26 -27 28 -29 -30 -31 32 33 -34 -35 36 37 -38 39 40 41 -42 -43
v 44 45 46 47 48 -49 -50 51 -52 -53 54 55 56 -57 -58 -59 60 0
c Answer: 1276
v -1 -2 3 -4 -5 -6 7 -8 9 -10 -11 -12 13 14 15 16 -17 18 -19 -20 -21 22 23
v 24 -25 -26 -27 28 -29 -30 -31 32 33 -34 -35 36 37 -38 39 40 41 -42 -43
v 44 -45 46 47 48 -49 -50 51 -52 53 54 55 56 -57 -58 -59 60 0
c Answer: 1277
v 1 -2 -3 -4 5 6 7 -8 -9 -10 11 -12 -13 -14 15 16 -17 18 -19 -20 -21 22 23
v -24 -25 -26 -27 28 -29 -30 -31 32 33 -34 -35 36 37 -38 39 40 41 -42 -43
v 44 45 46 47 48 -49 -50 51 52 -53 54 55 56 -57 -58 -59 60 0
c Answer: 1278
v 1 -2 -3 -4 5 6 7 -8 -9 -10 11 -12 -13 -14 15 16 -17 18 -19 -20 -21 22 23
v 24 -25 -26 -27 28 -29 -30 -31 32 33 -34 -35 36 37 -38 39 40 41 -42 -43
v 44 45 46 47 48 -49 -50 51 52 -53 54 55 56 -57 -58 -59 60 0
c Answer: 1279
v -1 -2 3 -4 -5 -6 7 -8 9 -10 -11 -12 13 14 15 16 -17 18 -19 -20 -21 22 23
v -24 -25 -26 -27 28 -29 -30 -31 32 33 -34 -35 36 37 -38 39 40 41 -42 -43
v 44 -45 46 47 48 -49 -50 51 52 53 54 55 56 -57 -58 -59 60 0
c Answer: 1280
v -1 -2 3 -4 -5 -6 7 -8 9 -10 -11 -12 13 14 15 16 -17 18 -19 -20 -21 22 23
v 24 -25 -26 -27 28 -29 -30 -31 32 33 -34 -35 36 37 -38 39 40 41 -42 -43
v 44 -45 46 47 48 -49 -50 51 52 53 54 55 56 -57 -58 -59 60 0
c Answer: 1281
v 1 -2 -3 -4 5 6 7 -8 -9 -10 11 -12 -13 -14 15 -16 -17 18 -19 -20 -21 22
v 23 -24 -25 -26 -27 28 -29 -30 -31 -32 33 -34 -35 36 37 -38 39 40 41 -42
v 43 -44 45 46 47 -48 -49 -50 51 -52 -53 54 55 -56 -57 -58 -59 60 0
c Answer: 1282
v -1 -2 3 -4 -5 -6 7 -8 9 -10 -11 -12 13 14 15 -16 -17 18 -19 -20 -21 22
v 23 -24 -25 -26 -27 28 -29 -30 -31 -32 33 -34 -35 36 37 -38 39 40 41 -42
v 43 -44 -45 46 47 -48 -49 -50 51 -52 53 54 55 -56 -57 -58 -59 60 0
c Answer: 1283
v 1 -2 -3 -4 5 6 7 -8 -9 -10 11 -12 -13 -14 15 -16 -17 18 -19 -20 -21 22
v 23 -24 -25 -26 -27 28 -29 -30 -31 -32 33 -34 -35 36 37 -38 39 40 41 -42
v 43 -44 45 46 47 48 -49 -50 51 -52 -53 54 55 -56 -57 -58 -59 60 0
c Answer: 1284
v -1 -2 3 -4 -5 -6 7 -8 9 -10 -11 -12 13 14 15 -16 -17 18 -19 -20 -21 22
v 23 -24 -25 -26 -27 28 -29 -30 -31 -32 33 -34 -35 36 37 -38 39 40 41 -42
v 43 -44 -45 46 47 48 -49 -50 51 -52 53 54 55 -56 -57 -58 -59 60 0
c Answer: 1285
v 1 -2 -3 -4 5 6 7 -8 -9 -10 11 -12 -13 -14 15 -16 -17 18 -19 -20 -21 22
v 23 -24 -25 -26 -27 28 -29 -30 -31 32 33 -34 -35 36 37 -38 39 40 41 -42
v 43 -44 45 46 47 -48 -49 -50 51 -52 -53 54 55 -56 -57 -58 -59 60 0
c Answer: 1286
v 1 -2 -3 -4 5 6 7 -8 -9 -10 11 -12 -13 -14 15 -16 -17 18 -19 -20 -21 22
v 23 -24 -25 -26 -27 28 -29 -30 -31 32 33 -34 -35 36 37 -38 39 40 41 -42
v 43 -44 45 46 47 48 -49 -50 51 -52 -53 54 55 -56 -57 -58 -59 60 0
c Answer: 1287
v -1 -2 3 -4 -5 -6 7 -8 9 -10 -11 -12 13 14 15 -16 -17 18 -19 -20 -21 22
v 23 -24 -25 -26 -27 28 -29 -30 -31 32 33 -34 -35 36 37 -38 39 40 41 -42
v 43 -44 -45 46 47 -48 -49 -50 51 -52 53 54 55 -56 -57 -58 -59 60 0
c Answer: 1288
v -1 -2 3 -4 -5 -6 7 -8 9 -10 -11 -12 13 14 15 -16 -17 18 -19 -20 -21 22
v 23 -24 -25 -26 -27 28 -29 -30 -31 32 33 -34 -35 36 37 -38 39 40 41 -42
v 43 -44 -45 46 47 48 -49 -50 51 -52 53 54 55 -56 -57 -58 -59 60 0
c Answer: 1289
v 1 -2 -3 -4 5 6 7 -8 -9 -10 11 -12 -13 -14 15 -16 -17 18 -19 -20 -21 22
v 23 -24 -25 -26 -27 28 -29 -30 -31 -32 33 -34 -35 36 37 -38 39 40 41 -42
v 43 -44 45 46 47 -48 -49 -50 51 -52 -53 54 55 56 -57 -58 -59 60 0
c Answer: 1290
v -1 -2 3 -4 -5 -6 7 -8 9 -10 -11 -12 13 14 15 -16 -17 18 -19 -20 -21 22
v 23 -24 -25 -26 -27 28 -29 -30 -31 -32 33 -34 -35 36 37 -38 39 40 41 -42
v 43 -44 -45 46 47 -48 -49 -50 51 -52 53 54 55 56 -57 -58 -59 60 0
c Answer: 1291
v 1 -2 -3 -4 5 6 7 -8 -9 -10 11 -12 -13 -14 15 -16 -17 18 -19 -20 -21 22
v 23 -24 -25 -26 -27 28 -29 -30 -31 32 33 -34 -35 36 37 -38 39 40 41 -42
v 43 -44 45 46 47 -48 -49 -50 51 -52 -53 54 55 56 -57 -58 -59 60 0
c Answer: 1292
v -1 -2 3 -4 -5 -6 7 -8 9 -10 -11 -12 13 14 15 -16 -17 18 -19 -20 -21 22
v 23 -24 -25 -26 -27 28 -29 -30 -31 32 33 -34 -35 36 37 -38 39 40 41 -42
v 43 -44 -45 46 47 -48 -49 -50 51 -52 53 54 55 56 -57 -58 -59 60 0
c Answer: 1293
v 1 -2 -3 -4 5 6 7 -8 -9 -10 11 -12 -13 -14 15 -16 -17 18 -19 -20 -21 22
v 23 -24 -25 -26 -27 28 -29 -30 -31 -32 33 -34 -35 36 37 -38 39 40 41 -42
v 43 -44 45 46 47 48 -49 -50 51 -52 -53 54 55 56 -57 -58 -59 60 0
c Answer: 1294
v 1 -2 -3 -4 5 6 7 -8 -9 -10 11 -12 -13 -14 15 -16 -17 18 -19 -20 -21 22
v 23 -24 -25 -26 -27 28 -29 -30 -31 32 33 -34 -35 36 37 -38 39 40 41 -42
v 43 -44 45 46 47 48 -49 -50 51 -52 -53 54 55 56 -57 -58 -59 60 0
c Answer: 1295
v -1 -2 3 -4 -5 -6 7 -8 9 -10 -11 -12 13 14 15 -16 -17 18 -19 -20 -21 22
v 23 -24 -25 -26 -27 28 -29 -30 -31 -32 33 -34 -35 36 37 -38 39 40 41 -42
v 43 -44 -45 46 47 48 -49 -50 51 -52 53 54 55 56 -57 -58 -59 60 0
c Answer: 1296
v -1 -2 3 -4 -5 -6 7 -8 9 -10 -11 -12 13 14 15 -16 -17 18 -19 -20 -21 22
v 23 -24 -25 -26 -27 28 -29 -30 -31 32 33 -34 -35 36 37 -38 39 40 41 -42
v 43 -44 -45 46 47 48 -49 -50 51 -52 53 54 55 56 -57 -58 -59 60 0
c Answer: 1297
v 1 -2 -3 -4 5 6 7 -8 -9 -10 11 -12 -13 -14 15 -16 -17 18 -19 -20 -21 22
v 23 -24 -25 -26 -27 28 -29 -30 -31 -32 33 -34 -35 36 37 -38 39 40 41 -42
v 43 44 45 46 47 -48 -49 -50 51 -52 -53 54 55 -56 -57 -58 -59 60 0
c Answer: 1298
v -1 -2 3 -4 -5 -6 7 -8 9 -10 -11 -12 13 14 15 -16 -17 18 -19 -20 -21 22
v 23 -24 -25 -26 -27 28 -29 -30 -31 -32 33 -34 -35 36 37 -38 39 40 41 -42
v 43 44 -45 46 47 -48 -49 -50 51 -52 53 54 55 -56 -57 -58 -59 60 0
c Answer: 1299
v 1 -2 -3 -4 5 6 7 -8 -9 -10 11 -12 -13 -14 15 -16 -17 18 -19 -20 -21 22
v 23 -24 -25 -26 -27 28 -29 -30 -31 -32 33 -34 -35 36 37 -38 39 40 41 -42
v 43 44 45 46 47 -48 -49 -50 51 -52 -53 54 55 56 -57 -58 -59 60 0
c Answer: 1300
v -1 -2 3 -4 -5 -6 7 -8 9 -10 -11 -12 13 14 15 -16 -17 18 -19 -20 -21 22
v 23 -24 -25 -26 -27 28 -29 -30 -31 -32 33 -34 -35 36 37 -38 39 40 41 -42
v 43 44 -45 46 47 -48 -49 -50 51 -52 53 54 55 56 -57 -58 -59 60 0
c Answer: 1301
v 1 -2 -3 -4 5 6 7 -8 -9 -10 11 -12 -13 -14 15 -16 -17 18 -19 -20 -21 22
v 23 -24 -25 -26 -27 28 -29 -30 -31 -32 33 -34 -35 36 37 -38 39 40 41 -42
v 43 44 45 46 47 48 -49 -50 51 -52 -53 54 55 -56 -57 -58 -59 60 0
c Answer: 1302
v 1 -2 -3 -4 5 6 7 -8 -9 -10 11 -12 -13 -14 15 -16 -17 18 -19 -20 -21 22
v 23 -24 -25 -26 -27 28 -29 -30 -31 -32 33 -34 -35 36 37 -38 39 40 41 -42
v 43 44 45 46 47 48 -49 -50 51 -52 -53 54 55 56 -57 -58 -59 60 0
c Answer: 1303
v -1 -2 3 -4 -5 -6 7 -8 9 -10 -11 -12 13 14 15 -16 -17 18 -19 -20 -21 22
v 23 -24 -25 -26 -27 28 -29 -30 -31 -32 33 -34 -35 36 37 -38 39 40 41 -42
v 43 44 -45 46 47 48 -49 -50 51 -52 53 54 55 -56 -57 -58 -59 60 0
c Answer: 1304
v -1 -2 3 -4 -5 -6 7 -8 9 -10 -11 -12 13 14 15 -16 -17 18 -19 -20 -21 22
v 23 -24 -25 -26 -27 28 -29 -30 -31 -32 33 -34 -35 36 37 -38 39 40 41 -42
v 43 44 -45 46 47 48 -49 -50 51 -52 53 54 55 56 -57 -58 -59 60 0
c Answer: 1305
v 1 -2 -3 -4 5 6 7 -8 -9 -10 11 -12 -13 -14 15 -16 -17 18 -19 -20 -21 22
v 23 -24 -25 -26 -27 28 -29 -30 -31 32 33 -34 -35 36 37 -38 39 40 41 -42
v 43 44 45 46 47 -48 -49 -50 51 -52 -53 54 55 -56 -57 -58 -59 60 0
c Answer: 1306
v -1 -2 3 -4 -5 -6 7 -8 9 -10 -11 -12 13 14 15 -16 -17 18 -19 -20 -21 22
v 23 -24 -25 -26 -27 28 -29 -30 -31 32 33 -34 -35 36 37 -38 39 40 41 -42
v 43 44 -45 46 47 -48 -49 -50 51 -52 53 54 55 -56 -57 -58 -59 60 0
c Answer: 1307
v 1 -2 -3 -4 5 6 7 -8 -9 -10 11 -12 -13 -14 15 -16 -17 18 -19 -20 -21 22
v 23 -24 -25 -26 -27 28 -29 -30 -31 32 33 -34 -35 36 37 -38 39 40 41 -42
v 43 44 45 46 47 48 -49 -50 51 -52 -53 54 55 -56 -57 -58 -59 60 0
c Answer: 1308
v -1 -2 3 -4 -5 -6 7 -8 9 -10 -11 -12 13 14 15 -16 -17 18 -19 -20 -21 22
v 23 -24 -25 -26 -27 28 -29 -30 -31 32 33 -34 -35 36 37 -38 39 40 41 -42
v 43 44 -45 46 47 48 -49 -50 51 -52 53 54 55 -56 -57 -58 -59 60 0
c Answer: 1309
v 1 -2 -3 -4 5 6 7 -8 -9 -10 11 -12 -13 -14 15 -16 -17 18 -19 -20 -21 22
v 23 -24 -25 -26 -27 28 -29 -30 -31 32 33 -34 -35 36 37 -38 39 40 41 -42
v 43 44 45 46 47 -48 -49 -50 51 -52 -53 54 55 56 -57 -58 -59 60 0
c Answer: 1310
v 1 -2 -3 -4 5 6 7 -8 -9 -10 11 -12 -13 -14 15 -16 -17 18 -19 -20 -21 22
v 23 -24 -25 -26 -27 28 -29 -30 -31 32 33 -34 -35 36 37 -38 39 40 41 -42
v 43 44 45 46 47 48 -49 -50 51 -52 -53 54 55 56 -57 -58 -59 60 0
c Answer: 1311
v -1 -2 3 -4 -5 -6 7 -8 9 -10 -11 -12 13 14 15 -16 -17 18 -19 -20 -21 22
v 23 -24 -25 -26 -27 28 -29 -30 -31 32 33 -34 -35 36 37 -38 39 40 41 -42
v 43 44 -45 46 47 -48 -49 -50 51 -52 53 54 55 56 -57 -58 -59 60 0
c Answer: 1312
v -1 -2 3 -4 -5 -6 7 -8 9 -10 -11 -12 13 14 15 -16 -17 18 -19 -20 -21 22
v 23 -24 -25 -26 -27 28 -29 -30 -31 32 33 -34 -35 36 37 -38 39 40 41 -42
v 43 44 -45 46 47 48 -49 -50 51 -52 53 54 55 56 -57 -58 -59 60 0
c Answer: 1313
v 1 -2 -3 -4 5 6 7 -8 -9 -10 11 -12 -13 -14 15 16 -17 18 -19 -20 -21 22 23
v -24 -25 -26 -27 28 -29 -30 -31 -32 33 -34 -35 36 37 -38 39 40 41 -42 43
v -44 45 46 47 -48 -49 -50 51 -52 -53 54 55 -56 -57 -58 -59 60 0
c Answer: 1314
v -1 -2 3 -4 -5 -6 7 -8 9 -10 -11 -12 13 14 15 16 -17 18 -19 -20 -21 22 23
v -24 -25 -26 -27 28 -29 -30 -31 -32 33 -34 -35 36 37 -38 39 40 41 -42 43
v -44 -45 46 47 -48 -49 -50 51 -52 53 54 55 -56 -57 -58 -59 60 0
c Answer: 1315
v 1 -2 -3 -4 5 6 7 -8 -9 -10 11 -12 -13 -14 15 16 -17 18 -19 -20 -21 22 23
v -24 -25 -26 -27 28 -29 -30 -31 -32 33 -34 -35 36 37 -38 39 40 41 -42 43
v 44 45 46 47 -48 -49 -50 51 -52 -53 54 55 -56 -57 -58 -59 60 0
c Answer: 1316
v -1 -2 3 -4 -5 -6 7 -8 9 -10 -11 -12 13 14 15 16 -17 18 -19 -20 -21 22 23
v -24 -25 -26 -27 28 -29 -30 -31 -32 33 -34 -35 36 37 -38 39 40 41 -42 43
v 44 -45 46 47 -48 -49 -50 51 -52 53 54 55 -56 -57 -58 -59 60 0
c Answer: 1317
v 1 -2 -3 -4 5 6 7 -8 -9 -10 11 -12 -13 -14 15 16 -17 18 -19 -20 -21 22 23
v -24 -25 -26 -27 28 -29 -30 -31 32 33 -34 -35 36 37 -38 39 40 41 -42 43
v -44 45 46 47 -48 -49 -50 51 -52 -53 54 55 -56 -57 -58 -59 60 0
c Answer: 1318
v 1 -2 -3 -4 5 6 7 -8 -9 -10 11 -12 -13 -14 15 16 -17 18 -19 -20 -21 22 23
v -24 -25 -26 -27 28 -29 -30 -31 32 33 -34 -35 36 37 -38 39 40 41 -42 43
v 44 45 46 47 -48 -49 -50 51 -52 -53 54 55 -56 -57 -58 -59 60 0
c Answer: 1319
v -1 -2 3 -4 -5 -6 7 -8 9 -10 -11 -12 13 14 15 16 -17 18 -19 -20 -21 22 23
v -24 -25 -26 -27 28 -29 -30 -31 32 33 -34 -35 36 37 -38 39 40 41 -42 43
v -44 -45 46 47 -48 -49 -50 51 -52 53 54 55 -56 -57 -58 -59 60 0
c Answer: 1320
v -1 -2 3 -4 -5 -6 7 -8 9 -10 -11 -12 13 14 15 16 -17 18 -19 -20 -21 22 23
v -24 -25 -26 -27 28 -29 -30 -31 32 33 -34 -35 36 37 -38 39 40 41 -42 43
v 44 -45 46 47 -48 -49 -50 51 -52 53 54 55 -56 -57 -58 -59 60 0
c Answer: 1321
v 1 -2 -3 -4 5 6 7 -8 -9 -10 11 -12 -13 -14 15 16 -17 18 -19 -20 -21 22 23
v -24 -25 -26 -27 28 -29 -30 -31 -32 33 -34 -35 36 37 -38 39 40 41 -42 43
v -44 45 46 47 -48 -49 -50 51 -52 -53 54 55 56 -57 -58 -59 60 0
c Answer: 1322
v -1 -2 3 -4 -5 -6 7 -8 9 -10 -11 -12 13 14 15 16 -17 18 -19 -20 -21 22 23
v -24 -25 -26 -27 28 -29 -30 -31 -32 33 -34 -35 36 37 -38 39 40 41 -42 43
v -44 -45 46 47 -48 -49 -50 51 -52 53 54 55 56 -57 -58 -59 60 0
c Answer: 1323
v 1 -2 -3 -4 5 6 7 -8 -9 -10 11 -12 -13 -14 15 16 -17 18 -19 -20 -21 22 23
v -24 -25 -26 -27 28 -29 -30 -31 32 33 -34 -35 36 37 -38 39 40 41 -42 43
v -44 45 46 47 -48 -49 -50 51 -52 -53 54 55 56 -57 -58 -59 60 0
c Answer: 1324
v -1 -2 3 -4 -5 -6 7 -8 9 -10 -11 -12 13 14 15 16 -17 18 -19 -20 -21 22 23
v -24 -25 -26 -27 28 -29 -30 -31 32 33 -34 -35 36 37 -38 39 40 41 -42 43
v -44 -45 46 47 -48 -49 -50 51 -52 53 54 55 56 -57 -58 -59 60 0
c Answer: 1325
v 1 -2 -3 -4 5 6 7 -8 -9 -10 11 -12 -13 -14 15 16 -17 18 -19 -20 -21 22 23
v -24 -25 -26 -27 28 -29 -30 -31 -32 33 -34 -35 36 37 -38 39 40 41 -42 43
v 44 45 46 47 -48 -49 -50 51 -52 -53 54 55 56 -57 -58 -59 60 0
c Answer: 1326
v 1 -2 -3 -4 5 6 7 -8 -9 -10 11 -12 -13 -14 15 16 -17 18 -19 -20 -21 22 23
v -24 -25 -26 -27 28 -29 -30 -31 32 33 -34 -35 36 37 -38 39 40 41 -42 43
v 44 45 46 47 -48 -49 -50 51 -52 -53 54 55 56 -57 -58 -59 60 0
c Answer: 1327
v -1 -2 3 -4 -5 -6 7 -8 9 -10 -11 -12 13 14 15 16 -17 18 -19 -20 -21 22 23
v -24 -25 -26 -27 28 -29 -30 -31 -32 33 -34 -35 36 37 -38 39 40 41 -42 43
v 44 -45 46 47 -48 -49 -50 51 -52 53 54 55 56 -57 -58 -59 60 0
c Answer: 1328
v -1 -2 3 -4 -5 -6 7 -8 9 -10 -11 -12 13 14 15 16 -17 18 -19 -20 -21 22 23
v -24 -25 -26 -27 28 -29 -30 -31 32 33 -34 -35 36 37 -38 39 40 41 -42 43
v 44 -45 46 47 -48 -49 -50 51 -52 53 54 55 56 -57 -58 -59 60 0
c Answer: 1329
v 1 -2 -3 -4 5 6 7 -8 -9 -10 11 -12 -13 -14 15 16 -17 18 -19 -20 -21 22 23
v -24 -25 -26 -27 28 -29 -30 -31 -32 33 -34 -35 36 37 -38 39 40 41 -42 43
v -44 45 46 47 48 -49 -50 51 -52 -53 54 55 -56 -57 -58 -59 60 0
c Answer: 1330
v -1 -2 3 -4 -5 -6 7 -8 9 -10 -11 -12 13 14 15 16 -17 18 -19 -20 -21 22 23
v -24 -25 -26 -27 28 -29 -30 -31 -32 33 -34 -35 36 37 -38 39 40 41 -42 43
v -44 -45 46 47 48 -49 -50 51 -52 53 54 55 -56 -57 -58 -59 60 0
c Answer: 1331
v 1 -2 -3 -4 5 6 7 -8 -9 -10 11 -12 -13 -14 15 16 -17 18 -19 -20 -21 22 23
v -24 -25 -26 -27 28 -29 -30 -31 -32 33 -34 -35 36 37 -38 39 40 41 -42 43
v -44 45 46 47 48 -49 -50 51 -52 -53 54 55 56 -57 -58 -59 60 0
c Answer: 1332
v -1 -2 3 -4 -5 -6 7 -8 9 -10 -11 -12 13 14 15 16 -17 18 -19 -20 -21 22 23
v -24 -25 -26 -27 28 -29 -30 -31 -32 33 -34 -35 36 37 -38 39 40 41 -42 43
v -44 -45 46 47 48 -49 -50 51 -52 53 54 55 56 -57 -58 -59 60 0
c Answer: 1333
v 1 -2 -3 -4 5 6 7 -8 -9 -10 11 -12 -13 -14 15 16 -17 18 -19 -20 -21 22 23
v -24 -25 -26 -27 28 -29 -30 -31 -32 33 -34 -35 36 37 -38 39 40 41 -42 43
v 44 45 46 47 48 -49 -50 51 -52 -53 54 55 -56 -57 -58 -59 60 0
c Answer: 1334
v 1 -2 -3 -4 5 6 7 -8 -9 -10 11 -12 -13 -14 15 16 -17 18 -19 -20 -21 22 23
v -24 -25 -26 -27 28 -29 -30 -31 -32 33 -34 -35 36 37 -38 39 40 41 -42 43
v 44 45 46 47 48 -49 -50 51 -52 -53 54 55 56 -57 -58 -59 60 0
c Answer: 1335
v -1 -2 3 -4 -5 -6 7 -8 9 -10 -11 -12 13 14 15 16 -17 18 -19 -20 -21 22 23
v -24 -25 -26 -27 28 -29 -30 -31 -32 33 -34 -35 36 37 -38 39 40 41 -42 43
v 44 -45 46 47 48 -49 -50 51 -52 53 54 55 -56 -57 -58 -59 60 0
c Answer: 1336
v -1 -2 3 -4 -5 -6 7 -8 9 -10 -11 -12 13 14 15 16 -17 18 -19 -20 -21 22 23
v -24 -25 -26 -27 28 -29 -30 -31 -32 33 -34 -35 36 37 -38 39 40 41 -42 43
v 44 -45 46 47 48 -49 -50 51 -52 53 54 55 56 -57 -58 -59 60 0
c Answer: 1337
v 1 -2 -3 -4 5 6 7 -8 -9 -10 11 -12 -13 -14 15 16 -17 18 -19 -20 -21 22 23
v -24 -25 -26 -27 28 -29 -30 -31 32 33 -34 -35 36 37 -38 39 40 41 -42 43
v -44 45 46 47 48 -49 -50 51 -52 -53 54 55 -56 -57 -58 -59 60 0
c Answer: 1338
v -1 -2 3 -4 -5 -6 7 -8 9 -10 -11 -12 13 14 15 16 -17 18 -19 -20 -21 22 23
v -24 -25 -26 -27 28 -29 -30 -31 32 33 -34 -35 36 37 -38 39 40 41 -42 43
v -44 -45 46 47 48 -49 -50 51 -52 53 54 55 -56 -57 -58 -59 60 0
c Answer: 1339
v 1 -2 -3 -4 5 6 7 -8 -9 -10 11 -12 -13 -14 15 16 -17 18 -19 -20 -21 22 23
v -24 -25 -26 -27 28 -29 -30 -31 32 33 -34 -35 36 37 -38 39 40 41 -42 43
v 44 45 46 47 48 -49 -50 51 -52 -53 54 55 -56 -57 -58 -59 60 0
c Answer: 1340
v -1 -2 3 -4 -5 -6 7 -8 9 -10 -11 -12 13 14 15 16 -17 18 -19 -20 -21 22 23
v -24 -25 -26 -27 28 -29 -30 -31 32 33 -34 -35 36 37 -38 39 40 41 -42 43
v 44 -45 46 47 48 -49 -50 51 -52 53 54 55 -56 -57 -58 -59 60 0
c Answer: 1341
v 1 -2 -3 -4 5 6 7 -8 -9 -10 11 -12 -13 -14 15 16 -17 18 -19 -20 -21 22 23
v -24 -25 -26 -27 28 -29 -30 -31 32 33 -34 -35 36 37 -38 39 40 41 -42 43
v -44 45 46 47 48 -49 -50 51 -52 -53 54 55 56 -57 -58 -59 60 0
c Answer: 1342
v 1 -2 -3 -4 5 6 7 -8 -9 -10 11 -12 -13 -14 15 16 -17 18 -19 -20 -21 22 23
v -24 -25 -26 -27 28 -29 -30 -31 32 33 -34 -35 36 37 -38 39 40 41 -42 43
v 44 45 46 47 48 -49 -50 51 -52 -53 54 55 56 -57 -58 -59 60 0
c Answer: 1343
v -1 -2 3 -4 -5 -6 7 -8 9 -10 -11 -12 13 14 15 16 -17 18 -19 -20 -21 22 23
v -24 -25 -26 -27 28 -29 -30 -31 32 33 -34 -35 36 37 -38 39 40 41 -42 43
v -44 -45 46 47 48 -49 -50 51 -52 53 54 55 56 -57 -58 -59 60 0
c Answer: 1344
v -1 -2 3 -4 -5 -6 7 -8 9 -10 -11 -12 13 14 15 16 -17 18 -19 -20 -21 22 23
v -24 -25 -26 -27 28 -29 -30 -31 32 33 -34 -35 36 37 -38 39 40 41 -42 43
v 44 -45 46 47 48 -49 -50 51 -52 53 54 55 56 -57 -58 -59 60 0
c Answer: 1345
v 1 -2 -3 -4 5 6 7 -8 -9 -10 11 -12 -13 -14 15 -16 -17 18 -19 -20 -21 22
v 23 -24 -25 -26 -27 28 -29 -30 -31 -32 33 -34 -35 36 37 -38 39 40 41 -42
v 43 -44 45 46 47 -48 -49 -50 51 52 -53 54 55 -56 -57 -58 -59 60 0
c Answer: 1346
v -1 -2 3 -4 -5 -6 7 -8 9 -10 -11 -12 13 14 15 -16 -17 18 -19 -20 -21 22
v 23 -24 -25 -26 -27 28 -29 -30 -31 -32 33 -34 -35 36 37 -38 39 40 41 -42
v 43 -44 -45 46 47 -48 -49 -50 51 52 53 54 55 -56 -57 -58 -59 60 0
c Answer: 1347
v 1 -2 -3 -4 5 6 7 -8 -9 -10 11 -12 -13 -14 15 16 -17 18 -19 -20 -21 22 23
v -24 -25 -26 -27 28 -29 -30 -31 -32 33 -34 -35 36 37 -38 39 40 41 -42 43
v -44 45 46 47 -48 -49 -50 51 52 -53 54 55 -56 -57 -58 -59 60 0
c Answer: 1348
v -1 -2 3 -4 -5 -6 7 -8 9 -10 -11 -12 13 14 15 16 -17 18 -19 -20 -21 22 23
v -24 -25 -26 -27 28 -29 -30 -31 -32 33 -34 -35 36 37 -38 39 40 41 -42 43
v -44 -45 46 47 -48 -49 -50 51 52 53 54 55 -56 -57 -58 -59 60 0
c Answer: 1349
v 1 -2 -3 -4 5 6 7 -8 -9 -10 11 -12 -13 -14 15 -16 -17 18 -19 -20 -21 22
v 23 -24 -25 -26 -27 28 -29 -30 -31 -32 33 -34 -35 36 37 -38 39 40 41 -42
v 43 -44 45 46 47 48 -49 -50 51 52 -53 54 55 -56 -57 -58 -59 60 0
c Answer: 1350
v 1 -2 -3 -4 5 6 7 -8 -9 -10 11 -12 -13 -14 15 16 -17 18 -19 -20 -21 22 23
v -24 -25 -26 -27 28 -29 -30 -31 -32 33 -34 -35 36 37 -38 39 40 41 -42 43
v -44 45 46 47 48 -49 -50 51 52 -53 54 55 -56 -57 -58 -59 60 0
c Answer: 1351
v -1 -2 3 -4 -5 -6 7 -8 9 -10 -11 -12 13 14 15 -16 -17 18 -19 -20 -21 22
v 23 -24 -25 -26 -27 28 -29 -30 -31 -32 33 -34 -35 36 37 -38 39 40 41 -42
v 43 -44 -45 46 47 48 -49 -50 51 52 53 54 55 -56 -57 -58 -59 60 0
c Answer: 1352
v -1 -2 3 -4 -5 -6 7 -8 9 -10 -11 -12 13 14 15 16 -17 18 -19 -20 -21 22 23
v -24 -25 -26 -27 28 -29 -30 -31 -32 33 -34 -35 36 37 -38 39 40 41 -42 43
v -44 -45 46 47 48 -49 -50 51 52 53 54 55 -56 -57 -58 -59 60 0
c Answer: 1353
v 1 -2 -3 -4 5 6 7 -8 -9 -10 11 -12 -13 -14 15 -16 -17 18 -19 -20 -21 22
v 23 -24 -25 -26 -27 28 -29 -30 -31 32 33 -34 -35 36 37 -38 39 40 41 -42
v 43 -44 45 46 47 -48 -49 -50 51 52 -53 54 55 -56 -57 -58 -59 60 0
c Answer: 1354
v -1 -2 3 -4 -5 -6 7 -8 9 -10 -11 -12 13 14 15 -16 -17 18 -19 -20 -21 22
v 23 -24 -25 -26 -27 28 -29 -30 -31 32 33 -34 -35 36 37 -38 39 40 41 -42
v 43 -44 -45 46 47 -48 -49 -50 51 52 53 54 55 -56 -57 -58 -59 60 0
c Answer: 1355
v 1 -2 -3 -4 5 6 7 -8 -9 -10 11 -12 -13 -14 15 -16 -17 18 -19 -20 -21 22
v 23 -24 -25 -26 -27 28 -29 -30 -31 32 33 -34 -35 36 37 -38 39 40 41 -42
v 43 -44 45 46 47 48 -49 -50 51 52 -53 54 55 -56 -57 -58 -59 60 0
c Answer: 1356
v -1 -2 3 -4 -5 -6 7 -8 9 -10 -11 -12 13 14 15 -16 -17 18 -19 -20 -21 22
v 23 -24 -25 -26 -27 28 -29 -30 -31 32 33 -34 -35 36 37 -38 39 40 41 -42
v 43 -44 -45 46 47 48 -49 -50 51 52 53 54 55 -56 -57 -58 -59 60 0
c Answer: 1357
v 1 -2 -3 -4 5 6 7 -8 -9 -10 11 -12 -13 -14 15 16 -17 18 -19 -20 -21 22 23
v -24 -25 -26 -27 28 -29 -30 -31 32 33 -34 -35 36 37 -38 39 40 41 -42 43
v -44 45 46 47 -48 -49 -50 51 52 -53 54 55 -56 -57 -58 -59 60 0
c Answer: 1358
v 1 -2 -3 -4 5 6 7 -8 -9 -10 11 -12 -13 -14 15 16 -17 18 -19 -20 -21 22 23
v -24 -25 -26 -27 28 -29 -30 -31 32 33 -34 -35 36 37 -38 39 40 41 -42 43
v -44 45 46 47 48 -49 -50 51 52 -53 54 55 -56 -57 -58 -59 60 0
c Answer: 1359
v -1 -2 3 -4 -5 -6 7 -8 9 -10 -11 -12 13 14 15 16 -17 18 -19 -20 -21 22 23
v -24 -25 -26 -27 28 -29 -30 -31 32 33 -34 -35 36 37 -38 39 40 41 -42 43
v -44 -45 46 47 -48 -49 -50 51 52 53 54 55 -56 -57 -58 -59 60 0
c Answer: 1360
v -1 -2 3 -4 -5 -6 7 -8 9 -10 -11 -12 13 14 15 16 -17 18 -19 -20 -21 22 23
v -24 -25 -26 -27 28 -29 -30 -31 32 33 -34 -35 36 37 -38 39 40 41 -42 43
v -44 -45 46 47 48 -49 -50 51 52 53 54 55 -56 -57 -58 -59 60 0
c Answer: 1361
v 1 -2 -3 -4 5 6 7 -8 -9 -10 11 -12 -13 -14 15 -16 -17 18 -19 -20 -21 22
v 23 -24 -25 -26 -27 28 -29 -30 -31 -32 33 -34 -35 36 37 -38 39 40 41 -42
v 43 -44 45 46 47 -48 -49 -50 51 52 -53 54 55 56 -57 -58 -59 60 0
c Answer: 1362
v -1 -2 3 -4 -5 -6 7 -8 9 -10 -11 -12 13 14 15 -16 -17 18 -19 -20 -21 22
v 23 -24 -25 -26 -27 28 -29 -30 -31 -32 33 -34 -35 36 37 -38 39 40 41 -42
v 43 -44 -45 46 47 -48 -49 -50 51 52 53 54 55 56 -57 -58 -59 60 0
c Answer: 1363
v 1 -2 -3 -4 5 6 7 -8 -9 -10 11 -12 -13 -14 15 -16 -17 18 -19 -20 -21 22
v 23 -24 -25 -26 -27 28 -29 -30 -31 32 33 -34 -35 36 37 -38 39 40 41 -42
v 43 -44 45 46 47 -48 -49 -50 51 52 -53 54 55 56 -57 -58 -59 60 0
c Answer: 1364
v -1 -2 3 -4 -5 -6 7 -8 9 -10 -11 -12 13 14 15 -16 -17 18 -19 -20 -21 22
v 23 -24 -25 -26 -27 28 -29 -30 -31 32 33 -34 -35 36 37 -38 39 40 41 -42
v 43 -44 -45 46 47 -48 -49 -50 51 52 53 54 55 56 -57 -58 -59 60 0
c Answer: 1365
v 1 -2 -3 -4 5 6 7 -8 -9 -10 11 -12 -13 -14 15 16 -17 18 -19 -20 -21 22 23
v -24 -25 -26 -27 28 -29 -30 -31 -32 33 -34 -35 36 37 -38 39 40 41 -42 43
v -44 45 46 47 -48 -49 -50 51 52 -53 54 55 56 -57 -58 -59 60 0
c Answer: 1366
v 1 -2 -3 -4 5 6 7 -8 -9 -10 11 -12 -13 -14 15 16 -17 18 -19 -20 -21 22 23
v -24 -25 -26 -27 28 -29 -30 -31 32 33 -34 -35 36 37 -38 39 40 41 -42 43
v -44 45 46 47 -48 -49 -50 51 52 -53 54 55 56 -57 -58 -59 60 0
c Answer: 1367
v -1 -2 3 -4 -5 -6 7 -8 9 -10 -11 -12 13 14 15 16 -17 18 -19 -20 -21 22 23
v -24 -25 -26 -27 28 -29 -30 -31 -32 33 -34 -35 36 37 -38 39 40 41 -42 43
v -44 -45 46 47 -48 -49 -50 51 52 53 54 55 56 -57 -58 -59 60 0
c Answer: 1368
v -1 -2 3 -4 -5 -6 7 -8 9 -10 -11 -12 13 14 15 16 -17 18 -19 -20 -21 22 23
v -24 -25 -26 -27 28 -29 -30 -31 32 33 -34 -35 36 37 -38 39 40 41 -42 43
v -44 -45 46 47 -48 -49 -50 51 52 53 54 55 56 -57 -58 -59 60 0
c Answer: 1369
v 1 -2 -3 -4 5 6 7 -8 -9 -10 11 -12 -13 -14 15 -16 -17 18 -19 -20 -21 22
v 23 -24 -25 -26 -27 28 -29 -30 -31 -32 33 -34 -35 36 37 -38 39 40 41 -42
v 43 -44 45 46 47 48 -49 -50 51 52 -53 54 55 56 -57 -58 -59 60 0
c Answer: 1370
v -1 -2 3 -4 -5 -6 7 -8 9 -10 -11 -12 13 14 15 -16 -17 18 -19 -20 -21 22
v 23 -24 -25 -26 -27 28 -29 -30 -31 -32 33 -34 -35 36 37 -38 39 40 41 -42
v 43 -44 -45 46 47 48 -49 -50 51 52 53 54 55 56 -57 -58 -59 60 0
c Answer: 1371
v 1 -2 -3 -4 5 6 7 -8 -9 -10 11 -12 -13 -14 15 16 -17 18 -19 -20 -21 22 23
v -24 -25 -26 -27 28 -29 -30 -31 -32 33 -34 -35 36 37 -38 39 40 41 -42 43
v -44 45 46 47 48 -49 -50 51 52 -53 54 55 56 -57 -58 -59 60 0
c Answer: 1372
v -1 -2 3 -4 -5 -6 7 -8 9 -10 -11 -12 13 14 15 16 -17 18 -19 -20 -21 22 23
v -24 -25 -26 -27 28 -29 -30 -31 -32 33 -34 -35 36 37 -38 39 40 41 -42 43
v -44 -45 46 47 48 -49 -50 51 52 53 54 55 56 -57 -58 -59 60 0
c Answer: 1373
v 1 -2 -3 -4 5 6 7 -8 -9 -10 11 -12 -13 -14 15 -16 -17 18 -19 -20 -21 22
v 23 -24 -25 -26 -27 28 -29 -30 -31 32 33 -34 -35 36 37 -38 39 40 41 -42
v 43 -44 45 46 47 48 -49 -50 51 52 -53 54 55 56 -57 -58 -59 60 0
c Answer: 1374
v 1 -2 -3 -4 5 6 7 -8 -9 -10 11 -12 -13 -14 15 16 -17 18 -19 -20 -21 22 23
v -24 -25 -26 -27 28 -29 -30 -31 32 33 -34 -35 36 37 -38 39 40 41 -42 43
v -44 45 46 47 48 -49 -50 51 52 -53 54 55 56 -57 -58 -59 60 0
c Answer: 1375
v -1 -2 3 -4 -5 -6 7 -8 9 -10 -11 -12 13 14 15 -16 -17 18 -19 -20 -21 22
v 23 -24 -25 -26 -27 28 -29 -30 -31 32 33 -34 -35 36 37 -38 39 40 41 -42
v 43 -44 -45 46 47 48 -49 -50 51 52 53 54 55 56 -57 -58 -59 60 0
c Answer: 1376
v -1 -2 3 -4 -5 -6 7 -8 9 -10 -11 -12 13 14 15 16 -17 18 -19 -20 -21 22 23
v -24 -25 -26 -27 28 -29 -30 -31 32 33 -34 -35 36 37 -38 39 40 41 -42 43
v -44 -45 46 47 48 -49 -50 51 52 53 54 55 56 -57 -58 -59 60 0
c Answer: 1377
v 1 -2 -3 -4 5 6 7 -8 -9 -10 11 -12 -13 -14 15 -16 -17 18 -19 -20 -21 22
v 23 -24 -25 -26 -27 28 -29 -30 -31 -32 33 -34 -35 36 37 -38 39 40 41 -42
v 43 44 45 46 47 -48 -49 -50 51 52 -53 54 55 -56 -57 -58 -59 60 0
c Answer: 1378
v -1 -2 3 -4 -5 -6 7 -8 9 -10 -11 -12 13 14 15 -16 -17 18 -19 -20 -21 22
v 23 -24 -25 -26 -27 28 -29 -30 -31 -32 33 -34 -35 36 37 -38 39 40 41 -42
v 43 44 -45 46 47 -48 -49 -50 51 52 53 54 55 -56 -57 -58 -59 60 0
c Answer: 1379
v 1 -2 -3 -4 5 6 7 -8 -9 -10 11 -12 -13 -14 15 -16 -17 18 -19 -20 -21 22
v 23 -24 -25 -26 -27 28 -29 -30 -31 -32 33 -34 -35 36 37 -38 39 40 41 -42
v 43 44 45 46 47 -48 -49 -50 51 52 -53 54 55 56 -57 -58 -59 60 0
c Answer: 1380
v -1 -2 3 -4 -5 -6 7 -8 9 -10 -11 -12 13 14 15 -16 -17 18 -19 -20 -21 22
v 23 -24 -25 -26 -27 28 -29 -30 -31 -32 33 -34 -35 36 37 -38 39 40 41 -42
v 43 44 -45 46 47 -48 -49 -50 51 52 53 54 55 56 -57 -58 -59 60 0
c Answer: 1381
v 1 -2 -3 -4 5 6 7 -8 -9 -10 11 -12 -13 -14 15 -16 -17 18 -19 -20 -21 22
v 23 -24 -25 -26 -27 28 -29 -30 -31 -32 33 -34 -35 36 37 -38 39 40 41 -42
v 43 44 45 46 47 48 -49 -50 51 52 -53 54 55 -56 -57 -58 -59 60 0
c Answer: 1382
v 1 -2 -3 -4 5 6 7 -8 -9 -10 11 -12 -13 -14 15 -16 -17 18 -19 -20 -21 22
v 23 -24 -25 -26 -27 28 -29 -30 -31 -32 33 -34 -35 36 37 -38 39 40 41 -42
v 43 44 45 46 47 48 -49 -50 51 52 -53 54 55 56 -57 -58 -59 60 0
c Answer: 1383
v -1 -2 3 -4 -5 -6 7 -8 9 -10 -11 -12 13 14 15 -16 -17 18 -19 -20 -21 22
v 23 -24 -25 -26 -27 28 -29 -30 -31 -32 33 -34 -35 36 37 -38 39 40 41 -42
v 43 44 -45 46 47 48 -49 -50 51 52 53 54 55 -56 -57 -58 -59 60 0
c Answer: 1384
v -1 -2 3 -4 -5 -6 7 -8 9 -10 -11 -12 13 14 15 -16 -17 18 -19 -20 -21 22
v 23 -24 -25 -26 -27 28 -29 -30 -31 -32 33 -34 -35 36 37 -38 39 40 41 -42
v 43 44 -45 46 47 48 -49 -50 51 52 53 54 55 56 -57 -58 -59 60 0
c Answer: 1385
v 1 -2 -3 -4 5 6 7 -8 -9 -10 11 -12 -13 -14 15 -16 -17 18 -19 -20 -21 22
v 23 -24 -25 -26 -27 28 -29 -30 -31 32 33 -34 -35 36 37 -38 39 40 41 -42
v 43 44 45 46 47 -48 -49 -50 51 52 -53 54 55 -56 -57 -58 -59 60 0
c Answer: 1386
v -1 -2 3 -4 -5 -6 7 -8 9 -10 -11 -12 13 14 15 -16 -17 18 -19 -20 -21 22
v 23 -24 -25 -26 -27 28 -29 -30 -31 32 33 -34 -35 36 37 -38 39 40 41 -42
v 43 44 -45 46 47 -48 -49 -50 51 52 53 54 55 -56 -57 -58 -59 60 0
c Answer: 1387
v 1 -2 -3 -4 5 6 7 -8 -9 -10 11 -12 -13 -14 15 -16 -17 18 -19 -20 -21 22
v 23 -24 -25 -26 -27 28 -29 -30 -31 32 33 -34 -35 36 37 -38 39 40 41 -42
v 43 44 45 46 47 48 -49 -50 51 52 -53 54 55 -56 -57 -58 -59 60 0
c Answer: 1388
v -1 -2 3 -4 -5 -6 7 -8 9 -10 -11 -12 13 14 15 -16 -17 18 -19 -20 -21 22
v 23 -24 -25 -26 -27 28 -29 -30 -31 32 33 -34 -35 36 37 -38 39 40 41 -42
v 43 44 -45 46 47 48 -49 -50 51 52 53 54 55 -56 -57 -58 -59 60 0
c Answer: 1389
v 1 -2 -3 -4 5 6 7 -8 -9 -10 11 -12 -13 -14 15 -16 -17 18 -19 -20 -21 22
v 23 -24 -25 -26 -27 28 -29 -30 -31 32 33 -34 -35 36 37 -38 39 40 41 -42
v 43 44 45 46 47 -48 -49 -50 51 52 -53 54 55 56 -57 -58 -59 60 0
c Answer: 1390
v 1 -2 -3 -4 5 6 7 -8 -9 -10 11 -12 -13 -14 15 -16 -17 18 -19 -20 -21 22
v 23 -24 -25 -26 -27 28 -29 -30 -31 32 33 -34 -35 36 37 -38 39 40 41 -42
v 43 44 45 46 47 48 -49 -50 51 52 -53 54 55 56 -57 -58 -59 60 0
c Answer: 1391
v -1 -2 3 -4 -5 -6 7 -8 9 -10 -11 -12 13 14 15 -16 -17 18 -19 -20 -21 22
v 23 -24 -25 -26 -27 28 -29 -30 -31 32 33 -34 -35 36 37 -38 39 40 41 -42
v 43 44 -45 46 47 -48 -49 -50 51 52 53 54 55 56 -57 -58 -59 60 0
c Answer: 1392
v -1 -2 3 -4 -5 -6 7 -8 9 -10 -11 -12 13 14 15 -16 -17 18 -19 -20 -21 22
v 23 -24 -25 -26 -27 28 -29 -30 -31 32 33 -34 -35 36 37 -38 39 40 41 -42
v 43 44 -45 46 47 48 -49 -50 51 52 53 54 55 56 -57 -58 -59 60 0
c Answer: 1393
v 1 -2 -3 -4 5 6 7 -8 -9 -10 11 -12 -13 -14 15 16 -17 18 -19 -20 -21 22 23
v -24 -25 -26 -27 28 -29 -30 -31 -32 33 -34 -35 36 37 -38 39 40 41 -42 43
v 44 45 46 47 -48 -49 -50 51 52 -53 54 55 -56 -57 -58 -59 60 0
c Answer: 1394
v -1 -2 3 -4 -5 -6 7 -8 9 -10 -11 -12 13 14 15 16 -17 18 -19 -20 -21 22 23
v -24 -25 -26 -27 28 -29 -30 -31 -32 33 -34 -35 36 37 -38 39 40 41 -42 43
v 44 -45 46 47 -48 -49 -50 51 52 53 54 55 -56 -57 -58 -59 60 0
c Answer: 1395
v 1 -2 -3 -4 5 6 7 -8 -9 -10 11 -12 -13 -14 15 16 -17 18 -19 -20 -21 22 23
v -24 -25 -26 -27 28 -29 -30 -31 32 33 -34 -35 36 37 -38 39 40 41 -42 43
v 44 45 46 47 -48 -49 -50 51 52 -53 54 55 -56 -57 -58 -59 60 0
c Answer: 1396
v -1 -2 3 -4 -5 -6 7 -8 9 -10 -11 -12 13 14 15 16 -17 18 -19 -20 -21 22 23
v -24 -25 -26 -27 28 -29 -30 -31 32 33 -34 -35 36 37 -38 39 40 41 -42 43
v 44 -45 46 47 -48 -49 -50 51 52 53 54 55 -56 -57 -58 -59 60 0
c Answer: 1397
v 1 -2 -3 -4 5 6 7 -8 -9 -10 11 -12 -13 -14 15 16 -17 18 -19 -20 -21 22 23
v -24 -25 -26 -27 28 -29 -30 -31 -32 33 -34 -35 36 37 -38 39 40 41 -42 43
v 44 45 46 47 -48 -49 -50 51 52 -53 54 55 56 -57 -58 -59 60 0
c Answer: 1398
v 1 -2 -3 -4 5 6 7 -8 -9 -10 11 -12 -13 -14 15 16 -17 18 -19 -20 -21 22 23
v -24 -25 -26 -27 28 -29 -30 -31 32 33 -34 -35 36 37 -38 39 40 41 -42 43
v 44 45 46 47 -48 -49 -50 51 52 -53 54 55 56 -57 -58 -59 60 0
c Answer: 1399
v -1 -2 3 -4 -5 -6 7 -8 9 -10 -11 -12 13 14 15 16 -17 18 -19 -20 -21 22 23
v -24 -25 -26 -27 28 -29 -30 -31 -32 33 -34 -35 36 37 -38 39 40 41 -42 43
v 44 -45 46 47 -48 -49 -50 51 52 53 54 55 56 -57 -58 -59 60 0
c Answer: 1400
v -1 -2 3 -4 -5 -6 7 -8 9 -10 -11 -12 13 14 15 16 -17 18 -19 -20 -21 22 23
v -24 -25 -26 -27 28 -29 -30 -31 32 33 -34 -35 36 37 -38 39 40 41 -42 43
v 44 -45 46 47 -48 -49 -50 51 52 53 54 55 56 -57 -58 -59 60 0
c Answer: 1401
v 1 -2 -3 -4 5 6 7 -8 -9 -10 11 -12 -13 -14 15 16 -17 18 -19 -20 -21 22 23
v -24 -25 -26 -27 28 -29 -30 -31 -32 33 -34 -35 36 37 -38 39 40 41 -42 43
v 44 45 46 47 48 -49 -50 51 52 -53 54 55 -56 -57 -58 -59 60 0
c Answer: 1402
v -1 -2 3 -4 -5 -6 7 -8 9 -10 -11 -12 13 14 15 16 -17 18 -19 -20 -21 22 23
v -24 -25 -26 -27 28 -29 -30 -31 -32 33 -34 -35 36 37 -38 39 40 41 -42 43
v 44 -45 46 47 48 -49 -50 51 52 53 54 55 -56 -57 -58 -59 60 0
c Answer: 1403
v 1 -2 -3 -4 5 6 7 -8 -9 -10 11 -12 -13 -14 15 16 -17 18 -19 -20 -21 22 23
v -24 -25 -26 -27 28 -29 -30 -31 -32 33 -34 -35 36 37 -38 39 40 41 -42 43
v 44 45 46 47 48 -49 -50 51 52 -53 54 55 56 -57 -58 -59 60 0
c Answer: 1404
v -1 -2 3 -4 -5 -6 7 -8 9 -10 -11 -12 13 14 15 16 -17 18 -19 -20 -21 22 23
v -24 -25 -26 -27 28 -29 -30 -31 -32 33 -34 -35 36 37 -38 39 40 41 -42 43
v 44 -45 46 47 48 -49 -50 51 52 53 54 55 56 -57 -58 -59 60 0
c Answer: 1405
v 1 -2 -3 -4 5 6 7 -8 -9 -10 11 -12 -13 -14 15 16 -17 18 -19 -20 -21 22 23
v -24 -25 -26 -27 28 -29 -30 -31 32 33 -34 -35 36 37 -38 39 40 41 -42 43
v 44 45 46 47 48 -49 -50 51 52 -53 54 55 -56 -57 -58 -59 60 0
c Answer: 1406
v 1 -2 -3 -4 5 6 7 -8 -9 -10 11 -12 -13 -14 15 16 -17 18 -19 -20 -21 22 23
v -24 -25 -26 -27 28 -29 -30 -31 32 33 -34 -35 36 37 -38 39 40 41 -42 43
v 44 45 46 47 48 -49 -50 51 52 -53 54 55 56 -57 -58 -59 60 0
c Answer: 1407
v -1 -2 3 -4 -5 -6 7 -8 9 -10 -11 -12 13 14 15 16 -17 18 -19 -20 -21 22 23
v -24 -25 -26 -27 28 -29 -30 -31 32 33 -34 -35 36 37 -38 39 40 41 -42 43
v 44 -45 46 47 48 -49 -50 51 52 53 54 55 -56 -57 -58 -59 60 0
c Answer: 1408
v -1 -2 3 -4 -5 -6 7 -8 9 -10 -11 -12 13 14 15 16 -17 18 -19 -20 -21 22 23
v -24 -25 -26 -27 28 -29 -30 -31 32 33 -34 -35 36 37 -38 39 40 41 -42 43
v 44 -45 46 47 48 -49 -50 51 52 53 54 55 56 -57 -58 -59 60 0
c Answer: 1409
v 1 -2 -3 -4 5 6 7 -8 -9 -10 11 -12 -13 -14 15 -16 -17 18 -19 -20 -21 22
v 23 24 -25 -26 -27 28 -29 -30 -31 -32 33 -34 -35 36 37 -38 39 40 41 -42
v 43 -44 45 46 47 -48 -49 -50 51 -52 -53 54 55 -56 -57 -58 -59 60 0
c Answer: 1410
v -1 -2 3 -4 -5 -6 7 -8 9 -10 -11 -12 13 14 15 -16 -17 18 -19 -20 -21 22
v 23 24 -25 -26 -27 28 -29 -30 -31 -32 33 -34 -35 36 37 -38 39 40 41 -42
v 43 -44 -45 46 47 -48 -49 -50 51 -52 53 54 55 -56 -57 -58 -59 60 0
c Answer: 1411
v 1 -2 -3 -4 5 6 7 -8 -9 -10 11 -12 -13 -14 15 -16 -17 18 -19 -20 -21 22
v 23 24 -25 -26 -27 28 -29 -30 -31 -32 33 -34 -35 36 37 -38 39 40 41 -42
v 43 -44 45 46 47 -48 -49 -50 51 52 -53 54 55 -56 -57 -58 -59 60 0
c Answer: 1412
v -1 -2 3 -4 -5 -6 7 -8 9 -10 -11 -12 13 14 15 -16 -17 18 -19 -20 -21 22
v 23 24 -25 -26 -27 28 -29 -30 -31 -32 33 -34 -35 36 37 -38 39 40 41 -42
v 43 -44 -45 46 47 -48 -49 -50 51 52 53 54 55 -56 -57 -58 -59 60 0
c Answer: 1413
v 1 -2 -3 -4 5 6 7 -8 -9 -10 11 -12 -13 -14 15 -16 -17 18 -19 -20 -21 22
v 23 24 -25 -26 -27 28 -29 -30 -31 -32 33 -34 -35 36 37 -38 39 40 41 -42
v 43 44 45 46 47 -48 -49 -50 51 -52 -53 54 55 -56 -57 -58 -59 60 0
c Answer: 1414
v 1 -2 -3 -4 5 6 7 -8 -9 -10 11 -12 -13 -14 15 -16 -17 18 -19 -20 -21 22
v 23 24 -25 -26 -27 28 -29 -30 -31 -32 33 -34 -35 36 37 -38 39 40 41 -42
v 43 44 45 46 47 -48 -49 -50 51 52 -53 54 55 -56 -57 -58 -59 60 0
c Answer: 1415
v -1 -2 3 -4 -5 -6 7 -8 9 -10 -11 -12 13 14 15 -16 -17 18 -19 -20 -21 22
v 23 24 -25 -26 -27 28 -29 -30 -31 -32 33 -34 -35 36 37 -38 39 40 41 -42
v 43 44 -45 46 47 -48 -49 -50 51 -52 53 54 55 -56 -57 -58 -59 60 0
c Answer: 1416
v -1 -2 3 -4 -5 -6 7 -8 9 -10 -11 -12 13 14 15 -16 -17 18 -19 -20 -21 22
v 23 24 -25 -26 -27 28 -29 -30 -31 -32 33 -34 -35 36 37 -38 39 40 41 -42
v 43 44 -45 46 47 -48 -49 -50 51 52 53 54 55 -56 -57 -58 -59 60 0
c Answer: 1417
v 1 -2 -3 -4 5 6 7 -8 -9 -10 11 -12 -13 -14 15 16 -17 18 -19 -20 -21 22 23
v 24 -25 -26 -27 28 -29 -30 -31 -32 33 -34 -35 36 37 -38 39 40 41 -42 43
v -44 45 46 47 -48 -49 -50 51 -52 -53 54 55 -56 -57 -58 -59 60 0
c Answer: 1418
v -1 -2 3 -4 -5 -6 7 -8 9 -10 -11 -12 13 14 15 16 -17 18 -19 -20 -21 22 23
v 24 -25 -26 -27 28 -29 -30 -31 -32 33 -34 -35 36 37 -38 39 40 41 -42 43
v -44 -45 46 47 -48 -49 -50 51 -52 53 54 55 -56 -57 -58 -59 60 0
c Answer: 1419
v 1 -2 -3 -4 5 6 7 -8 -9 -10 11 -12 -13 -14 15 16 -17 18 -19 -20 -21 22 23
v 24 -25 -26 -27 28 -29 -30 -31 -32 33 -34 -35 36 37 -38 39 40 41 -42 43
v 44 45 46 47 -48 -49 -50 51 -52 -53 54 55 -56 -57 -58 -59 60 0
c Answer: 1420
v -1 -2 3 -4 -5 -6 7 -8 9 -10 -11 -12 13 14 15 16 -17 18 -19 -20 -21 22 23
v 24 -25 -26 -27 28 -29 -30 -31 -32 33 -34 -35 36 37 -38 39 40 41 -42 43
v 44 -45 46 47 -48 -49 -50 51 -52 53 54 55 -56 -57 -58 -59 60 0
c Answer: 1421
v 1 -2 -3 -4 5 6 7 -8 -9 -10 11 -12 -13 -14 15 16 -17 18 -19 -20 -21 22 23
v 24 -25 -26 -27 28 -29 -30 -31 -32 33 -34 -35 36 37 -38 39 40 41 -42 43
v -44 45 46 47 -48 -49 -50 51 52 -53 54 55 -56 -57 -58 -59 60 0
c Answer: 1422
v 1 -2 -3 -4 5 6 7 -8 -9 -10 11 -12 -13 -14 15 16 -17 18 -19 -20 -21 22 23
v 24 -25 -26 -27 28 -29 -30 -31 -32 33 -34 -35 36 37 -38 39 40 41 -42 43
v 44 45 46 47 -48 -49 -50 51 52 -53 54 55 -56 -57 -58 -59 60 0
c Answer: 1423
v -1 -2 3 -4 -5 -6 7 -8 9 -10 -11 -12 13 14 15 16 -17 18 -19 -20 -21 22 23
v 24 -25 -26 -27 28 -29 -30 -31 -32 33 -34 -35 36 37 -38 39 40 41 -42 43
v -44 -45 46 47 -48 -49 -50 51 52 53 54 55 -56 -57 -58 -59 60 0
c Answer: 1424
v -1 -2 3 -4 -5 -6 7 -8 9 -10 -11 -12 13 14 15 16 -17 18 -19 -20 -21 22 23
v 24 -25 -26 -27 28 -29 -30 -31 -32 33 -34 -35 36 37 -38 39 40 41 -42 43
v 44 -45 46 47 -48 -49 -50 51 52 53 54 55 -56 -57 -58 -59 60 0
c Answer: 1425
v 1 -2 -3 -4 5 6 7 -8 -9 -10 11 -12 -13 -14 15 -16 -17 18 -19 -20 -21 22
v 23 24 -25 -26 -27 28 -29 -30 -31 -32 33 -34 -35 36 37 -38 39 40 41 -42
v 43 -44 45 46 47 48 -49 -50 51 -52 -53 54 55 -56 -57 -58 -59 60 0
c Answer: 1426
v -1 -2 3 -4 -5 -6 7 -8 9 -10 -11 -12 13 14 15 -16 -17 18 -19 -20 -21 22
v 23 24 -25 -26 -27 28 -29 -30 -31 -32 33 -34 -35 36 37 -38 39 40 41 -42
v 43 -44 -45 46 47 48 -49 -50 51 -52 53 54 55 -56 -57 -58 -59 60 0
c Answer: 1427
v 1 -2 -3 -4 5 6 7 -8 -9 -10 11 -12 -13 -14 15 16 -17 18 -19 -20 -21 22 23
v 24 -25 -26 -27 28 -29 -30 -31 -32 33 -34 -35 36 37 -38 39 40 41 -42 43
v -44 45 46 47 48 -49 -50 51 -52 -53 54 55 -56 -57 -58 -59 60 0
c Answer: 1428
v -1 -2 3 -4 -5 -6 7 -8 9 -10 -11 -12 13 14 15 16 -17 18 -19 -20 -21 22 23
v 24 -25 -26 -27 28 -29 -30 -31 -32 33 -34 -35 36 37 -38 39 40 41 -42 43
v -44 -45 46 47 48 -49 -50 51 -52 53 54 55 -56 -57 -58 -59 60 0
c Answer: 1429
v 1 -2 -3 -4 5 6 7 -8 -9 -10 11 -12 -13 -14 15 -16 -17 18 -19 -20 -21 22
v 23 24 -25 -26 -27 28 -29 -30 -31 -32 33 -34 -35 36 37 -38 39 40 41 -42
v 43 -44 45 46 47 48 -49 -50 51 52 -53 54 55 -56 -57 -58 -59 60 0
c Answer: 1430
v 1 -2 -3 -4 5 6 7 -8 -9 -10 11 -12 -13 -14 15 16 -17 18 -19 -20 -21 22 23
v 24 -25 -26 -27 28 -29 -30 -31 -32 33 -34 -35 36 37 -38 39 40 41 -42 43
v -44 45 46 47 48 -49 -50 51 52 -53 54 55 -56 -57 -58 -59 60 0
c Answer: 1431
v -1 -2 3 -4 -5 -6 7 -8 9 -10 -11 -12 13 14 15 -16 -17 18 -19 -20 -21 22
v 23 24 -25 -26 -27 28 -29 -30 -31 -32 33 -34 -35 36 37 -38 39 40 41 -42
v 43 -44 -45 46 47 48 -49 -50 51 52 53 54 55 -56 -57 -58 -59 60 0
c Answer: 1432
v -1 -2 3 -4 -5 -6 7 -8 9 -10 -11 -12 13 14 15 16 -17 18 -19 -20 -21 22 23
v 24 -25 -26 -27 28 -29 -30 -31 -32 33 -34 -35 36 37 -38 39 40 41 -42 43
v -44 -45 46 47 48 -49 -50 51 52 53 54 55 -56 -57 -58 -59 60 0
c Answer: 1433
v 1 -2 -3 -4 5 6 7 -8 -9 -10 11 -12 -13 -14 15 -16 -17 18 -19 -20 -21 22
v 23 24 -25 -26 -27 28 -29 -30 -31 -32 33 -34 -35 36 37 -38 39 40 41 -42
v 43 44 45 46 47 48 -49 -50 51 -52 -53 54 55 -56 -57 -58 -59 60 0
c Answer: 1434
v -1 -2 3 -4 -5 -6 7 -8 9 -10 -11 -12 13 14 15 -16 -17 18 -19 -20 -21 22
v 23 24 -25 -26 -27 28 -29 -30 -31 -32 33 -34 -35 36 37 -38 39 40 41 -42
v 43 44 -45 46 47 48 -49 -50 51 -52 53 54 55 -56 -57 -58 -59 60 0
c Answer: 1435
v 1 -2 -3 -4 5 6 7 -8 -9 -10 11 -12 -13 -14 15 -16 -17 18 -19 -20 -21 22
v 23 24 -25 -26 -27 28 -29 -30 -31 -32 33 -34 -35 36 37 -38 39 40 41 -42
v 43 44 45 46 47 48 -49 -50 51 52 -53 54 55 -56 -57 -58 -59 60 0
c Answer: 1436
v -1 -2 3 -4 -5 -6 7 -8 9 -10 -11 -12 13 14 15 -16 -17 18 -19 -20 -21 22
v 23 24 -25 -26 -27 28 -29 -30 -31 -32 33 -34 -35 36 37 -38 39 40 41 -42
v 43 44 -45 46 47 48 -49 -50 51 52 53 54 55 -56 -57 -58 -59 60 0
c Answer: 1437
v 1 -2 -3 -4 5 6 7 -8 -9 -10 11 -12 -13 -14 15 16 -17 18 -19 -20 -21 22 23
v 24 -25 -26 -27 28 -29 -30 -31 -32 33 -34 -35 36 37 -38 39 40 41 -42 43
v 44 45 46 47 48 -49 -50 51 -52 -53 54 55 -56 -57 -58 -59 60 0
c Answer: 1438
v 1 -2 -3 -4 5 6 7 -8 -9 -10 11 -12 -13 -14 15 16 -17 18 -19 -20 -21 22 23
v 24 -25 -26 -27 28 -29 -30 -31 -32 33 -34 -35 36 37 -38 39 40 41 -42 43
v 44 45 46 47 48 -49 -50 51 52 -53 54 55 -56 -57 -58 -59 60 0
c Answer: 1439
v -1 -2 3 -4 -5 -6 7 -8 9 -10 -11 -12 13 14 15 16 -17 18 -19 -20 -21 22 23
v 24 -25 -26 -27 28 -29 -30 -31 -32 33 -34 -35 36 37 -38 39 40 41 -42 43
v 44 -45 46 47 48 -49 -50 51 -52 53 54 55 -56 -57 -58 -59 60 0
c Answer: 1440
v -1 -2 3 -4 -5 -6 7 -8 9 -10 -11 -12 13 14 15 16 -17 18 -19 -20 -21 22 23
v 24 -25 -26 -27 28 -29 -30 -31 -32 33 -34 -35 36 37 -38 39 40 41 -42 43
v 44 -45 46 47 48 -49 -50 51 52 53 54 55 -56 -57 -58 -59 60 0
c Answer: 1441
v 1 -2 -3 -4 5 6 7 -8 -9 -10 11 -12 -13 -14 15 -16 -17 18 -19 -20 -21 22
v 23 24 -25 -26 -27 28 -29 -30 -31 32 33 -34 -35 36 37 -38 39 40 41 -42 43
v -44 45 46 47 -48 -49 -50 51 -52 -53 54 55 -56 -57 -58 -59 60 0
c Answer: 1442
v -1 -2 3 -4 -5 -6 7 -8 9 -10 -11 -12 13 14 15 -16 -17 18 -19 -20 -21 22
v 23 24 -25 -26 -27 28 -29 -30 -31 32 33 -34 -35 36 37 -38 39 40 41 -42 43
v -44 -45 46 47 -48 -49 -50 51 -52 53 54 55 -56 -57 -58 -59 60 0
c Answer: 1443
v 1 -2 -3 -4 5 6 7 -8 -9 -10 11 -12 -13 -14 15 -16 -17 18 -19 -20 -21 22
v 23 24 -25 -26 -27 28 -29 -30 -31 32 33 -34 -35 36 37 -38 39 40 41 -42 43
v -44 45 46 47 48 -49 -50 51 -52 -53 54 55 -56 -57 -58 -59 60 0
c Answer: 1444
v -1 -2 3 -4 -5 -6 7 -8 9 -10 -11 -12 13 14 15 -16 -17 18 -19 -20 -21 22
v 23 24 -25 -26 -27 28 -29 -30 -31 32 33 -34 -35 36 37 -38 39 40 41 -42 43
v -44 -45 46 47 48 -49 -50 51 -52 53 54 55 -56 -57 -58 -59 60 0
c Answer: 1445
v 1 -2 -3 -4 5 6 7 -8 -9 -10 11 -12 -13 -14 15 -16 -17 18 -19 -20 -21 22
v 23 24 -25 -26 -27 28 -29 -30 -31 32 33 -34 -35 36 37 -38 39 40 41 -42 43
v 44 45 46 47 -48 -49 -50 51 -52 -53 54 55 -56 -57 -58 -59 60 0
c Answer: 1446
v 1 -2 -3 -4 5 6 7 -8 -9 -10 11 -12 -13 -14 15 -16 -17 18 -19 -20 -21 22
v 23 24 -25 -26 -27 28 -29 -30 -31 32 33 -34 -35 36 37 -38 39 40 41 -42 43
v 44 45 46 47 48 -49 -50 51 -52 -53 54 55 -56 -57 -58 -59 60 0
c Answer: 1447
v -1 -2 3 -4 -5 -6 7 -8 9 -10 -11 -12 13 14 15 -16 -17 18 -19 -20 -21 22
v 23 24 -25 -26 -27 28 -29 -30 -31 32 33 -34 -35 36 37 -38 39 40 41 -42 43
v 44 -45 46 47 -48 -49 -50 51 -52 53 54 55 -56 -57 -58 -59 60 0
c Answer: 1448
v -1 -2 3 -4 -5 -6 7 -8 9 -10 -11 -12 13 14 15 -16 -17 18 -19 -20 -21 22
v 23 24 -25 -26 -27 28 -29 -30 -31 32 33 -34 -35 36 37 -38 39 40 41 -42 43
v 44 -45 46 47 48 -49 -50 51 -52 53 54 55 -56 -57 -58 -59 60 0
c Answer: 1449
v 1 -2 -3 -4 5 6 7 -8 -9 -10 11 -12 -13 -14 15 16 -17 18 -19 -20 -21 22 23
v 24 -25 -26 -27 28 -29 -30 -31 32 33 -34 -35 36 37 -38 39 40 41 -42 43 -44
v 45 46 47 -48 -49 -50 51 -52 -53 54 55 -56 -57 -58 -59 60 0
c Answer: 1450
v -1 -2 3 -4 -5 -6 7 -8 9 -10 -11 -12 13 14 15 16 -17 18 -19 -20 -21 22 23
v 24 -25 -26 -27 28 -29 -30 -31 32 33 -34 -35 36 37 -38 39 40 41 -42 43 -44
v -45 46 47 -48 -49 -50 51 -52 53 54 55 -56 -57 -58 -59 60 0
c Answer: 1451
v 1 -2 -3 -4 5 6 7 -8 -9 -10 11 -12 -13 -14 15 16 -17 18 -19 -20 -21 22 23
v 24 -25 -26 -27 28 -29 -30 -31 32 33 -34 -35 36 37 -38 39 40 41 -42 43 44
v 45 46 47 -48 -49 -50 51 -52 -53 54 55 -56 -57 -58 -59 60 0
c Answer: 1452
v -1 -2 3 -4 -5 -6 7 -8 9 -10 -11 -12 13 14 15 16 -17 18 -19 -20 -21 22 23
v 24 -25 -26 -27 28 -29 -30 -31 32 33 -34 -35 36 37 -38 39 40 41 -42 43 44
v -45 46 47 -48 -49 -50 51 -52 53 54 55 -56 -57 -58 -59 60 0
c Answer: 1453
v 1 -2 -3 -4 5 6 7 -8 -9 -10 11 -12 -13 -14 15 16 -17 18 -19 -20 -21 22 23
v 24 -25 -26 -27 28 -29 -30 -31 32 33 -34 -35 36 37 -38 39 40 41 -42 43 -44
v 45 46 47 48 -49 -50 51 -52 -53 54 55 -56 -57 -58 -59 60 0
c Answer: 1454
v 1 -2 -3 -4 5 6 7 -8 -9 -10 11 -12 -13 -14 15 16 -17 18 -19 -20 -21 22 23
v 24 -25 -26 -27 28 -29 -30 -31 32 33 -34 -35 36 37 -38 39 40 41 -42 43 44
v 45 46 47 48 -49 -50 51 -52 -53 54 55 -56 -57 -58 -59 60 0
c Answer: 1455
v -1 -2 3 -4 -5 -6 7 -8 9 -10 -11 -12 13 14 15 16 -17 18 -19 -20 -21 22 23
v 24 -25 -26 -27 28 -29 -30 -31 32 33 -34 -35 36 37 -38 39 40 41 -42 43 -44
v -45 46 47 48 -49 -50 51 -52 53 54 55 -56 -57 -58 -59 60 0
c Answer: 1456
v -1 -2 3 -4 -5 -6 7 -8 9 -10 -11 -12 13 14 15 16 -17 18 -19 -20 -21 22 23
v 24 -25 -26 -27 28 -29 -30 -31 32 33 -34 -35 36 37 -38 39 40 41 -42 43 44
v -45 46 47 48 -49 -50 51 -52 53 54 55 -56 -57 -58 -59 60 0
c Answer: 1457
v 1 -2 -3 -4 5 6 7 -8 -9 -10 11 -12 -13 -14 15 -16 -17 18 -19 -20 -21 22
v 23 24 -25 -26 -27 28 -29 -30 -31 32 33 -34 -35 36 37 -38 39 40 41 -42 43
v -44 45 46 47 -48 -49 -50 51 52 -53 54 55 -56 -57 -58 -59 60 0
c Answer: 1458
v -1 -2 3 -4 -5 -6 7 -8 9 -10 -11 -12 13 14 15 -16 -17 18 -19 -20 -21 22
v 23 24 -25 -26 -27 28 -29 -30 -31 32 33 -34 -35 36 37 -38 39 40 41 -42 43
v -44 -45 46 47 -48 -49 -50 51 52 53 54 55 -56 -57 -58 -59 60 0
c Answer: 1459
v 1 -2 -3 -4 5 6 7 -8 -9 -10 11 -12 -13 -14 15 16 -17 18 -19 -20 -21 22 23
v 24 -25 -26 -27 28 -29 -30 -31 32 33 -34 -35 36 37 -38 39 40 41 -42 43 -44
v 45 46 47 -48 -49 -50 51 52 -53 54 55 -56 -57 -58 -59 60 0
c Answer: 1460
v -1 -2 3 -4 -5 -6 7 -8 9 -10 -11 -12 13 14 15 16 -17 18 -19 -20 -21 22 23
v 24 -25 -26 -27 28 -29 -30 -31 32 33 -34 -35 36 37 -38 39 40 41 -42 43 -44
v -45 46 47 -48 -49 -50 51 52 53 54 55 -56 -57 -58 -59 60 0
c Answer: 1461
v 1 -2 -3 -4 5 6 7 -8 -9 -10 11 -12 -13 -14 15 -16 -17 18 -19 -20 -21 22
v 23 24 -25 -26 -27 28 -29 -30 -31 32 33 -34 -35 36 37 -38 39 40 41 -42 43
v -44 45 46 47 48 -49 -50 51 52 -53 54 55 -56 -57 -58 -59 60 0
c Answer: 1462
v 1 -2 -3 -4 5 6 7 -8 -9 -10 11 -12 -13 -14 15 16 -17 18 -19 -20 -21 22 23
v 24 -25 -26 -27 28 -29 -30 -31 32 33 -34 -35 36 37 -38 39 40 41 -42 43 -44
v 45 46 47 48 -49 -50 51 52 -53 54 55 -56 -57 -58 -59 60 0
c Answer: 1463
v -1 -2 3 -4 -5 -6 7 -8 9 -10 -11 -12 13 14 15 -16 -17 18 -19 -20 -21 22
v 23 24 -25 -26 -27 28 -29 -30 -31 32 33 -34 -35 36 37 -38 39 40 41 -42 43
v -44 -45 46 47 48 -49 -50 51 52 53 54 55 -56 -57 -58 -59 60 0
c Answer: 1464
v -1 -2 3 -4 -5 -6 7 -8 9 -10 -11 -12 13 14 15 16 -17 18 -19 -20 -21 22 23
v 24 -25 -26 -27 28 -29 -30 -31 32 33 -34 -35 36 37 -38 39 40 41 -42 43 -44
v -45 46 47 48 -49 -50 51 52 53 54 55 -56 -57 -58 -59 60 0
c Answer: 1465
v 1 -2 -3 -4 5 6 7 -8 -9 -10 11 -12 -13 -14 15 -16 -17 18 -19 -20 -21 22
v 23 24 -25 -26 -27 28 -29 -30 -31 32 33 -34 -35 36 37 -38 39 40 41 -42 43
v 44 45 46 47 -48 -49 -50 51 52 -53 54 55 -56 -57 -58 -59 60 0
c Answer: 1466
v -1 -2 3 -4 -5 -6 7 -8 9 -10 -11 -12 13 14 15 -16 -17 18 -19 -20 -21 22
v 23 24 -25 -26 -27 28 -29 -30 -31 32 33 -34 -35 36 37 -38 39 40 41 -42 43
v 44 -45 46 47 -48 -49 -50 51 52 53 54 55 -56 -57 -58 -59 60 0
c Answer: 1467
v 1 -2 -3 -4 5 6 7 -8 -9 -10 11 -12 -13 -14 15 -16 -17 18 -19 -20 -21 22
v 23 24 -25 -26 -27 28 -29 -30 -31 32 33 -34 -35 36 37 -38 39 40 41 -42 43
v 44 45 46 47 48 -49 -50 51 52 -53 54 55 -56 -57 -58 -59 60 0
c Answer: 1468
v -1 -2 3 -4 -5 -6 7 -8 9 -10 -11 -12 13 14 15 -16 -17 18 -19 -20 -21 22
v 23 24 -25 -26 -27 28 -29 -30 -31 32 33 -34 -35 36 37 -38 39 40 41 -42 43
v 44 -45 46 47 48 -49 -50 51 52 53 54 55 -56 -57 -58 -59 60 0
c Answer: 1469
v 1 -2 -3 -4 5 6 7 -8 -9 -10 11 -12 -13 -14 15 16 -17 18 -19 -20 -21 22 23
v 24 -25 -26 -27 28 -29 -30 -31 32 33 -34 -35 36 37 -38 39 40 41 -42 43 44
v 45 46 47 -48 -49 -50 51 52 -53 54 55 -56 -57 -58 -59 60 0
c Answer: 1470
v 1 -2 -3 -4 5 6 7 -8 -9 -10 11 -12 -13 -14 15 16 -17 18 -19 -20 -21 22 23
v 24 -25 -26 -27 28 -29 -30 -31 32 33 -34 -35 36 37 -38 39 40 41 -42 43 44
v 45 46 47 48 -49 -50 51 52 -53 54 55 -56 -57 -58 -59 60 0
c Answer: 1471
v -1 -2 3 -4 -5 -6 7 -8 9 -10 -11 -12 13 14 15 16 -17 18 -19 -20 -21 22 23
v 24 -25 -26 -27 28 -29 -30 -31 32 33 -34 -35 36 37 -38 39 40 41 -42 43 44
v -45 46 47 -48 -49 -50 51 52 53 54 55 -56 -57 -58 -59 60 0
c Answer: 1472
v -1 -2 3 -4 -5 -6 7 -8 9 -10 -11 -12 13 14 15 16 -17 18 -19 -20 -21 22 23
v 24 -25 -26 -27 28 -29 -30 -31 32 33 -34 -35 36 37 -38 39 40 41 -42 43 44
v -45 46 47 48 -49 -50 51 52 53 54 55 -56 -57 -58 -59 60 0
c Answer: 1473
v 1 -2 -3 -4 5 6 7 -8 -9 -10 11 -12 -13 -14 15 -16 -17 18 -19 -20 -21 22
v 23 24 -25 -26 -27 28 -29 -30 -31 -32 33 -34 -35 36 37 -38 39 40 41 -42
v 43 -44 45 46 47 -48 -49 -50 51 -52 -53 54 55 56 -57 -58 -59 60 0
c Answer: 1474
v -1 -2 3 -4 -5 -6 7 -8 9 -10 -11 -12 13 14 15 -16 -17 18 -19 -20 -21 22
v 23 24 -25 -26 -27 28 -29 -30 -31 -32 33 -34 -35 36 37 -38 39 40 41 -42
v 43 -44 -45 46 47 -48 -49 -50 51 -52 53 54 55 56 -57 -58 -59 60 0
c Answer: 1475
v 1 -2 -3 -4 5 6 7 -8 -9 -10 11 -12 -13 -14 15 -16 -17 18 -19 -20 -21 22
v 23 24 -25 -26 -27 28 -29 -30 -31 32 33 -34 -35 36 37 -38 39 40 41 -42 43
v -44 45 46 47 -48 -49 -50 51 -52 -53 54 55 56 -57 -58 -59 60 0
c Answer: 1476
v -1 -2 3 -4 -5 -6 7 -8 9 -10 -11 -12 13 14 15 -16 -17 18 -19 -20 -21 22
v 23 24 -25 -26 -27 28 -29 -30 -31 32 33 -34 -35 36 37 -38 39 40 41 -42 43
v -44 -45 46 47 -48 -49 -50 51 -52 53 54 55 56 -57 -58 -59 60 0
c Answer: 1477
v 1 -2 -3 -4 5 6 7 -8 -9 -10 11 -12 -13 -14 15 -16 -17 18 -19 -20 -21 22
v 23 24 -25 -26 -27 28 -29 -30 -31 -32 33 -34 -35 36 37 -38 39 40 41 -42
v 43 -44 45 46 47 -48 -49 -50 51 52 -53 54 55 56 -57 -58 -59 60 0
c Answer: 1478
v 1 -2 -3 -4 5 6 7 -8 -9 -10 11 -12 -13 -14 15 -16 -17 18 -19 -20 -21 22
v 23 24 -25 -26 -27 28 -29 -30 -31 32 33 -34 -35 36 37 -38 39 40 41 -42 43
v -44 45 46 47 -48 -49 -50 51 52 -53 54 55 56 -57 -58 -59 60 0
c Answer: 1479
v -1 -2 3 -4 -5 -6 7 -8 9 -10 -11 -12 13 14 15 -16 -17 18 -19 -20 -21 22
v 23 24 -25 -26 -27 28 -29 -30 -31 -32 33 -34 -35 36 37 -38 39 40 41 -42
v 43 -44 -45 46 47 -48 -49 -50 51 52 53 54 55 56 -57 -58 -59 60 0
c Answer: 1480
v -1 -2 3 -4 -5 -6 7 -8 9 -10 -11 -12 13 14 15 -16 -17 18 -19 -20 -21 22
v 23 24 -25 -26 -27 28 -29 -30 -31 32 33 -34 -35 36 37 -38 39 40 41 -42 43
v -44 -45 46 47 -48 -49 -50 51 52 53 54 55 56 -57 -58 -59 60 0
c Answer: 1481
v 1 -2 -3 -4 5 6 7 -8 -9 -10 11 -12 -13 -14 15 -16 -17 18 -19 -20 -21 22
v 23 24 -25 -26 -27 28 -29 -30 -31 -32 33 -34 -35 36 37 -38 39 40 41 -42
v 43 44 45 46 47 -48 -49 -50 51 -52 -53 54 55 56 -57 -58 -59 60 0
c Answer: 1482
v -1 -2 3 -4 -5 -6 7 -8 9 -10 -11 -12 13 14 15 -16 -17 18 -19 -20 -21 22
v 23 24 -25 -26 -27 28 -29 -30 -31 -32 33 -34 -35 36 37 -38 39 40 41 -42
v 43 44 -45 46 47 -48 -49 -50 51 -52 53 54 55 56 -57 -58 -59 60 0
c Answer: 1483
v 1 -2 -3 -4 5 6 7 -8 -9 -10 11 -12 -13 -14 15 -16 -17 18 -19 -20 -21 22
v 23 24 -25 -26 -27 28 -29 -30 -31 -32 33 -34 -35 36 37 -38 39 40 41 -42
v 43 44 45 46 47 -48 -49 -50 51 52 -53 54 55 56 -57 -58 -59 60 0
c Answer: 1484
v -1 -2 3 -4 -5 -6 7 -8 9 -10 -11 -12 13 14 15 -16 -17 18 -19 -20 -21 22
v 23 24 -25 -26 -27 28 -29 -30 -31 -32 33 -34 -35 36 37 -38 39 40 41 -42
v 43 44 -45 46 47 -48 -49 -50 51 52 53 54 55 56 -57 -58 -59 60 0
c Answer: 1485
v 1 -2 -3 -4 5 6 7 -8 -9 -10 11 -12 -13 -14 15 -16 -17 18 -19 -20 -21 22
v 23 24 -25 -26 -27 28 -29 -30 -31 32 33 -34 -35 36 37 -38 39 40 41 -42 43
v 44 45 46 47 -48 -49 -50 51 -52 -53 54 55 56 -57 -58 -59 60 0
c Answer: 1486
v 1 -2 -3 -4 5 6 7 -8 -9 -10 11 -12 -13 -14 15 -16 -17 18 -19 -20 -21 22
v 23 24 -25 -26 -27 28 -29 -30 -31 32 33 -34 -35 36 37 -38 39 40 41 -42 43
v 44 45 46 47 -48 -49 -50 51 52 -53 54 55 56 -57 -58 -59 60 0
c Answer: 1487
v -1 -2 3 -4 -5 -6 7 -8 9 -10 -11 -12 13 14 15 -16 -17 18 -19 -20 -21 22
v 23 24 -25 -26 -27 28 -29 -30 -31 32 33 -34 -35 36 37 -38 39 40 41 -42 43
v 44 -45 46 47 -48 -49 -50 51 -52 53 54 55 56 -57 -58 -59 60 0
c Answer: 1488
v -1 -2 3 -4 -5 -6 7 -8 9 -10 -11 -12 13 14 15 -16 -17 18 -19 -20 -21 22
v 23 24 -25 -26 -27 28 -29 -30 -31 32 33 -34 -35 36 37 -38 39 40 41 -42 43
v 44 -45 46 47 -48 -49 -50 51 52 53 54 55 56 -57 -58 -59 60 0
c Answer: 1489
v 1 -2 -3 -4 5 6 7 -8 -9 -10 11 -12 -13 -14 15 16 -17 18 -19 -20 -21 22 23
v 24 -25 -26 -27 28 -29 -30 -31 -32 33 -34 -35 36 37 -38 39 40 41 -42 43
v -44 45 46 47 -48 -49 -50 51 -52 -53 54 55 56 -57 -58 -59 60 0
c Answer: 1490
v -1 -2 3 -4 -5 -6 7 -8 9 -10 -11 -12 13 14 15 16 -17 18 -19 -20 -21 22 23
v 24 -25 -26 -27 28 -29 -30 -31 -32 33 -34 -35 36 37 -38 39 40 41 -42 43
v -44 -45 46 47 -48 -49 -50 51 -52 53 54 55 56 -57 -58 -59 60 0
c Answer: 1491
v 1 -2 -3 -4 5 6 7 -8 -9 -10 11 -12 -13 -14 15 16 -17 18 -19 -20 -21 22 23
v 24 -25 -26 -27 28 -29 -30 -31 -32 33 -34 -35 36 37 -38 39 40 41 -42 43
v 44 45 46 47 -48 -49 -50 51 -52 -53 54 55 56 -57 -58 -59 60 0
c Answer: 1492
v -1 -2 3 -4 -5 -6 7 -8 9 -10 -11 -12 13 14 15 16 -17 18 -19 -20 -21 22 23
v 24 -25 -26 -27 28 -29 -30 -31 -32 33 -34 -35 36 37 -38 39 40 41 -42 43
v 44 -45 46 47 -48 -49 -50 51 -52 53 54 55 56 -57 -58 -59 60 0
c Answer: 1493
v 1 -2 -3 -4 5 6 7 -8 -9 -10 11 -12 -13 -14 15 16 -17 18 -19 -20 -21 22 23
v 24 -25 -26 -27 28 -29 -30 -31 32 33 -34 -35 36 37 -38 39 40 41 -42 43 -44
v 45 46 47 -48 -49 -50 51 -52 -53 54 55 56 -57 -58 -59 60 0
c Answer: 1494
v 1 -2 -3 -4 5 6 7 -8 -9 -10 11 -12 -13 -14 15 16 -17 18 -19 -20 -21 22 23
v 24 -25 -26 -27 28 -29 -30 -31 32 33 -34 -35 36 37 -38 39 40 41 -42 43 44
v 45 46 47 -48 -49 -50 51 -52 -53 54 55 56 -57 -58 -59 60 0
c Answer: 1495
v -1 -2 3 -4 -5 -6 7 -8 9 -10 -11 -12 13 14 15 16 -17 18 -19 -20 -21 22 23
v 24 -25 -26 -27 28 -29 -30 -31 32 33 -34 -35 36 37 -38 39 40 41 -42 43 -44
v -45 46 47 -48 -49 -50 51 -52 53 54 55 56 -57 -58 -59 60 0
c Answer: 1496
v -1 -2 3 -4 -5 -6 7 -8 9 -10 -11 -12 13 14 15 16 -17 18 -19 -20 -21 22 23
v 24 -25 -26 -27 28 -29 -30 -31 32 33 -34 -35 36 37 -38 39 40 41 -42 43 44
v -45 46 47 -48 -49 -50 51 -52 53 54 55 56 -57 -58 -59 60 0
c Answer: 1497
v 1 -2 -3 -4 5 6 7 -8 -9 -10 11 -12 -13 -14 15 16 -17 18 -19 -20 -21 22 23
v 24 -25 -26 -27 28 -29 -30 -31 -32 33 -34 -35 36 37 -38 39 40 41 -42 43
v -44 45 46 47 -48 -49 -50 51 52 -53 54 55 56 -57 -58 -59 60 0
c Answer: 1498
v -1 -2 3 -4 -5 -6 7 -8 9 -10 -11 -12 13 14 15 16 -17 18 -19 -20 -21 22 23
v 24 -25 -26 -27 28 -29 -30 -31 -32 33 -34 -35 36 37 -38 39 40 41 -42 43
v -44 -45 46 47 -48 -49 -50 51 52 53 54 55 56 -57 -58 -59 60 0
c Answer: 1499
v 1 -2 -3 -4 5 6 7 -8 -9 -10 11 -12 -13 -14 15 16 -17 18 -19 -20 -21 22 23
v 24 -25 -26 -27 28 -29 -30 -31 32 33 -34 -35 36 37 -38 39 40 41 -42 43 -44
v 45 46 47 -48 -49 -50 51 52 -53 54 55 56 -57 -58 -59 60 0
c Answer: 1500
v -1 -2 3 -4 -5 -6 7 -8 9 -10 -11 -12 13 14 15 16 -17 18 -19 -20 -21 22 23
v 24 -25 -26 -27 28 -29 -30 -31 32 33 -34 -35 36 37 -38 39 40 41 -42 43 -44
v -45 46 47 -48 -49 -50 51 52 53 54 55 56 -57 -58 -59 60 0
c Answer: 1501
v 1 -2 -3 -4 5 6 7 -8 -9 -10 11 -12 -13 -14 15 16 -17 18 -19 -20 -21 22 23
v 24 -25 -26 -27 28 -29 -30 -31 -32 33 -34 -35 36 37 -38 39 40 41 -42 43
v 44 45 46 47 -48 -49 -50 51 52 -53 54 55 56 -57 -58 -59 60 0
c Answer: 1502
v 1 -2 -3 -4 5 6 7 -8 -9 -10 11 -12 -13 -14 15 16 -17 18 -19 -20 -21 22 23
v 24 -25 -26 -27 28 -29 -30 -31 32 33 -34 -35 36 37 -38 39 40 41 -42 43 44
v 45 46 47 -48 -49 -50 51 52 -53 54 55 56 -57 -58 -59 60 0
c Answer: 1503
v -1 -2 3 -4 -5 -6 7 -8 9 -10 -11 -12 13 14 15 16 -17 18 -19 -20 -21 22 23
v 24 -25 -26 -27 28 -29 -30 -31 -32 33 -34 -35 36 37 -38 39 40 41 -42 43
v 44 -45 46 47 -48 -49 -50 51 52 53 54 55 56 -57 -58 -59 60 0
c Answer: 1504
v -1 -2 3 -4 -5 -6 7 -8 9 -10 -11 -12 13 14 15 16 -17 18 -19 -20 -21 22 23
v 24 -25 -26 -27 28 -29 -30 -31 32 33 -34 -35 36 37 -38 39 40 41 -42 43 44
v -45 46 47 -48 -49 -50 51 52 53 54 55 56 -57 -58 -59 60 0
c Answer: 1505
v 1 -2 -3 -4 5 6 7 -8 -9 -10 11 -12 -13 -14 15 -16 -17 18 -19 -20 -21 22
v 23 24 -25 -26 -27 28 -29 -30 -31 -32 33 -34 -35 36 37 -38 39 40 41 -42
v 43 -44 45 46 47 48 -49 -50 51 -52 -53 54 55 56 -57 -58 -59 60 0
c Answer: 1506
v -1 -2 3 -4 -5 -6 7 -8 9 -10 -11 -12 13 14 15 -16 -17 18 -19 -20 -21 22
v 23 24 -25 -26 -27 28 -29 -30 -31 -32 33 -34 -35 36 37 -38 39 40 41 -42
v 43 -44 -45 46 47 48 -49 -50 51 -52 53 54 55 56 -57 -58 -59 60 0
c Answer: 1507
v 1 -2 -3 -4 5 6 7 -8 -9 -10 11 -12 -13 -14 15 16 -17 18 -19 -20 -21 22 23
v 24 -25 -26 -27 28 -29 -30 -31 -32 33 -34 -35 36 37 -38 39 40 41 -42 43
v -44 45 46 47 48 -49 -50 51 -52 -53 54 55 56 -57 -58 -59 60 0
c Answer: 1508
v -1 -2 3 -4 -5 -6 7 -8 9 -10 -11 -12 13 14 15 16 -17 18 -19 -20 -21 22 23
v 24 -25 -26 -27 28 -29 -30 -31 -32 33 -34 -35 36 37 -38 39 40 41 -42 43
v -44 -45 46 47 48 -49 -50 51 -52 53 54 55 56 -57 -58 -59 60 0
c Answer: 1509
v 1 -2 -3 -4 5 6 7 -8 -9 -10 11 -12 -13 -14 15 -16 -17 18 -19 -20 -21 22
v 23 24 -25 -26 -27 28 -29 -30 -31 -32 33 -34 -35 36 37 -38 39 40 41 -42
v 43 -44 45 46 47 48 -49 -50 51 52 -53 54 55 56 -57 -58 -59 60 0
c Answer: 1510
v 1 -2 -3 -4 5 6 7 -8 -9 -10 11 -12 -13 -14 15 16 -17 18 -19 -20 -21 22 23
v 24 -25 -26 -27 28 -29 -30 -31 -32 33 -34 -35 36 37 -38 39 40 41 -42 43
v -44 45 46 47 48 -49 -50 51 52 -53 54 55 56 -57 -58 -59 60 0
c Answer: 1511
v -1 -2 3 -4 -5 -6 7 -8 9 -10 -11 -12 13 14 15 -16 -17 18 -19 -20 -21 22
v 23 24 -25 -26 -27 28 -29 -30 -31 -32 33 -34 -35 36 37 -38 39 40 41 -42
v 43 -44 -45 46 47 48 -49 -50 51 52 53 54 55 56 -57 -58 -59 60 0
c Answer: 1512
v -1 -2 3 -4 -5 -6 7 -8 9 -10 -11 -12 13 14 15 16 -17 18 -19 -20 -21 22 23
v 24 -25 -26 -27 28 -29 -30 -31 -32 33 -34 -35 36 37 -38 39 40 41 -42 43
v -44 -45 46 47 48 -49 -50 51 52 53 54 55 56 -57 -58 -59 60 0
c Answer: 1513
v 1 -2 -3 -4 5 6 7 -8 -9 -10 11 -12 -13 -14 15 -16 -17 18 -19 -20 -21 22
v 23 24 -25 -26 -27 28 -29 -30 -31 -32 33 -34 -35 36 37 -38 39 40 41 -42
v 43 44 45 46 47 48 -49 -50 51 -52 -53 54 55 56 -57 -58 -59 60 0
c Answer: 1514
v -1 -2 3 -4 -5 -6 7 -8 9 -10 -11 -12 13 14 15 -16 -17 18 -19 -20 -21 22
v 23 24 -25 -26 -27 28 -29 -30 -31 -32 33 -34 -35 36 37 -38 39 40 41 -42
v 43 44 -45 46 47 48 -49 -50 51 -52 53 54 55 56 -57 -58 -59 60 0
c Answer: 1515
v 1 -2 -3 -4 5 6 7 -8 -9 -10 11 -12 -13 -14 15 -16 -17 18 -19 -20 -21 22
v 23 24 -25 -26 -27 28 -29 -30 -31 -32 33 -34 -35 36 37 -38 39 40 41 -42
v 43 44 45 46 47 48 -49 -50 51 52 -53 54 55 56 -57 -58 -59 60 0
c Answer: 1516
v -1 -2 3 -4 -5 -6 7 -8 9 -10 -11 -12 13 14 15 -16 -17 18 -19 -20 -21 22
v 23 24 -25 -26 -27 28 -29 -30 -31 -32 33 -34 -35 36 37 -38 39 40 41 -42
v 43 44 -45 46 47 48 -49 -50 51 52 53 54 55 56 -57 -58 -59 60 0
c Answer: 1517
v 1 -2 -3 -4 5 6 7 -8 -9 -10 11 -12 -13 -14 15 16 -17 18 -19 -20 -21 22 23
v 24 -25 -26 -27 28 -29 -30 -31 -32 33 -34 -35 36 37 -38 39 40 41 -42 43
v 44 45 46 47 48 -49 -50 51 -52 -53 54 55 56 -57 -58 -59 60 0
c Answer: 1518
v 1 -2 -3 -4 5 6 7 -8 -9 -10 11 -12 -13 -14 15 16 -17 18 -19 -20 -21 22 23
v 24 -25 -26 -27 28 -29 -30 -31 -32 33 -34 -35 36 37 -38 39 40 41 -42 43
v 44 45 46 47 48 -49 -50 51 52 -53 54 55 56 -57 -58 -59 60 0
c Answer: 1519
v -1 -2 3 -4 -5 -6 7 -8 9 -10 -11 -12 13 14 15 16 -17 18 -19 -20 -21 22 23
v 24 -25 -26 -27 28 -29 -30 -31 -32 33 -34 -35 36 37 -38 39 40 41 -42 43
v 44 -45 46 47 48 -49 -50 51 -52 53 54 55 56 -57 -58 -59 60 0
c Answer: 1520
v -1 -2 3 -4 -5 -6 7 -8 9 -10 -11 -12 13 14 15 16 -17 18 -19 -20 -21 22 23
v 24 -25 -26 -27 28 -29 -30 -31 -32 33 -34 -35 36 37 -38 39 40 41 -42 43
v 44 -45 46 47 48 -49 -50 51 52 53 54 55 56 -57 -58 -59 60 0
c Answer: 1521
v 1 -2 -3 -4 5 6 7 -8 -9 -10 11 -12 -13 -14 15 -16 -17 18 -19 -20 -21 22
v 23 24 -25 -26 -27 28 -29 -30 -31 32 33 -34 -35 36 37 -38 39 40 41 -42 43
v -44 45 46 47 48 -49 -50 51 -52 -53 54 55 56 -57 -58 -59 60 0
c Answer: 1522
v -1 -2 3 -4 -5 -6 7 -8 9 -10 -11 -12 13 14 15 -16 -17 18 -19 -20 -21 22
v 23 24 -25 -26 -27 28 -29 -30 -31 32 33 -34 -35 36 37 -38 39 40 41 -42 43
v -44 -45 46 47 48 -49 -50 51 -52 53 54 55 56 -57 -58 -59 60 0
c Answer: 1523
v 1 -2 -3 -4 5 6 7 -8 -9 -10 11 -12 -13 -14 15 -16 -17 18 -19 -20 -21 22
v 23 24 -25 -26 -27 28 -29 -30 -31 32 33 -34 -35 36 37 -38 39 40 41 -42 43
v 44 45 46 47 48 -49 -50 51 -52 -53 54 55 56 -57 -58 -59 60 0
c Answer: 1524
v -1 -2 3 -4 -5 -6 7 -8 9 -10 -11 -12 13 14 15 -16 -17 18 -19 -20 -21 22
v 23 24 -25 -26 -27 28 -29 -30 -31 32 33 -34 -35 36 37 -38 39 40 41 -42 43
v 44 -45 46 47 48 -49 -50 51 -52 53 54 55 56 -57 -58 -59 60 0
c Answer: 1525
v 1 -2 -3 -4 5 6 7 -8 -9 -10 11 -12 -13 -14 15 16 -17 18 -19 -20 -21 22 23
v 24 -25 -26 -27 28 -29 -30 -31 32 33 -34 -35 36 37 -38 39 40 41 -42 43 -44
v 45 46 47 48 -49 -50 51 -52 -53 54 55 56 -57 -58 -59 60 0
c Answer: 1526
v 1 -2 -3 -4 5 6 7 -8 -9 -10 11 -12 -13 -14 15 16 -17 18 -19 -20 -21 22 23
v 24 -25 -26 -27 28 -29 -30 -31 32 33 -34 -35 36 37 -38 39 40 41 -42 43 44
v 45 46 47 48 -49 -50 51 -52 -53 54 55 56 -57 -58 -59 60 0
c Answer: 1527
v -1 -2 3 -4 -5 -6 7 -8 9 -10 -11 -12 13 14 15 16 -17 18 -19 -20 -21 22 23
v 24 -25 -26 -27 28 -29 -30 -31 32 33 -34 -35 36 37 -38 39 40 41 -42 43 -44
v -45 46 47 48 -49 -50 51 -52 53 54 55 56 -57 -58 -59 60 0
c Answer: 1528
v -1 -2 3 -4 -5 -6 7 -8 9 -10 -11 -12 13 14 15 16 -17 18 -19 -20 -21 22 23
v 24 -25 -26 -27 28 -29 -30 -31 32 33 -34 -35 36 37 -38 39 40 41 -42 43 44
v -45 46 47 48 -49 -50 51 -52 53 54 55 56 -57 -58 -59 60 0
c Answer: 1529
v 1 -2 -3 -4 5 6 7 -8 -9 -10 11 -12 -13 -14 15 -16 -17 18 -19 -20 -21 22
v 23 24 -25 -26 -27 28 -29 -30 -31 32 33 -34 -35 36 37 -38 39 40 41 -42 43
v -44 45 46 47 48 -49 -50 51 52 -53 54 55 56 -57 -58 -59 60 0
c Answer: 1530
v -1 -2 3 -4 -5 -6 7 -8 9 -10 -11 -12 13 14 15 -16 -17 18 -19 -20 -21 22
v 23 24 -25 -26 -27 28 -29 -30 -31 32 33 -34 -35 36 37 -38 39 40 41 -42 43
v -44 -45 46 47 48 -49 -50 51 52 53 54 55 56 -57 -58 -59 60 0
c Answer: 1531
v 1 -2 -3 -4 5 6 7 -8 -9 -10 11 -12 -13 -14 15 16 -17 18 -19 -20 -21 22 23
v 24 -25 -26 -27 28 -29 -30 -31 32 33 -34 -35 36 37 -38 39 40 41 -42 43 -44
v 45 46 47 48 -49 -50 51 52 -53 54 55 56 -57 -58 -59 60 0
c Answer: 1532
v -1 -2 3 -4 -5 -6 7 -8 9 -10 -11 -12 13 14 15 16 -17 18 -19 -20 -21 22 23
v 24 -25 -26 -27 28 -29 -30 -31 32 33 -34 -35 36 37 -38 39 40 41 -42 43 -44
v -45 46 47 48 -49 -50 51 52 53 54 55 56 -57 -58 -59 60 0
c Answer: 1533
v 1 -2 -3 -4 5 6 7 -8 -9 -10 11 -12 -13 -14 15 -16 -17 18 -19 -20 -21 22
v 23 24 -25 -26 -27 28 -29 -30 -31 32 33 -34 -35 36 37 -38 39 40 41 -42 43
v 44 45 46 47 48 -49 -50 51 52 -53 54 55 56 -57 -58 -59 60 0
c Answer: 1534
v 1 -2 -3 -4 5 6 7 -8 -9 -10 11 -12 -13 -14 15 16 -17 18 -19 -20 -21 22 23
v 24 -25 -26 -27 28 -29 -30 -31 32 33 -34 -35 36 37 -38 39 40 41 -42 43 44
v 45 46 47 48 -49 -50 51 52 -53 54 55 56 -57 -58 -59 60 0
c Answer: 1535
v -1 -2 3 -4 -5 -6 7 -8 9 -10 -11 -12 13 14 15 -16 -17 18 -19 -20 -21 22
v 23 24 -25 -26 -27 28 -29 -30 -31 32 33 -34 -35 36 37 -38 39 40 41 -42 43
v 44 -45 46 47 48 -49 -50 51 52 53 54 55 56 -57 -58 -59 60 0
c Answer: 1536
v -1 -2 3 -4 -5 -6 7 -8 9 -10 -11 -12 13 14 15 16 -17 18 -19 -20 -21 22 23
v 24 -25 -26 -27 28 -29 -30 -31 32 33 -34 -35 36 37 -38 39 40 41 -42 43 44
v -45 46 47 48 -49 -50 51 52 53 54 55 56 -57 -58 -59 60 0
c Answer: 1537
v 1 -2 -3 -4 5 6 7 -8 -9 -10 11 -12 -13 -14 15 -16 -17 18 -19 -20 -21 22
v 23 -24 -25 -26 -27 28 -29 -30 -31 -32 33 -34 -35 36 37 -38 39 40 41 42
v -43 -44 45 46 47 -48 -49 -50 51 -52 -53 54 55 -56 -57 -58 -59 60 0
c Answer: 1538
v -1 -2 3 -4 -5 -6 7 -8 9 -10 -11 -12 13 14 15 -16 -17 18 -19 -20 -21 22
v 23 -24 -25 -26 -27 28 -29 -30 -31 -32 33 -34 -35 36 37 -38 39 40 41 42
v -43 -44 -45 46 47 -48 -49 -50 51 -52 53 54 55 -56 -57 -58 -59 60 0
c Answer: 1539
v 1 -2 -3 -4 5 6 7 -8 -9 -10 11 -12 -13 -14 15 -16 -17 18 -19 -20 -21 22
v 23 -24 -25 -26 -27 28 -29 -30 -31 -32 33 -34 -35 36 37 -38 39 40 41 42
v 43 -44 45 46 47 -48 -49 -50 51 -52 -53 54 55 -56 -57 -58 -59 60 0
c Answer: 1540
v -1 -2 3 -4 -5 -6 7 -8 9 -10 -11 -12 13 14 15 -16 -17 18 -19 -20 -21 22
v 23 -24 -25 -26 -27 28 -29 -30 -31 -32 33 -34 -35 36 37 -38 39 40 41 42
v 43 -44 -45 46 47 -48 -49 -50 51 -52 53 54 55 -56 -57 -58 -59 60 0
c Answer: 1541
v 1 -2 -3 -4 5 6 7 -8 -9 -10 11 -12 -13 -14 15 -16 -17 18 -19 -20 -21 22
v 23 24 -25 -26 -27 28 -29 -30 -31 -32 33 -34 -35 36 37 -38 39 40 41 42 -43
v -44 45 46 47 -48 -49 -50 51 -52 -53 54 55 -56 -57 -58 -59 60 0
c Answer: 1542
v 1 -2 -3 -4 5 6 7 -8 -9 -10 11 -12 -13 -14 15 -16 -17 18 -19 -20 -21 22
v 23 24 -25 -26 -27 28 -29 -30 -31 -32 33 -34 -35 36 37 -38 39 40 41 42 43
v -44 45 46 47 -48 -49 -50 51 -52 -53 54 55 -56 -57 -58 -59 60 0
c Answer: 1543
v -1 -2 3 -4 -5 -6 7 -8 9 -10 -11 -12 13 14 15 -16 -17 18 -19 -20 -21 22
v 23 24 -25 -26 -27 28 -29 -30 -31 -32 33 -34 -35 36 37 -38 39 40 41 42 -43
v -44 -45 46 47 -48 -49 -50 51 -52 53 54 55 -56 -57 -58 -59 60 0
c Answer: 1544
v -1 -2 3 -4 -5 -6 7 -8 9 -10 -11 -12 13 14 15 -16 -17 18 -19 -20 -21 22
v 23 24 -25 -26 -27 28 -29 -30 -31 -32 33 -34 -35 36 37 -38 39 40 41 42 43
v -44 -45 46 47 -48 -49 -50 51 -52 53 54 55 -56 -57 -58 -59 60 0
c Answer: 1545
v 1 -2 -3 -4 5 6 7 -8 -9 -10 11 -12 -13 -14 15 -16 -17 18 -19 -20 -21 22
v 23 -24 -25 -26 -27 28 -29 -30 -31 -32 33 -34 -35 36 37 -38 39 40 41 42
v -43 -44 45 46 47 -48 -49 -50 51 -52 -53 54 55 56 -57 -58 -59 60 0
c Answer: 1546
v -1 -2 3 -4 -5 -6 7 -8 9 -10 -11 -12 13 14 15 -16 -17 18 -19 -20 -21 22
v 23 -24 -25 -26 -27 28 -29 -30 -31 -32 33 -34 -35 36 37 -38 39 40 41 42
v -43 -44 -45 46 47 -48 -49 -50 51 -52 53 54 55 56 -57 -58 -59 60 0
c Answer: 1547
v 1 -2 -3 -4 5 6 7 -8 -9 -10 11 -12 -13 -14 15 -16 -17 18 -19 -20 -21 22
v 23 24 -25 -26 -27 28 -29 -30 -31 -32 33 -34 -35 36 37 -38 39 40 41 42 -43
v -44 45 46 47 -48 -49 -50 51 -52 -53 54 55 56 -57 -58 -59 60 0
c Answer: 1548
v -1 -2 3 -4 -5 -6 7 -8 9 -10 -11 -12 13 14 15 -16 -17 18 -19 -20 -21 22
v 23 24 -25 -26 -27 28 -29 -30 -31 -32 33 -34 -35 36 37 -38 39 40 41 42 -43
v -44 -45 46 47 -48 -49 -50 51 -52 53 54 55 56 -57 -58 -59 60 0
c Answer: 1549
v 1 -2 -3 -4 5 6 7 -8 -9 -10 11 -12 -13 -14 15 -16 -17 18 -19 -20 -21 22
v 23 -24 -25 -26 -27 28 -29 -30 -31 -32 33 -34 -35 36 37 -38 39 40 41 42
v 43 -44 45 46 47 -48 -49 -50 51 -52 -53 54 55 56 -57 -58 -59 60 0
c Answer: 1550
v 1 -2 -3 -4 5 6 7 -8 -9 -10 11 -12 -13 -14 15 -16 -17 18 -19 -20 -21 22
v 23 24 -25 -26 -27 28 -29 -30 -31 -32 33 -34 -35 36 37 -38 39 40 41 42 43
v -44 45 46 47 -48 -49 -50 51 -52 -53 54 55 56 -57 -58 -59 60 0
c Answer: 1551
v -1 -2 3 -4 -5 -6 7 -8 9 -10 -11 -12 13 14 15 -16 -17 18 -19 -20 -21 22
v 23 -24 -25 -26 -27 28 -29 -30 -31 -32 33 -34 -35 36 37 -38 39 40 41 42
v 43 -44 -45 46 47 -48 -49 -50 51 -52 53 54 55 56 -57 -58 -59 60 0
c Answer: 1552
v -1 -2 3 -4 -5 -6 7 -8 9 -10 -11 -12 13 14 15 -16 -17 18 -19 -20 -21 22
v 23 24 -25 -26 -27 28 -29 -30 -31 -32 33 -34 -35 36 37 -38 39 40 41 42 43
v -44 -45 46 47 -48 -49 -50 51 -52 53 54 55 56 -57 -58 -59 60 0
c Answer: 1553
v 1 -2 -3 -4 5 6 7 -8 -9 -10 11 -12 -13 -14 15 -16 -17 18 -19 -20 -21 22
v 23 -24 -25 -26 -27 28 -29 -30 -31 -32 33 -34 -35 36 37 -38 39 40 41 42
v -43 -44 45 46 47 48 -49 -50 51 -52 -53 54 55 -56 -57 -58 -59 60 0
c Answer: 1554
v -1 -2 3 -4 -5 -6 7 -8 9 -10 -11 -12 13 14 15 -16 -17 18 -19 -20 -21 22
v 23 -24 -25 -26 -27 28 -29 -30 -31 -32 33 -34 -35 36 37 -38 39 40 41 42
v -43 -44 -45 46 47 48 -49 -50 51 -52 53 54 55 -56 -57 -58 -59 60 0
c Answer: 1555
v 1 -2 -3 -4 5 6 7 -8 -9 -10 11 -12 -13 -14 15 -16 -17 18 -19 -20 -21 22
v 23 -24 -25 -26 -27 28 -29 -30 -31 -32 33 -34 -35 36 37 -38 39 40 41 42
v -43 -44 45 46 47 48 -49 -50 51 -52 -53 54 55 56 -57 -58 -59 60 0
c Answer: 1556
v -1 -2 3 -4 -5 -6 7 -8 9 -10 -11 -12 13 14 15 -16 -17 18 -19 -20 -21 22
v 23 -24 -25 -26 -27 28 -29 -30 -31 -32 33 -34 -35 36 37 -38 39 40 41 42
v -43 -44 -45 46 47 48 -49 -50 51 -52 53 54 55 56 -57 -58 -59 60 0
c Answer: 1557
v 1 -2 -3 -4 5 6 7 -8 -9 -10 11 -12 -13 -14 15 -16 -17 18 -19 -20 -21 22
v 23 -24 -25 -26 -27 28 -29 -30 -31 -32 33 -34 -35 36 37 -38 39 40 41 42
v 43 -44 45 46 47 48 -49 -50 51 -52 -53 54 55 -56 -57 -58 -59 60 0
c Answer: 1558
v 1 -2 -3 -4 5 6 7 -8 -9 -10 11 -12 -13 -14 15 -16 -17 18 -19 -20 -21 22
v 23 -24 -25 -26 -27 28 -29 -30 -31 -32 33 -34 -35 36 37 -38 39 40 41 42
v 43 -44 45 46 47 48 -49 -50 51 -52 -53 54 55 56 -57 -58 -59 60 0
c Answer: 1559
v -1 -2 3 -4 -5 -6 7 -8 9 -10 -11 -12 13 14 15 -16 -17 18 -19 -20 -21 22
v 23 -24 -25 -26 -27 28 -29 -30 -31 -32 33 -34 -35 36 37 -38 39 40 41 42
v 43 -44 -45 46 47 48 -49 -50 51 -52 53 54 55 -56 -57 -58 -59 60 0
c Answer: 1560
v -1 -2 3 -4 -5 -6 7 -8 9 -10 -11 -12 13 14 15 -16 -17 18 -19 -20 -21 22
v 23 -24 -25 -26 -27 28 -29 -30 -31 -32 33 -34 -35 36 37 -38 39 40 41 42
v 43 -44 -45 46 47 48 -49 -50 51 -52 53 54 55 56 -57 -58 -59 60 0
c Answer: 1561
v 1 -2 -3 -4 5 6 7 -8 -9 -10 11 -12 -13 -14 15 -16 -17 18 -19 -20 -21 22
v 23 24 -25 -26 -27 28 -29 -30 -31 -32 33 -34 -35 36 37 -38 39 40 41 42 -43
v -44 45 46 47 48 -49 -50 51 -52 -53 54 55 -56 -57 -58 -59 60 0
c Answer: 1562
v -1 -2 3 -4 -5 -6 7 -8 9 -10 -11 -12 13 14 15 -16 -17 18 -19 -20 -21 22
v 23 24 -25 -26 -27 28 -29 -30 -31 -32 33 -34 -35 36 37 -38 39 40 41 42 -43
v -44 -45 46 47 48 -49 -50 51 -52 53 54 55 -56 -57 -58 -59 60 0
c Answer: 1563
v 1 -2 -3 -4 5 6 7 -8 -9 -10 11 -12 -13 -14 15 -16 -17 18 -19 -20 -21 22
v 23 24 -25 -26 -27 28 -29 -30 -31 -32 33 -34 -35 36 37 -38 39 40 41 42 43
v -44 45 46 47 48 -49 -50 51 -52 -53 54 55 -56 -57 -58 -59 60 0
c Answer: 1564
v -1 -2 3 -4 -5 -6 7 -8 9 -10 -11 -12 13 14 15 -16 -17 18 -19 -20 -21 22
v 23 24 -25 -26 -27 28 -29 -30 -31 -32 33 -34 -35 36 37 -38 39 40 41 42 43
v -44 -45 46 47 48 -49 -50 51 -52 53 54 55 -56 -57 -58 -59 60 0
c Answer: 1565
v 1 -2 -3 -4 5 6 7 -8 -9 -10 11 -12 -13 -14 15 -16 -17 18 -19 -20 -21 22
v 23 24 -25 -26 -27 28 -29 -30 -31 -32 33 -34 -35 36 37 -38 39 40 41 42 -43
v -44 45 46 47 48 -49 -50 51 -52 -53 54 55 56 -57 -58 -59 60 0
c Answer: 1566
v 1 -2 -3 -4 5 6 7 -8 -9 -10 11 -12 -13 -14 15 -16 -17 18 -19 -20 -21 22
v 23 24 -25 -26 -27 28 -29 -30 -31 -32 33 -34 -35 36 37 -38 39 40 41 42 43
v -44 45 46 47 48 -49 -50 51 -52 -53 54 55 56 -57 -58 -59 60 0
c Answer: 1567
v -1 -2 3 -4 -5 -6 7 -8 9 -10 -11 -12 13 14 15 -16 -17 18 -19 -20 -21 22
v 23 24 -25 -26 -27 28 -29 -30 -31 -32 33 -34 -35 36 37 -38 39 40 41 42 -43
v -44 -45 46 47 48 -49 -50 51 -52 53 54 55 56 -57 -58 -59 60 0
c Answer: 1568
v -1 -2 3 -4 -5 -6 7 -8 9 -10 -11 -12 13 14 15 -16 -17 18 -19 -20 -21 22
v 23 24 -25 -26 -27 28 -29 -30 -31 -32 33 -34 -35 36 37 -38 39 40 41 42 43
v -44 -45 46 47 48 -49 -50 51 -52 53 54 55 56 -57 -58 -59 60 0
c Answer: 1569
v 1 -2 -3 -4 5 6 7 -8 -9 -10 11 -12 -13 -14 15 -16 -17 18 -19 -20 -21 22
v 23 -24 -25 -26 -27 28 -29 -30 -31 32 33 -34 -35 36 37 -38 39 40 41 42 -43
v -44 45 46 47 -48 -49 -50 51 -52 -53 54 55 -56 -57 -58 -59 60 0
c Answer: 1570
v -1 -2 3 -4 -5 -6 7 -8 9 -10 -11 -12 13 14 15 -16 -17 18 -19 -20 -21 22
v 23 -24 -25 -26 -27 28 -29 -30 -31 32 33 -34 -35 36 37 -38 39 40 41 42 -43
v -44 -45 46 47 -48 -49 -50 51 -52 53 54 55 -56 -57 -58 -59 60 0
c Answer: 1571
v 1 -2 -3 -4 5 6 7 -8 -9 -10 11 -12 -13 -14 15 -16 -17 18 -19 -20 -21 22
v 23 -24 -25 -26 -27 28 -29 -30 -31 32 33 -34 -35 36 37 -38 39 40 41 42 -43
v -44 45 46 47 48 -49 -50 51 -52 -53 54 55 -56 -57 -58 -59 60 0
c Answer: 1572
v -1 -2 3 -4 -5 -6 7 -8 9 -10 -11 -12 13 14 15 -16 -17 18 -19 -20 -21 22
v 23 -24 -25 -26 -27 28 -29 -30 -31 32 33 -34 -35 36 37 -38 39 40 41 42 -43
v -44 -45 46 47 48 -49 -50 51 -52 53 54 55 -56 -57 -58 -59 60 0
c Answer: 1573
v 1 -2 -3 -4 5 6 7 -8 -9 -10 11 -12 -13 -14 15 -16 -17 18 -19 -20 -21 22
v 23 24 -25 -26 -27 28 -29 -30 -31 32 33 -34 -35 36 37 -38 39 40 41 42 -43
v -44 45 46 47 -48 -49 -50 51 -52 -53 54 55 -56 -57 -58 -59 60 0
c Answer: 1574
v 1 -2 -3 -4 5 6 7 -8 -9 -10 11 -12 -13 -14 15 -16 -17 18 -19 -20 -21 22
v 23 24 -25 -26 -27 28 -29 -30 -31 32 33 -34 -35 36 37 -38 39 40 41 42 -43
v -44 45 46 47 48 -49 -50 51 -52 -53 54 55 -56 -57 -58 -59 60 0
c Answer: 1575
v -1 -2 3 -4 -5 -6 7 -8 9 -10 -11 -12 13 14 15 -16 -17 18 -19 -20 -21 22
v 23 24 -25 -26 -27 28 -29 -30 -31 32 33 -34 -35 36 37 -38 39 40 41 42 -43
v -44 -45 46 47 -48 -49 -50 51 -52 53 54 55 -56 -57 -58 -59 60 0
c Answer: 1576
v -1 -2 3 -4 -5 -6 7 -8 9 -10 -11 -12 13 14 15 -16 -17 18 -19 -20 -21 22
v 23 24 -25 -26 -27 28 -29 -30 -31 32 33 -34 -35 36 37 -38 39 40 41 42 -43
v -44 -45 46 47 48 -49 -50 51 -52 53 54 55 -56 -57 -58 -59 60 0
c Answer: 1577
v 1 -2 -3 -4 5 6 7 -8 -9 -10 11 -12 -13 -14 15 -16 -17 18 -19 -20 -21 22
v 23 -24 -25 -26 -27 28 -29 -30 -31 32 33 -34 -35 36 37 -38 39 40 41 42 -43
v -44 45 46 47 -48 -49 -50 51 -52 -53 54 55 56 -57 -58 -59 60 0
c Answer: 1578
v -1 -2 3 -4 -5 -6 7 -8 9 -10 -11 -12 13 14 15 -16 -17 18 -19 -20 -21 22
v 23 -24 -25 -26 -27 28 -29 -30 -31 32 33 -34 -35 36 37 -38 39 40 41 42 -43
v -44 -45 46 47 -48 -49 -50 51 -52 53 54 55 56 -57 -58 -59 60 0
c Answer: 1579
v 1 -2 -3 -4 5 6 7 -8 -9 -10 11 -12 -13 -14 15 -16 -17 18 -19 -20 -21 22
v 23 24 -25 -26 -27 28 -29 -30 -31 32 33 -34 -35 36 37 -38 39 40 41 42 -43
v -44 45 46 47 -48 -49 -50 51 -52 -53 54 55 56 -57 -58 -59 60 0
c Answer: 1580
v -1 -2 3 -4 -5 -6 7 -8 9 -10 -11 -12 13 14 15 -16 -17 18 -19 -20 -21 22
v 23 24 -25 -26 -27 28 -29 -30 -31 32 33 -34 -35 36 37 -38 39 40 41 42 -43
v -44 -45 46 47 -48 -49 -50 51 -52 53 54 55 56 -57 -58 -59 60 0
c Answer: 1581
v 1 -2 -3 -4 5 6 7 -8 -9 -10 11 -12 -13 -14 15 -16 -17 18 -19 -20 -21 22
v 23 -24 -25 -26 -27 28 -29 -30 -31 32 33 -34 -35 36 37 -38 39 40 41 42 -43
v -44 45 46 47 48 -49 -50 51 -52 -53 54 55 56 -57 -58 -59 60 0
c Answer: 1582
v 1 -2 -3 -4 5 6 7 -8 -9 -10 11 -12 -13 -14 15 -16 -17 18 -19 -20 -21 22
v 23 24 -25 -26 -27 28 -29 -30 -31 32 33 -34 -35 36 37 -38 39 40 41 42 -43
v -44 45 46 47 48 -49 -50 51 -52 -53 54 55 56 -57 -58 -59 60 0
c Answer: 1583
v -1 -2 3 -4 -5 -6 7 -8 9 -10 -11 -12 13 14 15 -16 -17 18 -19 -20 -21 22
v 23 -24 -25 -26 -27 28 -29 -30 -31 32 33 -34 -35 36 37 -38 39 40 41 42 -43
v -44 -45 46 47 48 -49 -50 51 -52 53 54 55 56 -57 -58 -59 60 0
c Answer: 1584
v -1 -2 3 -4 -5 -6 7 -8 9 -10 -11 -12 13 14 15 -16 -17 18 -19 -20 -21 22
v 23 24 -25 -26 -27 28 -29 -30 -31 32 33 -34 -35 36 37 -38 39 40 41 42 -43
v -44 -45 46 47 48 -49 -50 51 -52 53 54 55 56 -57 -58 -59 60 0
c Answer: 1585
v 1 -2 -3 -4 5 6 7 -8 -9 -10 11 -12 -13 -14 15 -16 -17 18 -19 -20 -21 22
v 23 -24 -25 -26 -27 28 -29 -30 -31 32 33 -34 -35 36 37 -38 39 40 41 42 43
v -44 45 46 47 -48 -49 -50 51 -52 -53 54 55 -56 -57 -58 -59 60 0
c Answer: 1586
v -1 -2 3 -4 -5 -6 7 -8 9 -10 -11 -12 13 14 15 -16 -17 18 -19 -20 -21 22
v 23 -24 -25 -26 -27 28 -29 -30 -31 32 33 -34 -35 36 37 -38 39 40 41 42 43
v -44 -45 46 47 -48 -49 -50 51 -52 53 54 55 -56 -57 -58 -59 60 0
c Answer: 1587
v 1 -2 -3 -4 5 6 7 -8 -9 -10 11 -12 -13 -14 15 -16 -17 18 -19 -20 -21 22
v 23 -24 -25 -26 -27 28 -29 -30 -31 32 33 -34 -35 36 37 -38 39 40 41 42 43
v -44 45 46 47 -48 -49 -50 51 -52 -53 54 55 56 -57 -58 -59 60 0
c Answer: 1588
v -1 -2 3 -4 -5 -6 7 -8 9 -10 -11 -12 13 14 15 -16 -17 18 -19 -20 -21 22
v 23 -24 -25 -26 -27 28 -29 -30 -31 32 33 -34 -35 36 37 -38 39 40 41 42 43
v -44 -45 46 47 -48 -49 -50 51 -52 53 54 55 56 -57 -58 -59 60 0
c Answer: 1589
v 1 -2 -3 -4 5 6 7 -8 -9 -10 11 -12 -13 -14 15 -16 -17 18 -19 -20 -21 22
v 23 -24 -25 -26 -27 28 -29 -30 -31 32 33 -34 -35 36 37 -38 39 40 41 42 43
v -44 45 46 47 48 -49 -50 51 -52 -53 54 55 -56 -57 -58 -59 60 0
c Answer: 1590
v 1 -2 -3 -4 5 6 7 -8 -9 -10 11 -12 -13 -14 15 -16 -17 18 -19 -20 -21 22
v 23 -24 -25 -26 -27 28 -29 -30 -31 32 33 -34 -35 36 37 -38 39 40 41 42 43
v -44 45 46 47 48 -49 -50 51 -52 -53 54 55 56 -57 -58 -59 60 0
c Answer: 1591
v -1 -2 3 -4 -5 -6 7 -8 9 -10 -11 -12 13 14 15 -16 -17 18 -19 -20 -21 22
v 23 -24 -25 -26 -27 28 -29 -30 -31 32 33 -34 -35 36 37 -38 39 40 41 42 43
v -44 -45 46 47 48 -49 -50 51 -52 53 54 55 -56 -57 -58 -59 60 0
c Answer: 1592
v -1 -2 3 -4 -5 -6 7 -8 9 -10 -11 -12 13 14 15 -16 -17 18 -19 -20 -21 22
v 23 -24 -25 -26 -27 28 -29 -30 -31 32 33 -34 -35 36 37 -38 39 40 41 42 43
v -44 -45 46 47 48 -49 -50 51 -52 53 54 55 56 -57 -58 -59 60 0
c Answer: 1593
v 1 -2 -3 -4 5 6 7 -8 -9 -10 11 -12 -13 -14 15 -16 -17 18 -19 -20 -21 22
v 23 24 -25 -26 -27 28 -29 -30 -31 32 33 -34 -35 36 37 -38 39 40 41 42 43
v -44 45 46 47 -48 -49 -50 51 -52 -53 54 55 -56 -57 -58 -59 60 0
c Answer: 1594
v -1 -2 3 -4 -5 -6 7 -8 9 -10 -11 -12 13 14 15 -16 -17 18 -19 -20 -21 22
v 23 24 -25 -26 -27 28 -29 -30 -31 32 33 -34 -35 36 37 -38 39 40 41 42 43
v -44 -45 46 47 -48 -49 -50 51 -52 53 54 55 -56 -57 -58 -59 60 0
c Answer: 1595
v 1 -2 -3 -4 5 6 7 -8 -9 -10 11 -12 -13 -14 15 -16 -17 18 -19 -20 -21 22
v 23 24 -25 -26 -27 28 -29 -30 -31 32 33 -34 -35 36 37 -38 39 40 41 42 43
v -44 45 46 47 48 -49 -50 51 -52 -53 54 55 -56 -57 -58 -59 60 0
c Answer: 1596
v -1 -2 3 -4 -5 -6 7 -8 9 -10 -11 -12 13 14 15 -16 -17 18 -19 -20 -21 22
v 23 24 -25 -26 -27 28 -29 -30 -31 32 33 -34 -35 36 37 -38 39 40 41 42 43
v -44 -45 46 47 48 -49 -50 51 -52 53 54 55 -56 -57 -58 -59 60 0
c Answer: 1597
v 1 -2 -3 -4 5 6 7 -8 -9 -10 11 -12 -13 -14 15 -16 -17 18 -19 -20 -21 22
v 23 24 -25 -26 -27 28 -29 -30 -31 32 33 -34 -35 36 37 -38 39 40 41 42 43
v -44 45 46 47 -48 -49 -50 51 -52 -53 54 55 56 -57 -58 -59 60 0
c Answer: 1598
v 1 -2 -3 -4 5 6 7 -8 -9 -10 11 -12 -13 -14 15 -16 -17 18 -19 -20 -21 22
v 23 24 -25 -26 -27 28 -29 -30 -31 32 33 -34 -35 36 37 -38 39 40 41 42 43
v -44 45 46 47 48 -49 -50 51 -52 -53 54 55 56 -57 -58 -59 60 0
c Answer: 1599
v -1 -2 3 -4 -5 -6 7 -8 9 -10 -11 -12 13 14 15 -16 -17 18 -19 -20 -21 22
v 23 24 -25 -26 -27 28 -29 -30 -31 32 33 -34 -35 36 37 -38 39 40 41 42 43
v -44 -45 46 47 -48 -49 -50 51 -52 53 54 55 56 -57 -58 -59 60 0
c Answer: 1600
v -1 -2 3 -4 -5 -6 7 -8 9 -10 -11 -12 13 14 15 -16 -17 18 -19 -20 -21 22
v 23 24 -25 -26 -27 28 -29 -30 -31 32 33 -34 -35 36 37 -38 39 40 41 42 43
v -44 -45 46 47 48 -49 -50 51 -52 53 54 55 56 -57 -58 -59 60 0
c Answer: 1601
v 1 -2 -3 -4 5 6 7 -8 -9 -10 11 -12 -13 -14 15 -16 -17 18 -19 -20 -21 22
v 23 -24 -25 -26 -27 28 -29 -30 -31 -32 33 -34 -35 36 37 -38 39 40 41 42
v -43 -44 45 46 47 -48 -49 -50 51 52 -53 54 55 -56 -57 -58 -59 60 0
c Answer: 1602
v -1 -2 3 -4 -5 -6 7 -8 9 -10 -11 -12 13 14 15 -16 -17 18 -19 -20 -21 22
v 23 -24 -25 -26 -27 28 -29 -30 -31 -32 33 -34 -35 36 37 -38 39 40 41 42
v -43 -44 -45 46 47 -48 -49 -50 51 52 53 54 55 -56 -57 -58 -59 60 0
c Answer: 1603
v 1 -2 -3 -4 5 6 7 -8 -9 -10 11 -12 -13 -14 15 -16 -17 18 -19 -20 -21 22
v 23 -24 -25 -26 -27 28 -29 -30 -31 32 33 -34 -35 36 37 -38 39 40 41 42 -43
v -44 45 46 47 -48 -49 -50 51 52 -53 54 55 -56 -57 -58 -59 60 0
c Answer: 1604
v -1 -2 3 -4 -5 -6 7 -8 9 -10 -11 -12 13 14 15 -16 -17 18 -19 -20 -21 22
v 23 -24 -25 -26 -27 28 -29 -30 -31 32 33 -34 -35 36 37 -38 39 40 41 42 -43
v -44 -45 46 47 -48 -49 -50 51 52 53 54 55 -56 -57 -58 -59 60 0
c Answer: 1605
v 1 -2 -3 -4 5 6 7 -8 -9 -10 11 -12 -13 -14 15 -16 -17 18 -19 -20 -21 22
v 23 -24 -25 -26 -27 28 -29 -30 -31 -32 33 -34 -35 36 37 -38 39 40 41 42
v 43 -44 45 46 47 -48 -49 -50 51 52 -53 54 55 -56 -57 -58 -59 60 0
c Answer: 1606
v 1 -2 -3 -4 5 6 7 -8 -9 -10 11 -12 -13 -14 15 -16 -17 18 -19 -20 -21 22
v 23 -24 -25 -26 -27 28 -29 -30 -31 32 33 -34 -35 36 37 -38 39 40 41 42 43
v -44 45 46 47 -48 -49 -50 51 52 -53 54 55 -56 -57 -58 -59 60 0
c Answer: 1607
v -1 -2 3 -4 -5 -6 7 -8 9 -10 -11 -12 13 14 15 -16 -17 18 -19 -20 -21 22
v 23 -24 -25 -26 -27 28 -29 -30 -31 -32 33 -34 -35 36 37 -38 39 40 41 42
v 43 -44 -45 46 47 -48 -49 -50 51 52 53 54 55 -56 -57 -58 -59 60 0
c Answer: 1608
v -1 -2 3 -4 -5 -6 7 -8 9 -10 -11 -12 13 14 15 -16 -17 18 -19 -20 -21 22
v 23 -24 -25 -26 -27 28 -29 -30 -31 32 33 -34 -35 36 37 -38 39 40 41 42 43
v -44 -45 46 47 -48 -49 -50 51 52 53 54 55 -56 -57 -58 -59 60 0
c Answer: 1609
v 1 -2 -3 -4 5 6 7 -8 -9 -10 11 -12 -13 -14 15 -16 -17 18 -19 -20 -21 22
v 23 24 -25 -26 -27 28 -29 -30 -31 -32 33 -34 -35 36 37 -38 39 40 41 42 -43
v -44 45 46 47 -48 -49 -50 51 52 -53 54 55 -56 -57 -58 -59 60 0
c Answer: 1610
v -1 -2 3 -4 -5 -6 7 -8 9 -10 -11 -12 13 14 15 -16 -17 18 -19 -20 -21 22
v 23 24 -25 -26 -27 28 -29 -30 -31 -32 33 -34 -35 36 37 -38 39 40 41 42 -43
v -44 -45 46 47 -48 -49 -50 51 52 53 54 55 -56 -57 -58 -59 60 0
c Answer: 1611
v 1 -2 -3 -4 5 6 7 -8 -9 -10 11 -12 -13 -14 15 -16 -17 18 -19 -20 -21 22
v 23 24 -25 -26 -27 28 -29 -30 -31 -32 33 -34 -35 36 37 -38 39 40 41 42 43
v -44 45 46 47 -48 -49 -50 51 52 -53 54 55 -56 -57 -58 -59 60 0
c Answer: 1612
v -1 -2 3 -4 -5 -6 7 -8 9 -10 -11 -12 13 14 15 -16 -17 18 -19 -20 -21 22
v 23 24 -25 -26 -27 28 -29 -30 -31 -32 33 -34 -35 36 37 -38 39 40 41 42 43
v -44 -45 46 47 -48 -49 -50 51 52 53 54 55 -56 -57 -58 -59 60 0
c Answer: 1613
v 1 -2 -3 -4 5 6 7 -8 -9 -10 11 -12 -13 -14 15 -16 -17 18 -19 -20 -21 22
v 23 24 -25 -26 -27 28 -29 -30 -31 32 33 -34 -35 36 37 -38 39 40 41 42 -43
v -44 45 46 47 -48 -49 -50 51 52 -53 54 55 -56 -57 -58 -59 60 0
c Answer: 1614
v 1 -2 -3 -4 5 6 7 -8 -9 -10 11 -12 -13 -14 15 -16 -17 18 -19 -20 -21 22
v 23 24 -25 -26 -27 28 -29 -30 -31 32 33 -34 -35 36 37 -38 39 40 41 42 43
v -44 45 46 47 -48 -49 -50 51 52 -53 54 55 -56 -57 -58 -59 60 0
c Answer: 1615
v -1 -2 3 -4 -5 -6 7 -8 9 -10 -11 -12 13 14 15 -16 -17 18 -19 -20 -21 22
v 23 24 -25 -26 -27 28 -29 -30 -31 32 33 -34 -35 36 37 -38 39 40 41 42 -43
v -44 -45 46 47 -48 -49 -50 51 52 53 54 55 -56 -57 -58 -59 60 0
c Answer: 1616
v -1 -2 3 -4 -5 -6 7 -8 9 -10 -11 -12 13 14 15 -16 -17 18 -19 -20 -21 22
v 23 24 -25 -26 -27 28 -29 -30 -31 32 33 -34 -35 36 37 -38 39 40 41 42 43
v -44 -45 46 47 -48 -49 -50 51 52 53 54 55 -56 -57 -58 -59 60 0
c Answer: 1617
v 1 -2 -3 -4 5 6 7 -8 -9 -10 11 -12 -13 -14 15 -16 -17 18 -19 -20 -21 22
v 23 -24 -25 -26 -27 28 -29 -30 -31 -32 33 -34 -35 36 37 -38 39 40 41 42
v -43 -44 45 46 47 -48 -49 -50 51 52 -53 54 55 56 -57 -58 -59 60 0
c Answer: 1618
v -1 -2 3 -4 -5 -6 7 -8 9 -10 -11 -12 13 14 15 -16 -17 18 -19 -20 -21 22
v 23 -24 -25 -26 -27 28 -29 -30 -31 -32 33 -34 -35 36 37 -38 39 40 41 42
v -43 -44 -45 46 47 -48 -49 -50 51 52 53 54 55 56 -57 -58 -59 60 0
c Answer: 1619
v 1 -2 -3 -4 5 6 7 -8 -9 -10 11 -12 -13 -14 15 -16 -17 18 -19 -20 -21 22
v 23 24 -25 -26 -27 28 -29 -30 -31 -32 33 -34 -35 36 37 -38 39 40 41 42 -43
v -44 45 46 47 -48 -49 -50 51 52 -53 54 55 56 -57 -58 -59 60 0
c Answer: 1620
v -1 -2 3 -4 -5 -6 7 -8 9 -10 -11 -12 13 14 15 -16 -17 18 -19 -20 -21 22
v 23 24 -25 -26 -27 28 -29 -30 -31 -32 33 -34 -35 36 37 -38 39 40 41 42 -43
v -44 -45 46 47 -48 -49 -50 51 52 53 54 55 56 -57 -58 -59 60 0
c Answer: 1621
v 1 -2 -3 -4 5 6 7 -8 -9 -10 11 -12 -13 -14 15 -16 -17 18 -19 -20 -21 22
v 23 -24 -25 -26 -27 28 -29 -30 -31 32 33 -34 -35 36 37 -38 39 40 41 42 -43
v -44 45 46 47 -48 -49 -50 51 52 -53 54 55 56 -57 -58 -59 60 0
c Answer: 1622
v 1 -2 -3 -4 5 6 7 -8 -9 -10 11 -12 -13 -14 15 -16 -17 18 -19 -20 -21 22
v 23 24 -25 -26 -27 28 -29 -30 -31 32 33 -34 -35 36 37 -38 39 40 41 42 -43
v -44 45 46 47 -48 -49 -50 51 52 -53 54 55 56 -57 -58 -59 60 0
c Answer: 1623
v -1 -2 3 -4 -5 -6 7 -8 9 -10 -11 -12 13 14 15 -16 -17 18 -19 -20 -21 22
v 23 -24 -25 -26 -27 28 -29 -30 -31 32 33 -34 -35 36 37 -38 39 40 41 42 -43
v -44 -45 46 47 -48 -49 -50 51 52 53 54 55 56 -57 -58 -59 60 0
c Answer: 1624
v -1 -2 3 -4 -5 -6 7 -8 9 -10 -11 -12 13 14 15 -16 -17 18 -19 -20 -21 22
v 23 24 -25 -26 -27 28 -29 -30 -31 32 33 -34 -35 36 37 -38 39 40 41 42 -43
v -44 -45 46 47 -48 -49 -50 51 52 53 54 55 56 -57 -58 -59 60 0
c Answer: 1625
v 1 -2 -3 -4 5 6 7 -8 -9 -10 11 -12 -13 -14 15 -16 -17 18 -19 -20 -21 22
v 23 -24 -25 -26 -27 28 -29 -30 -31 -32 33 -34 -35 36 37 -38 39 40 41 42
v 43 -44 45 46 47 -48 -49 -50 51 52 -53 54 55 56 -57 -58 -59 60 0
c Answer: 1626
v -1 -2 3 -4 -5 -6 7 -8 9 -10 -11 -12 13 14 15 -16 -17 18 -19 -20 -21 22
v 23 -24 -25 -26 -27 28 -29 -30 -31 -32 33 -34 -35 36 37 -38 39 40 41 42
v 43 -44 -45 46 47 -48 -49 -50 51 52 53 54 55 56 -57 -58 -59 60 0
c Answer: 1627
v 1 -2 -3 -4 5 6 7 -8 -9 -10 11 -12 -13 -14 15 -16 -17 18 -19 -20 -21 22
v 23 -24 -25 -26 -27 28 -29 -30 -31 32 33 -34 -35 36 37 -38 39 40 41 42 43
v -44 45 46 47 -48 -49 -50 51 52 -53 54 55 56 -57 -58 -59 60 0
c Answer: 1628
v -1 -2 3 -4 -5 -6 7 -8 9 -10 -11 -12 13 14 15 -16 -17 18 -19 -20 -21 22
v 23 -24 -25 -26 -27 28 -29 -30 -31 32 33 -34 -35 36 37 -38 39 40 41 42 43
v -44 -45 46 47 -48 -49 -50 51 52 53 54 55 56 -57 -58 -59 60 0
c Answer: 1629
v 1 -2 -3 -4 5 6 7 -8 -9 -10 11 -12 -13 -14 15 -16 -17 18 -19 -20 -21 22
v 23 24 -25 -26 -27 28 -29 -30 -31 -32 33 -34 -35 36 37 -38 39 40 41 42 43
v -44 45 46 47 -48 -49 -50 51 52 -53 54 55 56 -57 -58 -59 60 0
c Answer: 1630
v 1 -2 -3 -4 5 6 7 -8 -9 -10 11 -12 -13 -14 15 -16 -17 18 -19 -20 -21 22
v 23 24 -25 -26 -27 28 -29 -30 -31 32 33 -34 -35 36 37 -38 39 40 41 42 43
v -44 45 46 47 -48 -49 -50 51 52 -53 54 55 56 -57 -58 -59 60 0
c Answer: 1631
v -1 -2 3 -4 -5 -6 7 -8 9 -10 -11 -12 13 14 15 -16 -17 18 -19 -20 -21 22
v 23 24 -25 -26 -27 28 -29 -30 -31 -32 33 -34 -35 36 37 -38 39 40 41 42 43
v -44 -45 46 47 -48 -49 -50 51 52 53 54 55 56 -57 -58 -59 60 0
c Answer: 1632
v -1 -2 3 -4 -5 -6 7 -8 9 -10 -11 -12 13 14 15 -16 -17 18 -19 -20 -21 22
v 23 24 -25 -26 -27 28 -29 -30 -31 32 33 -34 -35 36 37 -38 39 40 41 42 43
v -44 -45 46 47 -48 -49 -50 51 52 53 54 55 56 -57 -58 -59 60 0
c Answer: 1633
v 1 -2 -3 -4 5 6 7 -8 -9 -10 11 -12 -13 -14 15 -16 -17 18 -19 -20 -21 22
v 23 -24 -25 -26 -27 28 -29 -30 -31 -32 33 -34 -35 36 37 -38 39 40 41 42
v -43 -44 45 46 47 48 -49 -50 51 52 -53 54 55 -56 -57 -58 -59 60 0
c Answer: 1634
v -1 -2 3 -4 -5 -6 7 -8 9 -10 -11 -12 13 14 15 -16 -17 18 -19 -20 -21 22
v 23 -24 -25 -26 -27 28 -29 -30 -31 -32 33 -34 -35 36 37 -38 39 40 41 42
v -43 -44 -45 46 47 48 -49 -50 51 52 53 54 55 -56 -57 -58 -59 60 0
c Answer: 1635
v 1 -2 -3 -4 5 6 7 -8 -9 -10 11 -12 -13 -14 15 -16 -17 18 -19 -20 -21 22
v 23 -24 -25 -26 -27 28 -29 -30 -31 -32 33 -34 -35 36 37 -38 39 40 41 42
v -43 -44 45 46 47 48 -49 -50 51 52 -53 54 55 56 -57 -58 -59 60 0
c Answer: 1636
v -1 -2 3 -4 -5 -6 7 -8 9 -10 -11 -12 13 14 15 -16 -17 18 -19 -20 -21 22
v 23 -24 -25 -26 -27 28 -29 -30 -31 -32 33 -34 -35 36 37 -38 39 40 41 42
v -43 -44 -45 46 47 48 -49 -50 51 52 53 54 55 56 -57 -58 -59 60 0
c Answer: 1637
v 1 -2 -3 -4 5 6 7 -8 -9 -10 11 -12 -13 -14 15 -16 -17 18 -19 -20 -21 22
v 23 -24 -25 -26 -27 28 -29 -30 -31 -32 33 -34 -35 36 37 -38 39 40 41 42
v 43 -44 45 46 47 48 -49 -50 51 52 -53 54 55 -56 -57 -58 -59 60 0
c Answer: 1638
v 1 -2 -3 -4 5 6 7 -8 -9 -10 11 -12 -13 -14 15 -16 -17 18 -19 -20 -21 22
v 23 -24 -25 -26 -27 28 -29 -30 -31 -32 33 -34 -35 36 37 -38 39 40 41 42
v 43 -44 45 46 47 48 -49 -50 51 52 -53 54 55 56 -57 -58 -59 60 0
c Answer: 1639
v -1 -2 3 -4 -5 -6 7 -8 9 -10 -11 -12 13 14 15 -16 -17 18 -19 -20 -21 22
v 23 -24 -25 -26 -27 28 -29 -30 -31 -32 33 -34 -35 36 37 -38 39 40 41 42
v 43 -44 -45 46 47 48 -49 -50 51 52 53 54 55 -56 -57 -58 -59 60 0
c Answer: 1640
v -1 -2 3 -4 -5 -6 7 -8 9 -10 -11 -12 13 14 15 -16 -17 18 -19 -20 -21 22
v 23 -24 -25 -26 -27 28 -29 -30 -31 -32 33 -34 -35 36 37 -38 39 40 41 42
v 43 -44 -45 46 47 48 -49 -50 51 52 53 54 55 56 -57 -58 -59 60 0
c Answer: 1641
v 1 -2 -3 -4 5 6 7 -8 -9 -10 11 -12 -13 -14 15 -16 -17 18 -19 -20 -21 22
v 23 24 -25 -26 -27 28 -29 -30 -31 -32 33 -34 -35 36 37 -38 39 40 41 42 -43
v -44 45 46 47 48 -49 -50 51 52 -53 54 55 -56 -57 -58 -59 60 0
c Answer: 1642
v -1 -2 3 -4 -5 -6 7 -8 9 -10 -11 -12 13 14 15 -16 -17 18 -19 -20 -21 22
v 23 24 -25 -26 -27 28 -29 -30 -31 -32 33 -34 -35 36 37 -38 39 40 41 42 -43
v -44 -45 46 47 48 -49 -50 51 52 53 54 55 -56 -57 -58 -59 60 0
c Answer: 1643
v 1 -2 -3 -4 5 6 7 -8 -9 -10 11 -12 -13 -14 15 -16 -17 18 -19 -20 -21 22
v 23 24 -25 -26 -27 28 -29 -30 -31 -32 33 -34 -35 36 37 -38 39 40 41 42 43
v -44 45 46 47 48 -49 -50 51 52 -53 54 55 -56 -57 -58 -59 60 0
c Answer: 1644
v -1 -2 3 -4 -5 -6 7 -8 9 -10 -11 -12 13 14 15 -16 -17 18 -19 -20 -21 22
v 23 24 -25 -26 -27 28 -29 -30 -31 -32 33 -34 -35 36 37 -38 39 40 41 42 43
v -44 -45 46 47 48 -49 -50 51 52 53 54 55 -56 -57 -58 -59 60 0
c Answer: 1645
v 1 -2 -3 -4 5 6 7 -8 -9 -10 11 -12 -13 -14 15 -16 -17 18 -19 -20 -21 22
v 23 24 -25 -26 -27 28 -29 -30 -31 -32 33 -34 -35 36 37 -38 39 40 41 42 -43
v -44 45 46 47 48 -49 -50 51 52 -53 54 55 56 -57 -58 -59 60 0
c Answer: 1646
v 1 -2 -3 -4 5 6 7 -8 -9 -10 11 -12 -13 -14 15 -16 -17 18 -19 -20 -21 22
v 23 24 -25 -26 -27 28 -29 -30 -31 -32 33 -34 -35 36 37 -38 39 40 41 42 43
v -44 45 46 47 48 -49 -50 51 52 -53 54 55 56 -57 -58 -59 60 0
c Answer: 1647
v -1 -2 3 -4 -5 -6 7 -8 9 -10 -11 -12 13 14 15 -16 -17 18 -19 -20 -21 22
v 23 24 -25 -26 -27 28 -29 -30 -31 -32 33 -34 -35 36 37 -38 39 40 41 42 -43
v -44 -45 46 47 48 -49 -50 51 52 53 54 55 56 -57 -58 -59 60 0
c Answer: 1648
v -1 -2 3 -4 -5 -6 7 -8 9 -10 -11 -12 13 14 15 -16 -17 18 -19 -20 -21 22
v 23 24 -25 -26 -27 28 -29 -30 -31 -32 33 -34 -35 36 37 -38 39 40 41 42 43
v -44 -45 46 47 48 -49 -50 51 52 53 54 55 56 -57 -58 -59 60 0
c Answer: 1649
v 1 -2 -3 -4 5 6 7 -8 -9 -10 11 -12 -13 -14 15 -16 -17 18 -19 -20 -21 22
v 23 -24 -25 -26 -27 28 -29 -30 -31 32 33 -34 -35 36 37 -38 39 40 41 42 -43
v -44 45 46 47 48 -49 -50 51 52 -53 54 55 -56 -57 -58 -59 60 0
c Answer: 1650
v -1 -2 3 -4 -5 -6 7 -8 9 -10 -11 -12 13 14 15 -16 -17 18 -19 -20 -21 22
v 23 -24 -25 -26 -27 28 -29 -30 -31 32 33 -34 -35 36 37 -38 39 40 41 42 -43
v -44 -45 46 47 48 -49 -50 51 52 53 54 55 -56 -57 -58 -59 60 0
c Answer: 1651
v 1 -2 -3 -4 5 6 7 -8 -9 -10 11 -12 -13 -14 15 -16 -17 18 -19 -20 -21 22
v 23 24 -25 -26 -27 28 -29 -30 -31 32 33 -34 -35 36 37 -38 39 40 41 42 -43
v -44 45 46 47 48 -49 -50 51 52 -53 54 55 -56 -57 -58 -59 60 0
c Answer: 1652
v -1 -2 3 -4 -5 -6 7 -8 9 -10 -11 -12 13 14 15 -16 -17 18 -19 -20 -21 22
v 23 24 -25 -26 -27 28 -29 -30 -31 32 33 -34 -35 36 37 -38 39 40 41 42 -43
v -44 -45 46 47 48 -49 -50 51 52 53 54 55 -56 -57 -58 -59 60 0
c Answer: 1653
v 1 -2 -3 -4 5 6 7 -8 -9 -10 11 -12 -13 -14 15 -16 -17 18 -19 -20 -21 22
v 23 -24 -25 -26 -27 28 -29 -30 -31 32 33 -34 -35 36 37 -38 39 40 41 42 -43
v -44 45 46 47 48 -49 -50 51 52 -53 54 55 56 -57 -58 -59 60 0
c Answer: 1654
v 1 -2 -3 -4 5 6 7 -8 -9 -10 11 -12 -13 -14 15 -16 -17 18 -19 -20 -21 22
v 23 24 -25 -26 -27 28 -29 -30 -31 32 33 -34 -35 36 37 -38 39 40 41 42 -43
v -44 45 46 47 48 -49 -50 51 52 -53 54 55 56 -57 -58 -59 60 0
c Answer: 1655
v -1 -2 3 -4 -5 -6 7 -8 9 -10 -11 -12 13 14 15 -16 -17 18 -19 -20 -21 22
v 23 -24 -25 -26 -27 28 -29 -30 -31 32 33 -34 -35 36 37 -38 39 40 41 42 -43
v -44 -45 46 47 48 -49 -50 51 52 53 54 55 56 -57 -58 -59 60 0
c Answer: 1656
v -1 -2 3 -4 -5 -6 7 -8 9 -10 -11 -12 13 14 15 -16 -17 18 -19 -20 -21 22
v 23 24 -25 -26 -27 28 -29 -30 -31 32 33 -34 -35 36 37 -38 39 40 41 42 -43
v -44 -45 46 47 48 -49 -50 51 52 53 54 55 56 -57 -58 -59 60 0
c Answer: 1657
v 1 -2 -3 -4 5 6 7 -8 -9 -10 11 -12 -13 -14 15 -16 -17 18 -19 -20 -21 22
v 23 -24 -25 -26 -27 28 -29 -30 -31 32 33 -34 -35 36 37 -38 39 40 41 42 43
v -44 45 46 47 48 -49 -50 51 52 -53 54 55 -56 -57 -58 -59 60 0
c Answer: 1658
v -1 -2 3 -4 -5 -6 7 -8 9 -10 -11 -12 13 14 15 -16 -17 18 -19 -20 -21 22
v 23 -24 -25 -26 -27 28 -29 -30 -31 32 33 -34 -35 36 37 -38 39 40 41 42 43
v -44 -45 46 47 48 -49 -50 51 52 53 54 55 -56 -57 -58 -59 60 0
c Answer: 1659
v 1 -2 -3 -4 5 6 7 -8 -9 -10 11 -12 -13 -14 15 -16 -17 18 -19 -20 -21 22
v 23 -24 -25 -26 -27 28 -29 -30 -31 32 33 -34 -35 36 37 -38 39 40 41 42 43
v -44 45 46 47 48 -49 -50 51 52 -53 54 55 56 -57 -58 -59 60 0
c Answer: 1660
v -1 -2 3 -4 -5 -6 7 -8 9 -10 -11 -12 13 14 15 -16 -17 18 -19 -20 -21 22
v 23 -24 -25 -26 -27 28 -29 -30 -31 32 33 -34 -35 36 37 -38 39 40 41 42 43
v -44 -45 46 47 48 -49 -50 51 52 53 54 55 56 -57 -58 -59 60 0
c Answer: 1661
v 1 -2 -3 -4 5 6 7 -8 -9 -10 11 -12 -13 -14 15 -16 -17 18 -19 -20 -21 22
v 23 24 -25 -26 -27 28 -29 -30 -31 32 33 -34 -35 36 37 -38 39 40 41 42 43
v -44 45 46 47 48 -49 -50 51 52 -53 54 55 -56 -57 -58 -59 60 0
c Answer: 1662
v 1 -2 -3 -4 5 6 7 -8 -9 -10 11 -12 -13 -14 15 -16 -17 18 -19 -20 -21 22
v 23 24 -25 -26 -27 28 -29 -30 -31 32 33 -34 -35 36 37 -38 39 40 41 42 43
v -44 45 46 47 48 -49 -50 51 52 -53 54 55 56 -57 -58 -59 60 0
c Answer: 1663
v -1 -2 3 -4 -5 -6 7 -8 9 -10 -11 -12 13 14 15 -16 -17 18 -19 -20 -21 22
v 23 24 -25 -26 -27 28 -29 -30 -31 32 33 -34 -35 36 37 -38 39 40 41 42 43
v -44 -45 46 47 48 -49 -50 51 52 53 54 55 -56 -57 -58 -59 60 0
c Answer: 1664
v -1 -2 3 -4 -5 -6 7 -8 9 -10 -11 -12 13 14 15 -16 -17 18 -19 -20 -21 22
v 23 24 -25 -26 -27 28 -29 -30 -31 32 33 -34 -35 36 37 -38 39 40 41 42 43
v -44 -45 46 47 48 -49 -50 51 52 53 54 55 56 -57 -58 -59 60 0
c Answer: 1665
v 1 -2 -3 -4 5 6 7 -8 -9 -10 11 -12 -13 -14 15 -16 -17 18 -19 -20 -21 22
v 23 -24 -25 -26 -27 28 -29 -30 -31 -32 33 -34 -35 36 37 -38 39 40 41 42
v -43 44 45 46 47 -48 -49 -50 51 -52 -53 54 55 -56 -57 -58 -59 60 0
c Answer: 1666
v -1 -2 3 -4 -5 -6 7 -8 9 -10 -11 -12 13 14 15 -16 -17 18 -19 -20 -21 22
v 23 -24 -25 -26 -27 28 -29 -30 -31 -32 33 -34 -35 36 37 -38 39 40 41 42
v -43 44 -45 46 47 -48 -49 -50 51 -52 53 54 55 -56 -57 -58 -59 60 0
c Answer: 1667
v 1 -2 -3 -4 5 6 7 -8 -9 -10 11 -12 -13 -14 15 -16 -17 18 -19 -20 -21 22
v 23 -24 -25 -26 -27 28 -29 -30 -31 -32 33 -34 -35 36 37 -38 39 40 41 42
v -43 44 45 46 47 -48 -49 -50 51 52 -53 54 55 -56 -57 -58 -59 60 0
c Answer: 1668
v -1 -2 3 -4 -5 -6 7 -8 9 -10 -11 -12 13 14 15 -16 -17 18 -19 -20 -21 22
v 23 -24 -25 -26 -27 28 -29 -30 -31 -32 33 -34 -35 36 37 -38 39 40 41 42
v -43 44 -45 46 47 -48 -49 -50 51 52 53 54 55 -56 -57 -58 -59 60 0
c Answer: 1669
v 1 -2 -3 -4 5 6 7 -8 -9 -10 11 -12 -13 -14 15 -16 -17 18 -19 -20 -21 22
v 23 -24 -25 -26 -27 28 -29 -30 -31 -32 33 -34 -35 36 37 -38 39 40 41 42
v -43 44 45 46 47 48 -49 -50 51 -52 -53 54 55 -56 -57 -58 -59 60 0
c Answer: 1670
v 1 -2 -3 -4 5 6 7 -8 -9 -10 11 -12 -13 -14 15 -16 -17 18 -19 -20 -21 22
v 23 -24 -25 -26 -27 28 -29 -30 -31 -32 33 -34 -35 36 37 -38 39 40 41 42
v -43 44 45 46 47 48 -49 -50 51 52 -53 54 55 -56 -57 -58 -59 60 0
c Answer: 1671
v -1 -2 3 -4 -5 -6 7 -8 9 -10 -11 -12 13 14 15 -16 -17 18 -19 -20 -21 22
v 23 -24 -25 -26 -27 28 -29 -30 -31 -32 33 -34 -35 36 37 -38 39 40 41 42
v -43 44 -45 46 47 48 -49 -50 51 -52 53 54 55 -56 -57 -58 -59 60 0
c Answer: 1672
v -1 -2 3 -4 -5 -6 7 -8 9 -10 -11 -12 13 14 15 -16 -17 18 -19 -20 -21 22
v 23 -24 -25 -26 -27 28 -29 -30 -31 -32 33 -34 -35 36 37 -38 39 40 41 42
v -43 44 -45 46 47 48 -49 -50 51 52 53 54 55 -56 -57 -58 -59 60 0
c Answer: 1673
v 1 -2 -3 -4 5 6 7 -8 -9 -10 11 -12 -13 -14 15 -16 -17 18 -19 -20 -21 22
v 23 -24 -25 -26 -27 28 -29 -30 -31 32 33 -34 -35 36 37 -38 39 40 41 42 -43
v 44 45 46 47 -48 -49 -50 51 -52 -53 54 55 -56 -57 -58 -59 60 0
c Answer: 1674
v -1 -2 3 -4 -5 -6 7 -8 9 -10 -11 -12 13 14 15 -16 -17 18 -19 -20 -21 22
v 23 -24 -25 -26 -27 28 -29 -30 -31 32 33 -34 -35 36 37 -38 39 40 41 42 -43
v 44 -45 46 47 -48 -49 -50 51 -52 53 54 55 -56 -57 -58 -59 60 0
c Answer: 1675
v 1 -2 -3 -4 5 6 7 -8 -9 -10 11 -12 -13 -14 15 -16 -17 18 -19 -20 -21 22
v 23 -24 -25 -26 -27 28 -29 -30 -31 32 33 -34 -35 36 37 -38 39 40 41 42 -43
v 44 45 46 47 48 -49 -50 51 -52 -53 54 55 -56 -57 -58 -59 60 0
c Answer: 1676
v -1 -2 3 -4 -5 -6 7 -8 9 -10 -11 -12 13 14 15 -16 -17 18 -19 -20 -21 22
v 23 -24 -25 -26 -27 28 -29 -30 -31 32 33 -34 -35 36 37 -38 39 40 41 42 -43
v 44 -45 46 47 48 -49 -50 51 -52 53 54 55 -56 -57 -58 -59 60 0
c Answer: 1677
v 1 -2 -3 -4 5 6 7 -8 -9 -10 11 -12 -13 -14 15 -16 -17 18 -19 -20 -21 22
v 23 -24 -25 -26 -27 28 -29 -30 -31 32 33 -34 -35 36 37 -38 39 40 41 42 -43
v 44 45 46 47 -48 -49 -50 51 52 -53 54 55 -56 -57 -58 -59 60 0
c Answer: 1678
v 1 -2 -3 -4 5 6 7 -8 -9 -10 11 -12 -13 -14 15 -16 -17 18 -19 -20 -21 22
v 23 -24 -25 -26 -27 28 -29 -30 -31 32 33 -34 -35 36 37 -38 39 40 41 42 -43
v 44 45 46 47 48 -49 -50 51 52 -53 54 55 -56 -57 -58 -59 60 0
c Answer: 1679
v -1 -2 3 -4 -5 -6 7 -8 9 -10 -11 -12 13 14 15 -16 -17 18 -19 -20 -21 22
v 23 -24 -25 -26 -27 28 -29 -30 -31 32 33 -34 -35 36 37 -38 39 40 41 42 -43
v 44 -45 46 47 -48 -49 -50 51 52 53 54 55 -56 -57 -58 -59 60 0
c Answer: 1680
v -1 -2 3 -4 -5 -6 7 -8 9 -10 -11 -12 13 14 15 -16 -17 18 -19 -20 -21 22
v 23 -24 -25 -26 -27 28 -29 -30 -31 32 33 -34 -35 36 37 -38 39 40 41 42 -43
v 44 -45 46 47 48 -49 -50 51 52 53 54 55 -56 -57 -58 -59 60 0
c Answer: 1681
v 1 -2 -3 -4 5 6 7 -8 -9 -10 11 -12 -13 -14 15 -16 -17 18 -19 -20 -21 22
v 23 -24 -25 -26 -27 28 -29 -30 -31 -32 33 -34 -35 36 37 -38 39 40 41 42
v 43 44 45 46 47 -48 -49 -50 51 -52 -53 54 55 -56 -57 -58 -59 60 0
c Answer: 1682
v -1 -2 3 -4 -5 -6 7 -8 9 -10 -11 -12 13 14 15 -16 -17 18 -19 -20 -21 22
v 23 -24 -25 -26 -27 28 -29 -30 -31 -32 33 -34 -35 36 37 -38 39 40 41 42
v 43 44 -45 46 47 -48 -49 -50 51 -52 53 54 55 -56 -57 -58 -59 60 0
c Answer: 1683
v 1 -2 -3 -4 5 6 7 -8 -9 -10 11 -12 -13 -14 15 -16 -17 18 -19 -20 -21 22
v 23 -24 -25 -26 -27 28 -29 -30 -31 32 33 -34 -35 36 37 -38 39 40 41 42 43
v 44 45 46 47 -48 -49 -50 51 -52 -53 54 55 -56 -57 -58 -59 60 0
c Answer: 1684
v -1 -2 3 -4 -5 -6 7 -8 9 -10 -11 -12 13 14 15 -16 -17 18 -19 -20 -21 22
v 23 -24 -25 -26 -27 28 -29 -30 -31 32 33 -34 -35 36 37 -38 39 40 41 42 43
v 44 -45 46 47 -48 -49 -50 51 -52 53 54 55 -56 -57 -58 -59 60 0
c Answer: 1685
v 1 -2 -3 -4 5 6 7 -8 -9 -10 11 -12 -13 -14 15 -16 -17 18 -19 -20 -21 22
v 23 -24 -25 -26 -27 28 -29 -30 -31 -32 33 -34 -35 36 37 -38 39 40 41 42
v 43 44 45 46 47 -48 -49 -50 51 52 -53 54 55 -56 -57 -58 -59 60 0
c Answer: 1686
v 1 -2 -3 -4 5 6 7 -8 -9 -10 11 -12 -13 -14 15 -16 -17 18 -19 -20 -21 22
v 23 -24 -25 -26 -27 28 -29 -30 -31 32 33 -34 -35 36 37 -38 39 40 41 42 43
v 44 45 46 47 -48 -49 -50 51 52 -53 54 55 -56 -57 -58 -59 60 0
c Answer: 1687
v -1 -2 3 -4 -5 -6 7 -8 9 -10 -11 -12 13 14 15 -16 -17 18 -19 -20 -21 22
v 23 -24 -25 -26 -27 28 -29 -30 -31 -32 33 -34 -35 36 37 -38 39 40 41 42
v 43 44 -45 46 47 -48 -49 -50 51 52 53 54 55 -56 -57 -58 -59 60 0
c Answer: 1688
v -1 -2 3 -4 -5 -6 7 -8 9 -10 -11 -12 13 14 15 -16 -17 18 -19 -20 -21 22
v 23 -24 -25 -26 -27 28 -29 -30 -31 32 33 -34 -35 36 37 -38 39 40 41 42 43
v 44 -45 46 47 -48 -49 -50 51 52 53 54 55 -56 -57 -58 -59 60 0
c Answer: 1689
v 1 -2 -3 -4 5 6 7 -8 -9 -10 11 -12 -13 -14 15 -16 -17 18 -19 -20 -21 22
v 23 -24 -25 -26 -27 28 -29 -30 -31 -32 33 -34 -35 36 37 -38 39 40 41 42
v 43 44 45 46 47 48 -49 -50 51 -52 -53 54 55 -56 -57 -58 -59 60 0
c Answer: 1690
v -1 -2 3 -4 -5 -6 7 -8 9 -10 -11 -12 13 14 15 -16 -17 18 -19 -20 -21 22
v 23 -24 -25 -26 -27 28 -29 -30 -31 -32 33 -34 -35 36 37 -38 39 40 41 42
v 43 44 -45 46 47 48 -49 -50 51 -52 53 54 55 -56 -57 -58 -59 60 0
c Answer: 1691
v 1 -2 -3 -4 5 6 7 -8 -9 -10 11 -12 -13 -14 15 -16 -17 18 -19 -20 -21 22
v 23 -24 -25 -26 -27 28 -29 -30 -31 -32 33 -34 -35 36 37 -38 39 40 41 42
v 43 44 45 46 47 48 -49 -50 51 52 -53 54 55 -56 -57 -58 -59 60 0
c Answer: 1692
v -1 -2 3 -4 -5 -6 7 -8 9 -10 -11 -12 13 14 15 -16 -17 18 -19 -20 -21 22
v 23 -24 -25 -26 -27 28 -29 -30 -31 -32 33 -34 -35 36 37 -38 39 40 41 42
v 43 44 -45 46 47 48 -49 -50 51 52 53 54 55 -56 -57 -58 -59 60 0
c Answer: 1693
v 1 -2 -3 -4 5 6 7 -8 -9 -10 11 -12 -13 -14 15 -16 -17 18 -19 -20 -21 22
v 23 -24 -25 -26 -27 28 -29 -30 -31 32 33 -34 -35 36 37 -38 39 40 41 42 43
v 44 45 46 47 48 -49 -50 51 -52 -53 54 55 -56 -57 -58 -59 60 0
c Answer: 1694
v 1 -2 -3 -4 5 6 7 -8 -9 -10 11 -12 -13 -14 15 -16 -17 18 -19 -20 -21 22
v 23 -24 -25 -26 -27 28 -29 -30 -31 32 33 -34 -35 36 37 -38 39 40 41 42 43
v 44 45 46 47 48 -49 -50 51 52 -53 54 55 -56 -57 -58 -59 60 0
c Answer: 1695
v -1 -2 3 -4 -5 -6 7 -8 9 -10 -11 -12 13 14 15 -16 -17 18 -19 -20 -21 22
v 23 -24 -25 -26 -27 28 -29 -30 -31 32 33 -34 -35 36 37 -38 39 40 41 42 43
v 44 -45 46 47 48 -49 -50 51 -52 53 54 55 -56 -57 -58 -59 60 0
c Answer: 1696
v -1 -2 3 -4 -5 -6 7 -8 9 -10 -11 -12 13 14 15 -16 -17 18 -19 -20 -21 22
v 23 -24 -25 -26 -27 28 -29 -30 -31 32 33 -34 -35 36 37 -38 39 40 41 42 43
v 44 -45 46 47 48 -49 -50 51 52 53 54 55 -56 -57 -58 -59 60 0
c Answer: 1697
v 1 -2 -3 -4 5 6 7 -8 -9 -10 11 -12 -13 -14 15 -16 -17 18 -19 -20 -21 22
v 23 24 -25 -26 -27 28 -29 -30 -31 -32 33 -34 -35 36 37 -38 39 40 41 42 -43
v 44 45 46 47 -48 -49 -50 51 -52 -53 54 55 -56 -57 -58 -59 60 0
c Answer: 1698
v -1 -2 3 -4 -5 -6 7 -8 9 -10 -11 -12 13 14 15 -16 -17 18 -19 -20 -21 22
v 23 24 -25 -26 -27 28 -29 -30 -31 -32 33 -34 -35 36 37 -38 39 40 41 42 -43
v 44 -45 46 47 -48 -49 -50 51 -52 53 54 55 -56 -57 -58 -59 60 0
c Answer: 1699
v 1 -2 -3 -4 5 6 7 -8 -9 -10 11 -12 -13 -14 15 -16 -17 18 -19 -20 -21 22
v 23 24 -25 -26 -27 28 -29 -30 -31 -32 33 -34 -35 36 37 -38 39 40 41 42 43
v 44 45 46 47 -48 -49 -50 51 -52 -53 54 55 -56 -57 -58 -59 60 0
c Answer: 1700
v -1 -2 3 -4 -5 -6 7 -8 9 -10 -11 -12 13 14 15 -16 -17 18 -19 -20 -21 22
v 23 24 -25 -26 -27 28 -29 -30 -31 -32 33 -34 -35 36 37 -38 39 40 41 42 43
v 44 -45 46 47 -48 -49 -50 51 -52 53 54 55 -56 -57 -58 -59 60 0
c Answer: 1701
v 1 -2 -3 -4 5 6 7 -8 -9 -10 11 -12 -13 -14 15 -16 -17 18 -19 -20 -21 22
v 23 24 -25 -26 -27 28 -29 -30 -31 -32 33 -34 -35 36 37 -38 39 40 41 42 -43
v 44 45 46 47 48 -49 -50 51 -52 -53 54 55 -56 -57 -58 -59 60 0
c Answer: 1702
v 1 -2 -3 -4 5 6 7 -8 -9 -10 11 -12 -13 -14 15 -16 -17 18 -19 -20 -21 22
v 23 24 -25 -26 -27 28 -29 -30 -31 -32 33 -34 -35 36 37 -38 39 40 41 42 43
v 44 45 46 47 48 -49 -50 51 -52 -53 54 55 -56 -57 -58 -59 60 0
c Answer: 1703
v -1 -2 3 -4 -5 -6 7 -8 9 -10 -11 -12 13 14 15 -16 -17 18 -19 -20 -21 22
v 23 24 -25 -26 -27 28 -29 -30 -31 -32 33 -34 -35 36 37 -38 39 40 41 42 -43
v 44 -45 46 47 48 -49 -50 51 -52 53 54 55 -56 -57 -58 -59 60 0
c Answer: 1704
v -1 -2 3 -4 -5 -6 7 -8 9 -10 -11 -12 13 14 15 -16 -17 18 -19 -20 -21 22
v 23 24 -25 -26 -27 28 -29 -30 -31 -32 33 -34 -35 36 37 -38 39 40 41 42 43
v 44 -45 46 47 48 -49 -50 51 -52 53 54 55 -56 -57 -58 -59 60 0
c Answer: 1705
v 1 -2 -3 -4 5 6 7 -8 -9 -10 11 -12 -13 -14 15 -16 -17 18 -19 -20 -21 22
v 23 24 -25 -26 -27 28 -29 -30 -31 32 33 -34 -35 36 37 -38 39 40 41 42 -43
v 44 45 46 47 -48 -49 -50 51 -52 -53 54 55 -56 -57 -58 -59 60 0
c Answer: 1706
v -1 -2 3 -4 -5 -6 7 -8 9 -10 -11 -12 13 14 15 -16 -17 18 -19 -20 -21 22
v 23 24 -25 -26 -27 28 -29 -30 -31 32 33 -34 -35 36 37 -38 39 40 41 42 -43
v 44 -45 46 47 -48 -49 -50 51 -52 53 54 55 -56 -57 -58 -59 60 0
c Answer: 1707
v 1 -2 -3 -4 5 6 7 -8 -9 -10 11 -12 -13 -14 15 -16 -17 18 -19 -20 -21 22
v 23 24 -25 -26 -27 28 -29 -30 -31 32 33 -34 -35 36 37 -38 39 40 41 42 -43
v 44 45 46 47 48 -49 -50 51 -52 -53 54 55 -56 -57 -58 -59 60 0
c Answer: 1708
v -1 -2 3 -4 -5 -6 7 -8 9 -10 -11 -12 13 14 15 -16 -17 18 -19 -20 -21 22
v 23 24 -25 -26 -27 28 -29 -30 -31 32 33 -34 -35 36 37 -38 39 40 41 42 -43
v 44 -45 46 47 48 -49 -50 51 -52 53 54 55 -56 -57 -58 -59 60 0
c Answer: 1709
v 1 -2 -3 -4 5 6 7 -8 -9 -10 11 -12 -13 -14 15 -16 -17 18 -19 -20 -21 22
v 23 24 -25 -26 -27 28 -29 -30 -31 32 33 -34 -35 36 37 -38 39 40 41 42 43
v 44 45 46 47 -48 -49 -50 51 -52 -53 54 55 -56 -57 -58 -59 60 0
c Answer: 1710
v 1 -2 -3 -4 5 6 7 -8 -9 -10 11 -12 -13 -14 15 -16 -17 18 -19 -20 -21 22
v 23 24 -25 -26 -27 28 -29 -30 -31 32 33 -34 -35 36 37 -38 39 40 41 42 43
v 44 45 46 47 48 -49 -50 51 -52 -53 54 55 -56 -57 -58 -59 60 0
c Answer: 1711
v -1 -2 3 -4 -5 -6 7 -8 9 -10 -11 -12 13 14 15 -16 -17 18 -19 -20 -21 22
v 23 24 -25 -26 -27 28 -29 -30 -31 32 33 -34 -35 36 37 -38 39 40 41 42 43
v 44 -45 46 47 -48 -49 -50 51 -52 53 54 55 -56 -57 -58 -59 60 0
c Answer: 1712
v -1 -2 3 -4 -5 -6 7 -8 9 -10 -11 -12 13 14 15 -16 -17 18 -19 -20 -21 22
v 23 24 -25 -26 -27 28 -29 -30 -31 32 33 -34 -35 36 37 -38 39 40 41 42 43
v 44 -45 46 47 48 -49 -50 51 -52 53 54 55 -56 -57 -58 -59 60 0
c Answer: 1713
v 1 -2 -3 -4 5 6 7 -8 -9 -10 11 -12 -13 -14 15 -16 -17 18 -19 -20 -21 22
v 23 24 -25 -26 -27 28 -29 -30 -31 -32 33 -34 -35 36 37 -38 39 40 41 42 -43
v 44 45 46 47 -48 -49 -50 51 52 -53 54 55 -56 -57 -58 -59 60 0
c Answer: 1714
v -1 -2 3 -4 -5 -6 7 -8 9 -10 -11 -12 13 14 15 -16 -17 18 -19 -20 -21 22
v 23 24 -25 -26 -27 28 -29 -30 -31 -32 33 -34 -35 36 37 -38 39 40 41 42 -43
v 44 -45 46 47 -48 -49 -50 51 52 53 54 55 -56 -57 -58 -59 60 0
c Answer: 1715
v 1 -2 -3 -4 5 6 7 -8 -9 -10 11 -12 -13 -14 15 -16 -17 18 -19 -20 -21 22
v 23 24 -25 -26 -27 28 -29 -30 -31 32 33 -34 -35 36 37 -38 39 40 41 42 -43
v 44 45 46 47 -48 -49 -50 51 52 -53 54 55 -56 -57 -58 -59 60 0
c Answer: 1716
v -1 -2 3 -4 -5 -6 7 -8 9 -10 -11 -12 13 14 15 -16 -17 18 -19 -20 -21 22
v 23 24 -25 -26 -27 28 -29 -30 -31 32 33 -34 -35 36 37 -38 39 40 41 42 -43
v 44 -45 46 47 -48 -49 -50 51 52 53 54 55 -56 -57 -58 -59 60 0
c Answer: 1717
v 1 -2 -3 -4 5 6 7 -8 -9 -10 11 -12 -13 -14 15 -16 -17 18 -19 -20 -21 22
v 23 24 -25 -26 -27 28 -29 -30 -31 -32 33 -34 -35 36 37 -38 39 40 41 42 43
v 44 45 46 47 -48 -49 -50 51 52 -53 54 55 -56 -57 -58 -59 60 0
c Answer: 1718
v 1 -2 -3 -4 5 6 7 -8 -9 -10 11 -12 -13 -14 15 -16 -17 18 -19 -20 -21 22
v 23 24 -25 -26 -27 28 -29 -30 -31 32 33 -34 -35 36 37 -38 39 40 41 42 43
v 44 45 46 47 -48 -49 -50 51 52 -53 54 55 -56 -57 -58 -59 60 0
c Answer: 1719
v -1 -2 3 -4 -5 -6 7 -8 9 -10 -11 -12 13 14 15 -16 -17 18 -19 -20 -21 22
v 23 24 -25 -26 -27 28 -29 -30 -31 -32 33 -34 -35 36 37 -38 39 40 41 42 43
v 44 -45 46 47 -48 -49 -50 51 52 53 54 55 -56 -57 -58 -59 60 0
c Answer: 1720
v -1 -2 3 -4 -5 -6 7 -8 9 -10 -11 -12 13 14 15 -16 -17 18 -19 -20 -21 22
v 23 24 -25 -26 -27 28 -29 -30 -31 32 33 -34 -35 36 37 -38 39 40 41 42 43
v 44 -45 46 47 -48 -49 -50 51 52 53 54 55 -56 -57 -58 -59 60 0
c Answer: 1721
v 1 -2 -3 -4 5 6 7 -8 -9 -10 11 -12 -13 -14 15 -16 -17 18 -19 -20 -21 22
v 23 24 -25 -26 -27 28 -29 -30 -31 -32 33 -34 -35 36 37 -38 39 40 41 42 -43
v 44 45 46 47 48 -49 -50 51 52 -53 54 55 -56 -57 -58 -59 60 0
c Answer: 1722
v -1 -2 3 -4 -5 -6 7 -8 9 -10 -11 -12 13 14 15 -16 -17 18 -19 -20 -21 22
v 23 24 -25 -26 -27 28 -29 -30 -31 -32 33 -34 -35 36 37 -38 39 40 41 42 -43
v 44 -45 46 47 48 -49 -50 51 52 53 54 55 -56 -57 -58 -59 60 0
c Answer: 1723
v 1 -2 -3 -4 5 6 7 -8 -9 -10 11 -12 -13 -14 15 -16 -17 18 -19 -20 -21 22
v 23 24 -25 -26 -27 28 -29 -30 -31 -32 33 -34 -35 36 37 -38 39 40 41 42 43
v 44 45 46 47 48 -49 -50 51 52 -53 54 55 -56 -57 -58 -59 60 0
c Answer: 1724
v -1 -2 3 -4 -5 -6 7 -8 9 -10 -11 -12 13 14 15 -16 -17 18 -19 -20 -21 22
v 23 24 -25 -26 -27 28 -29 -30 -31 -32 33 -34 -35 36 37 -38 39 40 41 42 43
v 44 -45 46 47 48 -49 -50 51 52 53 54 55 -56 -57 -58 -59 60 0
c Answer: 1725
v 1 -2 -3 -4 5 6 7 -8 -9 -10 11 -12 -13 -14 15 -16 -17 18 -19 -20 -21 22
v 23 24 -25 -26 -27 28 -29 -30 -31 32 33 -34 -35 36 37 -38 39 40 41 42 -43
v 44 45 46 47 48 -49 -50 51 52 -53 54 55 -56 -57 -58 -59 60 0
c Answer: 1726
v 1 -2 -3 -4 5 6 7 -8 -9 -10 11 -12 -13 -14 15 -16 -17 18 -19 -20 -21 22
v 23 24 -25 -26 -27 28 -29 -30 -31 32 33 -34 -35 36 37 -38 39 40 41 42 43
v 44 45 46 47 48 -49 -50 51 52 -53 54 55 -56 -57 -58 -59 60 0
c Answer: 1727
v -1 -2 3 -4 -5 -6 7 -8 9 -10 -11 -12 13 14 15 -16 -17 18 -19 -20 -21 22
v 23 24 -25 -26 -27 28 -29 -30 -31 32 33 -34 -35 36 37 -38 39 40 41 42 -43
v 44 -45 46 47 48 -49 -50 51 52 53 54 55 -56 -57 -58 -59 60 0
c Answer: 1728
v -1 -2 3 -4 -5 -6 7 -8 9 -10 -11 -12 13 14 15 -16 -17 18 -19 -20 -21 22
v 23 24 -25 -26 -27 28 -29 -30 -31 32 33 -34 -35 36 37 -38 39 40 41 42 43
v 44 -45 46 47 48 -49 -50 51 52 53 54 55 -56 -57 -58 -59 60 0
c Answer: 1729
v 1 -2 -3 -4 5 6 7 -8 -9 -10 11 -12 -13 -14 15 -16 -17 18 -19 -20 -21 22
v 23 -24 -25 -26 -27 28 -29 -30 -31 -32 33 -34 -35 36 37 -38 39 40 41 42
v -43 44 45 46 47 -48 -49 -50 51 -52 -53 54 55 56 -57 -58 -59 60 0
c Answer: 1730
v -1 -2 3 -4 -5 -6 7 -8 9 -10 -11 -12 13 14 15 -16 -17 18 -19 -20 -21 22
v 23 -24 -25 -26 -27 28 -29 -30 -31 -32 33 -34 -35 36 37 -38 39 40 41 42
v -43 44 -45 46 47 -48 -49 -50 51 -52 53 54 55 56 -57 -58 -59 60 0
c Answer: 1731
v 1 -2 -3 -4 5 6 7 -8 -9 -10 11 -12 -13 -14 15 -16 -17 18 -19 -20 -21 22
v 23 24 -25 -26 -27 28 -29 -30 -31 -32 33 -34 -35 36 37 -38 39 40 41 42 -43
v 44 45 46 47 -48 -49 -50 51 -52 -53 54 55 56 -57 -58 -59 60 0
c Answer: 1732
v -1 -2 3 -4 -5 -6 7 -8 9 -10 -11 -12 13 14 15 -16 -17 18 -19 -20 -21 22
v 23 24 -25 -26 -27 28 -29 -30 -31 -32 33 -34 -35 36 37 -38 39 40 41 42 -43
v 44 -45 46 47 -48 -49 -50 51 -52 53 54 55 56 -57 -58 -59 60 0
c Answer: 1733
v 1 -2 -3 -4 5 6 7 -8 -9 -10 11 -12 -13 -14 15 -16 -17 18 -19 -20 -21 22
v 23 -24 -25 -26 -27 28 -29 -30 -31 -32 33 -34 -35 36 37 -38 39 40 41 42
v -43 44 45 46 47 -48 -49 -50 51 52 -53 54 55 56 -57 -58 -59 60 0
c Answer: 1734
v 1 -2 -3 -4 5 6 7 -8 -9 -10 11 -12 -13 -14 15 -16 -17 18 -19 -20 -21 22
v 23 24 -25 -26 -27 28 -29 -30 -31 -32 33 -34 -35 36 37 -38 39 40 41 42 -43
v 44 45 46 47 -48 -49 -50 51 52 -53 54 55 56 -57 -58 -59 60 0
c Answer: 1735
v -1 -2 3 -4 -5 -6 7 -8 9 -10 -11 -12 13 14 15 -16 -17 18 -19 -20 -21 22
v 23 -24 -25 -26 -27 28 -29 -30 -31 -32 33 -34 -35 36 37 -38 39 40 41 42
v -43 44 -45 46 47 -48 -49 -50 51 52 53 54 55 56 -57 -58 -59 60 0
c Answer: 1736
v -1 -2 3 -4 -5 -6 7 -8 9 -10 -11 -12 13 14 15 -16 -17 18 -19 -20 -21 22
v 23 24 -25 -26 -27 28 -29 -30 -31 -32 33 -34 -35 36 37 -38 39 40 41 42 -43
v 44 -45 46 47 -48 -49 -50 51 52 53 54 55 56 -57 -58 -59 60 0
c Answer: 1737
v 1 -2 -3 -4 5 6 7 -8 -9 -10 11 -12 -13 -14 15 -16 -17 18 -19 -20 -21 22
v 23 -24 -25 -26 -27 28 -29 -30 -31 -32 33 -34 -35 36 37 -38 39 40 41 42
v -43 44 45 46 47 48 -49 -50 51 -52 -53 54 55 56 -57 -58 -59 60 0
c Answer: 1738
v -1 -2 3 -4 -5 -6 7 -8 9 -10 -11 -12 13 14 15 -16 -17 18 -19 -20 -21 22
v 23 -24 -25 -26 -27 28 -29 -30 -31 -32 33 -34 -35 36 37 -38 39 40 41 42
v -43 44 -45 46 47 48 -49 -50 51 -52 53 54 55 56 -57 -58 -59 60 0
c Answer: 1739
v 1 -2 -3 -4 5 6 7 -8 -9 -10 11 -12 -13 -14 15 -16 -17 18 -19 -20 -21 22
v 23 -24 -25 -26 -27 28 -29 -30 -31 -32 33 -34 -35 36 37 -38 39 40 41 42
v -43 44 45 46 47 48 -49 -50 51 52 -53 54 55 56 -57 -58 -59 60 0
c Answer: 1740
v -1 -2 3 -4 -5 -6 7 -8 9 -10 -11 -12 13 14 15 -16 -17 18 -19 -20 -21 22
v 23 -24 -25 -26 -27 28 -29 -30 -31 -32 33 -34 -35 36 37 -38 39 40 41 42
v -43 44 -45 46 47 48 -49 -50 51 52 53 54 55 56 -57 -58 -59 60 0
c Answer: 1741
v 1 -2 -3 -4 5 6 7 -8 -9 -10 11 -12 -13 -14 15 -16 -17 18 -19 -20 -21 22
v 23 24 -25 -26 -27 28 -29 -30 -31 -32 33 -34 -35 36 37 -38 39 40 41 42 -43
v 44 45 46 47 48 -49 -50 51 -52 -53 54 55 56 -57 -58 -59 60 0
c Answer: 1742
v 1 -2 -3 -4 5 6 7 -8 -9 -10 11 -12 -13 -14 15 -16 -17 18 -19 -20 -21 22
v 23 24 -25 -26 -27 28 -29 -30 -31 -32 33 -34 -35 36 37 -38 39 40 41 42 -43
v 44 45 46 47 48 -49 -50 51 52 -53 54 55 56 -57 -58 -59 60 0
c Answer: 1743
v -1 -2 3 -4 -5 -6 7 -8 9 -10 -11 -12 13 14 15 -16 -17 18 -19 -20 -21 22
v 23 24 -25 -26 -27 28 -29 -30 -31 -32 33 -34 -35 36 37 -38 39 40 41 42 -43
v 44 -45 46 47 48 -49 -50 51 -52 53 54 55 56 -57 -58 -59 60 0
c Answer: 1744
v -1 -2 3 -4 -5 -6 7 -8 9 -10 -11 -12 13 14 15 -16 -17 18 -19 -20 -21 22
v 23 24 -25 -26 -27 28 -29 -30 -31 -32 33 -34 -35 36 37 -38 39 40 41 42 -43
v 44 -45 46 47 48 -49 -50 51 52 53 54 55 56 -57 -58 -59 60 0
c Answer: 1745
v 1 -2 -3 -4 5 6 7 -8 -9 -10 11 -12 -13 -14 15 -16 -17 18 -19 -20 -21 22
v 23 -24 -25 -26 -27 28 -29 -30 -31 32 33 -34 -35 36 37 -38 39 40 41 42 -43
v 44 45 46 47 -48 -49 -50 51 -52 -53 54 55 56 -57 -58 -59 60 0
c Answer: 1746
v -1 -2 3 -4 -5 -6 7 -8 9 -10 -11 -12 13 14 15 -16 -17 18 -19 -20 -21 22
v 23 -24 -25 -26 -27 28 -29 -30 -31 32 33 -34 -35 36 37 -38 39 40 41 42 -43
v 44 -45 46 47 -48 -49 -50 51 -52 53 54 55 56 -57 -58 -59 60 0
c Answer: 1747
v 1 -2 -3 -4 5 6 7 -8 -9 -10 11 -12 -13 -14 15 -16 -17 18 -19 -20 -21 22
v 23 -24 -25 -26 -27 28 -29 -30 -31 32 33 -34 -35 36 37 -38 39 40 41 42 -43
v 44 45 46 47 48 -49 -50 51 -52 -53 54 55 56 -57 -58 -59 60 0
c Answer: 1748
v -1 -2 3 -4 -5 -6 7 -8 9 -10 -11 -12 13 14 15 -16 -17 18 -19 -20 -21 22
v 23 -24 -25 -26 -27 28 -29 -30 -31 32 33 -34 -35 36 37 -38 39 40 41 42 -43
v 44 -45 46 47 48 -49 -50 51 -52 53 54 55 56 -57 -58 -59 60 0
c Answer: 1749
v 1 -2 -3 -4 5 6 7 -8 -9 -10 11 -12 -13 -14 15 -16 -17 18 -19 -20 -21 22
v 23 24 -25 -26 -27 28 -29 -30 -31 32 33 -34 -35 36 37 -38 39 40 41 42 -43
v 44 45 46 47 -48 -49 -50 51 -52 -53 54 55 56 -57 -58 -59 60 0
c Answer: 1750
v 1 -2 -3 -4 5 6 7 -8 -9 -10 11 -12 -13 -14 15 -16 -17 18 -19 -20 -21 22
v 23 24 -25 -26 -27 28 -29 -30 -31 32 33 -34 -35 36 37 -38 39 40 41 42 -43
v 44 45 46 47 48 -49 -50 51 -52 -53 54 55 56 -57 -58 -59 60 0
c Answer: 1751
v -1 -2 3 -4 -5 -6 7 -8 9 -10 -11 -12 13 14 15 -16 -17 18 -19 -20 -21 22
v 23 24 -25 -26 -27 28 -29 -30 -31 32 33 -34 -35 36 37 -38 39 40 41 42 -43
v 44 -45 46 47 -48 -49 -50 51 -52 53 54 55 56 -57 -58 -59 60 0
c Answer: 1752
v -1 -2 3 -4 -5 -6 7 -8 9 -10 -11 -12 13 14 15 -16 -17 18 -19 -20 -21 22
v 23 24 -25 -26 -27 28 -29 -30 -31 32 33 -34 -35 36 37 -38 39 40 41 42 -43
v 44 -45 46 47 48 -49 -50 51 -52 53 54 55 56 -57 -58 -59 60 0
c Answer: 1753
v 1 -2 -3 -4 5 6 7 -8 -9 -10 11 -12 -13 -14 15 -16 -17 18 -19 -20 -21 22
v 23 -24 -25 -26 -27 28 -29 -30 -31 32 33 -34 -35 36 37 -38 39 40 41 42 -43
v 44 45 46 47 -48 -49 -50 51 52 -53 54 55 56 -57 -58 -59 60 0
c Answer: 1754
v -1 -2 3 -4 -5 -6 7 -8 9 -10 -11 -12 13 14 15 -16 -17 18 -19 -20 -21 22
v 23 -24 -25 -26 -27 28 -29 -30 -31 32 33 -34 -35 36 37 -38 39 40 41 42 -43
v 44 -45 46 47 -48 -49 -50 51 52 53 54 55 56 -57 -58 -59 60 0
c Answer: 1755
v 1 -2 -3 -4 5 6 7 -8 -9 -10 11 -12 -13 -14 15 -16 -17 18 -19 -20 -21 22
v 23 24 -25 -26 -27 28 -29 -30 -31 32 33 -34 -35 36 37 -38 39 40 41 42 -43
v 44 45 46 47 -48 -49 -50 51 52 -53 54 55 56 -57 -58 -59 60 0
c Answer: 1756
v -1 -2 3 -4 -5 -6 7 -8 9 -10 -11 -12 13 14 15 -16 -17 18 -19 -20 -21 22
v 23 24 -25 -26 -27 28 -29 -30 -31 32 33 -34 -35 36 37 -38 39 40 41 42 -43
v 44 -45 46 47 -48 -49 -50 51 52 53 54 55 56 -57 -58 -59 60 0
c Answer: 1757
v 1 -2 -3 -4 5 6 7 -8 -9 -10 11 -12 -13 -14 15 -16 -17 18 -19 -20 -21 22
v 23 -24 -25 -26 -27 28 -29 -30 -31 32 33 -34 -35 36 37 -38 39 40 41 42 -43
v 44 45 46 47 48 -49 -50 51 52 -53 54 55 56 -57 -58 -59 60 0
c Answer: 1758
v 1 -2 -3 -4 5 6 7 -8 -9 -10 11 -12 -13 -14 15 -16 -17 18 -19 -20 -21 22
v 23 24 -25 -26 -27 28 -29 -30 -31 32 33 -34 -35 36 37 -38 39 40 41 42 -43
v 44 45 46 47 48 -49 -50 51 52 -53 54 55 56 -57 -58 -59 60 0
c Answer: 1759
v -1 -2 3 -4 -5 -6 7 -8 9 -10 -11 -12 13 14 15 -16 -17 18 -19 -20 -21 22
v 23 -24 -25 -26 -27 28 -29 -30 -31 32 33 -34 -35 36 37 -38 39 40 41 42 -43
v 44 -45 46 47 48 -49 -50 51 52 53 54 55 56 -57 -58 -59 60 0
c Answer: 1760
v -1 -2 3 -4 -5 -6 7 -8 9 -10 -11 -12 13 14 15 -16 -17 18 -19 -20 -21 22
v 23 24 -25 -26 -27 28 -29 -30 -31 32 33 -34 -35 36 37 -38 39 40 41 42 -43
v 44 -45 46 47 48 -49 -50 51 52 53 54 55 56 -57 -58 -59 60 0
c Answer: 1761
v 1 -2 -3 -4 5 6 7 -8 -9 -10 11 -12 -13 -14 15 -16 -17 18 -19 -20 -21 22
v 23 -24 -25 -26 -27 28 -29 -30 -31 -32 33 -34 -35 36 37 -38 39 40 41 42
v 43 44 45 46 47 -48 -49 -50 51 -52 -53 54 55 56 -57 -58 -59 60 0
c Answer: 1762
v -1 -2 3 -4 -5 -6 7 -8 9 -10 -11 -12 13 14 15 -16 -17 18 -19 -20 -21 22
v 23 -24 -25 -26 -27 28 -29 -30 -31 -32 33 -34 -35 36 37 -38 39 40 41 42
v 43 44 -45 46 47 -48 -49 -50 51 -52 53 54 55 56 -57 -58 -59 60 0
c Answer: 1763
v 1 -2 -3 -4 5 6 7 -8 -9 -10 11 -12 -13 -14 15 -16 -17 18 -19 -20 -21 22
v 23 -24 -25 -26 -27 28 -29 -30 -31 32 33 -34 -35 36 37 -38 39 40 41 42 43
v 44 45 46 47 -48 -49 -50 51 -52 -53 54 55 56 -57 -58 -59 60 0
c Answer: 1764
v -1 -2 3 -4 -5 -6 7 -8 9 -10 -11 -12 13 14 15 -16 -17 18 -19 -20 -21 22
v 23 -24 -25 -26 -27 28 -29 -30 -31 32 33 -34 -35 36 37 -38 39 40 41 42 43
v 44 -45 46 47 -48 -49 -50 51 -52 53 54 55 56 -57 -58 -59 60 0
c Answer: 1765
v 1 -2 -3 -4 5 6 7 -8 -9 -10 11 -12 -13 -14 15 -16 -17 18 -19 -20 -21 22
v 23 -24 -25 -26 -27 28 -29 -30 -31 -32 33 -34 -35 36 37 -38 39 40 41 42
v 43 44 45 46 47 -48 -49 -50 51 52 -53 54 55 56 -57 -58 -59 60 0
c Answer: 1766
v 1 -2 -3 -4 5 6 7 -8 -9 -10 11 -12 -13 -14 15 -16 -17 18 -19 -20 -21 22
v 23 -24 -25 -26 -27 28 -29 -30 -31 32 33 -34 -35 36 37 -38 39 40 41 42 43
v 44 45 46 47 -48 -49 -50 51 52 -53 54 55 56 -57 -58 -59 60 0
c Answer: 1767
v -1 -2 3 -4 -5 -6 7 -8 9 -10 -11 -12 13 14 15 -16 -17 18 -19 -20 -21 22
v 23 -24 -25 -26 -27 28 -29 -30 -31 -32 33 -34 -35 36 37 -38 39 40 41 42
v 43 44 -45 46 47 -48 -49 -50 51 52 53 54 55 56 -57 -58 -59 60 0
c Answer: 1768
v -1 -2 3 -4 -5 -6 7 -8 9 -10 -11 -12 13 14 15 -16 -17 18 -19 -20 -21 22
v 23 -24 -25 -26 -27 28 -29 -30 -31 32 33 -34 -35 36 37 -38 39 40 41 42 43
v 44 -45 46 47 -48 -49 -50 51 52 53 54 55 56 -57 -58 -59 60 0
c Answer: 1769
v 1 -2 -3 -4 5 6 7 -8 -9 -10 11 -12 -13 -14 15 -16 -17 18 -19 -20 -21 22
v 23 -24 -25 -26 -27 28 -29 -30 -31 -32 33 -34 -35 36 37 -38 39 40 41 42
v 43 44 45 46 47 48 -49 -50 51 -52 -53 54 55 56 -57 -58 -59 60 0
c Answer: 1770
v -1 -2 3 -4 -5 -6 7 -8 9 -10 -11 -12 13 14 15 -16 -17 18 -19 -20 -21 22
v 23 -24 -25 -26 -27 28 -29 -30 -31 -32 33 -34 -35 36 37 -38 39 40 41 42
v 43 44 -45 46 47 48 -49 -50 51 -52 53 54 55 56 -57 -58 -59 60 0
c Answer: 1771
v 1 -2 -3 -4 5 6 7 -8 -9 -10 11 -12 -13 -14 15 -16 -17 18 -19 -20 -21 22
v 23 -24 -25 -26 -27 28 -29 -30 -31 -32 33 -34 -35 36 37 -38 39 40 41 42
v 43 44 45 46 47 48 -49 -50 51 52 -53 54 55 56 -57 -58 -59 60 0
c Answer: 1772
v -1 -2 3 -4 -5 -6 7 -8 9 -10 -11 -12 13 14 15 -16 -17 18 -19 -20 -21 22
v 23 -24 -25 -26 -27 28 -29 -30 -31 -32 33 -34 -35 36 37 -38 39 40 41 42
v 43 44 -45 46 47 48 -49 -50 51 52 53 54 55 56 -57 -58 -59 60 0
c Answer: 1773
v 1 -2 -3 -4 5 6 7 -8 -9 -10 11 -12 -13 -14 15 -16 -17 18 -19 -20 -21 22
v 23 -24 -25 -26 -27 28 -29 -30 -31 32 33 -34 -35 36 37 -38 39 40 41 42 43
v 44 45 46 47 48 -49 -50 51 -52 -53 54 55 56 -57 -58 -59 60 0
c Answer: 1774
v 1 -2 -3 -4 5 6 7 -8 -9 -10 11 -12 -13 -14 15 -16 -17 18 -19 -20 -21 22
v 23 -24 -25 -26 -27 28 -29 -30 -31 32 33 -34 -35 36 37 -38 39 40 41 42 43
v 44 45 46 47 48 -49 -50 51 52 -53 54 55 56 -57 -58 -59 60 0
c Answer: 1775
v -1 -2 3 -4 -5 -6 7 -8 9 -10 -11 -12 13 14 15 -16 -17 18 -19 -20 -21 22
v 23 -24 -25 -26 -27 28 -29 -30 -31 32 33 -34 -35 36 37 -38 39 40 41 42 43
v 44 -45 46 47 48 -49 -50 51 -52 53 54 55 56 -57 -58 -59 60 0
c Answer: 1776
v -1 -2 3 -4 -5 -6 7 -8 9 -10 -11 -12 13 14 15 -16 -17 18 -19 -20 -21 22
v 23 -24 -25 -26 -27 28 -29 -30 -31 32 33 -34 -35 36 37 -38 39 40 41 42 43
v 44 -45 46 47 48 -49 -50 51 52 53 54 55 56 -57 -58 -59 60 0
c Answer: 1777
v 1 -2 -3 -4 5 6 7 -8 -9 -10 11 -12 -13 -14 15 -16 -17 18 -19 -20 -21 22
v 23 24 -25 -26 -27 28 -29 -30 -31 -32 33 -34 -35 36 37 -38 39 40 41 42 43
v 44 45 46 47 -48 -49 -50 51 -52 -53 54 55 56 -57 -58 -59 60 0
c Answer: 1778
v -1 -2 3 -4 -5 -6 7 -8 9 -10 -11 -12 13 14 15 -16 -17 18 -19 -20 -21 22
v 23 24 -25 -26 -27 28 -29 -30 -31 -32 33 -34 -35 36 37 -38 39 40 41 42 43
v 44 -45 46 47 -48 -49 -50 51 -52 53 54 55 56 -57 -58 -59 60 0
c Answer: 1779
v 1 -2 -3 -4 5 6 7 -8 -9 -10 11 -12 -13 -14 15 -16 -17 18 -19 -20 -21 22
v 23 24 -25 -26 -27 28 -29 -30 -31 -32 33 -34 -35 36 37 -38 39 40 41 42 43
v 44 45 46 47 48 -49 -50 51 -52 -53 54 55 56 -57 -58 -59 60 0
c Answer: 1780
v -1 -2 3 -4 -5 -6 7 -8 9 -10 -11 -12 13 14 15 -16 -17 18 -19 -20 -21 22
v 23 24 -25 -26 -27 28 -29 -30 -31 -32 33 -34 -35 36 37 -38 39 40 41 42 43
v 44 -45 46 47 48 -49 -50 51 -52 53 54 55 56 -57 -58 -59 60 0
c Answer: 1781
v 1 -2 -3 -4 5 6 7 -8 -9 -10 11 -12 -13 -14 15 -16 -17 18 -19 -20 -21 22
v 23 24 -25 -26 -27 28 -29 -30 -31 32 33 -34 -35 36 37 -38 39 40 41 42 43
v 44 45 46 47 -48 -49 -50 51 -52 -53 54 55 56 -57 -58 -59 60 0
c Answer: 1782
v 1 -2 -3 -4 5 6 7 -8 -9 -10 11 -12 -13 -14 15 -16 -17 18 -19 -20 -21 22
v 23 24 -25 -26 -27 28 -29 -30 -31 32 33 -34 -35 36 37 -38 39 40 41 42 43
v 44 45 46 47 48 -49 -50 51 -52 -53 54 55 56 -57 -58 -59 60 0
c Answer: 1783
v -1 -2 3 -4 -5 -6 7 -8 9 -10 -11 -12 13 14 15 -16 -17 18 -19 -20 -21 22
v 23 24 -25 -26 -27 28 -29 -30 -31 32 33 -34 -35 36 37 -38 39 40 41 42 43
v 44 -45 46 47 -48 -49 -50 51 -52 53 54 55 56 -57 -58 -59 60 0
c Answer: 1784
v -1 -2 3 -4 -5 -6 7 -8 9 -10 -11 -12 13 14 15 -16 -17 18 -19 -20 -21 22
v 23 24 -25 -26 -27 28 -29 -30 -31 32 33 -34 -35 36 37 -38 39 40 41 42 43
v 44 -45 46 47 48 -49 -50 51 -52 53 54 55 56 -57 -58 -59 60 0
c Answer: 1785
v 1 -2 -3 -4 5 6 7 -8 -9 -10 11 -12 -13 -14 15 -16 -17 18 -19 -20 -21 22
v 23 24 -25 -26 -27 28 -29 -30 -31 -32 33 -34 -35 36 37 -38 39 40 41 42 43
v 44 45 46 47 -48 -49 -50 51 52 -53 54 55 56 -57 -58 -59 60 0
c Answer: 1786
v -1 -2 3 -4 -5 -6 7 -8 9 -10 -11 -12 13 14 15 -16 -17 18 -19 -20 -21 22
v 23 24 -25 -26 -27 28 -29 -30 -31 -32 33 -34 -35 36 37 -38 39 40 41 42 43
v 44 -45 46 47 -48 -49 -50 51 52 53 54 55 56 -57 -58 -59 60 0
c Answer: 1787
v 1 -2 -3 -4 5 6 7 -8 -9 -10 11 -12 -13 -14 15 -16 -17 18 -19 -20 -21 22
v 23 24 -25 -26 -27 28 -29 -30 -31 32 33 -34 -35 36 37 -38 39 40 41 42 43
v 44 45 46 47 -48 -49 -50 51 52 -53 54 55 56 -57 -58 -59 60 0
c Answer: 1788
v -1 -2 3 -4 -5 -6 7 -8 9 -10 -11 -12 13 14 15 -16 -17 18 -19 -20 -21 22
v 23 24 -25 -26 -27 28 -29 -30 -31 32 33 -34 -35 36 37 -38 39 40 41 42 43
v 44 -45 46 47 -48 -49 -50 51 52 53 54 55 56 -57 -58 -59 60 0
c Answer: 1789
v 1 -2 -3 -4 5 6 7 -8 -9 -10 11 -12 -13 -14 15 -16 -17 18 -19 -20 -21 22
v 23 24 -25 -26 -27 28 -29 -30 -31 -32 33 -34 -35 36 37 -38 39 40 41 42 43
v 44 45 46 47 48 -49 -50 51 52 -53 54 55 56 -57 -58 -59 60 0
c Answer: 1790
v 1 -2 -3 -4 5 6 7 -8 -9 -10 11 -12 -13 -14 15 -16 -17 18 -19 -20 -21 22
v 23 24 -25 -26 -27 28 -29 -30 -31 32 33 -34 -35 36 37 -38 39 40 41 42 43
v 44 45 46 47 48 -49 -50 51 52 -53 54 55 56 -57 -58 -59 60 0
c Answer: 1791
v -1 -2 3 -4 -5 -6 7 -8 9 -10 -11 -12 13 14 15 -16 -17 18 -19 -20 -21 22
v 23 24 -25 -26 -27 28 -29 -30 -31 -32 33 -34 -35 36 37 -38 39 40 41 42 43
v 44 -45 46 47 48 -49 -50 51 52 53 54 55 56 -57 -58 -59 60 0
c Answer: 1792
v -1 -2 3 -4 -5 -6 7 -8 9 -10 -11 -12 13 14 15 -16 -17 18 -19 -20 -21 22
v 23 24 -25 -26 -27 28 -29 -30 -31 32 33 -34 -35 36 37 -38 39 40 41 42 43
v 44 -45 46 47 48 -49 -50 51 52 53 54 55 56 -57 -58 -59 60 0
c Answer: 1793
v 1 -2 -3 -4 5 6 7 -8 -9 -10 11 -12 -13 -14 15 16 -17 18 -19 -20 -21 22 23
v -24 -25 -26 -27 28 -29 -30 -31 -32 33 -34 -35 36 37 -38 39 40 41 42 -43
v -44 45 46 47 -48 -49 -50 51 -52 -53 54 55 -56 -57 -58 -59 60 0
c Answer: 1794
v -1 -2 3 -4 -5 -6 7 -8 9 -10 -11 -12 13 14 15 16 -17 18 -19 -20 -21 22 23
v -24 -25 -26 -27 28 -29 -30 -31 -32 33 -34 -35 36 37 -38 39 40 41 42 -43
v -44 -45 46 47 -48 -49 -50 51 -52 53 54 55 -56 -57 -58 -59 60 0
c Answer: 1795
v 1 -2 -3 -4 5 6 7 -8 -9 -10 11 -12 -13 -14 15 16 -17 18 -19 -20 -21 22 23
v -24 -25 -26 -27 28 -29 -30 -31 -32 33 -34 -35 36 37 -38 39 40 41 42 -43
v 44 45 46 47 -48 -49 -50 51 -52 -53 54 55 -56 -57 -58 -59 60 0
c Answer: 1796
v -1 -2 3 -4 -5 -6 7 -8 9 -10 -11 -12 13 14 15 16 -17 18 -19 -20 -21 22 23
v -24 -25 -26 -27 28 -29 -30 -31 -32 33 -34 -35 36 37 -38 39 40 41 42 -43
v 44 -45 46 47 -48 -49 -50 51 -52 53 54 55 -56 -57 -58 -59 60 0
c Answer: 1797
v 1 -2 -3 -4 5 6 7 -8 -9 -10 11 -12 -13 -14 15 16 -17 18 -19 -20 -21 22 23
v -24 -25 -26 -27 28 -29 -30 -31 -32 33 -34 -35 36 37 -38 39 40 41 42 -43
v -44 45 46 47 -48 -49 -50 51 -52 -53 54 55 56 -57 -58 -59 60 0
c Answer: 1798
v 1 -2 -3 -4 5 6 7 -8 -9 -10 11 -12 -13 -14 15 16 -17 18 -19 -20 -21 22 23
v -24 -25 -26 -27 28 -29 -30 -31 -32 33 -34 -35 36 37 -38 39 40 41 42 -43
v 44 45 46 47 -48 -49 -50 51 -52 -53 54 55 56 -57 -58 -59 60 0
c Answer: 1799
v -1 -2 3 -4 -5 -6 7 -8 9 -10 -11 -12 13 14 15 16 -17 18 -19 -20 -21 22 23
v -24 -25 -26 -27 28 -29 -30 -31 -32 33 -34 -35 36 37 -38 39 40 41 42 -43
v -44 -45 46 47 -48 -49 -50 51 -52 53 54 55 56 -57 -58 -59 60 0
c Answer: 1800
v -1 -2 3 -4 -5 -6 7 -8 9 -10 -11 -12 13 14 15 16 -17 18 -19 -20 -21 22 23
v -24 -25 -26 -27 28 -29 -30 -31 -32 33 -34 -35 36 37 -38 39 40 41 42 -43
v 44 -45 46 47 -48 -49 -50 51 -52 53 54 55 56 -57 -58 -59 60 0
c Answer: 1801
v 1 -2 -3 -4 5 6 7 -8 -9 -10 11 -12 -13 -14 15 16 -17 18 -19 -20 -21 22 23
v -24 -25 -26 -27 28 -29 -30 -31 -32 33 -34 -35 36 37 -38 39 40 41 42 43
v -44 45 46 47 -48 -49 -50 51 -52 -53 54 55 -56 -57 -58 -59 60 0
c Answer: 1802
v -1 -2 3 -4 -5 -6 7 -8 9 -10 -11 -12 13 14 15 16 -17 18 -19 -20 -21 22 23
v -24 -25 -26 -27 28 -29 -30 -31 -32 33 -34 -35 36 37 -38 39 40 41 42 43
v -44 -45 46 47 -48 -49 -50 51 -52 53 54 55 -56 -57 -58 -59 60 0
c Answer: 1803
v 1 -2 -3 -4 5 6 7 -8 -9 -10 11 -12 -13 -14 15 16 -17 18 -19 -20 -21 22 23
v -24 -25 -26 -27 28 -29 -30 -31 -32 33 -34 -35 36 37 -38 39 40 41 42 43
v -44 45 46 47 -48 -49 -50 51 -52 -53 54 55 56 -57 -58 -59 60 0
c Answer: 1804
v -1 -2 3 -4 -5 -6 7 -8 9 -10 -11 -12 13 14 15 16 -17 18 -19 -20 -21 22 23
v -24 -25 -26 -27 28 -29 -30 -31 -32 33 -34 -35 36 37 -38 39 40 41 42 43
v -44 -45 46 47 -48 -49 -50 51 -52 53 54 55 56 -57 -58 -59 60 0
c Answer: 1805
v 1 -2 -3 -4 5 6 7 -8 -9 -10 11 -12 -13 -14 15 16 -17 18 -19 -20 -21 22 23
v -24 -25 -26 -27 28 -29 -30 -31 -32 33 -34 -35 36 37 -38 39 40 41 42 43
v 44 45 46 47 -48 -49 -50 51 -52 -53 54 55 -56 -57 -58 -59 60 0
c Answer: 1806
v 1 -2 -3 -4 5 6 7 -8 -9 -10 11 -12 -13 -14 15 16 -17 18 -19 -20 -21 22 23
v -24 -25 -26 -27 28 -29 -30 -31 -32 33 -34 -35 36 37 -38 39 40 41 42 43
v 44 45 46 47 -48 -49 -50 51 -52 -53 54 55 56 -57 -58 -59 60 0
c Answer: 1807
v -1 -2 3 -4 -5 -6 7 -8 9 -10 -11 -12 13 14 15 16 -17 18 -19 -20 -21 22 23
v -24 -25 -26 -27 28 -29 -30 -31 -32 33 -34 -35 36 37 -38 39 40 41 42 43
v 44 -45 46 47 -48 -49 -50 51 -52 53 54 55 -56 -57 -58 -59 60 0
c Answer: 1808
v -1 -2 3 -4 -5 -6 7 -8 9 -10 -11 -12 13 14 15 16 -17 18 -19 -20 -21 22 23
v -24 -25 -26 -27 28 -29 -30 -31 -32 33 -34 -35 36 37 -38 39 40 41 42 43
v 44 -45 46 47 -48 -49 -50 51 -52 53 54 55 56 -57 -58 -59 60 0
c Answer: 1809
v 1 -2 -3 -4 5 6 7 -8 -9 -10 11 -12 -13 -14 15 16 -17 18 -19 -20 -21 22 23
v 24 -25 -26 -27 28 -29 -30 -31 -32 33 -34 -35 36 37 -38 39 40 41 42 -43
v -44 45 46 47 -48 -49 -50 51 -52 -53 54 55 -56 -57 -58 -59 60 0
c Answer: 1810
v -1 -2 3 -4 -5 -6 7 -8 9 -10 -11 -12 13 14 15 16 -17 18 -19 -20 -21 22 23
v 24 -25 -26 -27 28 -29 -30 -31 -32 33 -34 -35 36 37 -38 39 40 41 42 -43
v -44 -45 46 47 -48 -49 -50 51 -52 53 54 55 -56 -57 -58 -59 60 0
c Answer: 1811
v 1 -2 -3 -4 5 6 7 -8 -9 -10 11 -12 -13 -14 15 16 -17 18 -19 -20 -21 22 23
v 24 -25 -26 -27 28 -29 -30 -31 -32 33 -34 -35 36 37 -38 39 40 41 42 43 -44
v 45 46 47 -48 -49 -50 51 -52 -53 54 55 -56 -57 -58 -59 60 0
c Answer: 1812
v -1 -2 3 -4 -5 -6 7 -8 9 -10 -11 -12 13 14 15 16 -17 18 -19 -20 -21 22 23
v 24 -25 -26 -27 28 -29 -30 -31 -32 33 -34 -35 36 37 -38 39 40 41 42 43 -44
v -45 46 47 -48 -49 -50 51 -52 53 54 55 -56 -57 -58 -59 60 0
c Answer: 1813
v 1 -2 -3 -4 5 6 7 -8 -9 -10 11 -12 -13 -14 15 16 -17 18 -19 -20 -21 22 23
v 24 -25 -26 -27 28 -29 -30 -31 -32 33 -34 -35 36 37 -38 39 40 41 42 -43
v 44 45 46 47 -48 -49 -50 51 -52 -53 54 55 -56 -57 -58 -59 60 0
c Answer: 1814
v 1 -2 -3 -4 5 6 7 -8 -9 -10 11 -12 -13 -14 15 16 -17 18 -19 -20 -21 22 23
v 24 -25 -26 -27 28 -29 -30 -31 -32 33 -34 -35 36 37 -38 39 40 41 42 43 44
v 45 46 47 -48 -49 -50 51 -52 -53 54 55 -56 -57 -58 -59 60 0
c Answer: 1815
v -1 -2 3 -4 -5 -6 7 -8 9 -10 -11 -12 13 14 15 16 -17 18 -19 -20 -21 22 23
v 24 -25 -26 -27 28 -29 -30 -31 -32 33 -34 -35 36 37 -38 39 40 41 42 -43
v 44 -45 46 47 -48 -49 -50 51 -52 53 54 55 -56 -57 -58 -59 60 0
c Answer: 1816
v -1 -2 3 -4 -5 -6 7 -8 9 -10 -11 -12 13 14 15 16 -17 18 -19 -20 -21 22 23
v 24 -25 -26 -27 28 -29 -30 -31 -32 33 -34 -35 36 37 -38 39 40 41 42 43 44
v -45 46 47 -48 -49 -50 51 -52 53 54 55 -56 -57 -58 -59 60 0
c Answer: 1817
v 1 -2 -3 -4 5 6 7 -8 -9 -10 11 -12 -13 -14 15 16 -17 18 -19 -20 -21 22 23
v 24 -25 -26 -27 28 -29 -30 -31 -32 33 -34 -35 36 37 -38 39 40 41 42 -43
v -44 45 46 47 -48 -49 -50 51 -52 -53 54 55 56 -57 -58 -59 60 0
c Answer: 1818
v -1 -2 3 -4 -5 -6 7 -8 9 -10 -11 -12 13 14 15 16 -17 18 -19 -20 -21 22 23
v 24 -25 -26 -27 28 -29 -30 -31 -32 33 -34 -35 36 37 -38 39 40 41 42 -43
v -44 -45 46 47 -48 -49 -50 51 -52 53 54 55 56 -57 -58 -59 60 0
c Answer: 1819
v 1 -2 -3 -4 5 6 7 -8 -9 -10 11 -12 -13 -14 15 16 -17 18 -19 -20 -21 22 23
v 24 -25 -26 -27 28 -29 -30 -31 -32 33 -34 -35 36 37 -38 39 40 41 42 -43
v 44 45 46 47 -48 -49 -50 51 -52 -53 54 55 56 -57 -58 -59 60 0
c Answer: 1820
v -1 -2 3 -4 -5 -6 7 -8 9 -10 -11 -12 13 14 15 16 -17 18 -19 -20 -21 22 23
v 24 -25 -26 -27 28 -29 -30 -31 -32 33 -34 -35 36 37 -38 39 40 41 42 -43
v 44 -45 46 47 -48 -49 -50 51 -52 53 54 55 56 -57 -58 -59 60 0
c Answer: 1821
v 1 -2 -3 -4 5 6 7 -8 -9 -10 11 -12 -13 -14 15 16 -17 18 -19 -20 -21 22 23
v 24 -25 -26 -27 28 -29 -30 -31 -32 33 -34 -35 36 37 -38 39 40 41 42 43 -44
v 45 46 47 -48 -49 -50 51 -52 -53 54 55 56 -57 -58 -59 60 0
c Answer: 1822
v 1 -2 -3 -4 5 6 7 -8 -9 -10 11 -12 -13 -14 15 16 -17 18 -19 -20 -21 22 23
v 24 -25 -26 -27 28 -29 -30 -31 -32 33 -34 -35 36 37 -38 39 40 41 42 43 44
v 45 46 47 -48 -49 -50 51 -52 -53 54 55 56 -57 -58 -59 60 0
c Answer: 1823
v -1 -2 3 -4 -5 -6 7 -8 9 -10 -11 -12 13 14 15 16 -17 18 -19 -20 -21 22 23
v 24 -25 -26 -27 28 -29 -30 -31 -32 33 -34 -35 36 37 -38 39 40 41 42 43 -44
v -45 46 47 -48 -49 -50 51 -52 53 54 55 56 -57 -58 -59 60 0
c Answer: 1824
v -1 -2 3 -4 -5 -6 7 -8 9 -10 -11 -12 13 14 15 16 -17 18 -19 -20 -21 22 23
v 24 -25 -26 -27 28 -29 -30 -31 -32 33 -34 -35 36 37 -38 39 40 41 42 43 44
v -45 46 47 -48 -49 -50 51 -52 53 54 55 56 -57 -58 -59 60 0
c Answer: 1825
v 1 -2 -3 -4 5 6 7 -8 -9 -10 11 -12 -13 -14 15 16 -17 18 -19 -20 -21 22 23
v -24 -25 -26 -27 28 -29 -30 -31 -32 33 -34 -35 36 37 -38 39 40 41 42 -43
v -44 45 46 47 -48 -49 -50 51 52 -53 54 55 -56 -57 -58 -59 60 0
c Answer: 1826
v -1 -2 3 -4 -5 -6 7 -8 9 -10 -11 -12 13 14 15 16 -17 18 -19 -20 -21 22 23
v -24 -25 -26 -27 28 -29 -30 -31 -32 33 -34 -35 36 37 -38 39 40 41 42 -43
v -44 -45 46 47 -48 -49 -50 51 52 53 54 55 -56 -57 -58 -59 60 0
c Answer: 1827
v 1 -2 -3 -4 5 6 7 -8 -9 -10 11 -12 -13 -14 15 16 -17 18 -19 -20 -21 22 23
v 24 -25 -26 -27 28 -29 -30 -31 -32 33 -34 -35 36 37 -38 39 40 41 42 -43
v -44 45 46 47 -48 -49 -50 51 52 -53 54 55 -56 -57 -58 -59 60 0
c Answer: 1828
v -1 -2 3 -4 -5 -6 7 -8 9 -10 -11 -12 13 14 15 16 -17 18 -19 -20 -21 22 23
v 24 -25 -26 -27 28 -29 -30 -31 -32 33 -34 -35 36 37 -38 39 40 41 42 -43
v -44 -45 46 47 -48 -49 -50 51 52 53 54 55 -56 -57 -58 -59 60 0
c Answer: 1829
v 1 -2 -3 -4 5 6 7 -8 -9 -10 11 -12 -13 -14 15 16 -17 18 -19 -20 -21 22 23
v -24 -25 -26 -27 28 -29 -30 -31 -32 33 -34 -35 36 37 -38 39 40 41 42 -43
v -44 45 46 47 -48 -49 -50 51 52 -53 54 55 56 -57 -58 -59 60 0
c Answer: 1830
v 1 -2 -3 -4 5 6 7 -8 -9 -10 11 -12 -13 -14 15 16 -17 18 -19 -20 -21 22 23
v 24 -25 -26 -27 28 -29 -30 -31 -32 33 -34 -35 36 37 -38 39 40 41 42 -43
v -44 45 46 47 -48 -49 -50 51 52 -53 54 55 56 -57 -58 -59 60 0
c Answer: 1831
v -1 -2 3 -4 -5 -6 7 -8 9 -10 -11 -12 13 14 15 16 -17 18 -19 -20 -21 22 23
v -24 -25 -26 -27 28 -29 -30 -31 -32 33 -34 -35 36 37 -38 39 40 41 42 -43
v -44 -45 46 47 -48 -49 -50 51 52 53 54 55 56 -57 -58 -59 60 0
c Answer: 1832
v -1 -2 3 -4 -5 -6 7 -8 9 -10 -11 -12 13 14 15 16 -17 18 -19 -20 -21 22 23
v 24 -25 -26 -27 28 -29 -30 -31 -32 33 -34 -35 36 37 -38 39 40 41 42 -43
v -44 -45 46 47 -48 -49 -50 51 52 53 54 55 56 -57 -58 -59 60 0
c Answer: 1833
v 1 -2 -3 -4 5 6 7 -8 -9 -10 11 -12 -13 -14 15 16 -17 18 -19 -20 -21 22 23
v -24 -25 -26 -27 28 -29 -30 -31 -32 33 -34 -35 36 37 -38 39 40 41 42 43
v -44 45 46 47 -48 -49 -50 51 52 -53 54 55 -56 -57 -58 -59 60 0
c Answer: 1834
v -1 -2 3 -4 -5 -6 7 -8 9 -10 -11 -12 13 14 15 16 -17 18 -19 -20 -21 22 23
v -24 -25 -26 -27 28 -29 -30 -31 -32 33 -34 -35 36 37 -38 39 40 41 42 43
v -44 -45 46 47 -48 -49 -50 51 52 53 54 55 -56 -57 -58 -59 60 0
c Answer: 1835
v 1 -2 -3 -4 5 6 7 -8 -9 -10 11 -12 -13 -14 15 16 -17 18 -19 -20 -21 22 23
v -24 -25 -26 -27 28 -29 -30 -31 -32 33 -34 -35 36 37 -38 39 40 41 42 43
v -44 45 46 47 -48 -49 -50 51 52 -53 54 55 56 -57 -58 -59 60 0
c Answer: 1836
v -1 -2 3 -4 -5 -6 7 -8 9 -10 -11 -12 13 14 15 16 -17 18 -19 -20 -21 22 23
v -24 -25 -26 -27 28 -29 -30 -31 -32 33 -34 -35 36 37 -38 39 40 41 42 43
v -44 -45 46 47 -48 -49 -50 51 52 53 54 55 56 -57 -58 -59 60 0
c Answer: 1837
v 1 -2 -3 -4 5 6 7 -8 -9 -10 11 -12 -13 -14 15 16 -17 18 -19 -20 -21 22 23
v 24 -25 -26 -27 28 -29 -30 -31 -32 33 -34 -35 36 37 -38 39 40 41 42 43 -44
v 45 46 47 -48 -49 -50 51 52 -53 54 55 -56 -57 -58 -59 60 0
c Answer: 1838
v 1 -2 -3 -4 5 6 7 -8 -9 -10 11 -12 -13 -14 15 16 -17 18 -19 -20 -21 22 23
v 24 -25 -26 -27 28 -29 -30 -31 -32 33 -34 -35 36 37 -38 39 40 41 42 43 -44
v 45 46 47 -48 -49 -50 51 52 -53 54 55 56 -57 -58 -59 60 0
c Answer: 1839
v -1 -2 3 -4 -5 -6 7 -8 9 -10 -11 -12 13 14 15 16 -17 18 -19 -20 -21 22 23
v 24 -25 -26 -27 28 -29 -30 -31 -32 33 -34 -35 36 37 -38 39 40 41 42 43 -44
v -45 46 47 -48 -49 -50 51 52 53 54 55 -56 -57 -58 -59 60 0
c Answer: 1840
v -1 -2 3 -4 -5 -6 7 -8 9 -10 -11 -12 13 14 15 16 -17 18 -19 -20 -21 22 23
v 24 -25 -26 -27 28 -29 -30 -31 -32 33 -34 -35 36 37 -38 39 40 41 42 43 -44
v -45 46 47 -48 -49 -50 51 52 53 54 55 56 -57 -58 -59 60 0
c Answer: 1841
v 1 -2 -3 -4 5 6 7 -8 -9 -10 11 -12 -13 -14 15 16 -17 18 -19 -20 -21 22 23
v -24 -25 -26 -27 28 -29 -30 -31 -32 33 -34 -35 36 37 -38 39 40 41 42 -43
v 44 45 46 47 -48 -49 -50 51 52 -53 54 55 -56 -57 -58 -59 60 0
c Answer: 1842
v -1 -2 3 -4 -5 -6 7 -8 9 -10 -11 -12 13 14 15 16 -17 18 -19 -20 -21 22 23
v -24 -25 -26 -27 28 -29 -30 -31 -32 33 -34 -35 36 37 -38 39 40 41 42 -43
v 44 -45 46 47 -48 -49 -50 51 52 53 54 55 -56 -57 -58 -59 60 0
c Answer: 1843
v 1 -2 -3 -4 5 6 7 -8 -9 -10 11 -12 -13 -14 15 16 -17 18 -19 -20 -21 22 23
v -24 -25 -26 -27 28 -29 -30 -31 -32 33 -34 -35 36 37 -38 39 40 41 42 43
v 44 45 46 47 -48 -49 -50 51 52 -53 54 55 -56 -57 -58 -59 60 0
c Answer: 1844
v -1 -2 3 -4 -5 -6 7 -8 9 -10 -11 -12 13 14 15 16 -17 18 -19 -20 -21 22 23
v -24 -25 -26 -27 28 -29 -30 -31 -32 33 -34 -35 36 37 -38 39 40 41 42 43
v 44 -45 46 47 -48 -49 -50 51 52 53 54 55 -56 -57 -58 -59 60 0
c Answer: 1845
v 1 -2 -3 -4 5 6 7 -8 -9 -10 11 -12 -13 -14 15 16 -17 18 -19 -20 -21 22 23
v 24 -25 -26 -27 28 -29 -30 -31 -32 33 -34 -35 36 37 -38 39 40 41 42 -43
v 44 45 46 47 -48 -49 -50 51 52 -53 54 55 -56 -57 -58 -59 60 0
c Answer: 1846
v 1 -2 -3 -4 5 6 7 -8 -9 -10 11 -12 -13 -14 15 16 -17 18 -19 -20 -21 22 23
v 24 -25 -26 -27 28 -29 -30 -31 -32 33 -34 -35 36 37 -38 39 40 41 42 43 44
v 45 46 47 -48 -49 -50 51 52 -53 54 55 -56 -57 -58 -59 60 0
c Answer: 1847
v -1 -2 3 -4 -5 -6 7 -8 9 -10 -11 -12 13 14 15 16 -17 18 -19 -20 -21 22 23
v 24 -25 -26 -27 28 -29 -30 -31 -32 33 -34 -35 36 37 -38 39 40 41 42 -43
v 44 -45 46 47 -48 -49 -50 51 52 53 54 55 -56 -57 -58 -59 60 0
c Answer: 1848
v -1 -2 3 -4 -5 -6 7 -8 9 -10 -11 -12 13 14 15 16 -17 18 -19 -20 -21 22 23
v 24 -25 -26 -27 28 -29 -30 -31 -32 33 -34 -35 36 37 -38 39 40 41 42 43 44
v -45 46 47 -48 -49 -50 51 52 53 54 55 -56 -57 -58 -59 60 0
c Answer: 1849
v 1 -2 -3 -4 5 6 7 -8 -9 -10 11 -12 -13 -14 15 16 -17 18 -19 -20 -21 22 23
v -24 -25 -26 -27 28 -29 -30 -31 -32 33 -34 -35 36 37 -38 39 40 41 42 -43
v 44 45 46 47 -48 -49 -50 51 52 -53 54 55 56 -57 -58 -59 60 0
c Answer: 1850
v -1 -2 3 -4 -5 -6 7 -8 9 -10 -11 -12 13 14 15 16 -17 18 -19 -20 -21 22 23
v -24 -25 -26 -27 28 -29 -30 -31 -32 33 -34 -35 36 37 -38 39 40 41 42 -43
v 44 -45 46 47 -48 -49 -50 51 52 53 54 55 56 -57 -58 -59 60 0
c Answer: 1851
v 1 -2 -3 -4 5 6 7 -8 -9 -10 11 -12 -13 -14 15 16 -17 18 -19 -20 -21 22 23
v 24 -25 -26 -27 28 -29 -30 -31 -32 33 -34 -35 36 37 -38 39 40 41 42 -43
v 44 45 46 47 -48 -49 -50 51 52 -53 54 55 56 -57 -58 -59 60 0
c Answer: 1852
v -1 -2 3 -4 -5 -6 7 -8 9 -10 -11 -12 13 14 15 16 -17 18 -19 -20 -21 22 23
v 24 -25 -26 -27 28 -29 -30 -31 -32 33 -34 -35 36 37 -38 39 40 41 42 -43
v 44 -45 46 47 -48 -49 -50 51 52 53 54 55 56 -57 -58 -59 60 0
c Answer: 1853
v 1 -2 -3 -4 5 6 7 -8 -9 -10 11 -12 -13 -14 15 16 -17 18 -19 -20 -21 22 23
v -24 -25 -26 -27 28 -29 -30 -31 -32 33 -34 -35 36 37 -38 39 40 41 42 43
v 44 45 46 47 -48 -49 -50 51 52 -53 54 55 56 -57 -58 -59 60 0
c Answer: 1854
v 1 -2 -3 -4 5 6 7 -8 -9 -10 11 -12 -13 -14 15 16 -17 18 -19 -20 -21 22 23
v 24 -25 -26 -27 28 -29 -30 -31 -32 33 -34 -35 36 37 -38 39 40 41 42 43 44
v 45 46 47 -48 -49 -50 51 52 -53 54 55 56 -57 -58 -59 60 0
c Answer: 1855
v -1 -2 3 -4 -5 -6 7 -8 9 -10 -11 -12 13 14 15 16 -17 18 -19 -20 -21 22 23
v -24 -25 -26 -27 28 -29 -30 -31 -32 33 -34 -35 36 37 -38 39 40 41 42 43
v 44 -45 46 47 -48 -49 -50 51 52 53 54 55 56 -57 -58 -59 60 0
c Answer: 1856
v -1 -2 3 -4 -5 -6 7 -8 9 -10 -11 -12 13 14 15 16 -17 18 -19 -20 -21 22 23
v 24 -25 -26 -27 28 -29 -30 -31 -32 33 -34 -35 36 37 -38 39 40 41 42 43 44
v -45 46 47 -48 -49 -50 51 52 53 54 55 56 -57 -58 -59 60 0
c Answer: 1857
v 1 -2 -3 -4 5 6 7 -8 -9 -10 11 -12 -13 -14 15 16 -17 18 -19 -20 -21 22 23
v -24 -25 -26 -27 28 -29 -30 -31 -32 33 -34 -35 36 37 -38 39 40 41 42 -43
v -44 45 46 47 48 -49 -50 51 -52 -53 54 55 -56 -57 -58 -59 60 0
c Answer: 1858
v -1 -2 3 -4 -5 -6 7 -8 9 -10 -11 -12 13 14 15 16 -17 18 -19 -20 -21 22 23
v -24 -25 -26 -27 28 -29 -30 -31 -32 33 -34 -35 36 37 -38 39 40 41 42 -43
v -44 -45 46 47 48 -49 -50 51 -52 53 54 55 -56 -57 -58 -59 60 0
c Answer: 1859
v 1 -2 -3 -4 5 6 7 -8 -9 -10 11 -12 -13 -14 15 16 -17 18 -19 -20 -21 22 23
v -24 -25 -26 -27 28 -29 -30 -31 -32 33 -34 -35 36 37 -38 39 40 41 42 -43
v -44 45 46 47 48 -49 -50 51 52 -53 54 55 -56 -57 -58 -59 60 0
c Answer: 1860
v -1 -2 3 -4 -5 -6 7 -8 9 -10 -11 -12 13 14 15 16 -17 18 -19 -20 -21 22 23
v -24 -25 -26 -27 28 -29 -30 -31 -32 33 -34 -35 36 37 -38 39 40 41 42 -43
v -44 -45 46 47 48 -49 -50 51 52 53 54 55 -56 -57 -58 -59 60 0
c Answer: 1861
v 1 -2 -3 -4 5 6 7 -8 -9 -10 11 -12 -13 -14 15 16 -17 18 -19 -20 -21 22 23
v -24 -25 -26 -27 28 -29 -30 -31 -32 33 -34 -35 36 37 -38 39 40 41 42 -43
v 44 45 46 47 48 -49 -50 51 -52 -53 54 55 -56 -57 -58 -59 60 0
c Answer: 1862
v 1 -2 -3 -4 5 6 7 -8 -9 -10 11 -12 -13 -14 15 16 -17 18 -19 -20 -21 22 23
v -24 -25 -26 -27 28 -29 -30 -31 -32 33 -34 -35 36 37 -38 39 40 41 42 -43
v 44 45 46 47 48 -49 -50 51 52 -53 54 55 -56 -57 -58 -59 60 0
c Answer: 1863
v -1 -2 3 -4 -5 -6 7 -8 9 -10 -11 -12 13 14 15 16 -17 18 -19 -20 -21 22 23
v -24 -25 -26 -27 28 -29 -30 -31 -32 33 -34 -35 36 37 -38 39 40 41 42 -43
v 44 -45 46 47 48 -49 -50 51 -52 53 54 55 -56 -57 -58 -59 60 0
c Answer: 1864
v -1 -2 3 -4 -5 -6 7 -8 9 -10 -11 -12 13 14 15 16 -17 18 -19 -20 -21 22 23
v -24 -25 -26 -27 28 -29 -30 -31 -32 33 -34 -35 36 37 -38 39 40 41 42 -43
v 44 -45 46 47 48 -49 -50 51 52 53 54 55 -56 -57 -58 -59 60 0
c Answer: 1865
v 1 -2 -3 -4 5 6 7 -8 -9 -10 11 -12 -13 -14 15 16 -17 18 -19 -20 -21 22 23
v -24 -25 -26 -27 28 -29 -30 -31 -32 33 -34 -35 36 37 -38 39 40 41 42 -43
v -44 45 46 47 48 -49 -50 51 -52 -53 54 55 56 -57 -58 -59 60 0
c Answer: 1866
v -1 -2 3 -4 -5 -6 7 -8 9 -10 -11 -12 13 14 15 16 -17 18 -19 -20 -21 22 23
v -24 -25 -26 -27 28 -29 -30 -31 -32 33 -34 -35 36 37 -38 39 40 41 42 -43
v -44 -45 46 47 48 -49 -50 51 -52 53 54 55 56 -57 -58 -59 60 0
c Answer: 1867
v 1 -2 -3 -4 5 6 7 -8 -9 -10 11 -12 -13 -14 15 16 -17 18 -19 -20 -21 22 23
v -24 -25 -26 -27 28 -29 -30 -31 -32 33 -34 -35 36 37 -38 39 40 41 42 -43
v 44 45 46 47 48 -49 -50 51 -52 -53 54 55 56 -57 -58 -59 60 0
c Answer: 1868
v -1 -2 3 -4 -5 -6 7 -8 9 -10 -11 -12 13 14 15 16 -17 18 -19 -20 -21 22 23
v -24 -25 -26 -27 28 -29 -30 -31 -32 33 -34 -35 36 37 -38 39 40 41 42 -43
v 44 -45 46 47 48 -49 -50 51 -52 53 54 55 56 -57 -58 -59 60 0
c Answer: 1869
v 1 -2 -3 -4 5 6 7 -8 -9 -10 11 -12 -13 -14 15 16 -17 18 -19 -20 -21 22 23
v -24 -25 -26 -27 28 -29 -30 -31 -32 33 -34 -35 36 37 -38 39 40 41 42 -43
v -44 45 46 47 48 -49 -50 51 52 -53 54 55 56 -57 -58 -59 60 0
c Answer: 1870
v 1 -2 -3 -4 5 6 7 -8 -9 -10 11 -12 -13 -14 15 16 -17 18 -19 -20 -21 22 23
v -24 -25 -26 -27 28 -29 -30 -31 -32 33 -34 -35 36 37 -38 39 40 41 42 -43
v 44 45 46 47 48 -49 -50 51 52 -53 54 55 56 -57 -58 -59 60 0
c Answer: 1871
v -1 -2 3 -4 -5 -6 7 -8 9 -10 -11 -12 13 14 15 16 -17 18 -19 -20 -21 22 23
v -24 -25 -26 -27 28 -29 -30 -31 -32 33 -34 -35 36 37 -38 39 40 41 42 -43
v -44 -45 46 47 48 -49 -50 51 52 53 54 55 56 -57 -58 -59 60 0
c Answer: 1872
v -1 -2 3 -4 -5 -6 7 -8 9 -10 -11 -12 13 14 15 16 -17 18 -19 -20 -21 22 23
v -24 -25 -26 -27 28 -29 -30 -31 -32 33 -34 -35 36 37 -38 39 40 41 42 -43
v 44 -45 46 47 48 -49 -50 51 52 53 54 55 56 -57 -58 -59 60 0
c Answer: 1873
v 1 -2 -3 -4 5 6 7 -8 -9 -10 11 -12 -13 -14 15 16 -17 18 -19 -20 -21 22 23
v -24 -25 -26 -27 28 -29 -30 -31 -32 33 -34 -35 36 37 -38 39 40 41 42 43
v -44 45 46 47 48 -49 -50 51 -52 -53 54 55 -56 -57 -58 -59 60 0
c Answer: 1874
v -1 -2 3 -4 -5 -6 7 -8 9 -10 -11 -12 13 14 15 16 -17 18 -19 -20 -21 22 23
v -24 -25 -26 -27 28 -29 -30 -31 -32 33 -34 -35 36 37 -38 39 40 41 42 43
v -44 -45 46 47 48 -49 -50 51 -52 53 54 55 -56 -57 -58 -59 60 0
c Answer: 1875
v 1 -2 -3 -4 5 6 7 -8 -9 -10 11 -12 -13 -14 15 16 -17 18 -19 -20 -21 22 23
v -24 -25 -26 -27 28 -29 -30 -31 -32 33 -34 -35 36 37 -38 39 40 41 42 43
v -44 45 46 47 48 -49 -50 51 -52 -53 54 55 56 -57 -58 -59 60 0
c Answer: 1876
v -1 -2 3 -4 -5 -6 7 -8 9 -10 -11 -12 13 14 15 16 -17 18 -19 -20 -21 22 23
v -24 -25 -26 -27 28 -29 -30 -31 -32 33 -34 -35 36 37 -38 39 40 41 42 43
v -44 -45 46 47 48 -49 -50 51 -52 53 54 55 56 -57 -58 -59 60 0
c Answer: 1877
v 1 -2 -3 -4 5 6 7 -8 -9 -10 11 -12 -13 -14 15 16 -17 18 -19 -20 -21 22 23
v -24 -25 -26 -27 28 -29 -30 -31 -32 33 -34 -35 36 37 -38 39 40 41 42 43
v -44 45 46 47 48 -49 -50 51 52 -53 54 55 -56 -57 -58 -59 60 0
c Answer: 1878
v 1 -2 -3 -4 5 6 7 -8 -9 -10 11 -12 -13 -14 15 16 -17 18 -19 -20 -21 22 23
v -24 -25 -26 -27 28 -29 -30 -31 -32 33 -34 -35 36 37 -38 39 40 41 42 43
v -44 45 46 47 48 -49 -50 51 52 -53 54 55 56 -57 -58 -59 60 0
c Answer: 1879
v -1 -2 3 -4 -5 -6 7 -8 9 -10 -11 -12 13 14 15 16 -17 18 -19 -20 -21 22 23
v -24 -25 -26 -27 28 -29 -30 -31 -32 33 -34 -35 36 37 -38 39 40 41 42 43
v -44 -45 46 47 48 -49 -50 51 52 53 54 55 -56 -57 -58 -59 60 0
c Answer: 1880
v -1 -2 3 -4 -5 -6 7 -8 9 -10 -11 -12 13 14 15 16 -17 18 -19 -20 -21 22 23
v -24 -25 -26 -27 28 -29 -30 -31 -32 33 -34 -35 36 37 -38 39 40 41 42 43
v -44 -45 46 47 48 -49 -50 51 52 53 54 55 56 -57 -58 -59 60 0
c Answer: 1881
v 1 -2 -3 -4 5 6 7 -8 -9 -10 11 -12 -13 -14 15 16 -17 18 -19 -20 -21 22 23
v -24 -25 -26 -27 28 -29 -30 -31 -32 33 -34 -35 36 37 -38 39 40 41 42 43
v 44 45 46 47 48 -49 -50 51 -52 -53 54 55 -56 -57 -58 -59 60 0
c Answer: 1882
v -1 -2 3 -4 -5 -6 7 -8 9 -10 -11 -12 13 14 15 16 -17 18 -19 -20 -21 22 23
v -24 -25 -26 -27 28 -29 -30 -31 -32 33 -34 -35 36 37 -38 39 40 41 42 43
v 44 -45 46 47 48 -49 -50 51 -52 53 54 55 -56 -57 -58 -59 60 0
c Answer: 1883
v 1 -2 -3 -4 5 6 7 -8 -9 -10 11 -12 -13 -14 15 16 -17 18 -19 -20 -21 22 23
v -24 -25 -26 -27 28 -29 -30 -31 -32 33 -34 -35 36 37 -38 39 40 41 42 43
v 44 45 46 47 48 -49 -50 51 52 -53 54 55 -56 -57 -58 -59 60 0
c Answer: 1884
v -1 -2 3 -4 -5 -6 7 -8 9 -10 -11 -12 13 14 15 16 -17 18 -19 -20 -21 22 23
v -24 -25 -26 -27 28 -29 -30 -31 -32 33 -34 -35 36 37 -38 39 40 41 42 43
v 44 -45 46 47 48 -49 -50 51 52 53 54 55 -56 -57 -58 -59 60 0
c Answer: 1885
v 1 -2 -3 -4 5 6 7 -8 -9 -10 11 -12 -13 -14 15 16 -17 18 -19 -20 -21 22 23
v -24 -25 -26 -27 28 -29 -30 -31 -32 33 -34 -35 36 37 -38 39 40 41 42 43
v 44 45 46 47 48 -49 -50 51 -52 -53 54 55 56 -57 -58 -59 60 0
c Answer: 1886
v 1 -2 -3 -4 5 6 7 -8 -9 -10 11 -12 -13 -14 15 16 -17 18 -19 -20 -21 22 23
v -24 -25 -26 -27 28 -29 -30 -31 -32 33 -34 -35 36 37 -38 39 40 41 42 43
v 44 45 46 47 48 -49 -50 51 52 -53 54 55 56 -57 -58 -59 60 0
c Answer: 1887
v -1 -2 3 -4 -5 -6 7 -8 9 -10 -11 -12 13 14 15 16 -17 18 -19 -20 -21 22 23
v -24 -25 -26 -27 28 -29 -30 -31 -32 33 -34 -35 36 37 -38 39 40 41 42 43
v 44 -45 46 47 48 -49 -50 51 -52 53 54 55 56 -57 -58 -59 60 0
c Answer: 1888
v -1 -2 3 -4 -5 -6 7 -8 9 -10 -11 -12 13 14 15 16 -17 18 -19 -20 -21 22 23
v -24 -25 -26 -27 28 -29 -30 -31 -32 33 -34 -35 36 37 -38 39 40 41 42 43
v 44 -45 46 47 48 -49 -50 51 52 53 54 55 56 -57 -58 -59 60 0
c Answer: 1889
v 1 -2 -3 -4 5 6 7 -8 -9 -10 11 -12 -13 -14 15 16 -17 18 -19 -20 -21 22 23
v 24 -25 -26 -27 28 -29 -30 -31 -32 33 -34 -35 36 37 -38 39 40 41 42 -43
v -44 45 46 47 48 -49 -50 51 -52 -53 54 55 -56 -57 -58 -59 60 0
c Answer: 1890
v -1 -2 3 -4 -5 -6 7 -8 9 -10 -11 -12 13 14 15 16 -17 18 -19 -20 -21 22 23
v 24 -25 -26 -27 28 -29 -30 -31 -32 33 -34 -35 36 37 -38 39 40 41 42 -43
v -44 -45 46 47 48 -49 -50 51 -52 53 54 55 -56 -57 -58 -59 60 0
c Answer: 1891
v 1 -2 -3 -4 5 6 7 -8 -9 -10 11 -12 -13 -14 15 16 -17 18 -19 -20 -21 22 23
v 24 -25 -26 -27 28 -29 -30 -31 -32 33 -34 -35 36 37 -38 39 40 41 42 43 -44
v 45 46 47 48 -49 -50 51 -52 -53 54 55 -56 -57 -58 -59 60 0
c Answer: 1892
v -1 -2 3 -4 -5 -6 7 -8 9 -10 -11 -12 13 14 15 16 -17 18 -19 -20 -21 22 23
v 24 -25 -26 -27 28 -29 -30 -31 -32 33 -34 -35 36 37 -38 39 40 41 42 43 -44
v -45 46 47 48 -49 -50 51 -52 53 54 55 -56 -57 -58 -59 60 0
c Answer: 1893
v 1 -2 -3 -4 5 6 7 -8 -9 -10 11 -12 -13 -14 15 16 -17 18 -19 -20 -21 22 23
v 24 -25 -26 -27 28 -29 -30 -31 -32 33 -34 -35 36 37 -38 39 40 41 42 -43
v 44 45 46 47 48 -49 -50 51 -52 -53 54 55 -56 -57 -58 -59 60 0
c Answer: 1894
v 1 -2 -3 -4 5 6 7 -8 -9 -10 11 -12 -13 -14 15 16 -17 18 -19 -20 -21 22 23
v 24 -25 -26 -27 28 -29 -30 -31 -32 33 -34 -35 36 37 -38 39 40 41 42 43 44
v 45 46 47 48 -49 -50 51 -52 -53 54 55 -56 -57 -58 -59 60 0
c Answer: 1895
v -1 -2 3 -4 -5 -6 7 -8 9 -10 -11 -12 13 14 15 16 -17 18 -19 -20 -21 22 23
v 24 -25 -26 -27 28 -29 -30 -31 -32 33 -34 -35 36 37 -38 39 40 41 42 -43
v 44 -45 46 47 48 -49 -50 51 -52 53 54 55 -56 -57 -58 -59 60 0
c Answer: 1896
v -1 -2 3 -4 -5 -6 7 -8 9 -10 -11 -12 13 14 15 16 -17 18 -19 -20 -21 22 23
v 24 -25 -26 -27 28 -29 -30 -31 -32 33 -34 -35 36 37 -38 39 40 41 42 43 44
v -45 46 47 48 -49 -50 51 -52 53 54 55 -56 -57 -58 -59 60 0
c Answer: 1897
v 1 -2 -3 -4 5 6 7 -8 -9 -10 11 -12 -13 -14 15 16 -17 18 -19 -20 -21 22 23
v 24 -25 -26 -27 28 -29 -30 -31 -32 33 -34 -35 36 37 -38 39 40 41 42 -43
v -44 45 46 47 48 -49 -50 51 -52 -53 54 55 56 -57 -58 -59 60 0
c Answer: 1898
v -1 -2 3 -4 -5 -6 7 -8 9 -10 -11 -12 13 14 15 16 -17 18 -19 -20 -21 22 23
v 24 -25 -26 -27 28 -29 -30 -31 -32 33 -34 -35 36 37 -38 39 40 41 42 -43
v -44 -45 46 47 48 -49 -50 51 -52 53 54 55 56 -57 -58 -59 60 0
c Answer: 1899
v 1 -2 -3 -4 5 6 7 -8 -9 -10 11 -12 -13 -14 15 16 -17 18 -19 -20 -21 22 23
v 24 -25 -26 -27 28 -29 -30 -31 -32 33 -34 -35 36 37 -38 39 40 41 42 -43
v 44 45 46 47 48 -49 -50 51 -52 -53 54 55 56 -57 -58 -59 60 0
c Answer: 1900
v -1 -2 3 -4 -5 -6 7 -8 9 -10 -11 -12 13 14 15 16 -17 18 -19 -20 -21 22 23
v 24 -25 -26 -27 28 -29 -30 -31 -32 33 -34 -35 36 37 -38 39 40 41 42 -43
v 44 -45 46 47 48 -49 -50 51 -52 53 54 55 56 -57 -58 -59 60 0
c Answer: 1901
v 1 -2 -3 -4 5 6 7 -8 -9 -10 11 -12 -13 -14 15 16 -17 18 -19 -20 -21 22 23
v 24 -25 -26 -27 28 -29 -30 -31 -32 33 -34 -35 36 37 -38 39 40 41 42 43 -44
v 45 46 47 48 -49 -50 51 -52 -53 54 55 56 -57 -58 -59 60 0
c Answer: 1902
v 1 -2 -3 -4 5 6 7 -8 -9 -10 11 -12 -13 -14 15 16 -17 18 -19 -20 -21 22 23
v 24 -25 -26 -27 28 -29 -30 -31 -32 33 -34 -35 36 37 -38 39 40 41 42 43 44
v 45 46 47 48 -49 -50 51 -52 -53 54 55 56 -57 -58 -59 60 0
c Answer: 1903
v -1 -2 3 -4 -5 -6 7 -8 9 -10 -11 -12 13 14 15 16 -17 18 -19 -20 -21 22 23
v 24 -25 -26 -27 28 -29 -30 -31 -32 33 -34 -35 36 37 -38 39 40 41 42 43 -44
v -45 46 47 48 -49 -50 51 -52 53 54 55 56 -57 -58 -59 60 0
c Answer: 1904
v -1 -2 3 -4 -5 -6 7 -8 9 -10 -11 -12 13 14 15 16 -17 18 -19 -20 -21 22 23
v 24 -25 -26 -27 28 -29 -30 -31 -32 33 -34 -35 36 37 -38 39 40 41 42 43 44
v -45 46 47 48 -49 -50 51 -52 53 54 55 56 -57 -58 -59 60 0
c Answer: 1905
v 1 -2 -3 -4 5 6 7 -8 -9 -10 11 -12 -13 -14 15 16 -17 18 -19 -20 -21 22 23
v 24 -25 -26 -27 28 -29 -30 -31 -32 33 -34 -35 36 37 -38 39 40 41 42 -43
v -44 45 46 47 48 -49 -50 51 52 -53 54 55 -56 -57 -58 -59 60 0
c Answer: 1906
v -1 -2 3 -4 -5 -6 7 -8 9 -10 -11 -12 13 14 15 16 -17 18 -19 -20 -21 22 23
v 24 -25 -26 -27 28 -29 -30 -31 -32 33 -34 -35 36 37 -38 39 40 41 42 -43
v -44 -45 46 47 48 -49 -50 51 52 53 54 55 -56 -57 -58 -59 60 0
c Answer: 1907
v 1 -2 -3 -4 5 6 7 -8 -9 -10 11 -12 -13 -14 15 16 -17 18 -19 -20 -21 22 23
v 24 -25 -26 -27 28 -29 -30 -31 -32 33 -34 -35 36 37 -38 39 40 41 42 -43
v -44 45 46 47 48 -49 -50 51 52 -53 54 55 56 -57 -58 -59 60 0
c Answer: 1908
v -1 -2 3 -4 -5 -6 7 -8 9 -10 -11 -12 13 14 15 16 -17 18 -19 -20 -21 22 23
v 24 -25 -26 -27 28 -29 -30 -31 -32 33 -34 -35 36 37 -38 39 40 41 42 -43
v -44 -45 46 47 48 -49 -50 51 52 53 54 55 56 -57 -58 -59 60 0
c Answer: 1909
v 1 -2 -3 -4 5 6 7 -8 -9 -10 11 -12 -13 -14 15 16 -17 18 -19 -20 -21 22 23
v 24 -25 -26 -27 28 -29 -30 -31 -32 33 -34 -35 36 37 -38 39 40 41 42 43 -44
v 45 46 47 48 -49 -50 51 52 -53 54 55 -56 -57 -58 -59 60 0
c Answer: 1910
v 1 -2 -3 -4 5 6 7 -8 -9 -10 11 -12 -13 -14 15 16 -17 18 -19 -20 -21 22 23
v 24 -25 -26 -27 28 -29 -30 -31 -32 33 -34 -35 36 37 -38 39 40 41 42 43 -44
v 45 46 47 48 -49 -50 51 52 -53 54 55 56 -57 -58 -59 60 0
c Answer: 1911
v -1 -2 3 -4 -5 -6 7 -8 9 -10 -11 -12 13 14 15 16 -17 18 -19 -20 -21 22 23
v 24 -25 -26 -27 28 -29 -30 -31 -32 33 -34 -35 36 37 -38 39 40 41 42 43 -44
v -45 46 47 48 -49 -50 51 52 53 54 55 -56 -57 -58 -59 60 0
c Answer: 1912
v -1 -2 3 -4 -5 -6 7 -8 9 -10 -11 -12 13 14 15 16 -17 18 -19 -20 -21 22 23
v 24 -25 -26 -27 28 -29 -30 -31 -32 33 -34 -35 36 37 -38 39 40 41 42 43 -44
v -45 46 47 48 -49 -50 51 52 53 54 55 56 -57 -58 -59 60 0
c Answer: 1913
v 1 -2 -3 -4 5 6 7 -8 -9 -10 11 -12 -13 -14 15 16 -17 18 -19 -20 -21 22 23
v 24 -25 -26 -27 28 -29 -30 -31 -32 33 -34 -35 36 37 -38 39 40 41 42 -43
v 44 45 46 47 48 -49 -50 51 52 -53 54 55 -56 -57 -58 -59 60 0
c Answer: 1914
v -1 -2 3 -4 -5 -6 7 -8 9 -10 -11 -12 13 14 15 16 -17 18 -19 -20 -21 22 23
v 24 -25 -26 -27 28 -29 -30 -31 -32 33 -34 -35 36 37 -38 39 40 41 42 -43
v 44 -45 46 47 48 -49 -50 51 52 53 54 55 -56 -57 -58 -59 60 0
c Answer: 1915
v 1 -2 -3 -4 5 6 7 -8 -9 -10 11 -12 -13 -14 15 16 -17 18 -19 -20 -21 22 23
v 24 -25 -26 -27 28 -29 -30 -31 -32 33 -34 -35 36 37 -38 39 40 41 42 43 44
v 45 46 47 48 -49 -50 51 52 -53 54 55 -56 -57 -58 -59 60 0
c Answer: 1916
v -1 -2 3 -4 -5 -6 7 -8 9 -10 -11 -12 13 14 15 16 -17 18 -19 -20 -21 22 23
v 24 -25 -26 -27 28 -29 -30 -31 -32 33 -34 -35 36 37 -38 39 40 41 42 43 44
v -45 46 47 48 -49 -50 51 52 53 54 55 -56 -57 -58 -59 60 0
c Answer: 1917
v 1 -2 -3 -4 5 6 7 -8 -9 -10 11 -12 -13 -14 15 16 -17 18 -19 -20 -21 22 23
v 24 -25 -26 -27 28 -29 -30 -31 -32 33 -34 -35 36 37 -38 39 40 41 42 -43
v 44 45 46 47 48 -49 -50 51 52 -53 54 55 56 -57 -58 -59 60 0
c Answer: 1918
v 1 -2 -3 -4 5 6 7 -8 -9 -10 11 -12 -13 -14 15 16 -17 18 -19 -20 -21 22 23
v 24 -25 -26 -27 28 -29 -30 -31 -32 33 -34 -35 36 37 -38 39 40 41 42 43 44
v 45 46 47 48 -49 -50 51 52 -53 54 55 56 -57 -58 -59 60 0
c Answer: 1919
v -1 -2 3 -4 -5 -6 7 -8 9 -10 -11 -12 13 14 15 16 -17 18 -19 -20 -21 22 23
v 24 -25 -26 -27 28 -29 -30 -31 -32 33 -34 -35 36 37 -38 39 40 41 42 -43
v 44 -45 46 47 48 -49 -50 51 52 53 54 55 56 -57 -58 -59 60 0
c Answer: 1920
v -1 -2 3 -4 -5 -6 7 -8 9 -10 -11 -12 13 14 15 16 -17 18 -19 -20 -21 22 23
v 24 -25 -26 -27 28 -29 -30 -31 -32 33 -34 -35 36 37 -38 39 40 41 42 43 44
v -45 46 47 48 -49 -50 51 52 53 54 55 56 -57 -58 -59 60 0
c Answer: 1921
v 1 -2 -3 -4 5 6 7 -8 -9 -10 11 -12 -13 -14 15 16 -17 18 -19 -20 -21 22 23
v -24 -25 -26 -27 28 -29 -30 -31 32 33 -34 -35 36 37 -38 39 40 41 42 -43
v -44 45 46 47 -48 -49 -50 51 -52 -53 54 55 -56 -57 -58 -59 60 0
c Answer: 1922
v -1 -2 3 -4 -5 -6 7 -8 9 -10 -11 -12 13 14 15 16 -17 18 -19 -20 -21 22 23
v -24 -25 -26 -27 28 -29 -30 -31 32 33 -34 -35 36 37 -38 39 40 41 42 -43
v -44 -45 46 47 -48 -49 -50 51 -52 53 54 55 -56 -57 -58 -59 60 0
c Answer: 1923
v 1 -2 -3 -4 5 6 7 -8 -9 -10 11 -12 -13 -14 15 16 -17 18 -19 -20 -21 22 23
v -24 -25 -26 -27 28 -29 -30 -31 32 33 -34 -35 36 37 -38 39 40 41 42 -43
v -44 45 46 47 48 -49 -50 51 -52 -53 54 55 -56 -57 -58 -59 60 0
c Answer: 1924
v -1 -2 3 -4 -5 -6 7 -8 9 -10 -11 -12 13 14 15 16 -17 18 -19 -20 -21 22 23
v -24 -25 -26 -27 28 -29 -30 -31 32 33 -34 -35 36 37 -38 39 40 41 42 -43
v -44 -45 46 47 48 -49 -50 51 -52 53 54 55 -56 -57 -58 -59 60 0
c Answer: 1925
v 1 -2 -3 -4 5 6 7 -8 -9 -10 11 -12 -13 -14 15 16 -17 18 -19 -20 -21 22 23
v 24 -25 -26 -27 28 -29 -30 -31 32 33 -34 -35 36 37 -38 39 40 41 42 -43 -44
v 45 46 47 -48 -49 -50 51 -52 -53 54 55 -56 -57 -58 -59 60 0
c Answer: 1926
v 1 -2 -3 -4 5 6 7 -8 -9 -10 11 -12 -13 -14 15 16 -17 18 -19 -20 -21 22 23
v 24 -25 -26 -27 28 -29 -30 -31 32 33 -34 -35 36 37 -38 39 40 41 42 -43 -44
v 45 46 47 48 -49 -50 51 -52 -53 54 55 -56 -57 -58 -59 60 0
c Answer: 1927
v -1 -2 3 -4 -5 -6 7 -8 9 -10 -11 -12 13 14 15 16 -17 18 -19 -20 -21 22 23
v 24 -25 -26 -27 28 -29 -30 -31 32 33 -34 -35 36 37 -38 39 40 41 42 -43 -44
v -45 46 47 -48 -49 -50 51 -52 53 54 55 -56 -57 -58 -59 60 0
c Answer: 1928
v -1 -2 3 -4 -5 -6 7 -8 9 -10 -11 -12 13 14 15 16 -17 18 -19 -20 -21 22 23
v 24 -25 -26 -27 28 -29 -30 -31 32 33 -34 -35 36 37 -38 39 40 41 42 -43 -44
v -45 46 47 48 -49 -50 51 -52 53 54 55 -56 -57 -58 -59 60 0
c Answer: 1929
v 1 -2 -3 -4 5 6 7 -8 -9 -10 11 -12 -13 -14 15 16 -17 18 -19 -20 -21 22 23
v -24 -25 -26 -27 28 -29 -30 -31 32 33 -34 -35 36 37 -38 39 40 41 42 -43
v -44 45 46 47 -48 -49 -50 51 52 -53 54 55 -56 -57 -58 -59 60 0
c Answer: 1930
v -1 -2 3 -4 -5 -6 7 -8 9 -10 -11 -12 13 14 15 16 -17 18 -19 -20 -21 22 23
v -24 -25 -26 -27 28 -29 -30 -31 32 33 -34 -35 36 37 -38 39 40 41 42 -43
v -44 -45 46 47 -48 -49 -50 51 52 53 54 55 -56 -57 -58 -59 60 0
c Answer: 1931
v 1 -2 -3 -4 5 6 7 -8 -9 -10 11 -12 -13 -14 15 16 -17 18 -19 -20 -21 22 23
v 24 -25 -26 -27 28 -29 -30 -31 32 33 -34 -35 36 37 -38 39 40 41 42 -43 -44
v 45 46 47 -48 -49 -50 51 52 -53 54 55 -56 -57 -58 -59 60 0
c Answer: 1932
v -1 -2 3 -4 -5 -6 7 -8 9 -10 -11 -12 13 14 15 16 -17 18 -19 -20 -21 22 23
v 24 -25 -26 -27 28 -29 -30 -31 32 33 -34 -35 36 37 -38 39 40 41 42 -43 -44
v -45 46 47 -48 -49 -50 51 52 53 54 55 -56 -57 -58 -59 60 0
c Answer: 1933
v 1 -2 -3 -4 5 6 7 -8 -9 -10 11 -12 -13 -14 15 16 -17 18 -19 -20 -21 22 23
v -24 -25 -26 -27 28 -29 -30 -31 32 33 -34 -35 36 37 -38 39 40 41 42 -43
v -44 45 46 47 48 -49 -50 51 52 -53 54 55 -56 -57 -58 -59 60 0
c Answer: 1934
v 1 -2 -3 -4 5 6 7 -8 -9 -10 11 -12 -13 -14 15 16 -17 18 -19 -20 -21 22 23
v 24 -25 -26 -27 28 -29 -30 -31 32 33 -34 -35 36 37 -38 39 40 41 42 -43 -44
v 45 46 47 48 -49 -50 51 52 -53 54 55 -56 -57 -58 -59 60 0
c Answer: 1935
v -1 -2 3 -4 -5 -6 7 -8 9 -10 -11 -12 13 14 15 16 -17 18 -19 -20 -21 22 23
v -24 -25 -26 -27 28 -29 -30 -31 32 33 -34 -35 36 37 -38 39 40 41 42 -43
v -44 -45 46 47 48 -49 -50 51 52 53 54 55 -56 -57 -58 -59 60 0
c Answer: 1936
v -1 -2 3 -4 -5 -6 7 -8 9 -10 -11 -12 13 14 15 16 -17 18 -19 -20 -21 22 23
v 24 -25 -26 -27 28 -29 -30 -31 32 33 -34 -35 36 37 -38 39 40 41 42 -43 -44
v -45 46 47 48 -49 -50 51 52 53 54 55 -56 -57 -58 -59 60 0
c Answer: 1937
v 1 -2 -3 -4 5 6 7 -8 -9 -10 11 -12 -13 -14 15 16 -17 18 -19 -20 -21 22 23
v -24 -25 -26 -27 28 -29 -30 -31 32 33 -34 -35 36 37 -38 39 40 41 42 -43
v 44 45 46 47 -48 -49 -50 51 -52 -53 54 55 -56 -57 -58 -59 60 0
c Answer: 1938
v -1 -2 3 -4 -5 -6 7 -8 9 -10 -11 -12 13 14 15 16 -17 18 -19 -20 -21 22 23
v -24 -25 -26 -27 28 -29 -30 -31 32 33 -34 -35 36 37 -38 39 40 41 42 -43
v 44 -45 46 47 -48 -49 -50 51 -52 53 54 55 -56 -57 -58 -59 60 0
c Answer: 1939
v 1 -2 -3 -4 5 6 7 -8 -9 -10 11 -12 -13 -14 15 16 -17 18 -19 -20 -21 22 23
v -24 -25 -26 -27 28 -29 -30 -31 32 33 -34 -35 36 37 -38 39 40 41 42 -43
v 44 45 46 47 -48 -49 -50 51 52 -53 54 55 -56 -57 -58 -59 60 0
c Answer: 1940
v -1 -2 3 -4 -5 -6 7 -8 9 -10 -11 -12 13 14 15 16 -17 18 -19 -20 -21 22 23
v -24 -25 -26 -27 28 -29 -30 -31 32 33 -34 -35 36 37 -38 39 40 41 42 -43
v 44 -45 46 47 -48 -49 -50 51 52 53 54 55 -56 -57 -58 -59 60 0
c Answer: 1941
v 1 -2 -3 -4 5 6 7 -8 -9 -10 11 -12 -13 -14 15 16 -17 18 -19 -20 -21 22 23
v -24 -25 -26 -27 28 -29 -30 -31 32 33 -34 -35 36 37 -38 39 40 41 42 -43
v 44 45 46 47 48 -49 -50 51 -52 -53 54 55 -56 -57 -58 -59 60 0
c Answer: 1942
v 1 -2 -3 -4 5 6 7 -8 -9 -10 11 -12 -13 -14 15 16 -17 18 -19 -20 -21 22 23
v -24 -25 -26 -27 28 -29 -30 -31 32 33 -34 -35 36 37 -38 39 40 41 42 -43
v 44 45 46 47 48 -49 -50 51 52 -53 54 55 -56 -57 -58 -59 60 0
c Answer: 1943
v -1 -2 3 -4 -5 -6 7 -8 9 -10 -11 -12 13 14 15 16 -17 18 -19 -20 -21 22 23
v -24 -25 -26 -27 28 -29 -30 -31 32 33 -34 -35 36 37 -38 39 40 41 42 -43
v 44 -45 46 47 48 -49 -50 51 -52 53 54 55 -56 -57 -58 -59 60 0
c Answer: 1944
v -1 -2 3 -4 -5 -6 7 -8 9 -10 -11 -12 13 14 15 16 -17 18 -19 -20 -21 22 23
v -24 -25 -26 -27 28 -29 -30 -31 32 33 -34 -35 36 37 -38 39 40 41 42 -43
v 44 -45 46 47 48 -49 -50 51 52 53 54 55 -56 -57 -58 -59 60 0
c Answer: 1945
v 1 -2 -3 -4 5 6 7 -8 -9 -10 11 -12 -13 -14 15 16 -17 18 -19 -20 -21 22 23
v 24 -25 -26 -27 28 -29 -30 -31 32 33 -34 -35 36 37 -38 39 40 41 42 -43 44
v 45 46 47 -48 -49 -50 51 -52 -53 54 55 -56 -57 -58 -59 60 0
c Answer: 1946
v -1 -2 3 -4 -5 -6 7 -8 9 -10 -11 -12 13 14 15 16 -17 18 -19 -20 -21 22 23
v 24 -25 -26 -27 28 -29 -30 -31 32 33 -34 -35 36 37 -38 39 40 41 42 -43 44
v -45 46 47 -48 -49 -50 51 -52 53 54 55 -56 -57 -58 -59 60 0
c Answer: 1947
v 1 -2 -3 -4 5 6 7 -8 -9 -10 11 -12 -13 -14 15 16 -17 18 -19 -20 -21 22 23
v 24 -25 -26 -27 28 -29 -30 -31 32 33 -34 -35 36 37 -38 39 40 41 42 -43 44
v 45 46 47 48 -49 -50 51 -52 -53 54 55 -56 -57 -58 -59 60 0
c Answer: 1948
v -1 -2 3 -4 -5 -6 7 -8 9 -10 -11 -12 13 14 15 16 -17 18 -19 -20 -21 22 23
v 24 -25 -26 -27 28 -29 -30 -31 32 33 -34 -35 36 37 -38 39 40 41 42 -43 44
v -45 46 47 48 -49 -50 51 -52 53 54 55 -56 -57 -58 -59 60 0
c Answer: 1949
v 1 -2 -3 -4 5 6 7 -8 -9 -10 11 -12 -13 -14 15 16 -17 18 -19 -20 -21 22 23
v 24 -25 -26 -27 28 -29 -30 -31 32 33 -34 -35 36 37 -38 39 40 41 42 -43 44
v 45 46 47 -48 -49 -50 51 52 -53 54 55 -56 -57 -58 -59 60 0
c Answer: 1950
v 1 -2 -3 -4 5 6 7 -8 -9 -10 11 -12 -13 -14 15 16 -17 18 -19 -20 -21 22 23
v 24 -25 -26 -27 28 -29 -30 -31 32 33 -34 -35 36 37 -38 39 40 41 42 -43 44
v 45 46 47 48 -49 -50 51 52 -53 54 55 -56 -57 -58 -59 60 0
c Answer: 1951
v -1 -2 3 -4 -5 -6 7 -8 9 -10 -11 -12 13 14 15 16 -17 18 -19 -20 -21 22 23
v 24 -25 -26 -27 28 -29 -30 -31 32 33 -34 -35 36 37 -38 39 40 41 42 -43 44
v -45 46 47 -48 -49 -50 51 52 53 54 55 -56 -57 -58 -59 60 0
c Answer: 1952
v -1 -2 3 -4 -5 -6 7 -8 9 -10 -11 -12 13 14 15 16 -17 18 -19 -20 -21 22 23
v 24 -25 -26 -27 28 -29 -30 -31 32 33 -34 -35 36 37 -38 39 40 41 42 -43 44
v -45 46 47 48 -49 -50 51 52 53 54 55 -56 -57 -58 -59 60 0
c Answer: 1953
v 1 -2 -3 -4 5 6 7 -8 -9 -10 11 -12 -13 -14 15 16 -17 18 -19 -20 -21 22 23
v -24 -25 -26 -27 28 -29 -30 -31 32 33 -34 -35 36 37 -38 39 40 41 42 -43
v -44 45 46 47 -48 -49 -50 51 -52 -53 54 55 56 -57 -58 -59 60 0
c Answer: 1954
v -1 -2 3 -4 -5 -6 7 -8 9 -10 -11 -12 13 14 15 16 -17 18 -19 -20 -21 22 23
v -24 -25 -26 -27 28 -29 -30 -31 32 33 -34 -35 36 37 -38 39 40 41 42 -43
v -44 -45 46 47 -48 -49 -50 51 -52 53 54 55 56 -57 -58 -59 60 0
c Answer: 1955
v 1 -2 -3 -4 5 6 7 -8 -9 -10 11 -12 -13 -14 15 16 -17 18 -19 -20 -21 22 23
v -24 -25 -26 -27 28 -29 -30 -31 32 33 -34 -35 36 37 -38 39 40 41 42 -43
v 44 45 46 47 -48 -49 -50 51 -52 -53 54 55 56 -57 -58 -59 60 0
c Answer: 1956
v -1 -2 3 -4 -5 -6 7 -8 9 -10 -11 -12 13 14 15 16 -17 18 -19 -20 -21 22 23
v -24 -25 -26 -27 28 -29 -30 -31 32 33 -34 -35 36 37 -38 39 40 41 42 -43
v 44 -45 46 47 -48 -49 -50 51 -52 53 54 55 56 -57 -58 -59 60 0
c Answer: 1957
v 1 -2 -3 -4 5 6 7 -8 -9 -10 11 -12 -13 -14 15 16 -17 18 -19 -20 -21 22 23
v 24 -25 -26 -27 28 -29 -30 -31 32 33 -34 -35 36 37 -38 39 40 41 42 -43 -44
v 45 46 47 -48 -49 -50 51 -52 -53 54 55 56 -57 -58 -59 60 0
c Answer: 1958
v 1 -2 -3 -4 5 6 7 -8 -9 -10 11 -12 -13 -14 15 16 -17 18 -19 -20 -21 22 23
v 24 -25 -26 -27 28 -29 -30 -31 32 33 -34 -35 36 37 -38 39 40 41 42 -43 44
v 45 46 47 -48 -49 -50 51 -52 -53 54 55 56 -57 -58 -59 60 0
c Answer: 1959
v -1 -2 3 -4 -5 -6 7 -8 9 -10 -11 -12 13 14 15 16 -17 18 -19 -20 -21 22 23
v 24 -25 -26 -27 28 -29 -30 -31 32 33 -34 -35 36 37 -38 39 40 41 42 -43 -44
v -45 46 47 -48 -49 -50 51 -52 53 54 55 56 -57 -58 -59 60 0
c Answer: 1960
v -1 -2 3 -4 -5 -6 7 -8 9 -10 -11 -12 13 14 15 16 -17 18 -19 -20 -21 22 23
v 24 -25 -26 -27 28 -29 -30 -31 32 33 -34 -35 36 37 -38 39 40 41 42 -43 44
v -45 46 47 -48 -49 -50 51 -52 53 54 55 56 -57 -58 -59 60 0
c Answer: 1961
v 1 -2 -3 -4 5 6 7 -8 -9 -10 11 -12 -13 -14 15 16 -17 18 -19 -20 -21 22 23
v -24 -25 -26 -27 28 -29 -30 -31 32 33 -34 -35 36 37 -38 39 40 41 42 -43
v -44 45 46 47 -48 -49 -50 51 52 -53 54 55 56 -57 -58 -59 60 0
c Answer: 1962
v -1 -2 3 -4 -5 -6 7 -8 9 -10 -11 -12 13 14 15 16 -17 18 -19 -20 -21 22 23
v -24 -25 -26 -27 28 -29 -30 -31 32 33 -34 -35 36 37 -38 39 40 41 42 -43
v -44 -45 46 47 -48 -49 -50 51 52 53 54 55 56 -57 -58 -59 60 0
c Answer: 1963
v 1 -2 -3 -4 5 6 7 -8 -9 -10 11 -12 -13 -14 15 16 -17 18 -19 -20 -21 22 23
v 24 -25 -26 -27 28 -29 -30 -31 32 33 -34 -35 36 37 -38 39 40 41 42 -43 -44
v 45 46 47 -48 -49 -50 51 52 -53 54 55 56 -57 -58 -59 60 0
c Answer: 1964
v -1 -2 3 -4 -5 -6 7 -8 9 -10 -11 -12 13 14 15 16 -17 18 -19 -20 -21 22 23
v 24 -25 -26 -27 28 -29 -30 -31 32 33 -34 -35 36 37 -38 39 40 41 42 -43 -44
v -45 46 47 -48 -49 -50 51 52 53 54 55 56 -57 -58 -59 60 0
c Answer: 1965
v 1 -2 -3 -4 5 6 7 -8 -9 -10 11 -12 -13 -14 15 16 -17 18 -19 -20 -21 22 23
v -24 -25 -26 -27 28 -29 -30 -31 32 33 -34 -35 36 37 -38 39 40 41 42 -43
v 44 45 46 47 -48 -49 -50 51 52 -53 54 55 56 -57 -58 -59 60 0
c Answer: 1966
v 1 -2 -3 -4 5 6 7 -8 -9 -10 11 -12 -13 -14 15 16 -17 18 -19 -20 -21 22 23
v 24 -25 -26 -27 28 -29 -30 -31 32 33 -34 -35 36 37 -38 39 40 41 42 -43 44
v 45 46 47 -48 -49 -50 51 52 -53 54 55 56 -57 -58 -59 60 0
c Answer: 1967
v -1 -2 3 -4 -5 -6 7 -8 9 -10 -11 -12 13 14 15 16 -17 18 -19 -20 -21 22 23
v -24 -25 -26 -27 28 -29 -30 -31 32 33 -34 -35 36 37 -38 39 40 41 42 -43
v 44 -45 46 47 -48 -49 -50 51 52 53 54 55 56 -57 -58 -59 60 0
c Answer: 1968
v -1 -2 3 -4 -5 -6 7 -8 9 -10 -11 -12 13 14 15 16 -17 18 -19 -20 -21 22 23
v 24 -25 -26 -27 28 -29 -30 -31 32 33 -34 -35 36 37 -38 39 40 41 42 -43 44
v -45 46 47 -48 -49 -50 51 52 53 54 55 56 -57 -58 -59 60 0
c Answer: 1969
v 1 -2 -3 -4 5 6 7 -8 -9 -10 11 -12 -13 -14 15 16 -17 18 -19 -20 -21 22 23
v -24 -25 -26 -27 28 -29 -30 -31 32 33 -34 -35 36 37 -38 39 40 41 42 -43
v -44 45 46 47 48 -49 -50 51 -52 -53 54 55 56 -57 -58 -59 60 0
c Answer: 1970
v -1 -2 3 -4 -5 -6 7 -8 9 -10 -11 -12 13 14 15 16 -17 18 -19 -20 -21 22 23
v -24 -25 -26 -27 28 -29 -30 -31 32 33 -34 -35 36 37 -38 39 40 41 42 -43
v -44 -45 46 47 48 -49 -50 51 -52 53 54 55 56 -57 -58 -59 60 0
c Answer: 1971
v 1 -2 -3 -4 5 6 7 -8 -9 -10 11 -12 -13 -14 15 16 -17 18 -19 -20 -21 22 23
v -24 -25 -26 -27 28 -29 -30 -31 32 33 -34 -35 36 37 -38 39 40 41 42 -43
v -44 45 46 47 48 -49 -50 51 52 -53 54 55 56 -57 -58 -59 60 0
c Answer: 1972
v -1 -2 3 -4 -5 -6 7 -8 9 -10 -11 -12 13 14 15 16 -17 18 -19 -20 -21 22 23
v -24 -25 -26 -27 28 -29 -30 -31 32 33 -34 -35 36 37 -38 39 40 41 42 -43
v -44 -45 46 47 48 -49 -50 51 52 53 54 55 56 -57 -58 -59 60 0
c Answer: 1973
v 1 -2 -3 -4 5 6 7 -8 -9 -10 11 -12 -13 -14 15 16 -17 18 -19 -20 -21 22 23
v -24 -25 -26 -27 28 -29 -30 -31 32 33 -34 -35 36 37 -38 39 40 41 42 -43
v 44 45 46 47 48 -49 -50 51 -52 -53 54 55 56 -57 -58 -59 60 0
c Answer: 1974
v 1 -2 -3 -4 5 6 7 -8 -9 -10 11 -12 -13 -14 15 16 -17 18 -19 -20 -21 22 23
v -24 -25 -26 -27 28 -29 -30 -31 32 33 -34 -35 36 37 -38 39 40 41 42 -43
v 44 45 46 47 48 -49 -50 51 52 -53 54 55 56 -57 -58 -59 60 0
c Answer: 1975
v -1 -2 3 -4 -5 -6 7 -8 9 -10 -11 -12 13 14 15 16 -17 18 -19 -20 -21 22 23
v -24 -25 -26 -27 28 -29 -30 -31 32 33 -34 -35 36 37 -38 39 40 41 42 -43
v 44 -45 46 47 48 -49 -50 51 -52 53 54 55 56 -57 -58 -59 60 0
c Answer: 1976
v -1 -2 3 -4 -5 -6 7 -8 9 -10 -11 -12 13 14 15 16 -17 18 -19 -20 -21 22 23
v -24 -25 -26 -27 28 -29 -30 -31 32 33 -34 -35 36 37 -38 39 40 41 42 -43
v 44 -45 46 47 48 -49 -50 51 52 53 54 55 56 -57 -58 -59 60 0
c Answer: 1977
v 1 -2 -3 -4 5 6 7 -8 -9 -10 11 -12 -13 -14 15 16 -17 18 -19 -20 -21 22 23
v 24 -25 -26 -27 28 -29 -30 -31 32 33 -34 -35 36 37 -38 39 40 41 42 -43 -44
v 45 46 47 48 -49 -50 51 -52 -53 54 55 56 -57 -58 -59 60 0
c Answer: 1978
v -1 -2 3 -4 -5 -6 7 -8 9 -10 -11 -12 13 14 15 16 -17 18 -19 -20 -21 22 23
v 24 -25 -26 -27 28 -29 -30 -31 32 33 -34 -35 36 37 -38 39 40 41 42 -43 -44
v -45 46 47 48 -49 -50 51 -52 53 54 55 56 -57 -58 -59 60 0
c Answer: 1979
v 1 -2 -3 -4 5 6 7 -8 -9 -10 11 -12 -13 -14 15 16 -17 18 -19 -20 -21 22 23
v 24 -25 -26 -27 28 -29 -30 -31 32 33 -34 -35 36 37 -38 39 40 41 42 -43 44
v 45 46 47 48 -49 -50 51 -52 -53 54 55 56 -57 -58 -59 60 0
c Answer: 1980
v -1 -2 3 -4 -5 -6 7 -8 9 -10 -11 -12 13 14 15 16 -17 18 -19 -20 -21 22 23
v 24 -25 -26 -27 28 -29 -30 -31 32 33 -34 -35 36 37 -38 39 40 41 42 -43 44
v -45 46 47 48 -49 -50 51 -52 53 54 55 56 -57 -58 -59 60 0
c Answer: 1981
v 1 -2 -3 -4 5 6 7 -8 -9 -10 11 -12 -13 -14 15 16 -17 18 -19 -20 -21 22 23
v 24 -25 -26 -27 28 -29 -30 -31 32 33 -34 -35 36 37 -38 39 40 41 42 -43 -44
v 45 46 47 48 -49 -50 51 52 -53 54 55 56 -57 -58 -59 60 0
c Answer: 1982
v 1 -2 -3 -4 5 6 7 -8 -9 -10 11 -12 -13 -14 15 16 -17 18 -19 -20 -21 22 23
v 24 -25 -26 -27 28 -29 -30 -31 32 33 -34 -35 36 37 -38 39 40 41 42 -43 44
v 45 46 47 48 -49 -50 51 52 -53 54 55 56 -57 -58 -59 60 0
c Answer: 1983
v -1 -2 3 -4 -5 -6 7 -8 9 -10 -11 -12 13 14 15 16 -17 18 -19 -20 -21 22 23
v 24 -25 -26 -27 28 -29 -30 -31 32 33 -34 -35 36 37 -38 39 40 41 42 -43 -44
v -45 46 47 48 -49 -50 51 52 53 54 55 56 -57 -58 -59 60 0
c Answer: 1984
v -1 -2 3 -4 -5 -6 7 -8 9 -10 -11 -12 13 14 15 16 -17 18 -19 -20 -21 22 23
v 24 -25 -26 -27 28 -29 -30 -31 32 33 -34 -35 36 37 -38 39 40 41 42 -43 44
v -45 46 47 48 -49 -50 51 52 53 54 55 56 -57 -58 -59 60 0
c Answer: 1985
v 1 -2 -3 -4 5 6 7 -8 -9 -10 11 -12 -13 -14 15 16 -17 18 -19 -20 -21 22 23
v -24 -25 -26 -27 28 -29 -30 -31 32 33 -34 -35 36 37 -38 39 40 41 42 43 -44
v 45 46 47 -48 -49 -50 51 -52 -53 54 55 -56 -57 -58 -59 60 0
c Answer: 1986
v -1 -2 3 -4 -5 -6 7 -8 9 -10 -11 -12 13 14 15 16 -17 18 -19 -20 -21 22 23
v -24 -25 -26 -27 28 -29 -30 -31 32 33 -34 -35 36 37 -38 39 40 41 42 43 -44
v -45 46 47 -48 -49 -50 51 -52 53 54 55 -56 -57 -58 -59 60 0
c Answer: 1987
v 1 -2 -3 -4 5 6 7 -8 -9 -10 11 -12 -13 -14 15 16 -17 18 -19 -20 -21 22 23
v -24 -25 -26 -27 28 -29 -30 -31 32 33 -34 -35 36 37 -38 39 40 41 42 43 -44
v 45 46 47 -48 -49 -50 51 -52 -53 54 55 56 -57 -58 -59 60 0
c Answer: 1988
v -1 -2 3 -4 -5 -6 7 -8 9 -10 -11 -12 13 14 15 16 -17 18 -19 -20 -21 22 23
v -24 -25 -26 -27 28 -29 -30 -31 32 33 -34 -35 36 37 -38 39 40 41 42 43 -44
v -45 46 47 -48 -49 -50 51 -52 53 54 55 56 -57 -58 -59 60 0
c Answer: 1989
v 1 -2 -3 -4 5 6 7 -8 -9 -10 11 -12 -13 -14 15 16 -17 18 -19 -20 -21 22 23
v -24 -25 -26 -27 28 -29 -30 -31 32 33 -34 -35 36 37 -38 39 40 41 42 43 -44
v 45 46 47 48 -49 -50 51 -52 -53 54 55 -56 -57 -58 -59 60 0
c Answer: 1990
v 1 -2 -3 -4 5 6 7 -8 -9 -10 11 -12 -13 -14 15 16 -17 18 -19 -20 -21 22 23
v -24 -25 -26 -27 28 -29 -30 -31 32 33 -34 -35 36 37 -38 39 40 41 42 43 -44
v 45 46 47 48 -49 -50 51 -52 -53 54 55 56 -57 -58 -59 60 0
c Answer: 1991
v -1 -2 3 -4 -5 -6 7 -8 9 -10 -11 -12 13 14 15 16 -17 18 -19 -20 -21 22 23
v -24 -25 -26 -27 28 -29 -30 -31 32 33 -34 -35 36 37 -38 39 40 41 42 43 -44
v -45 46 47 48 -49 -50 51 -52 53 54 55 -56 -57 -58 -59 60 0
c Answer: 1992
v -1 -2 3 -4 -5 -6 7 -8 9 -10 -11 -12 13 14 15 16 -17 18 -19 -20 -21 22 23
v -24 -25 -26 -27 28 -29 -30 -31 32 33 -34 -35 36 37 -38 39 40 41 42 43 -44
v -45 46 47 48 -49 -50 51 -52 53 54 55 56 -57 -58 -59 60 0
c Answer: 1993
v 1 -2 -3 -4 5 6 7 -8 -9 -10 11 -12 -13 -14 15 16 -17 18 -19 -20 -21 22 23
v 24 -25 -26 -27 28 -29 -30 -31 32 33 -34 -35 36 37 -38 39 40 41 42 43 -44
v 45 46 47 -48 -49 -50 51 -52 -53 54 55 -56 -57 -58 -59 60 0
c Answer: 1994
v -1 -2 3 -4 -5 -6 7 -8 9 -10 -11 -12 13 14 15 16 -17 18 -19 -20 -21 22 23
v 24 -25 -26 -27 28 -29 -30 -31 32 33 -34 -35 36 37 -38 39 40 41 42 43 -44
v -45 46 47 -48 -49 -50 51 -52 53 54 55 -56 -57 -58 -59 60 0
c Answer: 1995
v 1 -2 -3 -4 5 6 7 -8 -9 -10 11 -12 -13 -14 15 16 -17 18 -19 -20 -21 22 23
v 24 -25 -26 -27 28 -29 -30 -31 32 33 -34 -35 36 37 -38 39 40 41 42 43 -44
v 45 46 47 48 -49 -50 51 -52 -53 54 55 -56 -57 -58 -59 60 0
c Answer: 1996
v -1 -2 3 -4 -5 -6 7 -8 9 -10 -11 -12 13 14 15 16 -17 18 -19 -20 -21 22 23
v 24 -25 -26 -27 28 -29 -30 -31 32 33 -34 -35 36 37 -38 39 40 41 42 43 -44
v -45 46 47 48 -49 -50 51 -52 53 54 55 -56 -57 -58 -59 60 0
c Answer: 1997
v 1 -2 -3 -4 5 6 7 -8 -9 -10 11 -12 -13 -14 15 16 -17 18 -19 -20 -21 22 23
v 24 -25 -26 -27 28 -29 -30 -31 32 33 -34 -35 36 37 -38 39 40 41 42 43 -44
v 45 46 47 -48 -49 -50 51 -52 -53 54 55 56 -57 -58 -59 60 0
c Answer: 1998
v 1 -2 -3 -4 5 6 7 -8 -9 -10 11 -12 -13 -14 15 16 -17 18 -19 -20 -21 22 23
v 24 -25 -26 -27 28 -29 -30 -31 32 33 -34 -35 36 37 -38 39 40 41 42 43 -44
v 45 46 47 48 -49 -50 51 -52 -53 54 55 56 -57 -58 -59 60 0
c Answer: 1999
v -1 -2 3 -4 -5 -6 7 -8 9 -10 -11 -12 13 14 15 16 -17 18 -19 -20 -21 22 23
v 24 -25 -26 -27 28 -29 -30 -31 32 33 -34 -35 36 37 -38 39 40 41 42 43 -44
v -45 46 47 -48 -49 -50 51 -52 53 54 55 56 -57 -58 -59 60 0
c Answer: 2000
v -1 -2 3 -4 -5 -6 7 -8 9 -10 -11 -12 13 14 15 16 -17 18 -19 -20 -21 22 23
v 24 -25 -26 -27 28 -29 -30 -31 32 33 -34 -35 36 37 -38 39 40 41 42 43 -44
v -45 46 47 48 -49 -50 51 -52 53 54 55 56 -57 -58 -59 60 0
c Answer: 2001
v 1 -2 -3 -4 5 6 7 -8 -9 -10 11 -12 -13 -14 15 16 -17 18 -19 -20 -21 22 23
v -24 -25 -26 -27 28 -29 -30 -31 32 33 -34 -35 36 37 -38 39 40 41 42 43 -44
v 45 46 47 -48 -49 -50 51 52 -53 54 55 -56 -57 -58 -59 60 0
c Answer: 2002
v -1 -2 3 -4 -5 -6 7 -8 9 -10 -11 -12 13 14 15 16 -17 18 -19 -20 -21 22 23
v -24 -25 -26 -27 28 -29 -30 -31 32 33 -34 -35 36 37 -38 39 40 41 42 43 -44
v -45 46 47 -48 -49 -50 51 52 53 54 55 -56 -57 -58 -59 60 0
c Answer: 2003
v 1 -2 -3 -4 5 6 7 -8 -9 -10 11 -12 -13 -14 15 16 -17 18 -19 -20 -21 22 23
v 24 -25 -26 -27 28 -29 -30 -31 32 33 -34 -35 36 37 -38 39 40 41 42 43 -44
v 45 46 47 -48 -49 -50 51 52 -53 54 55 -56 -57 -58 -59 60 0
c Answer: 2004
v -1 -2 3 -4 -5 -6 7 -8 9 -10 -11 -12 13 14 15 16 -17 18 -19 -20 -21 22 23
v 24 -25 -26 -27 28 -29 -30 -31 32 33 -34 -35 36 37 -38 39 40 41 42 43 -44
v -45 46 47 -48 -49 -50 51 52 53 54 55 -56 -57 -58 -59 60 0
c Answer: 2005
v 1 -2 -3 -4 5 6 7 -8 -9 -10 11 -12 -13 -14 15 16 -17 18 -19 -20 -21 22 23
v -24 -25 -26 -27 28 -29 -30 -31 32 33 -34 -35 36 37 -38 39 40 41 42 43 -44
v 45 46 47 -48 -49 -50 51 52 -53 54 55 56 -57 -58 -59 60 0
c Answer: 2006
v 1 -2 -3 -4 5 6 7 -8 -9 -10 11 -12 -13 -14 15 16 -17 18 -19 -20 -21 22 23
v 24 -25 -26 -27 28 -29 -30 -31 32 33 -34 -35 36 37 -38 39 40 41 42 43 -44
v 45 46 47 -48 -49 -50 51 52 -53 54 55 56 -57 -58 -59 60 0
c Answer: 2007
v -1 -2 3 -4 -5 -6 7 -8 9 -10 -11 -12 13 14 15 16 -17 18 -19 -20 -21 22 23
v -24 -25 -26 -27 28 -29 -30 -31 32 33 -34 -35 36 37 -38 39 40 41 42 43 -44
v -45 46 47 -48 -49 -50 51 52 53 54 55 56 -57 -58 -59 60 0
c Answer: 2008
v -1 -2 3 -4 -5 -6 7 -8 9 -10 -11 -12 13 14 15 16 -17 18 -19 -20 -21 22 23
v 24 -25 -26 -27 28 -29 -30 -31 32 33 -34 -35 36 37 -38 39 40 41 42 43 -44
v -45 46 47 -48 -49 -50 51 52 53 54 55 56 -57 -58 -59 60 0
c Answer: 2009
v 1 -2 -3 -4 5 6 7 -8 -9 -10 11 -12 -13 -14 15 16 -17 18 -19 -20 -21 22 23
v -24 -25 -26 -27 28 -29 -30 -31 32 33 -34 -35 36 37 -38 39 40 41 42 43 -44
v 45 46 47 48 -49 -50 51 52 -53 54 55 -56 -57 -58 -59 60 0
c Answer: 2010
v -1 -2 3 -4 -5 -6 7 -8 9 -10 -11 -12 13 14 15 16 -17 18 -19 -20 -21 22 23
v -24 -25 -26 -27 28 -29 -30 -31 32 33 -34 -35 36 37 -38 39 40 41 42 43 -44
v -45 46 47 48 -49 -50 51 52 53 54 55 -56 -57 -58 -59 60 0
c Answer: 2011
v 1 -2 -3 -4 5 6 7 -8 -9 -10 11 -12 -13 -14 15 16 -17 18 -19 -20 -21 22 23
v -24 -25 -26 -27 28 -29 -30 -31 32 33 -34 -35 36 37 -38 39 40 41 42 43 -44
v 45 46 47 48 -49 -50 51 52 -53 54 55 56 -57 -58 -59 60 0
c Answer: 2012
v -1 -2 3 -4 -5 -6 7 -8 9 -10 -11 -12 13 14 15 16 -17 18 -19 -20 -21 22 23
v -24 -25 -26 -27 28 -29 -30 -31 32 33 -34 -35 36 37 -38 39 40 41 42 43 -44
v -45 46 47 48 -49 -50 51 52 53 54 55 56 -57 -58 -59 60 0
c Answer: 2013
v 1 -2 -3 -4 5 6 7 -8 -9 -10 11 -12 -13 -14 15 16 -17 18 -19 -20 -21 22 23
v 24 -25 -26 -27 28 -29 -30 -31 32 33 -34 -35 36 37 -38 39 40 41 42 43 -44
v 45 46 47 48 -49 -50 51 52 -53 54 55 -56 -57 -58 -59 60 0
c Answer: 2014
v 1 -2 -3 -4 5 6 7 -8 -9 -10 11 -12 -13 -14 15 16 -17 18 -19 -20 -21 22 23
v 24 -25 -26 -27 28 -29 -30 -31 32 33 -34 -35 36 37 -38 39 40 41 42 43 -44
v 45 46 47 48 -49 -50 51 52 -53 54 55 56 -57 -58 -59 60 0
c Answer: 2015
v -1 -2 3 -4 -5 -6 7 -8 9 -10 -11 -12 13 14 15 16 -17 18 -19 -20 -21 22 23
v 24 -25 -26 -27 28 -29 -30 -31 32 33 -34 -35 36 37 -38 39 40 41 42 43 -44
v -45 46 47 48 -49 -50 51 52 53 54 55 -56 -57 -58 -59 60 0
c Answer: 2016
v -1 -2 3 -4 -5 -6 7 -8 9 -10 -11 -12 13 14 15 16 -17 18 -19 -20 -21 22 23
v 24 -25 -26 -27 28 -29 -30 -31 32 33 -34 -35 36 37 -38 39 40 41 42 43 -44
v -45 46 47 48 -49 -50 51 52 53 54 55 56 -57 -58 -59 60 0
c Answer: 2017
v 1 -2 -3 -4 5 6 7 -8 -9 -10 11 -12 -13 -14 15 16 -17 18 -19 -20 -21 22 23
v -24 -25 -26 -27 28 -29 -30 -31 32 33 -34 -35 36 37 -38 39 40 41 42 43 44
v 45 46 47 -48 -49 -50 51 -52 -53 54 55 -56 -57 -58 -59 60 0
c Answer: 2018
v -1 -2 3 -4 -5 -6 7 -8 9 -10 -11 -12 13 14 15 16 -17 18 -19 -20 -21 22 23
v -24 -25 -26 -27 28 -29 -30 -31 32 33 -34 -35 36 37 -38 39 40 41 42 43 44
v -45 46 47 -48 -49 -50 51 -52 53 54 55 -56 -57 -58 -59 60 0
c Answer: 2019
v 1 -2 -3 -4 5 6 7 -8 -9 -10 11 -12 -13 -14 15 16 -17 18 -19 -20 -21 22 23
v -24 -25 -26 -27 28 -29 -30 -31 32 33 -34 -35 36 37 -38 39 40 41 42 43 44
v 45 46 47 -48 -49 -50 51 52 -53 54 55 -56 -57 -58 -59 60 0
c Answer: 2020
v -1 -2 3 -4 -5 -6 7 -8 9 -10 -11 -12 13 14 15 16 -17 18 -19 -20 -21 22 23
v -24 -25 -26 -27 28 -29 -30 -31 32 33 -34 -35 36 37 -38 39 40 41 42 43 44
v -45 46 47 -48 -49 -50 51 52 53 54 55 -56 -57 -58 -59 60 0
c Answer: 2021
v 1 -2 -3 -4 5 6 7 -8 -9 -10 11 -12 -13 -14 15 16 -17 18 -19 -20 -21 22 23
v -24 -25 -26 -27 28 -29 -30 -31 32 33 -34 -35 36 37 -38 39 40 41 42 43 44
v 45 46 47 48 -49 -50 51 -52 -53 54 55 -56 -57 -58 -59 60 0
c Answer: 2022
v 1 -2 -3 -4 5 6 7 -8 -9 -10 11 -12 -13 -14 15 16 -17 18 -19 -20 -21 22 23
v -24 -25 -26 -27 28 -29 -30 -31 32 33 -34 -35 36 37 -38 39 40 41 42 43 44
v 45 46 47 48 -49 -50 51 52 -53 54 55 -56 -57 -58 -59 60 0
c Answer: 2023
v -1 -2 3 -4 -5 -6 7 -8 9 -10 -11 -12 13 14 15 16 -17 18 -19 -20 -21 22 23
v -24 -25 -26 -27 28 -29 -30 -31 32 33 -34 -35 36 37 -38 39 40 41 42 43 44
v -45 46 47 48 -49 -50 51 -52 53 54 55 -56 -57 -58 -59 60 0
c Answer: 2024
v -1 -2 3 -4 -5 -6 7 -8 9 -10 -11 -12 13 14 15 16 -17 18 -19 -20 -21 22 23
v -24 -25 -26 -27 28 -29 -30 -31 32 33 -34 -35 36 37 -38 39 40 41 42 43 44
v -45 46 47 48 -49 -50 51 52 53 54 55 -56 -57 -58 -59 60 0
c Answer: 2025
v 1 -2 -3 -4 5 6 7 -8 -9 -10 11 -12 -13 -14 15 16 -17 18 -19 -20 -21 22 23
v 24 -25 -26 -27 28 -29 -30 -31 32 33 -34 -35 36 37 -38 39 40 41 42 43 44
v 45 46 47 -48 -49 -50 51 -52 -53 54 55 -56 -57 -58 -59 60 0
c Answer: 2026
v -1 -2 3 -4 -5 -6 7 -8 9 -10 -11 -12 13 14 15 16 -17 18 -19 -20 -21 22 23
v 24 -25 -26 -27 28 -29 -30 -31 32 33 -34 -35 36 37 -38 39 40 41 42 43 44
v -45 46 47 -48 -49 -50 51 -52 53 54 55 -56 -57 -58 -59 60 0
c Answer: 2027
v 1 -2 -3 -4 5 6 7 -8 -9 -10 11 -12 -13 -14 15 16 -17 18 -19 -20 -21 22 23
v 24 -25 -26 -27 28 -29 -30 -31 32 33 -34 -35 36 37 -38 39 40 41 42 43 44
v 45 46 47 48 -49 -50 51 -52 -53 54 55 -56 -57 -58 -59 60 0
c Answer: 2028
v -1 -2 3 -4 -5 -6 7 -8 9 -10 -11 -12 13 14 15 16 -17 18 -19 -20 -21 22 23
v 24 -25 -26 -27 28 -29 -30 -31 32 33 -34 -35 36 37 -38 39 40 41 42 43 44
v -45 46 47 48 -49 -50 51 -52 53 54 55 -56 -57 -58 -59 60 0
c Answer: 2029
v 1 -2 -3 -4 5 6 7 -8 -9 -10 11 -12 -13 -14 15 16 -17 18 -19 -20 -21 22 23
v 24 -25 -26 -27 28 -29 -30 -31 32 33 -34 -35 36 37 -38 39 40 41 42 43 44
v 45 46 47 -48 -49 -50 51 52 -53 54 55 -56 -57 -58 -59 60 0
c Answer: 2030
v 1 -2 -3 -4 5 6 7 -8 -9 -10 11 -12 -13 -14 15 16 -17 18 -19 -20 -21 22 23
v 24 -25 -26 -27 28 -29 -30 -31 32 33 -34 -35 36 37 -38 39 40 41 42 43 44
v 45 46 47 48 -49 -50 51 52 -53 54 55 -56 -57 -58 -59 60 0
c Answer: 2031
v -1 -2 3 -4 -5 -6 7 -8 9 -10 -11 -12 13 14 15 16 -17 18 -19 -20 -21 22 23
v 24 -25 -26 -27 28 -29 -30 -31 32 33 -34 -35 36 37 -38 39 40 41 42 43 44
v -45 46 47 -48 -49 -50 51 52 53 54 55 -56 -57 -58 -59 60 0
c Answer: 2032
v -1 -2 3 -4 -5 -6 7 -8 9 -10 -11 -12 13 14 15 16 -17 18 -19 -20 -21 22 23
v 24 -25 -26 -27 28 -29 -30 -31 32 33 -34 -35 36 37 -38 39 40 41 42 43 44
v -45 46 47 48 -49 -50 51 52 53 54 55 -56 -57 -58 -59 60 0
c Answer: 2033
v 1 -2 -3 -4 5 6 7 -8 -9 -10 11 -12 -13 -14 15 16 -17 18 -19 -20 -21 22 23
v -24 -25 -26 -27 28 -29 -30 -31 32 33 -34 -35 36 37 -38 39 40 41 42 43 44
v 45 46 47 -48 -49 -50 51 -52 -53 54 55 56 -57 -58 -59 60 0
c Answer: 2034
v -1 -2 3 -4 -5 -6 7 -8 9 -10 -11 -12 13 14 15 16 -17 18 -19 -20 -21 22 23
v -24 -25 -26 -27 28 -29 -30 -31 32 33 -34 -35 36 37 -38 39 40 41 42 43 44
v -45 46 47 -48 -49 -50 51 -52 53 54 55 56 -57 -58 -59 60 0
c Answer: 2035
v 1 -2 -3 -4 5 6 7 -8 -9 -10 11 -12 -13 -14 15 16 -17 18 -19 -20 -21 22 23
v 24 -25 -26 -27 28 -29 -30 -31 32 33 -34 -35 36 37 -38 39 40 41 42 43 44
v 45 46 47 -48 -49 -50 51 -52 -53 54 55 56 -57 -58 -59 60 0
c Answer: 2036
v -1 -2 3 -4 -5 -6 7 -8 9 -10 -11 -12 13 14 15 16 -17 18 -19 -20 -21 22 23
v 24 -25 -26 -27 28 -29 -30 -31 32 33 -34 -35 36 37 -38 39 40 41 42 43 44
v -45 46 47 -48 -49 -50 51 -52 53 54 55 56 -57 -58 -59 60 0
c Answer: 2037
v 1 -2 -3 -4 5 6 7 -8 -9 -10 11 -12 -13 -14 15 16 -17 18 -19 -20 -21 22 23
v -24 -25 -26 -27 28 -29 -30 -31 32 33 -34 -35 36 37 -38 39 40 41 42 43 44
v 45 46 47 -48 -49 -50 51 52 -53 54 55 56 -57 -58 -59 60 0
c Answer: 2038
v 1 -2 -3 -4 5 6 7 -8 -9 -10 11 -12 -13 -14 15 16 -17 18 -19 -20 -21 22 23
v 24 -25 -26 -27 28 -29 -30 -31 32 33 -34 -35 36 37 -38 39 40 41 42 43 44
v 45 46 47 -48 -49 -50 51 52 -53 54 55 56 -57 -58 -59 60 0
c Answer: 2039
v -1 -2 3 -4 -5 -6 7 -8 9 -10 -11 -12 13 14 15 16 -17 18 -19 -20 -21 22 23
v -24 -25 -26 -27 28 -29 -30 -31 32 33 -34 -35 36 37 -38 39 40 41 42 43 44
v -45 46 47 -48 -49 -50 51 52 53 54 55 56 -57 -58 -59 60 0
c Answer: 2040
v -1 -2 3 -4 -5 -6 7 -8 9 -10 -11 -12 13 14 15 16 -17 18 -19 -20 -21 22 23
v 24 -25 -26 -27 28 -29 -30 -31 32 33 -34 -35 36 37 -38 39 40 41 42 43 44
v -45 46 47 -48 -49 -50 51 52 53 54 55 56 -57 -58 -59 60 0
c Answer: 2041
v 1 -2 -3 -4 5 6 7 -8 -9 -10 11 -12 -13 -14 15 16 -17 18 -19 -20 -21 22 23
v -24 -25 -26 -27 28 -29 -30 -31 32 33 -34 -35 36 37 -38 39 40 41 42 43 44
v 45 46 47 48 -49 -50 51 -52 -53 54 55 56 -57 -58 -59 60 0
c Answer: 2042
v -1 -2 3 -4 -5 -6 7 -8 9 -10 -11 -12 13 14 15 16 -17 18 -19 -20 -21 22 23
v -24 -25 -26 -27 28 -29 -30 -31 32 33 -34 -35 36 37 -38 39 40 41 42 43 44
v -45 46 47 48 -49 -50 51 -52 53 54 55 56 -57 -58 -59 60 0
c Answer: 2043
v 1 -2 -3 -4 5 6 7 -8 -9 -10 11 -12 -13 -14 15 16 -17 18 -19 -20 -21 22 23
v -24 -25 -26 -27 28 -29 -30 -31 32 33 -34 -35 36 37 -38 39 40 41 42 43 44
v 45 46 47 48 -49 -50 51 52 -53 54 55 56 -57 -58 -59 60 0
c Answer: 2044
v -1 -2 3 -4 -5 -6 7 -8 9 -10 -11 -12 13 14 15 16 -17 18 -19 -20 -21 22 23
v -24 -25 -26 -27 28 -29 -30 -31 32 33 -34 -35 36 37 -38 39 40 41 42 43 44
v -45 46 47 48 -49 -50 51 52 53 54 55 56 -57 -58 -59 60 0
c Answer: 2045
v 1 -2 -3 -4 5 6 7 -8 -9 -10 11 -12 -13 -14 15 16 -17 18 -19 -20 -21 22 23
v 24 -25 -26 -27 28 -29 -30 -31 32 33 -34 -35 36 37 -38 39 40 41 42 43 44
v 45 46 47 48 -49 -50 51 -52 -53 54 55 56 -57 -58 -59 60 0
c Answer: 2046
v 1 -2 -3 -4 5 6 7 -8 -9 -10 11 -12 -13 -14 15 16 -17 18 -19 -20 -21 22 23
v 24 -25 -26 -27 28 -29 -30 -31 32 33 -34 -35 36 37 -38 39 40 41 42 43 44
v 45 46 47 48 -49 -50 51 52 -53 54 55 56 -57 -58 -59 60 0
c Answer: 2047
v -1 -2 3 -4 -5 -6 7 -8 9 -10 -11 -12 13 14 15 16 -17 18 -19 -20 -21 22 23
v 24 -25 -26 -27 28 -29 -30 -31 32 33 -34 -35 36 37 -38 39 40 41 42 43 44
v -45 46 47 48 -49 -50 51 -52 53 54 55 56 -57 -58 -59 60 0
c Answer: 2048
v -1 -2 3 -4 -5 -6 7 -8 9 -10 -11 -12 13 14 15 16 -17 18 -19 -20 -21 22 23
v 24 -25 -26 -27 28 -29 -30 -31 32 33 -34 -35 36 37 -38 39 40 41 42 43 44
v -45 46 47 48 -49 -50 51 52 53 54 55 56 -57 -58 -59 60 0
c Answer: 2049
v 1 -2 -3 -4 5 6 7 8 -9 -10 11 -12 -13 -14 15 -16 -17 18 -19 -20 -21 22 23
v -24 -25 -26 -27 28 -29 -30 -31 -32 33 -34 -35 36 37 -38 39 40 41 -42 -43
v -44 45 46 47 -48 -49 -50 51 -52 -53 54 55 -56 -57 -58 -59 -60 0
c Answer: 2050
v -1 -2 3 -4 -5 -6 7 8 9 -10 -11 -12 13 14 15 -16 -17 18 -19 -20 -21 22 23
v -24 -25 -26 -27 28 -29 -30 -31 -32 33 -34 -35 36 37 -38 39 40 41 -42 -43
v -44 -45 46 47 -48 -49 -50 51 -52 53 54 55 -56 -57 -58 -59 -60 0
c Answer: 2051
v 1 -2 -3 -4 5 6 7 8 -9 -10 11 -12 -13 -14 15 -16 -17 18 -19 -20 -21 22 23
v 24 -25 -26 -27 28 -29 -30 -31 -32 33 -34 -35 36 37 -38 39 40 41 -42 -43
v -44 45 46 47 -48 -49 -50 51 -52 -53 54 55 -56 -57 -58 -59 -60 0
c Answer: 2052
v -1 -2 3 -4 -5 -6 7 8 9 -10 -11 -12 13 14 15 -16 -17 18 -19 -20 -21 22 23
v 24 -25 -26 -27 28 -29 -30 -31 -32 33 -34 -35 36 37 -38 39 40 41 -42 -43
v -44 -45 46 47 -48 -49 -50 51 -52 53 54 55 -56 -57 -58 -59 -60 0
c Answer: 2053
v 1 -2 -3 -4 5 6 7 8 -9 -10 11 -12 -13 -14 15 -16 -17 18 -19 -20 -21 22 23
v -24 -25 -26 -27 28 -29 -30 -31 -32 33 -34 -35 36 37 -38 39 40 41 -42 -43
v -44 45 46 47 -48 -49 -50 51 -52 -53 54 55 -56 -57 -58 -59 60 0
c Answer: 2054
v 1 -2 -3 -4 5 6 7 8 -9 -10 11 -12 -13 -14 15 -16 -17 18 -19 -20 -21 22 23
v 24 -25 -26 -27 28 -29 -30 -31 -32 33 -34 -35 36 37 -38 39 40 41 -42 -43
v -44 45 46 47 -48 -49 -50 51 -52 -53 54 55 -56 -57 -58 -59 60 0
c Answer: 2055
v -1 -2 3 -4 -5 -6 7 8 9 -10 -11 -12 13 14 15 -16 -17 18 -19 -20 -21 22 23
v -24 -25 -26 -27 28 -29 -30 -31 -32 33 -34 -35 36 37 -38 39 40 41 -42 -43
v -44 -45 46 47 -48 -49 -50 51 -52 53 54 55 -56 -57 -58 -59 60 0
c Answer: 2056
v -1 -2 3 -4 -5 -6 7 8 9 -10 -11 -12 13 14 15 -16 -17 18 -19 -20 -21 22 23
v 24 -25 -26 -27 28 -29 -30 -31 -32 33 -34 -35 36 37 -38 39 40 41 -42 -43
v -44 -45 46 47 -48 -49 -50 51 -52 53 54 55 -56 -57 -58 -59 60 0
c Answer: 2057
v 1 -2 -3 -4 5 6 7 8 -9 -10 11 -12 -13 -14 15 -16 -17 18 -19 -20 -21 22 23
v -24 -25 -26 -27 28 -29 -30 -31 -32 33 -34 -35 36 37 -38 39 40 41 42 -43
v -44 45 46 47 -48 -49 -50 51 -52 -53 54 55 -56 -57 -58 -59 -60 0
c Answer: 2058
v -1 -2 3 -4 -5 -6 7 8 9 -10 -11 -12 13 14 15 -16 -17 18 -19 -20 -21 22 23
v -24 -25 -26 -27 28 -29 -30 -31 -32 33 -34 -35 36 37 -38 39 40 41 42 -43
v -44 -45 46 47 -48 -49 -50 51 -52 53 54 55 -56 -57 -58 -59 -60 0
c Answer: 2059
v 1 -2 -3 -4 5 6 7 8 -9 -10 11 -12 -13 -14 15 -16 -17 18 -19 -20 -21 22 23
v -24 -25 -26 -27 28 -29 -30 -31 -32 33 -34 -35 36 37 -38 39 40 41 42 -43
v -44 45 46 47 -48 -49 -50 51 -52 -53 54 55 -56 -57 -58 -59 60 0
c Answer: 2060
v -1 -2 3 -4 -5 -6 7 8 9 -10 -11 -12 13 14 15 -16 -17 18 -19 -20 -21 22 23
v -24 -25 -26 -27 28 -29 -30 -31 -32 33 -34 -35 36 37 -38 39 40 41 42 -43
v -44 -45 46 47 -48 -49 -50 51 -52 53 54 55 -56 -57 -58 -59 60 0
c Answer: 2061
v 1 -2 -3 -4 5 6 7 8 -9 -10 11 -12 -13 -14 15 -16 -17 18 -19 -20 -21 22 23
v 24 -25 -26 -27 28 -29 -30 -31 -32 33 -34 -35 36 37 -38 39 40 41 42 -43
v -44 45 46 47 -48 -49 -50 51 -52 -53 54 55 -56 -57 -58 -59 -60 0
c Answer: 2062
v 1 -2 -3 -4 5 6 7 8 -9 -10 11 -12 -13 -14 15 -16 -17 18 -19 -20 -21 22 23
v 24 -25 -26 -27 28 -29 -30 -31 -32 33 -34 -35 36 37 -38 39 40 41 42 -43
v -44 45 46 47 -48 -49 -50 51 -52 -53 54 55 -56 -57 -58 -59 60 0
c Answer: 2063
v -1 -2 3 -4 -5 -6 7 8 9 -10 -11 -12 13 14 15 -16 -17 18 -19 -20 -21 22 23
v 24 -25 -26 -27 28 -29 -30 -31 -32 33 -34 -35 36 37 -38 39 40 41 42 -43
v -44 -45 46 47 -48 -49 -50 51 -52 53 54 55 -56 -57 -58 -59 -60 0
c Answer: 2064
v -1 -2 3 -4 -5 -6 7 8 9 -10 -11 -12 13 14 15 -16 -17 18 -19 -20 -21 22 23
v 24 -25 -26 -27 28 -29 -30 -31 -32 33 -34 -35 36 37 -38 39 40 41 42 -43
v -44 -45 46 47 -48 -49 -50 51 -52 53 54 55 -56 -57 -58 -59 60 0
c Answer: 2065
v 1 -2 -3 -4 5 6 7 8 -9 -10 11 -12 -13 -14 15 16 -17 18 -19 -20 -21 22 23
v -24 -25 -26 -27 28 -29 -30 -31 -32 33 -34 -35 36 37 -38 39 40 41 -42 -43
v -44 45 46 47 -48 -49 -50 51 -52 -53 54 55 -56 -57 -58 -59 -60 0
c Answer: 2066
v -1 -2 3 -4 -5 -6 7 8 9 -10 -11 -12 13 14 15 16 -17 18 -19 -20 -21 22 23
v -24 -25 -26 -27 28 -29 -30 -31 -32 33 -34 -35 36 37 -38 39 40 41 -42 -43
v -44 -45 46 47 -48 -49 -50 51 -52 53 54 55 -56 -57 -58 -59 -60 0
c Answer: 2067
v 1 -2 -3 -4 5 6 7 8 -9 -10 11 -12 -13 -14 15 16 -17 18 -19 -20 -21 22 23
v -24 -25 -26 -27 28 -29 -30 -31 -32 33 -34 -35 36 37 -38 39 40 41 42 -43
v -44 45 46 47 -48 -49 -50 51 -52 -53 54 55 -56 -57 -58 -59 -60 0
c Answer: 2068
v -1 -2 3 -4 -5 -6 7 8 9 -10 -11 -12 13 14 15 16 -17 18 -19 -20 -21 22 23
v -24 -25 -26 -27 28 -29 -30 -31 -32 33 -34 -35 36 37 -38 39 40 41 42 -43
v -44 -45 46 47 -48 -49 -50 51 -52 53 54 55 -56 -57 -58 -59 -60 0
c Answer: 2069
v 1 -2 -3 -4 5 6 7 8 -9 -10 11 -12 -13 -14 15 16 -17 18 -19 -20 -21 22 23
v 24 -25 -26 -27 28 -29 -30 -31 -32 33 -34 -35 36 37 -38 39 40 41 -42 -43
v -44 45 46 47 -48 -49 -50 51 -52 -53 54 55 -56 -57 -58 -59 -60 0
c Answer: 2070
v 1 -2 -3 -4 5 6 7 8 -9 -10 11 -12 -13 -14 15 16 -17 18 -19 -20 -21 22 23
v 24 -25 -26 -27 28 -29 -30 -31 -32 33 -34 -35 36 37 -38 39 40 41 42 -43
v -44 45 46 47 -48 -49 -50 51 -52 -53 54 55 -56 -57 -58 -59 -60 0
c Answer: 2071
v -1 -2 3 -4 -5 -6 7 8 9 -10 -11 -12 13 14 15 16 -17 18 -19 -20 -21 22 23
v 24 -25 -26 -27 28 -29 -30 -31 -32 33 -34 -35 36 37 -38 39 40 41 -42 -43
v -44 -45 46 47 -48 -49 -50 51 -52 53 54 55 -56 -57 -58 -59 -60 0
c Answer: 2072
v -1 -2 3 -4 -5 -6 7 8 9 -10 -11 -12 13 14 15 16 -17 18 -19 -20 -21 22 23
v 24 -25 -26 -27 28 -29 -30 -31 -32 33 -34 -35 36 37 -38 39 40 41 42 -43
v -44 -45 46 47 -48 -49 -50 51 -52 53 54 55 -56 -57 -58 -59 -60 0
c Answer: 2073
v 1 -2 -3 -4 5 6 7 8 -9 -10 11 -12 -13 -14 15 16 -17 18 -19 -20 -21 22 23
v -24 -25 -26 -27 28 -29 -30 -31 -32 33 -34 -35 36 37 -38 39 40 41 -42 -43
v -44 45 46 47 -48 -49 -50 51 -52 -53 54 55 -56 -57 -58 -59 60 0
c Answer: 2074
v -1 -2 3 -4 -5 -6 7 8 9 -10 -11 -12 13 14 15 16 -17 18 -19 -20 -21 22 23
v -24 -25 -26 -27 28 -29 -30 -31 -32 33 -34 -35 36 37 -38 39 40 41 -42 -43
v -44 -45 46 47 -48 -49 -50 51 -52 53 54 55 -56 -57 -58 -59 60 0
c Answer: 2075
v 1 -2 -3 -4 5 6 7 8 -9 -10 11 -12 -13 -14 15 16 -17 18 -19 -20 -21 22 23
v 24 -25 -26 -27 28 -29 -30 -31 -32 33 -34 -35 36 37 -38 39 40 41 -42 -43
v -44 45 46 47 -48 -49 -50 51 -52 -53 54 55 -56 -57 -58 -59 60 0
c Answer: 2076
v -1 -2 3 -4 -5 -6 7 8 9 -10 -11 -12 13 14 15 16 -17 18 -19 -20 -21 22 23
v 24 -25 -26 -27 28 -29 -30 -31 -32 33 -34 -35 36 37 -38 39 40 41 -42 -43
v -44 -45 46 47 -48 -49 -50 51 -52 53 54 55 -56 -57 -58 -59 60 0
c Answer: 2077
v 1 -2 -3 -4 5 6 7 8 -9 -10 11 -12 -13 -14 15 16 -17 18 -19 -20 -21 22 23
v -24 -25 -26 -27 28 -29 -30 -31 -32 33 -34 -35 36 37 -38 39 40 41 42 -43
v -44 45 46 47 -48 -49 -50 51 -52 -53 54 55 -56 -57 -58 -59 60 0
c Answer: 2078
v 1 -2 -3 -4 5 6 7 8 -9 -10 11 -12 -13 -14 15 16 -17 18 -19 -20 -21 22 23
v 24 -25 -26 -27 28 -29 -30 -31 -32 33 -34 -35 36 37 -38 39 40 41 42 -43
v -44 45 46 47 -48 -49 -50 51 -52 -53 54 55 -56 -57 -58 -59 60 0
c Answer: 2079
v -1 -2 3 -4 -5 -6 7 8 9 -10 -11 -12 13 14 15 16 -17 18 -19 -20 -21 22 23
v -24 -25 -26 -27 28 -29 -30 -31 -32 33 -34 -35 36 37 -38 39 40 41 42 -43
v -44 -45 46 47 -48 -49 -50 51 -52 53 54 55 -56 -57 -58 -59 60 0
c Answer: 2080
v -1 -2 3 -4 -5 -6 7 8 9 -10 -11 -12 13 14 15 16 -17 18 -19 -20 -21 22 23
v 24 -25 -26 -27 28 -29 -30 -31 -32 33 -34 -35 36 37 -38 39 40 41 42 -43
v -44 -45 46 47 -48 -49 -50 51 -52 53 54 55 -56 -57 -58 -59 60 0
c Answer: 2081
v 1 -2 -3 -4 5 6 7 8 -9 -10 11 -12 -13 -14 15 -16 -17 18 -19 -20 -21 22 23
v -24 -25 -26 -27 28 -29 -30 -31 32 33 -34 -35 36 37 -38 39 40 41 -42 -43
v -44 45 46 47 -48 -49 -50 51 -52 -53 54 55 -56 -57 -58 -59 -60 0
c Answer: 2082
v -1 -2 3 -4 -5 -6 7 8 9 -10 -11 -12 13 14 15 -16 -17 18 -19 -20 -21 22 23
v -24 -25 -26 -27 28 -29 -30 -31 32 33 -34 -35 36 37 -38 39 40 41 -42 -43
v -44 -45 46 47 -48 -49 -50 51 -52 53 54 55 -56 -57 -58 -59 -60 0
c Answer: 2083
v 1 -2 -3 -4 5 6 7 8 -9 -10 11 -12 -13 -14 15 16 -17 18 -19 -20 -21 22 23
v -24 -25 -26 -27 28 -29 -30 -31 32 33 -34 -35 36 37 -38 39 40 41 -42 -43
v -44 45 46 47 -48 -49 -50 51 -52 -53 54 55 -56 -57 -58 -59 -60 0
c Answer: 2084
v -1 -2 3 -4 -5 -6 7 8 9 -10 -11 -12 13 14 15 16 -17 18 -19 -20 -21 22 23
v -24 -25 -26 -27 28 -29 -30 -31 32 33 -34 -35 36 37 -38 39 40 41 -42 -43
v -44 -45 46 47 -48 -49 -50 51 -52 53 54 55 -56 -57 -58 -59 -60 0
c Answer: 2085
v 1 -2 -3 -4 5 6 7 8 -9 -10 11 -12 -13 -14 15 -16 -17 18 -19 -20 -21 22 23
v -24 -25 -26 -27 28 -29 -30 -31 32 33 -34 -35 36 37 -38 39 40 41 -42 -43
v -44 45 46 47 -48 -49 -50 51 -52 -53 54 55 -56 -57 -58 -59 60 0
c Answer: 2086
v 1 -2 -3 -4 5 6 7 8 -9 -10 11 -12 -13 -14 15 16 -17 18 -19 -20 -21 22 23
v -24 -25 -26 -27 28 -29 -30 -31 32 33 -34 -35 36 37 -38 39 40 41 -42 -43
v -44 45 46 47 -48 -49 -50 51 -52 -53 54 55 -56 -57 -58 -59 60 0
c Answer: 2087
v -1 -2 3 -4 -5 -6 7 8 9 -10 -11 -12 13 14 15 -16 -17 18 -19 -20 -21 22 23
v -24 -25 -26 -27 28 -29 -30 -31 32 33 -34 -35 36 37 -38 39 40 41 -42 -43
v -44 -45 46 47 -48 -49 -50 51 -52 53 54 55 -56 -57 -58 -59 60 0
c Answer: 2088
v -1 -2 3 -4 -5 -6 7 8 9 -10 -11 -12 13 14 15 16 -17 18 -19 -20 -21 22 23
v -24 -25 -26 -27 28 -29 -30 -31 32 33 -34 -35 36 37 -38 39 40 41 -42 -43
v -44 -45 46 47 -48 -49 -50 51 -52 53 54 55 -56 -57 -58 -59 60 0
c Answer: 2089
v 1 -2 -3 -4 5 6 7 8 -9 -10 11 -12 -13 -14 15 -16 -17 18 -19 -20 -21 22 23
v -24 -25 -26 -27 28 -29 -30 -31 32 33 -34 -35 36 37 -38 39 40 41 42 -43
v -44 45 46 47 -48 -49 -50 51 -52 -53 54 55 -56 -57 -58 -59 -60 0
c Answer: 2090
v -1 -2 3 -4 -5 -6 7 8 9 -10 -11 -12 13 14 15 -16 -17 18 -19 -20 -21 22 23
v -24 -25 -26 -27 28 -29 -30 -31 32 33 -34 -35 36 37 -38 39 40 41 42 -43
v -44 -45 46 47 -48 -49 -50 51 -52 53 54 55 -56 -57 -58 -59 -60 0
c Answer: 2091
v 1 -2 -3 -4 5 6 7 8 -9 -10 11 -12 -13 -14 15 -16 -17 18 -19 -20 -21 22 23
v -24 -25 -26 -27 28 -29 -30 -31 32 33 -34 -35 36 37 -38 39 40 41 42 -43
v -44 45 46 47 -48 -49 -50 51 -52 -53 54 55 -56 -57 -58 -59 60 0
c Answer: 2092
v -1 -2 3 -4 -5 -6 7 8 9 -10 -11 -12 13 14 15 -16 -17 18 -19 -20 -21 22 23
v -24 -25 -26 -27 28 -29 -30 -31 32 33 -34 -35 36 37 -38 39 40 41 42 -43
v -44 -45 46 47 -48 -49 -50 51 -52 53 54 55 -56 -57 -58 -59 60 0
c Answer: 2093
v 1 -2 -3 -4 5 6 7 8 -9 -10 11 -12 -13 -14 15 16 -17 18 -19 -20 -21 22 23
v -24 -25 -26 -27 28 -29 -30 -31 32 33 -34 -35 36 37 -38 39 40 41 42 -43
v -44 45 46 47 -48 -49 -50 51 -52 -53 54 55 -56 -57 -58 -59 -60 0
c Answer: 2094
v 1 -2 -3 -4 5 6 7 8 -9 -10 11 -12 -13 -14 15 16 -17 18 -19 -20 -21 22 23
v -24 -25 -26 -27 28 -29 -30 -31 32 33 -34 -35 36 37 -38 39 40 41 42 -43
v -44 45 46 47 -48 -49 -50 51 -52 -53 54 55 -56 -57 -58 -59 60 0
c Answer: 2095
v -1 -2 3 -4 -5 -6 7 8 9 -10 -11 -12 13 14 15 16 -17 18 -19 -20 -21 22 23
v -24 -25 -26 -27 28 -29 -30 -31 32 33 -34 -35 36 37 -38 39 40 41 42 -43
v -44 -45 46 47 -48 -49 -50 51 -52 53 54 55 -56 -57 -58 -59 -60 0
c Answer: 2096
v -1 -2 3 -4 -5 -6 7 8 9 -10 -11 -12 13 14 15 16 -17 18 -19 -20 -21 22 23
v -24 -25 -26 -27 28 -29 -30 -31 32 33 -34 -35 36 37 -38 39 40 41 42 -43
v -44 -45 46 47 -48 -49 -50 51 -52 53 54 55 -56 -57 -58 -59 60 0
c Answer: 2097
v 1 -2 -3 -4 5 6 7 8 -9 -10 11 -12 -13 -14 15 -16 -17 18 -19 -20 -21 22 23
v 24 -25 -26 -27 28 -29 -30 -31 32 33 -34 -35 36 37 -38 39 40 41 -42 -43
v -44 45 46 47 -48 -49 -50 51 -52 -53 54 55 -56 -57 -58 -59 -60 0
c Answer: 2098
v -1 -2 3 -4 -5 -6 7 8 9 -10 -11 -12 13 14 15 -16 -17 18 -19 -20 -21 22 23
v 24 -25 -26 -27 28 -29 -30 -31 32 33 -34 -35 36 37 -38 39 40 41 -42 -43
v -44 -45 46 47 -48 -49 -50 51 -52 53 54 55 -56 -57 -58 -59 -60 0
c Answer: 2099
v 1 -2 -3 -4 5 6 7 8 -9 -10 11 -12 -13 -14 15 -16 -17 18 -19 -20 -21 22 23
v 24 -25 -26 -27 28 -29 -30 -31 32 33 -34 -35 36 37 -38 39 40 41 42 -43 -44
v 45 46 47 -48 -49 -50 51 -52 -53 54 55 -56 -57 -58 -59 -60 0
c Answer: 2100
v -1 -2 3 -4 -5 -6 7 8 9 -10 -11 -12 13 14 15 -16 -17 18 -19 -20 -21 22 23
v 24 -25 -26 -27 28 -29 -30 -31 32 33 -34 -35 36 37 -38 39 40 41 42 -43 -44
v -45 46 47 -48 -49 -50 51 -52 53 54 55 -56 -57 -58 -59 -60 0
c Answer: 2101
v 1 -2 -3 -4 5 6 7 8 -9 -10 11 -12 -13 -14 15 16 -17 18 -19 -20 -21 22 23
v 24 -25 -26 -27 28 -29 -30 -31 32 33 -34 -35 36 37 -38 39 40 41 -42 -43
v -44 45 46 47 -48 -49 -50 51 -52 -53 54 55 -56 -57 -58 -59 -60 0
c Answer: 2102
v 1 -2 -3 -4 5 6 7 8 -9 -10 11 -12 -13 -14 15 16 -17 18 -19 -20 -21 22 23
v 24 -25 -26 -27 28 -29 -30 -31 32 33 -34 -35 36 37 -38 39 40 41 42 -43 -44
v 45 46 47 -48 -49 -50 51 -52 -53 54 55 -56 -57 -58 -59 -60 0
c Answer: 2103
v -1 -2 3 -4 -5 -6 7 8 9 -10 -11 -12 13 14 15 16 -17 18 -19 -20 -21 22 23
v 24 -25 -26 -27 28 -29 -30 -31 32 33 -34 -35 36 37 -38 39 40 41 -42 -43
v -44 -45 46 47 -48 -49 -50 51 -52 53 54 55 -56 -57 -58 -59 -60 0
c Answer: 2104
v -1 -2 3 -4 -5 -6 7 8 9 -10 -11 -12 13 14 15 16 -17 18 -19 -20 -21 22 23
v 24 -25 -26 -27 28 -29 -30 -31 32 33 -34 -35 36 37 -38 39 40 41 42 -43 -44
v -45 46 47 -48 -49 -50 51 -52 53 54 55 -56 -57 -58 -59 -60 0
c Answer: 2105
v 1 -2 -3 -4 5 6 7 8 -9 -10 11 -12 -13 -14 15 -16 -17 18 -19 -20 -21 22 23
v 24 -25 -26 -27 28 -29 -30 -31 32 33 -34 -35 36 37 -38 39 40 41 -42 -43
v -44 45 46 47 -48 -49 -50 51 -52 -53 54 55 -56 -57 -58 -59 60 0
c Answer: 2106
v -1 -2 3 -4 -5 -6 7 8 9 -10 -11 -12 13 14 15 -16 -17 18 -19 -20 -21 22 23
v 24 -25 -26 -27 28 -29 -30 -31 32 33 -34 -35 36 37 -38 39 40 41 -42 -43
v -44 -45 46 47 -48 -49 -50 51 -52 53 54 55 -56 -57 -58 -59 60 0
c Answer: 2107
v 1 -2 -3 -4 5 6 7 8 -9 -10 11 -12 -13 -14 15 16 -17 18 -19 -20 -21 22 23
v 24 -25 -26 -27 28 -29 -30 -31 32 33 -34 -35 36 37 -38 39 40 41 -42 -43
v -44 45 46 47 -48 -49 -50 51 -52 -53 54 55 -56 -57 -58 -59 60 0
c Answer: 2108
v -1 -2 3 -4 -5 -6 7 8 9 -10 -11 -12 13 14 15 16 -17 18 -19 -20 -21 22 23
v 24 -25 -26 -27 28 -29 -30 -31 32 33 -34 -35 36 37 -38 39 40 41 -42 -43
v -44 -45 46 47 -48 -49 -50 51 -52 53 54 55 -56 -57 -58 -59 60 0
c Answer: 2109
v 1 -2 -3 -4 5 6 7 8 -9 -10 11 -12 -13 -14 15 -16 -17 18 -19 -20 -21 22 23
v 24 -25 -26 -27 28 -29 -30 -31 32 33 -34 -35 36 37 -38 39 40 41 42 -43 -44
v 45 46 47 -48 -49 -50 51 -52 -53 54 55 -56 -57 -58 -59 60 0
c Answer: 2110
v 1 -2 -3 -4 5 6 7 8 -9 -10 11 -12 -13 -14 15 16 -17 18 -19 -20 -21 22 23
v 24 -25 -26 -27 28 -29 -30 -31 32 33 -34 -35 36 37 -38 39 40 41 42 -43 -44
v 45 46 47 -48 -49 -50 51 -52 -53 54 55 -56 -57 -58 -59 60 0
c Answer: 2111
v -1 -2 3 -4 -5 -6 7 8 9 -10 -11 -12 13 14 15 -16 -17 18 -19 -20 -21 22 23
v 24 -25 -26 -27 28 -29 -30 -31 32 33 -34 -35 36 37 -38 39 40 41 42 -43 -44
v -45 46 47 -48 -49 -50 51 -52 53 54 55 -56 -57 -58 -59 60 0
c Answer: 2112
v -1 -2 3 -4 -5 -6 7 8 9 -10 -11 -12 13 14 15 16 -17 18 -19 -20 -21 22 23
v 24 -25 -26 -27 28 -29 -30 -31 32 33 -34 -35 36 37 -38 39 40 41 42 -43 -44
v -45 46 47 -48 -49 -50 51 -52 53 54 55 -56 -57 -58 -59 60 0
c Answer: 2113
v 1 -2 -3 -4 5 6 7 8 -9 -10 11 -12 -13 -14 15 -16 -17 18 -19 -20 -21 22 23
v -24 -25 -26 -27 28 -29 -30 -31 -32 33 -34 -35 36 37 -38 39 40 41 -42 43
v -44 45 46 47 -48 -49 -50 51 -52 -53 54 55 -56 -57 -58 -59 -60 0
c Answer: 2114
v -1 -2 3 -4 -5 -6 7 8 9 -10 -11 -12 13 14 15 -16 -17 18 -19 -20 -21 22 23
v -24 -25 -26 -27 28 -29 -30 -31 -32 33 -34 -35 36 37 -38 39 40 41 -42 43
v -44 -45 46 47 -48 -49 -50 51 -52 53 54 55 -56 -57 -58 -59 -60 0
c Answer: 2115
v 1 -2 -3 -4 5 6 7 8 -9 -10 11 -12 -13 -14 15 -16 -17 18 -19 -20 -21 22 23
v -24 -25 -26 -27 28 -29 -30 -31 32 33 -34 -35 36 37 -38 39 40 41 -42 43
v -44 45 46 47 -48 -49 -50 51 -52 -53 54 55 -56 -57 -58 -59 -60 0
c Answer: 2116
v -1 -2 3 -4 -5 -6 7 8 9 -10 -11 -12 13 14 15 -16 -17 18 -19 -20 -21 22 23
v -24 -25 -26 -27 28 -29 -30 -31 32 33 -34 -35 36 37 -38 39 40 41 -42 43
v -44 -45 46 47 -48 -49 -50 51 -52 53 54 55 -56 -57 -58 -59 -60 0
c Answer: 2117
v 1 -2 -3 -4 5 6 7 8 -9 -10 11 -12 -13 -14 15 -16 -17 18 -19 -20 -21 22 23
v 24 -25 -26 -27 28 -29 -30 -31 -32 33 -34 -35 36 37 -38 39 40 41 -42 43
v -44 45 46 47 -48 -49 -50 51 -52 -53 54 55 -56 -57 -58 -59 -60 0
c Answer: 2118
v 1 -2 -3 -4 5 6 7 8 -9 -10 11 -12 -13 -14 15 -16 -17 18 -19 -20 -21 22 23
v 24 -25 -26 -27 28 -29 -30 -31 32 33 -34 -35 36 37 -38 39 40 41 -42 43 -44
v 45 46 47 -48 -49 -50 51 -52 -53 54 55 -56 -57 -58 -59 -60 0
c Answer: 2119
v -1 -2 3 -4 -5 -6 7 8 9 -10 -11 -12 13 14 15 -16 -17 18 -19 -20 -21 22 23
v 24 -25 -26 -27 28 -29 -30 -31 -32 33 -34 -35 36 37 -38 39 40 41 -42 43
v -44 -45 46 47 -48 -49 -50 51 -52 53 54 55 -56 -57 -58 -59 -60 0
c Answer: 2120
v -1 -2 3 -4 -5 -6 7 8 9 -10 -11 -12 13 14 15 -16 -17 18 -19 -20 -21 22 23
v 24 -25 -26 -27 28 -29 -30 -31 32 33 -34 -35 36 37 -38 39 40 41 -42 43 -44
v -45 46 47 -48 -49 -50 51 -52 53 54 55 -56 -57 -58 -59 -60 0
c Answer: 2121
v 1 -2 -3 -4 5 6 7 8 -9 -10 11 -12 -13 -14 15 -16 -17 18 -19 -20 -21 22 23
v -24 -25 -26 -27 28 -29 -30 -31 -32 33 -34 -35 36 37 -38 39 40 41 -42 43
v -44 45 46 47 -48 -49 -50 51 -52 -53 54 55 -56 -57 -58 -59 60 0
c Answer: 2122
v -1 -2 3 -4 -5 -6 7 8 9 -10 -11 -12 13 14 15 -16 -17 18 -19 -20 -21 22 23
v -24 -25 -26 -27 28 -29 -30 -31 -32 33 -34 -35 36 37 -38 39 40 41 -42 43
v -44 -45 46 47 -48 -49 -50 51 -52 53 54 55 -56 -57 -58 -59 60 0
c Answer: 2123
v 1 -2 -3 -4 5 6 7 8 -9 -10 11 -12 -13 -14 15 -16 -17 18 -19 -20 -21 22 23
v 24 -25 -26 -27 28 -29 -30 -31 -32 33 -34 -35 36 37 -38 39 40 41 -42 43
v -44 45 46 47 -48 -49 -50 51 -52 -53 54 55 -56 -57 -58 -59 60 0
c Answer: 2124
v -1 -2 3 -4 -5 -6 7 8 9 -10 -11 -12 13 14 15 -16 -17 18 -19 -20 -21 22 23
v 24 -25 -26 -27 28 -29 -30 -31 -32 33 -34 -35 36 37 -38 39 40 41 -42 43
v -44 -45 46 47 -48 -49 -50 51 -52 53 54 55 -56 -57 -58 -59 60 0
c Answer: 2125
v 1 -2 -3 -4 5 6 7 8 -9 -10 11 -12 -13 -14 15 -16 -17 18 -19 -20 -21 22 23
v -24 -25 -26 -27 28 -29 -30 -31 32 33 -34 -35 36 37 -38 39 40 41 -42 43
v -44 45 46 47 -48 -49 -50 51 -52 -53 54 55 -56 -57 -58 -59 60 0
c Answer: 2126
v 1 -2 -3 -4 5 6 7 8 -9 -10 11 -12 -13 -14 15 -16 -17 18 -19 -20 -21 22 23
v 24 -25 -26 -27 28 -29 -30 -31 32 33 -34 -35 36 37 -38 39 40 41 -42 43 -44
v 45 46 47 -48 -49 -50 51 -52 -53 54 55 -56 -57 -58 -59 60 0
c Answer: 2127
v -1 -2 3 -4 -5 -6 7 8 9 -10 -11 -12 13 14 15 -16 -17 18 -19 -20 -21 22 23
v -24 -25 -26 -27 28 -29 -30 -31 32 33 -34 -35 36 37 -38 39 40 41 -42 43
v -44 -45 46 47 -48 -49 -50 51 -52 53 54 55 -56 -57 -58 -59 60 0
c Answer: 2128
v -1 -2 3 -4 -5 -6 7 8 9 -10 -11 -12 13 14 15 -16 -17 18 -19 -20 -21 22 23
v 24 -25 -26 -27 28 -29 -30 -31 32 33 -34 -35 36 37 -38 39 40 41 -42 43 -44
v -45 46 47 -48 -49 -50 51 -52 53 54 55 -56 -57 -58 -59 60 0
c Answer: 2129
v 1 -2 -3 -4 5 6 7 8 -9 -10 11 -12 -13 -14 15 -16 -17 18 -19 -20 -21 22 23
v -24 -25 -26 -27 28 -29 -30 -31 -32 33 -34 -35 36 37 -38 39 40 41 42 43
v -44 45 46 47 -48 -49 -50 51 -52 -53 54 55 -56 -57 -58 -59 -60 0
c Answer: 2130
v -1 -2 3 -4 -5 -6 7 8 9 -10 -11 -12 13 14 15 -16 -17 18 -19 -20 -21 22 23
v -24 -25 -26 -27 28 -29 -30 -31 -32 33 -34 -35 36 37 -38 39 40 41 42 43
v -44 -45 46 47 -48 -49 -50 51 -52 53 54 55 -56 -57 -58 -59 -60 0
c Answer: 2131
v 1 -2 -3 -4 5 6 7 8 -9 -10 11 -12 -13 -14 15 -16 -17 18 -19 -20 -21 22 23
v -24 -25 -26 -27 28 -29 -30 -31 -32 33 -34 -35 36 37 -38 39 40 41 42 43
v -44 45 46 47 -48 -49 -50 51 -52 -53 54 55 -56 -57 -58 -59 60 0
c Answer: 2132
v -1 -2 3 -4 -5 -6 7 8 9 -10 -11 -12 13 14 15 -16 -17 18 -19 -20 -21 22 23
v -24 -25 -26 -27 28 -29 -30 -31 -32 33 -34 -35 36 37 -38 39 40 41 42 43
v -44 -45 46 47 -48 -49 -50 51 -52 53 54 55 -56 -57 -58 -59 60 0
c Answer: 2133
v 1 -2 -3 -4 5 6 7 8 -9 -10 11 -12 -13 -14 15 -16 -17 18 -19 -20 -21 22 23
v -24 -25 -26 -27 28 -29 -30 -31 32 33 -34 -35 36 37 -38 39 40 41 42 43 -44
v 45 46 47 -48 -49 -50 51 -52 -53 54 55 -56 -57 -58 -59 -60 0
c Answer: 2134
v 1 -2 -3 -4 5 6 7 8 -9 -10 11 -12 -13 -14 15 -16 -17 18 -19 -20 -21 22 23
v -24 -25 -26 -27 28 -29 -30 -31 32 33 -34 -35 36 37 -38 39 40 41 42 43 -44
v 45 46 47 -48 -49 -50 51 -52 -53 54 55 -56 -57 -58 -59 60 0
c Answer: 2135
v -1 -2 3 -4 -5 -6 7 8 9 -10 -11 -12 13 14 15 -16 -17 18 -19 -20 -21 22 23
v -24 -25 -26 -27 28 -29 -30 -31 32 33 -34 -35 36 37 -38 39 40 41 42 43 -44
v -45 46 47 -48 -49 -50 51 -52 53 54 55 -56 -57 -58 -59 -60 0
c Answer: 2136
v -1 -2 3 -4 -5 -6 7 8 9 -10 -11 -12 13 14 15 -16 -17 18 -19 -20 -21 22 23
v -24 -25 -26 -27 28 -29 -30 -31 32 33 -34 -35 36 37 -38 39 40 41 42 43 -44
v -45 46 47 -48 -49 -50 51 -52 53 54 55 -56 -57 -58 -59 60 0
c Answer: 2137
v 1 -2 -3 -4 5 6 7 8 -9 -10 11 -12 -13 -14 15 -16 -17 18 -19 -20 -21 22 23
v 24 -25 -26 -27 28 -29 -30 -31 -32 33 -34 -35 36 37 -38 39 40 41 42 43 -44
v 45 46 47 -48 -49 -50 51 -52 -53 54 55 -56 -57 -58 -59 -60 0
c Answer: 2138
v -1 -2 3 -4 -5 -6 7 8 9 -10 -11 -12 13 14 15 -16 -17 18 -19 -20 -21 22 23
v 24 -25 -26 -27 28 -29 -30 -31 -32 33 -34 -35 36 37 -38 39 40 41 42 43 -44
v -45 46 47 -48 -49 -50 51 -52 53 54 55 -56 -57 -58 -59 -60 0
c Answer: 2139
v 1 -2 -3 -4 5 6 7 8 -9 -10 11 -12 -13 -14 15 -16 -17 18 -19 -20 -21 22 23
v 24 -25 -26 -27 28 -29 -30 -31 32 33 -34 -35 36 37 -38 39 40 41 42 43 -44
v 45 46 47 -48 -49 -50 51 -52 -53 54 55 -56 -57 -58 -59 -60 0
c Answer: 2140
v -1 -2 3 -4 -5 -6 7 8 9 -10 -11 -12 13 14 15 -16 -17 18 -19 -20 -21 22 23
v 24 -25 -26 -27 28 -29 -30 -31 32 33 -34 -35 36 37 -38 39 40 41 42 43 -44
v -45 46 47 -48 -49 -50 51 -52 53 54 55 -56 -57 -58 -59 -60 0
c Answer: 2141
v 1 -2 -3 -4 5 6 7 8 -9 -10 11 -12 -13 -14 15 -16 -17 18 -19 -20 -21 22 23
v 24 -25 -26 -27 28 -29 -30 -31 -32 33 -34 -35 36 37 -38 39 40 41 42 43 -44
v 45 46 47 -48 -49 -50 51 -52 -53 54 55 -56 -57 -58 -59 60 0
c Answer: 2142
v 1 -2 -3 -4 5 6 7 8 -9 -10 11 -12 -13 -14 15 -16 -17 18 -19 -20 -21 22 23
v 24 -25 -26 -27 28 -29 -30 -31 32 33 -34 -35 36 37 -38 39 40 41 42 43 -44
v 45 46 47 -48 -49 -50 51 -52 -53 54 55 -56 -57 -58 -59 60 0
c Answer: 2143
v -1 -2 3 -4 -5 -6 7 8 9 -10 -11 -12 13 14 15 -16 -17 18 -19 -20 -21 22 23
v 24 -25 -26 -27 28 -29 -30 -31 -32 33 -34 -35 36 37 -38 39 40 41 42 43 -44
v -45 46 47 -48 -49 -50 51 -52 53 54 55 -56 -57 -58 -59 60 0
c Answer: 2144
v -1 -2 3 -4 -5 -6 7 8 9 -10 -11 -12 13 14 15 -16 -17 18 -19 -20 -21 22 23
v 24 -25 -26 -27 28 -29 -30 -31 32 33 -34 -35 36 37 -38 39 40 41 42 43 -44
v -45 46 47 -48 -49 -50 51 -52 53 54 55 -56 -57 -58 -59 60 0
c Answer: 2145
v 1 -2 -3 -4 5 6 7 8 -9 -10 11 -12 -13 -14 15 16 -17 18 -19 -20 -21 22 23
v -24 -25 -26 -27 28 -29 -30 -31 -32 33 -34 -35 36 37 -38 39 40 41 -42 43
v -44 45 46 47 -48 -49 -50 51 -52 -53 54 55 -56 -57 -58 -59 -60 0
c Answer: 2146
v -1 -2 3 -4 -5 -6 7 8 9 -10 -11 -12 13 14 15 16 -17 18 -19 -20 -21 22 23
v -24 -25 -26 -27 28 -29 -30 -31 -32 33 -34 -35 36 37 -38 39 40 41 -42 43
v -44 -45 46 47 -48 -49 -50 51 -52 53 54 55 -56 -57 -58 -59 -60 0
c Answer: 2147
v 1 -2 -3 -4 5 6 7 8 -9 -10 11 -12 -13 -14 15 16 -17 18 -19 -20 -21 22 23
v -24 -25 -26 -27 28 -29 -30 -31 -32 33 -34 -35 36 37 -38 39 40 41 42 43
v -44 45 46 47 -48 -49 -50 51 -52 -53 54 55 -56 -57 -58 -59 -60 0
c Answer: 2148
v -1 -2 3 -4 -5 -6 7 8 9 -10 -11 -12 13 14 15 16 -17 18 -19 -20 -21 22 23
v -24 -25 -26 -27 28 -29 -30 -31 -32 33 -34 -35 36 37 -38 39 40 41 42 43
v -44 -45 46 47 -48 -49 -50 51 -52 53 54 55 -56 -57 -58 -59 -60 0
c Answer: 2149
v 1 -2 -3 -4 5 6 7 8 -9 -10 11 -12 -13 -14 15 16 -17 18 -19 -20 -21 22 23
v 24 -25 -26 -27 28 -29 -30 -31 -32 33 -34 -35 36 37 -38 39 40 41 -42 43
v -44 45 46 47 -48 -49 -50 51 -52 -53 54 55 -56 -57 -58 -59 -60 0
c Answer: 2150
v 1 -2 -3 -4 5 6 7 8 -9 -10 11 -12 -13 -14 15 16 -17 18 -19 -20 -21 22 23
v 24 -25 -26 -27 28 -29 -30 -31 -32 33 -34 -35 36 37 -38 39 40 41 42 43 -44
v 45 46 47 -48 -49 -50 51 -52 -53 54 55 -56 -57 -58 -59 -60 0
c Answer: 2151
v -1 -2 3 -4 -5 -6 7 8 9 -10 -11 -12 13 14 15 16 -17 18 -19 -20 -21 22 23
v 24 -25 -26 -27 28 -29 -30 -31 -32 33 -34 -35 36 37 -38 39 40 41 -42 43
v -44 -45 46 47 -48 -49 -50 51 -52 53 54 55 -56 -57 -58 -59 -60 0
c Answer: 2152
v -1 -2 3 -4 -5 -6 7 8 9 -10 -11 -12 13 14 15 16 -17 18 -19 -20 -21 22 23
v 24 -25 -26 -27 28 -29 -30 -31 -32 33 -34 -35 36 37 -38 39 40 41 42 43 -44
v -45 46 47 -48 -49 -50 51 -52 53 54 55 -56 -57 -58 -59 -60 0
c Answer: 2153
v 1 -2 -3 -4 5 6 7 8 -9 -10 11 -12 -13 -14 15 16 -17 18 -19 -20 -21 22 23
v -24 -25 -26 -27 28 -29 -30 -31 -32 33 -34 -35 36 37 -38 39 40 41 -42 43
v -44 45 46 47 -48 -49 -50 51 -52 -53 54 55 -56 -57 -58 -59 60 0
c Answer: 2154
v -1 -2 3 -4 -5 -6 7 8 9 -10 -11 -12 13 14 15 16 -17 18 -19 -20 -21 22 23
v -24 -25 -26 -27 28 -29 -30 -31 -32 33 -34 -35 36 37 -38 39 40 41 -42 43
v -44 -45 46 47 -48 -49 -50 51 -52 53 54 55 -56 -57 -58 -59 60 0
c Answer: 2155
v 1 -2 -3 -4 5 6 7 8 -9 -10 11 -12 -13 -14 15 16 -17 18 -19 -20 -21 22 23
v 24 -25 -26 -27 28 -29 -30 -31 -32 33 -34 -35 36 37 -38 39 40 41 -42 43
v -44 45 46 47 -48 -49 -50 51 -52 -53 54 55 -56 -57 -58 -59 60 0
c Answer: 2156
v -1 -2 3 -4 -5 -6 7 8 9 -10 -11 -12 13 14 15 16 -17 18 -19 -20 -21 22 23
v 24 -25 -26 -27 28 -29 -30 -31 -32 33 -34 -35 36 37 -38 39 40 41 -42 43
v -44 -45 46 47 -48 -49 -50 51 -52 53 54 55 -56 -57 -58 -59 60 0
c Answer: 2157
v 1 -2 -3 -4 5 6 7 8 -9 -10 11 -12 -13 -14 15 16 -17 18 -19 -20 -21 22 23
v -24 -25 -26 -27 28 -29 -30 -31 -32 33 -34 -35 36 37 -38 39 40 41 42 43
v -44 45 46 47 -48 -49 -50 51 -52 -53 54 55 -56 -57 -58 -59 60 0
c Answer: 2158
v 1 -2 -3 -4 5 6 7 8 -9 -10 11 -12 -13 -14 15 16 -17 18 -19 -20 -21 22 23
v 24 -25 -26 -27 28 -29 -30 -31 -32 33 -34 -35 36 37 -38 39 40 41 42 43 -44
v 45 46 47 -48 -49 -50 51 -52 -53 54 55 -56 -57 -58 -59 60 0
c Answer: 2159
v -1 -2 3 -4 -5 -6 7 8 9 -10 -11 -12 13 14 15 16 -17 18 -19 -20 -21 22 23
v -24 -25 -26 -27 28 -29 -30 -31 -32 33 -34 -35 36 37 -38 39 40 41 42 43
v -44 -45 46 47 -48 -49 -50 51 -52 53 54 55 -56 -57 -58 -59 60 0
c Answer: 2160
v -1 -2 3 -4 -5 -6 7 8 9 -10 -11 -12 13 14 15 16 -17 18 -19 -20 -21 22 23
v 24 -25 -26 -27 28 -29 -30 -31 -32 33 -34 -35 36 37 -38 39 40 41 42 43 -44
v -45 46 47 -48 -49 -50 51 -52 53 54 55 -56 -57 -58 -59 60 0
c Answer: 2161
v 1 -2 -3 -4 5 6 7 8 -9 -10 11 -12 -13 -14 15 16 -17 18 -19 -20 -21 22 23
v -24 -25 -26 -27 28 -29 -30 -31 32 33 -34 -35 36 37 -38 39 40 41 -42 43
v -44 45 46 47 -48 -49 -50 51 -52 -53 54 55 -56 -57 -58 -59 -60 0
c Answer: 2162
v -1 -2 3 -4 -5 -6 7 8 9 -10 -11 -12 13 14 15 16 -17 18 -19 -20 -21 22 23
v -24 -25 -26 -27 28 -29 -30 -31 32 33 -34 -35 36 37 -38 39 40 41 -42 43
v -44 -45 46 47 -48 -49 -50 51 -52 53 54 55 -56 -57 -58 -59 -60 0
c Answer: 2163
v 1 -2 -3 -4 5 6 7 8 -9 -10 11 -12 -13 -14 15 16 -17 18 -19 -20 -21 22 23
v -24 -25 -26 -27 28 -29 -30 -31 32 33 -34 -35 36 37 -38 39 40 41 -42 43
v -44 45 46 47 -48 -49 -50 51 -52 -53 54 55 -56 -57 -58 -59 60 0
c Answer: 2164
v -1 -2 3 -4 -5 -6 7 8 9 -10 -11 -12 13 14 15 16 -17 18 -19 -20 -21 22 23
v -24 -25 -26 -27 28 -29 -30 -31 32 33 -34 -35 36 37 -38 39 40 41 -42 43
v -44 -45 46 47 -48 -49 -50 51 -52 53 54 55 -56 -57 -58 -59 60 0
c Answer: 2165
v 1 -2 -3 -4 5 6 7 8 -9 -10 11 -12 -13 -14 15 16 -17 18 -19 -20 -21 22 23
v -24 -25 -26 -27 28 -29 -30 -31 32 33 -34 -35 36 37 -38 39 40 41 42 43 -44
v 45 46 47 -48 -49 -50 51 -52 -53 54 55 -56 -57 -58 -59 -60 0
c Answer: 2166
v 1 -2 -3 -4 5 6 7 8 -9 -10 11 -12 -13 -14 15 16 -17 18 -19 -20 -21 22 23
v -24 -25 -26 -27 28 -29 -30 -31 32 33 -34 -35 36 37 -38 39 40 41 42 43 -44
v 45 46 47 -48 -49 -50 51 -52 -53 54 55 -56 -57 -58 -59 60 0
c Answer: 2167
v -1 -2 3 -4 -5 -6 7 8 9 -10 -11 -12 13 14 15 16 -17 18 -19 -20 -21 22 23
v -24 -25 -26 -27 28 -29 -30 -31 32 33 -34 -35 36 37 -38 39 40 41 42 43 -44
v -45 46 47 -48 -49 -50 51 -52 53 54 55 -56 -57 -58 -59 -60 0
c Answer: 2168
v -1 -2 3 -4 -5 -6 7 8 9 -10 -11 -12 13 14 15 16 -17 18 -19 -20 -21 22 23
v -24 -25 -26 -27 28 -29 -30 -31 32 33 -34 -35 36 37 -38 39 40 41 42 43 -44
v -45 46 47 -48 -49 -50 51 -52 53 54 55 -56 -57 -58 -59 60 0
c Answer: 2169
v 1 -2 -3 -4 5 6 7 8 -9 -10 11 -12 -13 -14 15 16 -17 18 -19 -20 -21 22 23
v 24 -25 -26 -27 28 -29 -30 -31 32 33 -34 -35 36 37 -38 39 40 41 -42 43 -44
v 45 46 47 -48 -49 -50 51 -52 -53 54 55 -56 -57 -58 -59 -60 0
c Answer: 2170
v -1 -2 3 -4 -5 -6 7 8 9 -10 -11 -12 13 14 15 16 -17 18 -19 -20 -21 22 23
v 24 -25 -26 -27 28 -29 -30 -31 32 33 -34 -35 36 37 -38 39 40 41 -42 43 -44
v -45 46 47 -48 -49 -50 51 -52 53 54 55 -56 -57 -58 -59 -60 0
c Answer: 2171
v 1 -2 -3 -4 5 6 7 8 -9 -10 11 -12 -13 -14 15 16 -17 18 -19 -20 -21 22 23
v 24 -25 -26 -27 28 -29 -30 -31 32 33 -34 -35 36 37 -38 39 40 41 42 43 -44
v 45 46 47 -48 -49 -50 51 -52 -53 54 55 -56 -57 -58 -59 -60 0
c Answer: 2172
v -1 -2 3 -4 -5 -6 7 8 9 -10 -11 -12 13 14 15 16 -17 18 -19 -20 -21 22 23
v 24 -25 -26 -27 28 -29 -30 -31 32 33 -34 -35 36 37 -38 39 40 41 42 43 -44
v -45 46 47 -48 -49 -50 51 -52 53 54 55 -56 -57 -58 -59 -60 0
c Answer: 2173
v 1 -2 -3 -4 5 6 7 8 -9 -10 11 -12 -13 -14 15 16 -17 18 -19 -20 -21 22 23
v 24 -25 -26 -27 28 -29 -30 -31 32 33 -34 -35 36 37 -38 39 40 41 -42 43 -44
v 45 46 47 -48 -49 -50 51 -52 -53 54 55 -56 -57 -58 -59 60 0
c Answer: 2174
v 1 -2 -3 -4 5 6 7 8 -9 -10 11 -12 -13 -14 15 16 -17 18 -19 -20 -21 22 23
v 24 -25 -26 -27 28 -29 -30 -31 32 33 -34 -35 36 37 -38 39 40 41 42 43 -44
v 45 46 47 -48 -49 -50 51 -52 -53 54 55 -56 -57 -58 -59 60 0
c Answer: 2175
v -1 -2 3 -4 -5 -6 7 8 9 -10 -11 -12 13 14 15 16 -17 18 -19 -20 -21 22 23
v 24 -25 -26 -27 28 -29 -30 -31 32 33 -34 -35 36 37 -38 39 40 41 -42 43 -44
v -45 46 47 -48 -49 -50 51 -52 53 54 55 -56 -57 -58 -59 60 0
c Answer: 2176
v -1 -2 3 -4 -5 -6 7 8 9 -10 -11 -12 13 14 15 16 -17 18 -19 -20 -21 22 23
v 24 -25 -26 -27 28 -29 -30 -31 32 33 -34 -35 36 37 -38 39 40 41 42 43 -44
v -45 46 47 -48 -49 -50 51 -52 53 54 55 -56 -57 -58 -59 60 0
c Answer: 2177
v 1 -2 -3 -4 5 6 7 8 -9 -10 11 -12 -13 -14 15 -16 -17 18 -19 -20 -21 22 23
v -24 -25 -26 -27 28 -29 -30 -31 -32 33 -34 -35 36 37 -38 39 40 41 -42 -43
v 44 45 46 47 -48 -49 -50 51 -52 -53 54 55 -56 -57 -58 -59 -60 0
c Answer: 2178
v -1 -2 3 -4 -5 -6 7 8 9 -10 -11 -12 13 14 15 -16 -17 18 -19 -20 -21 22 23
v -24 -25 -26 -27 28 -29 -30 -31 -32 33 -34 -35 36 37 -38 39 40 41 -42 -43
v 44 -45 46 47 -48 -49 -50 51 -52 53 54 55 -56 -57 -58 -59 -60 0
c Answer: 2179
v 1 -2 -3 -4 5 6 7 8 -9 -10 11 -12 -13 -14 15 -16 -17 18 -19 -20 -21 22 23
v -24 -25 -26 -27 28 -29 -30 -31 -32 33 -34 -35 36 37 -38 39 40 41 -42 43
v 44 45 46 47 -48 -49 -50 51 -52 -53 54 55 -56 -57 -58 -59 -60 0
c Answer: 2180
v -1 -2 3 -4 -5 -6 7 8 9 -10 -11 -12 13 14 15 -16 -17 18 -19 -20 -21 22 23
v -24 -25 -26 -27 28 -29 -30 -31 -32 33 -34 -35 36 37 -38 39 40 41 -42 43
v 44 -45 46 47 -48 -49 -50 51 -52 53 54 55 -56 -57 -58 -59 -60 0
c Answer: 2181
v 1 -2 -3 -4 5 6 7 8 -9 -10 11 -12 -13 -14 15 16 -17 18 -19 -20 -21 22 23
v -24 -25 -26 -27 28 -29 -30 -31 -32 33 -34 -35 36 37 -38 39 40 41 -42 -43
v 44 45 46 47 -48 -49 -50 51 -52 -53 54 55 -56 -57 -58 -59 -60 0
c Answer: 2182
v 1 -2 -3 -4 5 6 7 8 -9 -10 11 -12 -13 -14 15 16 -17 18 -19 -20 -21 22 23
v -24 -25 -26 -27 28 -29 -30 -31 -32 33 -34 -35 36 37 -38 39 40 41 -42 43
v 44 45 46 47 -48 -49 -50 51 -52 -53 54 55 -56 -57 -58 -59 -60 0
c Answer: 2183
v -1 -2 3 -4 -5 -6 7 8 9 -10 -11 -12 13 14 15 16 -17 18 -19 -20 -21 22 23
v -24 -25 -26 -27 28 -29 -30 -31 -32 33 -34 -35 36 37 -38 39 40 41 -42 -43
v 44 -45 46 47 -48 -49 -50 51 -52 53 54 55 -56 -57 -58 -59 -60 0
c Answer: 2184
v -1 -2 3 -4 -5 -6 7 8 9 -10 -11 -12 13 14 15 16 -17 18 -19 -20 -21 22 23
v -24 -25 -26 -27 28 -29 -30 -31 -32 33 -34 -35 36 37 -38 39 40 41 -42 43
v 44 -45 46 47 -48 -49 -50 51 -52 53 54 55 -56 -57 -58 -59 -60 0
c Answer: 2185
v 1 -2 -3 -4 5 6 7 8 -9 -10 11 -12 -13 -14 15 -16 -17 18 -19 -20 -21 22 23
v -24 -25 -26 -27 28 -29 -30 -31 32 33 -34 -35 36 37 -38 39 40 41 -42 -43
v 44 45 46 47 -48 -49 -50 51 -52 -53 54 55 -56 -57 -58 -59 -60 0
c Answer: 2186
v -1 -2 3 -4 -5 -6 7 8 9 -10 -11 -12 13 14 15 -16 -17 18 -19 -20 -21 22 23
v -24 -25 -26 -27 28 -29 -30 -31 32 33 -34 -35 36 37 -38 39 40 41 -42 -43
v 44 -45 46 47 -48 -49 -50 51 -52 53 54 55 -56 -57 -58 -59 -60 0
c Answer: 2187
v 1 -2 -3 -4 5 6 7 8 -9 -10 11 -12 -13 -14 15 16 -17 18 -19 -20 -21 22 23
v -24 -25 -26 -27 28 -29 -30 -31 32 33 -34 -35 36 37 -38 39 40 41 -42 -43
v 44 45 46 47 -48 -49 -50 51 -52 -53 54 55 -56 -57 -58 -59 -60 0
c Answer: 2188
v -1 -2 3 -4 -5 -6 7 8 9 -10 -11 -12 13 14 15 16 -17 18 -19 -20 -21 22 23
v -24 -25 -26 -27 28 -29 -30 -31 32 33 -34 -35 36 37 -38 39 40 41 -42 -43
v 44 -45 46 47 -48 -49 -50 51 -52 53 54 55 -56 -57 -58 -59 -60 0
c Answer: 2189
v 1 -2 -3 -4 5 6 7 8 -9 -10 11 -12 -13 -14 15 -16 -17 18 -19 -20 -21 22 23
v -24 -25 -26 -27 28 -29 -30 -31 32 33 -34 -35 36 37 -38 39 40 41 -42 43
v 44 45 46 47 -48 -49 -50 51 -52 -53 54 55 -56 -57 -58 -59 -60 0
c Answer: 2190
v 1 -2 -3 -4 5 6 7 8 -9 -10 11 -12 -13 -14 15 16 -17 18 -19 -20 -21 22 23
v -24 -25 -26 -27 28 -29 -30 -31 32 33 -34 -35 36 37 -38 39 40 41 -42 43
v 44 45 46 47 -48 -49 -50 51 -52 -53 54 55 -56 -57 -58 -59 -60 0
c Answer: 2191
v -1 -2 3 -4 -5 -6 7 8 9 -10 -11 -12 13 14 15 -16 -17 18 -19 -20 -21 22 23
v -24 -25 -26 -27 28 -29 -30 -31 32 33 -34 -35 36 37 -38 39 40 41 -42 43
v 44 -45 46 47 -48 -49 -50 51 -52 53 54 55 -56 -57 -58 -59 -60 0
c Answer: 2192
v -1 -2 3 -4 -5 -6 7 8 9 -10 -11 -12 13 14 15 16 -17 18 -19 -20 -21 22 23
v -24 -25 -26 -27 28 -29 -30 -31 32 33 -34 -35 36 37 -38 39 40 41 -42 43
v 44 -45 46 47 -48 -49 -50 51 -52 53 54 55 -56 -57 -58 -59 -60 0
c Answer: 2193
v 1 -2 -3 -4 5 6 7 8 -9 -10 11 -12 -13 -14 15 -16 -17 18 -19 -20 -21 22 23
v 24 -25 -26 -27 28 -29 -30 -31 -32 33 -34 -35 36 37 -38 39 40 41 -42 -43
v 44 45 46 47 -48 -49 -50 51 -52 -53 54 55 -56 -57 -58 -59 -60 0
c Answer: 2194
v -1 -2 3 -4 -5 -6 7 8 9 -10 -11 -12 13 14 15 -16 -17 18 -19 -20 -21 22 23
v 24 -25 -26 -27 28 -29 -30 -31 -32 33 -34 -35 36 37 -38 39 40 41 -42 -43
v 44 -45 46 47 -48 -49 -50 51 -52 53 54 55 -56 -57 -58 -59 -60 0
c Answer: 2195
v 1 -2 -3 -4 5 6 7 8 -9 -10 11 -12 -13 -14 15 -16 -17 18 -19 -20 -21 22 23
v 24 -25 -26 -27 28 -29 -30 -31 32 33 -34 -35 36 37 -38 39 40 41 -42 -43
v 44 45 46 47 -48 -49 -50 51 -52 -53 54 55 -56 -57 -58 -59 -60 0
c Answer: 2196
v -1 -2 3 -4 -5 -6 7 8 9 -10 -11 -12 13 14 15 -16 -17 18 -19 -20 -21 22 23
v 24 -25 -26 -27 28 -29 -30 -31 32 33 -34 -35 36 37 -38 39 40 41 -42 -43
v 44 -45 46 47 -48 -49 -50 51 -52 53 54 55 -56 -57 -58 -59 -60 0
c Answer: 2197
v 1 -2 -3 -4 5 6 7 8 -9 -10 11 -12 -13 -14 15 -16 -17 18 -19 -20 -21 22 23
v 24 -25 -26 -27 28 -29 -30 -31 -32 33 -34 -35 36 37 -38 39 40 41 -42 43
v 44 45 46 47 -48 -49 -50 51 -52 -53 54 55 -56 -57 -58 -59 -60 0
c Answer: 2198
v 1 -2 -3 -4 5 6 7 8 -9 -10 11 -12 -13 -14 15 -16 -17 18 -19 -20 -21 22 23
v 24 -25 -26 -27 28 -29 -30 -31 32 33 -34 -35 36 37 -38 39 40 41 -42 43 44
v 45 46 47 -48 -49 -50 51 -52 -53 54 55 -56 -57 -58 -59 -60 0
c Answer: 2199
v -1 -2 3 -4 -5 -6 7 8 9 -10 -11 -12 13 14 15 -16 -17 18 -19 -20 -21 22 23
v 24 -25 -26 -27 28 -29 -30 -31 -32 33 -34 -35 36 37 -38 39 40 41 -42 43
v 44 -45 46 47 -48 -49 -50 51 -52 53 54 55 -56 -57 -58 -59 -60 0
c Answer: 2200
v -1 -2 3 -4 -5 -6 7 8 9 -10 -11 -12 13 14 15 -16 -17 18 -19 -20 -21 22 23
v 24 -25 -26 -27 28 -29 -30 -31 32 33 -34 -35 36 37 -38 39 40 41 -42 43 44
v -45 46 47 -48 -49 -50 51 -52 53 54 55 -56 -57 -58 -59 -60 0
c Answer: 2201
v 1 -2 -3 -4 5 6 7 8 -9 -10 11 -12 -13 -14 15 16 -17 18 -19 -20 -21 22 23
v 24 -25 -26 -27 28 -29 -30 -31 -32 33 -34 -35 36 37 -38 39 40 41 -42 -43
v 44 45 46 47 -48 -49 -50 51 -52 -53 54 55 -56 -57 -58 -59 -60 0
c Answer: 2202
v -1 -2 3 -4 -5 -6 7 8 9 -10 -11 -12 13 14 15 16 -17 18 -19 -20 -21 22 23
v 24 -25 -26 -27 28 -29 -30 -31 -32 33 -34 -35 36 37 -38 39 40 41 -42 -43
v 44 -45 46 47 -48 -49 -50 51 -52 53 54 55 -56 -57 -58 -59 -60 0
c Answer: 2203
v 1 -2 -3 -4 5 6 7 8 -9 -10 11 -12 -13 -14 15 16 -17 18 -19 -20 -21 22 23
v 24 -25 -26 -27 28 -29 -30 -31 -32 33 -34 -35 36 37 -38 39 40 41 -42 43
v 44 45 46 47 -48 -49 -50 51 -52 -53 54 55 -56 -57 -58 -59 -60 0
c Answer: 2204
v -1 -2 3 -4 -5 -6 7 8 9 -10 -11 -12 13 14 15 16 -17 18 -19 -20 -21 22 23
v 24 -25 -26 -27 28 -29 -30 -31 -32 33 -34 -35 36 37 -38 39 40 41 -42 43
v 44 -45 46 47 -48 -49 -50 51 -52 53 54 55 -56 -57 -58 -59 -60 0
c Answer: 2205
v 1 -2 -3 -4 5 6 7 8 -9 -10 11 -12 -13 -14 15 16 -17 18 -19 -20 -21 22 23
v 24 -25 -26 -27 28 -29 -30 -31 32 33 -34 -35 36 37 -38 39 40 41 -42 -43
v 44 45 46 47 -48 -49 -50 51 -52 -53 54 55 -56 -57 -58 -59 -60 0
c Answer: 2206
v 1 -2 -3 -4 5 6 7 8 -9 -10 11 -12 -13 -14 15 16 -17 18 -19 -20 -21 22 23
v 24 -25 -26 -27 28 -29 -30 -31 32 33 -34 -35 36 37 -38 39 40 41 -42 43 44
v 45 46 47 -48 -49 -50 51 -52 -53 54 55 -56 -57 -58 -59 -60 0
c Answer: 2207
v -1 -2 3 -4 -5 -6 7 8 9 -10 -11 -12 13 14 15 16 -17 18 -19 -20 -21 22 23
v 24 -25 -26 -27 28 -29 -30 -31 32 33 -34 -35 36 37 -38 39 40 41 -42 -43
v 44 -45 46 47 -48 -49 -50 51 -52 53 54 55 -56 -57 -58 -59 -60 0
c Answer: 2208
v -1 -2 3 -4 -5 -6 7 8 9 -10 -11 -12 13 14 15 16 -17 18 -19 -20 -21 22 23
v 24 -25 -26 -27 28 -29 -30 -31 32 33 -34 -35 36 37 -38 39 40 41 -42 43 44
v -45 46 47 -48 -49 -50 51 -52 53 54 55 -56 -57 -58 -59 -60 0
c Answer: 2209
v 1 -2 -3 -4 5 6 7 8 -9 -10 11 -12 -13 -14 15 -16 -17 18 -19 -20 -21 22 23
v -24 -25 -26 -27 28 -29 -30 -31 -32 33 -34 -35 36 37 -38 39 40 41 -42 -43
v 44 45 46 47 -48 -49 -50 51 -52 -53 54 55 -56 -57 -58 -59 60 0
c Answer: 2210
v -1 -2 3 -4 -5 -6 7 8 9 -10 -11 -12 13 14 15 -16 -17 18 -19 -20 -21 22 23
v -24 -25 -26 -27 28 -29 -30 -31 -32 33 -34 -35 36 37 -38 39 40 41 -42 -43
v 44 -45 46 47 -48 -49 -50 51 -52 53 54 55 -56 -57 -58 -59 60 0
c Answer: 2211
v 1 -2 -3 -4 5 6 7 8 -9 -10 11 -12 -13 -14 15 -16 -17 18 -19 -20 -21 22 23
v 24 -25 -26 -27 28 -29 -30 -31 -32 33 -34 -35 36 37 -38 39 40 41 -42 -43
v 44 45 46 47 -48 -49 -50 51 -52 -53 54 55 -56 -57 -58 -59 60 0
c Answer: 2212
v -1 -2 3 -4 -5 -6 7 8 9 -10 -11 -12 13 14 15 -16 -17 18 -19 -20 -21 22 23
v 24 -25 -26 -27 28 -29 -30 -31 -32 33 -34 -35 36 37 -38 39 40 41 -42 -43
v 44 -45 46 47 -48 -49 -50 51 -52 53 54 55 -56 -57 -58 -59 60 0
c Answer: 2213
v 1 -2 -3 -4 5 6 7 8 -9 -10 11 -12 -13 -14 15 16 -17 18 -19 -20 -21 22 23
v -24 -25 -26 -27 28 -29 -30 -31 -32 33 -34 -35 36 37 -38 39 40 41 -42 -43
v 44 45 46 47 -48 -49 -50 51 -52 -53 54 55 -56 -57 -58 -59 60 0
c Answer: 2214
v 1 -2 -3 -4 5 6 7 8 -9 -10 11 -12 -13 -14 15 16 -17 18 -19 -20 -21 22 23
v 24 -25 -26 -27 28 -29 -30 -31 -32 33 -34 -35 36 37 -38 39 40 41 -42 -43
v 44 45 46 47 -48 -49 -50 51 -52 -53 54 55 -56 -57 -58 -59 60 0
c Answer: 2215
v -1 -2 3 -4 -5 -6 7 8 9 -10 -11 -12 13 14 15 16 -17 18 -19 -20 -21 22 23
v -24 -25 -26 -27 28 -29 -30 -31 -32 33 -34 -35 36 37 -38 39 40 41 -42 -43
v 44 -45 46 47 -48 -49 -50 51 -52 53 54 55 -56 -57 -58 -59 60 0
c Answer: 2216
v -1 -2 3 -4 -5 -6 7 8 9 -10 -11 -12 13 14 15 16 -17 18 -19 -20 -21 22 23
v 24 -25 -26 -27 28 -29 -30 -31 -32 33 -34 -35 36 37 -38 39 40 41 -42 -43
v 44 -45 46 47 -48 -49 -50 51 -52 53 54 55 -56 -57 -58 -59 60 0
c Answer: 2217
v 1 -2 -3 -4 5 6 7 8 -9 -10 11 -12 -13 -14 15 -16 -17 18 -19 -20 -21 22 23
v -24 -25 -26 -27 28 -29 -30 -31 32 33 -34 -35 36 37 -38 39 40 41 -42 -43
v 44 45 46 47 -48 -49 -50 51 -52 -53 54 55 -56 -57 -58 -59 60 0
c Answer: 2218
v -1 -2 3 -4 -5 -6 7 8 9 -10 -11 -12 13 14 15 -16 -17 18 -19 -20 -21 22 23
v -24 -25 -26 -27 28 -29 -30 -31 32 33 -34 -35 36 37 -38 39 40 41 -42 -43
v 44 -45 46 47 -48 -49 -50 51 -52 53 54 55 -56 -57 -58 -59 60 0
c Answer: 2219
v 1 -2 -3 -4 5 6 7 8 -9 -10 11 -12 -13 -14 15 16 -17 18 -19 -20 -21 22 23
v -24 -25 -26 -27 28 -29 -30 -31 32 33 -34 -35 36 37 -38 39 40 41 -42 -43
v 44 45 46 47 -48 -49 -50 51 -52 -53 54 55 -56 -57 -58 -59 60 0
c Answer: 2220
v -1 -2 3 -4 -5 -6 7 8 9 -10 -11 -12 13 14 15 16 -17 18 -19 -20 -21 22 23
v -24 -25 -26 -27 28 -29 -30 -31 32 33 -34 -35 36 37 -38 39 40 41 -42 -43
v 44 -45 46 47 -48 -49 -50 51 -52 53 54 55 -56 -57 -58 -59 60 0
c Answer: 2221
v 1 -2 -3 -4 5 6 7 8 -9 -10 11 -12 -13 -14 15 -16 -17 18 -19 -20 -21 22 23
v 24 -25 -26 -27 28 -29 -30 -31 32 33 -34 -35 36 37 -38 39 40 41 -42 -43
v 44 45 46 47 -48 -49 -50 51 -52 -53 54 55 -56 -57 -58 -59 60 0
c Answer: 2222
v 1 -2 -3 -4 5 6 7 8 -9 -10 11 -12 -13 -14 15 16 -17 18 -19 -20 -21 22 23
v 24 -25 -26 -27 28 -29 -30 -31 32 33 -34 -35 36 37 -38 39 40 41 -42 -43
v 44 45 46 47 -48 -49 -50 51 -52 -53 54 55 -56 -57 -58 -59 60 0
c Answer: 2223
v -1 -2 3 -4 -5 -6 7 8 9 -10 -11 -12 13 14 15 -16 -17 18 -19 -20 -21 22 23
v 24 -25 -26 -27 28 -29 -30 -31 32 33 -34 -35 36 37 -38 39 40 41 -42 -43
v 44 -45 46 47 -48 -49 -50 51 -52 53 54 55 -56 -57 -58 -59 60 0
c Answer: 2224
v -1 -2 3 -4 -5 -6 7 8 9 -10 -11 -12 13 14 15 16 -17 18 -19 -20 -21 22 23
v 24 -25 -26 -27 28 -29 -30 -31 32 33 -34 -35 36 37 -38 39 40 41 -42 -43
v 44 -45 46 47 -48 -49 -50 51 -52 53 54 55 -56 -57 -58 -59 60 0
c Answer: 2225
v 1 -2 -3 -4 5 6 7 8 -9 -10 11 -12 -13 -14 15 -16 -17 18 -19 -20 -21 22 23
v -24 -25 -26 -27 28 -29 -30 -31 -32 33 -34 -35 36 37 -38 39 40 41 -42 43
v 44 45 46 47 -48 -49 -50 51 -52 -53 54 55 -56 -57 -58 -59 60 0
c Answer: 2226
v -1 -2 3 -4 -5 -6 7 8 9 -10 -11 -12 13 14 15 -16 -17 18 -19 -20 -21 22 23
v -24 -25 -26 -27 28 -29 -30 -31 -32 33 -34 -35 36 37 -38 39 40 41 -42 43
v 44 -45 46 47 -48 -49 -50 51 -52 53 54 55 -56 -57 -58 -59 60 0
c Answer: 2227
v 1 -2 -3 -4 5 6 7 8 -9 -10 11 -12 -13 -14 15 -16 -17 18 -19 -20 -21 22 23
v -24 -25 -26 -27 28 -29 -30 -31 32 33 -34 -35 36 37 -38 39 40 41 -42 43
v 44 45 46 47 -48 -49 -50 51 -52 -53 54 55 -56 -57 -58 -59 60 0
c Answer: 2228
v -1 -2 3 -4 -5 -6 7 8 9 -10 -11 -12 13 14 15 -16 -17 18 -19 -20 -21 22 23
v -24 -25 -26 -27 28 -29 -30 -31 32 33 -34 -35 36 37 -38 39 40 41 -42 43
v 44 -45 46 47 -48 -49 -50 51 -52 53 54 55 -56 -57 -58 -59 60 0
c Answer: 2229
v 1 -2 -3 -4 5 6 7 8 -9 -10 11 -12 -13 -14 15 -16 -17 18 -19 -20 -21 22 23
v 24 -25 -26 -27 28 -29 -30 -31 -32 33 -34 -35 36 37 -38 39 40 41 -42 43
v 44 45 46 47 -48 -49 -50 51 -52 -53 54 55 -56 -57 -58 -59 60 0
c Answer: 2230
v 1 -2 -3 -4 5 6 7 8 -9 -10 11 -12 -13 -14 15 -16 -17 18 -19 -20 -21 22 23
v 24 -25 -26 -27 28 -29 -30 -31 32 33 -34 -35 36 37 -38 39 40 41 -42 43 44
v 45 46 47 -48 -49 -50 51 -52 -53 54 55 -56 -57 -58 -59 60 0
c Answer: 2231
v -1 -2 3 -4 -5 -6 7 8 9 -10 -11 -12 13 14 15 -16 -17 18 -19 -20 -21 22 23
v 24 -25 -26 -27 28 -29 -30 -31 -32 33 -34 -35 36 37 -38 39 40 41 -42 43
v 44 -45 46 47 -48 -49 -50 51 -52 53 54 55 -56 -57 -58 -59 60 0
c Answer: 2232
v -1 -2 3 -4 -5 -6 7 8 9 -10 -11 -12 13 14 15 -16 -17 18 -19 -20 -21 22 23
v 24 -25 -26 -27 28 -29 -30 -31 32 33 -34 -35 36 37 -38 39 40 41 -42 43 44
v -45 46 47 -48 -49 -50 51 -52 53 54 55 -56 -57 -58 -59 60 0
c Answer: 2233
v 1 -2 -3 -4 5 6 7 8 -9 -10 11 -12 -13 -14 15 16 -17 18 -19 -20 -21 22 23
v -24 -25 -26 -27 28 -29 -30 -31 -32 33 -34 -35 36 37 -38 39 40 41 -42 43
v 44 45 46 47 -48 -49 -50 51 -52 -53 54 55 -56 -57 -58 -59 60 0
c Answer: 2234
v -1 -2 3 -4 -5 -6 7 8 9 -10 -11 -12 13 14 15 16 -17 18 -19 -20 -21 22 23
v -24 -25 -26 -27 28 -29 -30 -31 -32 33 -34 -35 36 37 -38 39 40 41 -42 43
v 44 -45 46 47 -48 -49 -50 51 -52 53 54 55 -56 -57 -58 -59 60 0
c Answer: 2235
v 1 -2 -3 -4 5 6 7 8 -9 -10 11 -12 -13 -14 15 16 -17 18 -19 -20 -21 22 23
v 24 -25 -26 -27 28 -29 -30 -31 -32 33 -34 -35 36 37 -38 39 40 41 -42 43
v 44 45 46 47 -48 -49 -50 51 -52 -53 54 55 -56 -57 -58 -59 60 0
c Answer: 2236
v -1 -2 3 -4 -5 -6 7 8 9 -10 -11 -12 13 14 15 16 -17 18 -19 -20 -21 22 23
v 24 -25 -26 -27 28 -29 -30 -31 -32 33 -34 -35 36 37 -38 39 40 41 -42 43
v 44 -45 46 47 -48 -49 -50 51 -52 53 54 55 -56 -57 -58 -59 60 0
c Answer: 2237
v 1 -2 -3 -4 5 6 7 8 -9 -10 11 -12 -13 -14 15 16 -17 18 -19 -20 -21 22 23
v -24 -25 -26 -27 28 -29 -30 -31 32 33 -34 -35 36 37 -38 39 40 41 -42 43
v 44 45 46 47 -48 -49 -50 51 -52 -53 54 55 -56 -57 -58 -59 60 0
c Answer: 2238
v 1 -2 -3 -4 5 6 7 8 -9 -10 11 -12 -13 -14 15 16 -17 18 -19 -20 -21 22 23
v 24 -25 -26 -27 28 -29 -30 -31 32 33 -34 -35 36 37 -38 39 40 41 -42 43 44
v 45 46 47 -48 -49 -50 51 -52 -53 54 55 -56 -57 -58 -59 60 0
c Answer: 2239
v -1 -2 3 -4 -5 -6 7 8 9 -10 -11 -12 13 14 15 16 -17 18 -19 -20 -21 22 23
v -24 -25 -26 -27 28 -29 -30 -31 32 33 -34 -35 36 37 -38 39 40 41 -42 43
v 44 -45 46 47 -48 -49 -50 51 -52 53 54 55 -56 -57 -58 -59 60 0
c Answer: 2240
v -1 -2 3 -4 -5 -6 7 8 9 -10 -11 -12 13 14 15 16 -17 18 -19 -20 -21 22 23
v 24 -25 -26 -27 28 -29 -30 -31 32 33 -34 -35 36 37 -38 39 40 41 -42 43 44
v -45 46 47 -48 -49 -50 51 -52 53 54 55 -56 -57 -58 -59 60 0
c Answer: 2241
v 1 -2 -3 -4 5 6 7 8 -9 -10 11 -12 -13 -14 15 -16 -17 18 -19 -20 -21 22 23
v -24 -25 -26 -27 28 -29 -30 -31 -32 33 -34 -35 36 37 -38 39 40 41 42 -43
v 44 45 46 47 -48 -49 -50 51 -52 -53 54 55 -56 -57 -58 -59 -60 0
c Answer: 2242
v -1 -2 3 -4 -5 -6 7 8 9 -10 -11 -12 13 14 15 -16 -17 18 -19 -20 -21 22 23
v -24 -25 -26 -27 28 -29 -30 -31 -32 33 -34 -35 36 37 -38 39 40 41 42 -43
v 44 -45 46 47 -48 -49 -50 51 -52 53 54 55 -56 -57 -58 -59 -60 0
c Answer: 2243
v 1 -2 -3 -4 5 6 7 8 -9 -10 11 -12 -13 -14 15 -16 -17 18 -19 -20 -21 22 23
v -24 -25 -26 -27 28 -29 -30 -31 -32 33 -34 -35 36 37 -38 39 40 41 42 -43
v 44 45 46 47 -48 -49 -50 51 -52 -53 54 55 -56 -57 -58 -59 60 0
c Answer: 2244
v -1 -2 3 -4 -5 -6 7 8 9 -10 -11 -12 13 14 15 -16 -17 18 -19 -20 -21 22 23
v -24 -25 -26 -27 28 -29 -30 -31 -32 33 -34 -35 36 37 -38 39 40 41 42 -43
v 44 -45 46 47 -48 -49 -50 51 -52 53 54 55 -56 -57 -58 -59 60 0
c Answer: 2245
v 1 -2 -3 -4 5 6 7 8 -9 -10 11 -12 -13 -14 15 -16 -17 18 -19 -20 -21 22 23
v -24 -25 -26 -27 28 -29 -30 -31 -32 33 -34 -35 36 37 -38 39 40 41 42 43
v 44 45 46 47 -48 -49 -50 51 -52 -53 54 55 -56 -57 -58 -59 -60 0
c Answer: 2246
v 1 -2 -3 -4 5 6 7 8 -9 -10 11 -12 -13 -14 15 -16 -17 18 -19 -20 -21 22 23
v -24 -25 -26 -27 28 -29 -30 -31 -32 33 -34 -35 36 37 -38 39 40 41 42 43
v 44 45 46 47 -48 -49 -50 51 -52 -53 54 55 -56 -57 -58 -59 60 0
c Answer: 2247
v -1 -2 3 -4 -5 -6 7 8 9 -10 -11 -12 13 14 15 -16 -17 18 -19 -20 -21 22 23
v -24 -25 -26 -27 28 -29 -30 -31 -32 33 -34 -35 36 37 -38 39 40 41 42 43
v 44 -45 46 47 -48 -49 -50 51 -52 53 54 55 -56 -57 -58 -59 -60 0
c Answer: 2248
v -1 -2 3 -4 -5 -6 7 8 9 -10 -11 -12 13 14 15 -16 -17 18 -19 -20 -21 22 23
v -24 -25 -26 -27 28 -29 -30 -31 -32 33 -34 -35 36 37 -38 39 40 41 42 43
v 44 -45 46 47 -48 -49 -50 51 -52 53 54 55 -56 -57 -58 -59 60 0
c Answer: 2249
v 1 -2 -3 -4 5 6 7 8 -9 -10 11 -12 -13 -14 15 16 -17 18 -19 -20 -21 22 23
v -24 -25 -26 -27 28 -29 -30 -31 -32 33 -34 -35 36 37 -38 39 40 41 42 -43
v 44 45 46 47 -48 -49 -50 51 -52 -53 54 55 -56 -57 -58 -59 -60 0
c Answer: 2250
v -1 -2 3 -4 -5 -6 7 8 9 -10 -11 -12 13 14 15 16 -17 18 -19 -20 -21 22 23
v -24 -25 -26 -27 28 -29 -30 -31 -32 33 -34 -35 36 37 -38 39 40 41 42 -43
v 44 -45 46 47 -48 -49 -50 51 -52 53 54 55 -56 -57 -58 -59 -60 0
c Answer: 2251
v 1 -2 -3 -4 5 6 7 8 -9 -10 11 -12 -13 -14 15 16 -17 18 -19 -20 -21 22 23
v -24 -25 -26 -27 28 -29 -30 -31 -32 33 -34 -35 36 37 -38 39 40 41 42 43
v 44 45 46 47 -48 -49 -50 51 -52 -53 54 55 -56 -57 -58 -59 -60 0
c Answer: 2252
v -1 -2 3 -4 -5 -6 7 8 9 -10 -11 -12 13 14 15 16 -17 18 -19 -20 -21 22 23
v -24 -25 -26 -27 28 -29 -30 -31 -32 33 -34 -35 36 37 -38 39 40 41 42 43
v 44 -45 46 47 -48 -49 -50 51 -52 53 54 55 -56 -57 -58 -59 -60 0
c Answer: 2253
v 1 -2 -3 -4 5 6 7 8 -9 -10 11 -12 -13 -14 15 16 -17 18 -19 -20 -21 22 23
v -24 -25 -26 -27 28 -29 -30 -31 -32 33 -34 -35 36 37 -38 39 40 41 42 -43
v 44 45 46 47 -48 -49 -50 51 -52 -53 54 55 -56 -57 -58 -59 60 0
c Answer: 2254
v 1 -2 -3 -4 5 6 7 8 -9 -10 11 -12 -13 -14 15 16 -17 18 -19 -20 -21 22 23
v -24 -25 -26 -27 28 -29 -30 -31 -32 33 -34 -35 36 37 -38 39 40 41 42 43
v 44 45 46 47 -48 -49 -50 51 -52 -53 54 55 -56 -57 -58 -59 60 0
c Answer: 2255
v -1 -2 3 -4 -5 -6 7 8 9 -10 -11 -12 13 14 15 16 -17 18 -19 -20 -21 22 23
v -24 -25 -26 -27 28 -29 -30 -31 -32 33 -34 -35 36 37 -38 39 40 41 42 -43
v 44 -45 46 47 -48 -49 -50 51 -52 53 54 55 -56 -57 -58 -59 60 0
c Answer: 2256
v -1 -2 3 -4 -5 -6 7 8 9 -10 -11 -12 13 14 15 16 -17 18 -19 -20 -21 22 23
v -24 -25 -26 -27 28 -29 -30 -31 -32 33 -34 -35 36 37 -38 39 40 41 42 43
v 44 -45 46 47 -48 -49 -50 51 -52 53 54 55 -56 -57 -58 -59 60 0
c Answer: 2257
v 1 -2 -3 -4 5 6 7 8 -9 -10 11 -12 -13 -14 15 -16 -17 18 -19 -20 -21 22 23
v -24 -25 -26 -27 28 -29 -30 -31 32 33 -34 -35 36 37 -38 39 40 41 42 -43
v 44 45 46 47 -48 -49 -50 51 -52 -53 54 55 -56 -57 -58 -59 -60 0
c Answer: 2258
v -1 -2 3 -4 -5 -6 7 8 9 -10 -11 -12 13 14 15 -16 -17 18 -19 -20 -21 22 23
v -24 -25 -26 -27 28 -29 -30 -31 32 33 -34 -35 36 37 -38 39 40 41 42 -43
v 44 -45 46 47 -48 -49 -50 51 -52 53 54 55 -56 -57 -58 -59 -60 0
c Answer: 2259
v 1 -2 -3 -4 5 6 7 8 -9 -10 11 -12 -13 -14 15 16 -17 18 -19 -20 -21 22 23
v -24 -25 -26 -27 28 -29 -30 -31 32 33 -34 -35 36 37 -38 39 40 41 42 -43
v 44 45 46 47 -48 -49 -50 51 -52 -53 54 55 -56 -57 -58 -59 -60 0
c Answer: 2260
v -1 -2 3 -4 -5 -6 7 8 9 -10 -11 -12 13 14 15 16 -17 18 -19 -20 -21 22 23
v -24 -25 -26 -27 28 -29 -30 -31 32 33 -34 -35 36 37 -38 39 40 41 42 -43
v 44 -45 46 47 -48 -49 -50 51 -52 53 54 55 -56 -57 -58 -59 -60 0
c Answer: 2261
v 1 -2 -3 -4 5 6 7 8 -9 -10 11 -12 -13 -14 15 -16 -17 18 -19 -20 -21 22 23
v -24 -25 -26 -27 28 -29 -30 -31 32 33 -34 -35 36 37 -38 39 40 41 42 -43
v 44 45 46 47 -48 -49 -50 51 -52 -53 54 55 -56 -57 -58 -59 60 0
c Answer: 2262
v 1 -2 -3 -4 5 6 7 8 -9 -10 11 -12 -13 -14 15 16 -17 18 -19 -20 -21 22 23
v -24 -25 -26 -27 28 -29 -30 -31 32 33 -34 -35 36 37 -38 39 40 41 42 -43
v 44 45 46 47 -48 -49 -50 51 -52 -53 54 55 -56 -57 -58 -59 60 0
c Answer: 2263
v -1 -2 3 -4 -5 -6 7 8 9 -10 -11 -12 13 14 15 -16 -17 18 -19 -20 -21 22 23
v -24 -25 -26 -27 28 -29 -30 -31 32 33 -34 -35 36 37 -38 39 40 41 42 -43
v 44 -45 46 47 -48 -49 -50 51 -52 53 54 55 -56 -57 -58 -59 60 0
c Answer: 2264
v -1 -2 3 -4 -5 -6 7 8 9 -10 -11 -12 13 14 15 16 -17 18 -19 -20 -21 22 23
v -24 -25 -26 -27 28 -29 -30 -31 32 33 -34 -35 36 37 -38 39 40 41 42 -43
v 44 -45 46 47 -48 -49 -50 51 -52 53 54 55 -56 -57 -58 -59 60 0
c Answer: 2265
v 1 -2 -3 -4 5 6 7 8 -9 -10 11 -12 -13 -14 15 -16 -17 18 -19 -20 -21 22 23
v -24 -25 -26 -27 28 -29 -30 -31 32 33 -34 -35 36 37 -38 39 40 41 42 43 44
v 45 46 47 -48 -49 -50 51 -52 -53 54 55 -56 -57 -58 -59 -60 0
c Answer: 2266
v -1 -2 3 -4 -5 -6 7 8 9 -10 -11 -12 13 14 15 -16 -17 18 -19 -20 -21 22 23
v -24 -25 -26 -27 28 -29 -30 -31 32 33 -34 -35 36 37 -38 39 40 41 42 43 44
v -45 46 47 -48 -49 -50 51 -52 53 54 55 -56 -57 -58 -59 -60 0
c Answer: 2267
v 1 -2 -3 -4 5 6 7 8 -9 -10 11 -12 -13 -14 15 -16 -17 18 -19 -20 -21 22 23
v -24 -25 -26 -27 28 -29 -30 -31 32 33 -34 -35 36 37 -38 39 40 41 42 43 44
v 45 46 47 -48 -49 -50 51 -52 -53 54 55 -56 -57 -58 -59 60 0
c Answer: 2268
v -1 -2 3 -4 -5 -6 7 8 9 -10 -11 -12 13 14 15 -16 -17 18 -19 -20 -21 22 23
v -24 -25 -26 -27 28 -29 -30 -31 32 33 -34 -35 36 37 -38 39 40 41 42 43 44
v -45 46 47 -48 -49 -50 51 -52 53 54 55 -56 -57 -58 -59 60 0
c Answer: 2269
v 1 -2 -3 -4 5 6 7 8 -9 -10 11 -12 -13 -14 15 16 -17 18 -19 -20 -21 22 23
v -24 -25 -26 -27 28 -29 -30 -31 32 33 -34 -35 36 37 -38 39 40 41 42 43 44
v 45 46 47 -48 -49 -50 51 -52 -53 54 55 -56 -57 -58 -59 -60 0
c Answer: 2270
v 1 -2 -3 -4 5 6 7 8 -9 -10 11 -12 -13 -14 15 16 -17 18 -19 -20 -21 22 23
v -24 -25 -26 -27 28 -29 -30 -31 32 33 -34 -35 36 37 -38 39 40 41 42 43 44
v 45 46 47 -48 -49 -50 51 -52 -53 54 55 -56 -57 -58 -59 60 0
c Answer: 2271
v -1 -2 3 -4 -5 -6 7 8 9 -10 -11 -12 13 14 15 16 -17 18 -19 -20 -21 22 23
v -24 -25 -26 -27 28 -29 -30 -31 32 33 -34 -35 36 37 -38 39 40 41 42 43 44
v -45 46 47 -48 -49 -50 51 -52 53 54 55 -56 -57 -58 -59 -60 0
c Answer: 2272
v -1 -2 3 -4 -5 -6 7 8 9 -10 -11 -12 13 14 15 16 -17 18 -19 -20 -21 22 23
v -24 -25 -26 -27 28 -29 -30 -31 32 33 -34 -35 36 37 -38 39 40 41 42 43 44
v -45 46 47 -48 -49 -50 51 -52 53 54 55 -56 -57 -58 -59 60 0
c Answer: 2273
v 1 -2 -3 -4 5 6 7 8 -9 -10 11 -12 -13 -14 15 -16 -17 18 -19 -20 -21 22 23
v 24 -25 -26 -27 28 -29 -30 -31 -32 33 -34 -35 36 37 -38 39 40 41 42 -43
v 44 45 46 47 -48 -49 -50 51 -52 -53 54 55 -56 -57 -58 -59 -60 0
c Answer: 2274
v -1 -2 3 -4 -5 -6 7 8 9 -10 -11 -12 13 14 15 -16 -17 18 -19 -20 -21 22 23
v 24 -25 -26 -27 28 -29 -30 -31 -32 33 -34 -35 36 37 -38 39 40 41 42 -43
v 44 -45 46 47 -48 -49 -50 51 -52 53 54 55 -56 -57 -58 -59 -60 0
c Answer: 2275
v 1 -2 -3 -4 5 6 7 8 -9 -10 11 -12 -13 -14 15 -16 -17 18 -19 -20 -21 22 23
v 24 -25 -26 -27 28 -29 -30 -31 32 33 -34 -35 36 37 -38 39 40 41 42 -43 44
v 45 46 47 -48 -49 -50 51 -52 -53 54 55 -56 -57 -58 -59 -60 0
c Answer: 2276
v -1 -2 3 -4 -5 -6 7 8 9 -10 -11 -12 13 14 15 -16 -17 18 -19 -20 -21 22 23
v 24 -25 -26 -27 28 -29 -30 -31 32 33 -34 -35 36 37 -38 39 40 41 42 -43 44
v -45 46 47 -48 -49 -50 51 -52 53 54 55 -56 -57 -58 -59 -60 0
c Answer: 2277
v 1 -2 -3 -4 5 6 7 8 -9 -10 11 -12 -13 -14 15 -16 -17 18 -19 -20 -21 22 23
v 24 -25 -26 -27 28 -29 -30 -31 -32 33 -34 -35 36 37 -38 39 40 41 42 43 44
v 45 46 47 -48 -49 -50 51 -52 -53 54 55 -56 -57 -58 -59 -60 0
c Answer: 2278
v 1 -2 -3 -4 5 6 7 8 -9 -10 11 -12 -13 -14 15 -16 -17 18 -19 -20 -21 22 23
v 24 -25 -26 -27 28 -29 -30 -31 32 33 -34 -35 36 37 -38 39 40 41 42 43 44
v 45 46 47 -48 -49 -50 51 -52 -53 54 55 -56 -57 -58 -59 -60 0
c Answer: 2279
v -1 -2 3 -4 -5 -6 7 8 9 -10 -11 -12 13 14 15 -16 -17 18 -19 -20 -21 22 23
v 24 -25 -26 -27 28 -29 -30 -31 -32 33 -34 -35 36 37 -38 39 40 41 42 43 44
v -45 46 47 -48 -49 -50 51 -52 53 54 55 -56 -57 -58 -59 -60 0
c Answer: 2280
v -1 -2 3 -4 -5 -6 7 8 9 -10 -11 -12 13 14 15 -16 -17 18 -19 -20 -21 22 23
v 24 -25 -26 -27 28 -29 -30 -31 32 33 -34 -35 36 37 -38 39 40 41 42 43 44
v -45 46 47 -48 -49 -50 51 -52 53 54 55 -56 -57 -58 -59 -60 0
c Answer: 2281
v 1 -2 -3 -4 5 6 7 8 -9 -10 11 -12 -13 -14 15 16 -17 18 -19 -20 -21 22 23
v 24 -25 -26 -27 28 -29 -30 -31 -32 33 -34 -35 36 37 -38 39 40 41 42 -43
v 44 45 46 47 -48 -49 -50 51 -52 -53 54 55 -56 -57 -58 -59 -60 0
c Answer: 2282
v -1 -2 3 -4 -5 -6 7 8 9 -10 -11 -12 13 14 15 16 -17 18 -19 -20 -21 22 23
v 24 -25 -26 -27 28 -29 -30 -31 -32 33 -34 -35 36 37 -38 39 40 41 42 -43
v 44 -45 46 47 -48 -49 -50 51 -52 53 54 55 -56 -57 -58 -59 -60 0
c Answer: 2283
v 1 -2 -3 -4 5 6 7 8 -9 -10 11 -12 -13 -14 15 16 -17 18 -19 -20 -21 22 23
v 24 -25 -26 -27 28 -29 -30 -31 -32 33 -34 -35 36 37 -38 39 40 41 42 43 44
v 45 46 47 -48 -49 -50 51 -52 -53 54 55 -56 -57 -58 -59 -60 0
c Answer: 2284
v -1 -2 3 -4 -5 -6 7 8 9 -10 -11 -12 13 14 15 16 -17 18 -19 -20 -21 22 23
v 24 -25 -26 -27 28 -29 -30 -31 -32 33 -34 -35 36 37 -38 39 40 41 42 43 44
v -45 46 47 -48 -49 -50 51 -52 53 54 55 -56 -57 -58 -59 -60 0
c Answer: 2285
v 1 -2 -3 -4 5 6 7 8 -9 -10 11 -12 -13 -14 15 16 -17 18 -19 -20 -21 22 23
v 24 -25 -26 -27 28 -29 -30 -31 32 33 -34 -35 36 37 -38 39 40 41 42 -43 44
v 45 46 47 -48 -49 -50 51 -52 -53 54 55 -56 -57 -58 -59 -60 0
c Answer: 2286
v 1 -2 -3 -4 5 6 7 8 -9 -10 11 -12 -13 -14 15 16 -17 18 -19 -20 -21 22 23
v 24 -25 -26 -27 28 -29 -30 -31 32 33 -34 -35 36 37 -38 39 40 41 42 43 44
v 45 46 47 -48 -49 -50 51 -52 -53 54 55 -56 -57 -58 -59 -60 0
c Answer: 2287
v -1 -2 3 -4 -5 -6 7 8 9 -10 -11 -12 13 14 15 16 -17 18 -19 -20 -21 22 23
v 24 -25 -26 -27 28 -29 -30 -31 32 33 -34 -35 36 37 -38 39 40 41 42 -43 44
v -45 46 47 -48 -49 -50 51 -52 53 54 55 -56 -57 -58 -59 -60 0
c Answer: 2288
v -1 -2 3 -4 -5 -6 7 8 9 -10 -11 -12 13 14 15 16 -17 18 -19 -20 -21 22 23
v 24 -25 -26 -27 28 -29 -30 -31 32 33 -34 -35 36 37 -38 39 40 41 42 43 44
v -45 46 47 -48 -49 -50 51 -52 53 54 55 -56 -57 -58 -59 -60 0
c Answer: 2289
v 1 -2 -3 -4 5 6 7 8 -9 -10 11 -12 -13 -14 15 -16 -17 18 -19 -20 -21 22 23
v 24 -25 -26 -27 28 -29 -30 -31 -32 33 -34 -35 36 37 -38 39 40 41 42 -43
v 44 45 46 47 -48 -49 -50 51 -52 -53 54 55 -56 -57 -58 -59 60 0
c Answer: 2290
v -1 -2 3 -4 -5 -6 7 8 9 -10 -11 -12 13 14 15 -16 -17 18 -19 -20 -21 22 23
v 24 -25 -26 -27 28 -29 -30 -31 -32 33 -34 -35 36 37 -38 39 40 41 42 -43
v 44 -45 46 47 -48 -49 -50 51 -52 53 54 55 -56 -57 -58 -59 60 0
c Answer: 2291
v 1 -2 -3 -4 5 6 7 8 -9 -10 11 -12 -13 -14 15 16 -17 18 -19 -20 -21 22 23
v 24 -25 -26 -27 28 -29 -30 -31 -32 33 -34 -35 36 37 -38 39 40 41 42 -43
v 44 45 46 47 -48 -49 -50 51 -52 -53 54 55 -56 -57 -58 -59 60 0
c Answer: 2292
v -1 -2 3 -4 -5 -6 7 8 9 -10 -11 -12 13 14 15 16 -17 18 -19 -20 -21 22 23
v 24 -25 -26 -27 28 -29 -30 -31 -32 33 -34 -35 36 37 -38 39 40 41 42 -43
v 44 -45 46 47 -48 -49 -50 51 -52 53 54 55 -56 -57 -58 -59 60 0
c Answer: 2293
v 1 -2 -3 -4 5 6 7 8 -9 -10 11 -12 -13 -14 15 -16 -17 18 -19 -20 -21 22 23
v 24 -25 -26 -27 28 -29 -30 -31 32 33 -34 -35 36 37 -38 39 40 41 42 -43 44
v 45 46 47 -48 -49 -50 51 -52 -53 54 55 -56 -57 -58 -59 60 0
c Answer: 2294
v 1 -2 -3 -4 5 6 7 8 -9 -10 11 -12 -13 -14 15 16 -17 18 -19 -20 -21 22 23
v 24 -25 -26 -27 28 -29 -30 -31 32 33 -34 -35 36 37 -38 39 40 41 42 -43 44
v 45 46 47 -48 -49 -50 51 -52 -53 54 55 -56 -57 -58 -59 60 0
c Answer: 2295
v -1 -2 3 -4 -5 -6 7 8 9 -10 -11 -12 13 14 15 -16 -17 18 -19 -20 -21 22 23
v 24 -25 -26 -27 28 -29 -30 -31 32 33 -34 -35 36 37 -38 39 40 41 42 -43 44
v -45 46 47 -48 -49 -50 51 -52 53 54 55 -56 -57 -58 -59 60 0
c Answer: 2296
v -1 -2 3 -4 -5 -6 7 8 9 -10 -11 -12 13 14 15 16 -17 18 -19 -20 -21 22 23
v 24 -25 -26 -27 28 -29 -30 -31 32 33 -34 -35 36 37 -38 39 40 41 42 -43 44
v -45 46 47 -48 -49 -50 51 -52 53 54 55 -56 -57 -58 -59 60 0
c Answer: 2297
v 1 -2 -3 -4 5 6 7 8 -9 -10 11 -12 -13 -14 15 -16 -17 18 -19 -20 -21 22 23
v 24 -25 -26 -27 28 -29 -30 -31 -32 33 -34 -35 36 37 -38 39 40 41 42 43 44
v 45 46 47 -48 -49 -50 51 -52 -53 54 55 -56 -57 -58 -59 60 0
c Answer: 2298
v -1 -2 3 -4 -5 -6 7 8 9 -10 -11 -12 13 14 15 -16 -17 18 -19 -20 -21 22 23
v 24 -25 -26 -27 28 -29 -30 -31 -32 33 -34 -35 36 37 -38 39 40 41 42 43 44
v -45 46 47 -48 -49 -50 51 -52 53 54 55 -56 -57 -58 -59 60 0
c Answer: 2299
v 1 -2 -3 -4 5 6 7 8 -9 -10 11 -12 -13 -14 15 -16 -17 18 -19 -20 -21 22 23
v 24 -25 -26 -27 28 -29 -30 -31 32 33 -34 -35 36 37 -38 39 40 41 42 43 44
v 45 46 47 -48 -49 -50 51 -52 -53 54 55 -56 -57 -58 -59 60 0
c Answer: 2300
v -1 -2 3 -4 -5 -6 7 8 9 -10 -11 -12 13 14 15 -16 -17 18 -19 -20 -21 22 23
v 24 -25 -26 -27 28 -29 -30 -31 32 33 -34 -35 36 37 -38 39 40 41 42 43 44
v -45 46 47 -48 -49 -50 51 -52 53 54 55 -56 -57 -58 -59 60 0
c Answer: 2301
v 1 -2 -3 -4 5 6 7 8 -9 -10 11 -12 -13 -14 15 16 -17 18 -19 -20 -21 22 23
v 24 -25 -26 -27 28 -29 -30 -31 -32 33 -34 -35 36 37 -38 39 40 41 42 43 44
v 45 46 47 -48 -49 -50 51 -52 -53 54 55 -56 -57 -58 -59 60 0
c Answer: 2302
v 1 -2 -3 -4 5 6 7 8 -9 -10 11 -12 -13 -14 15 16 -17 18 -19 -20 -21 22 23
v 24 -25 -26 -27 28 -29 -30 -31 32 33 -34 -35 36 37 -38 39 40 41 42 43 44
v 45 46 47 -48 -49 -50 51 -52 -53 54 55 -56 -57 -58 -59 60 0
c Answer: 2303
v -1 -2 3 -4 -5 -6 7 8 9 -10 -11 -12 13 14 15 16 -17 18 -19 -20 -21 22 23
v 24 -25 -26 -27 28 -29 -30 -31 -32 33 -34 -35 36 37 -38 39 40 41 42 43 44
v -45 46 47 -48 -49 -50 51 -52 53 54 55 -56 -57 -58 -59 60 0
c Answer: 2304
v -1 -2 3 -4 -5 -6 7 8 9 -10 -11 -12 13 14 15 16 -17 18 -19 -20 -21 22 23
v 24 -25 -26 -27 28 -29 -30 -31 32 33 -34 -35 36 37 -38 39 40 41 42 43 44
v -45 46 47 -48 -49 -50 51 -52 53 54 55 -56 -57 -58 -59 60 0
c Answer: 2305
v 1 -2 -3 -4 5 6 7 8 -9 -10 11 -12 -13 -14 15 -16 -17 18 -19 -20 -21 22 23
v -24 -25 -26 -27 28 -29 -30 -31 -32 33 -34 -35 36 37 -38 39 40 41 -42 -43
v -44 45 46 47 -48 -49 -50 51 -52 -53 54 55 56 -57 -58 -59 -60 0
c Answer: 2306
v -1 -2 3 -4 -5 -6 7 8 9 -10 -11 -12 13 14 15 -16 -17 18 -19 -20 -21 22 23
v -24 -25 -26 -27 28 -29 -30 -31 -32 33 -34 -35 36 37 -38 39 40 41 -42 -43
v -44 -45 46 47 -48 -49 -50 51 -52 53 54 55 56 -57 -58 -59 -60 0
c Answer: 2307
v 1 -2 -3 -4 5 6 7 8 -9 -10 11 -12 -13 -14 15 -16 -17 18 -19 -20 -21 22 23
v -24 -25 -26 -27 28 -29 -30 -31 -32 33 -34 -35 36 37 -38 39 40 41 -42 -43
v 44 45 46 47 -48 -49 -50 51 -52 -53 54 55 56 -57 -58 -59 -60 0
c Answer: 2308
v -1 -2 3 -4 -5 -6 7 8 9 -10 -11 -12 13 14 15 -16 -17 18 -19 -20 -21 22 23
v -24 -25 -26 -27 28 -29 -30 -31 -32 33 -34 -35 36 37 -38 39 40 41 -42 -43
v 44 -45 46 47 -48 -49 -50 51 -52 53 54 55 56 -57 -58 -59 -60 0
c Answer: 2309
v 1 -2 -3 -4 5 6 7 8 -9 -10 11 -12 -13 -14 15 -16 -17 18 -19 -20 -21 22 23
v -24 -25 -26 -27 28 -29 -30 -31 -32 33 -34 -35 36 37 -38 39 40 41 42 -43
v -44 45 46 47 -48 -49 -50 51 -52 -53 54 55 56 -57 -58 -59 -60 0
c Answer: 2310
v 1 -2 -3 -4 5 6 7 8 -9 -10 11 -12 -13 -14 15 -16 -17 18 -19 -20 -21 22 23
v -24 -25 -26 -27 28 -29 -30 -31 -32 33 -34 -35 36 37 -38 39 40 41 42 -43
v 44 45 46 47 -48 -49 -50 51 -52 -53 54 55 56 -57 -58 -59 -60 0
c Answer: 2311
v -1 -2 3 -4 -5 -6 7 8 9 -10 -11 -12 13 14 15 -16 -17 18 -19 -20 -21 22 23
v -24 -25 -26 -27 28 -29 -30 -31 -32 33 -34 -35 36 37 -38 39 40 41 42 -43
v -44 -45 46 47 -48 -49 -50 51 -52 53 54 55 56 -57 -58 -59 -60 0
c Answer: 2312
v -1 -2 3 -4 -5 -6 7 8 9 -10 -11 -12 13 14 15 -16 -17 18 -19 -20 -21 22 23
v -24 -25 -26 -27 28 -29 -30 -31 -32 33 -34 -35 36 37 -38 39 40 41 42 -43
v 44 -45 46 47 -48 -49 -50 51 -52 53 54 55 56 -57 -58 -59 -60 0
c Answer: 2313
v 1 -2 -3 -4 5 6 7 8 -9 -10 11 -12 -13 -14 15 -16 -17 18 -19 -20 -21 22 23
v 24 -25 -26 -27 28 -29 -30 -31 -32 33 -34 -35 36 37 -38 39 40 41 -42 -43
v -44 45 46 47 -48 -49 -50 51 -52 -53 54 55 56 -57 -58 -59 -60 0
c Answer: 2314
v -1 -2 3 -4 -5 -6 7 8 9 -10 -11 -12 13 14 15 -16 -17 18 -19 -20 -21 22 23
v 24 -25 -26 -27 28 -29 -30 -31 -32 33 -34 -35 36 37 -38 39 40 41 -42 -43
v -44 -45 46 47 -48 -49 -50 51 -52 53 54 55 56 -57 -58 -59 -60 0
c Answer: 2315
v 1 -2 -3 -4 5 6 7 8 -9 -10 11 -12 -13 -14 15 -16 -17 18 -19 -20 -21 22 23
v 24 -25 -26 -27 28 -29 -30 -31 -32 33 -34 -35 36 37 -38 39 40 41 42 -43
v -44 45 46 47 -48 -49 -50 51 -52 -53 54 55 56 -57 -58 -59 -60 0
c Answer: 2316
v -1 -2 3 -4 -5 -6 7 8 9 -10 -11 -12 13 14 15 -16 -17 18 -19 -20 -21 22 23
v 24 -25 -26 -27 28 -29 -30 -31 -32 33 -34 -35 36 37 -38 39 40 41 42 -43
v -44 -45 46 47 -48 -49 -50 51 -52 53 54 55 56 -57 -58 -59 -60 0
c Answer: 2317
v 1 -2 -3 -4 5 6 7 8 -9 -10 11 -12 -13 -14 15 -16 -17 18 -19 -20 -21 22 23
v 24 -25 -26 -27 28 -29 -30 -31 -32 33 -34 -35 36 37 -38 39 40 41 -42 -43
v 44 45 46 47 -48 -49 -50 51 -52 -53 54 55 56 -57 -58 -59 -60 0
c Answer: 2318
v 1 -2 -3 -4 5 6 7 8 -9 -10 11 -12 -13 -14 15 -16 -17 18 -19 -20 -21 22 23
v 24 -25 -26 -27 28 -29 -30 -31 -32 33 -34 -35 36 37 -38 39 40 41 42 -43
v 44 45 46 47 -48 -49 -50 51 -52 -53 54 55 56 -57 -58 -59 -60 0
c Answer: 2319
v -1 -2 3 -4 -5 -6 7 8 9 -10 -11 -12 13 14 15 -16 -17 18 -19 -20 -21 22 23
v 24 -25 -26 -27 28 -29 -30 -31 -32 33 -34 -35 36 37 -38 39 40 41 -42 -43
v 44 -45 46 47 -48 -49 -50 51 -52 53 54 55 56 -57 -58 -59 -60 0
c Answer: 2320
v -1 -2 3 -4 -5 -6 7 8 9 -10 -11 -12 13 14 15 -16 -17 18 -19 -20 -21 22 23
v 24 -25 -26 -27 28 -29 -30 -31 -32 33 -34 -35 36 37 -38 39 40 41 42 -43
v 44 -45 46 47 -48 -49 -50 51 -52 53 54 55 56 -57 -58 -59 -60 0
c Answer: 2321
v 1 -2 -3 -4 5 6 7 8 -9 -10 11 -12 -13 -14 15 -16 -17 18 -19 -20 -21 22 23
v -24 -25 -26 -27 28 -29 -30 -31 -32 33 -34 -35 36 37 -38 39 40 41 -42 -43
v -44 45 46 47 -48 -49 -50 51 -52 -53 54 55 56 -57 -58 -59 60 0
c Answer: 2322
v -1 -2 3 -4 -5 -6 7 8 9 -10 -11 -12 13 14 15 -16 -17 18 -19 -20 -21 22 23
v -24 -25 -26 -27 28 -29 -30 -31 -32 33 -34 -35 36 37 -38 39 40 41 -42 -43
v -44 -45 46 47 -48 -49 -50 51 -52 53 54 55 56 -57 -58 -59 60 0
c Answer: 2323
v 1 -2 -3 -4 5 6 7 8 -9 -10 11 -12 -13 -14 15 -16 -17 18 -19 -20 -21 22 23
v 24 -25 -26 -27 28 -29 -30 -31 -32 33 -34 -35 36 37 -38 39 40 41 -42 -43
v -44 45 46 47 -48 -49 -50 51 -52 -53 54 55 56 -57 -58 -59 60 0
c Answer: 2324
v -1 -2 3 -4 -5 -6 7 8 9 -10 -11 -12 13 14 15 -16 -17 18 -19 -20 -21 22 23
v 24 -25 -26 -27 28 -29 -30 -31 -32 33 -34 -35 36 37 -38 39 40 41 -42 -43
v -44 -45 46 47 -48 -49 -50 51 -52 53 54 55 56 -57 -58 -59 60 0
c Answer: 2325
v 1 -2 -3 -4 5 6 7 8 -9 -10 11 -12 -13 -14 15 -16 -17 18 -19 -20 -21 22 23
v -24 -25 -26 -27 28 -29 -30 -31 -32 33 -34 -35 36 37 -38 39 40 41 -42 -43
v 44 45 46 47 -48 -49 -50 51 -52 -53 54 55 56 -57 -58 -59 60 0
c Answer: 2326
v 1 -2 -3 -4 5 6 7 8 -9 -10 11 -12 -13 -14 15 -16 -17 18 -19 -20 -21 22 23
v 24 -25 -26 -27 28 -29 -30 -31 -32 33 -34 -35 36 37 -38 39 40 41 -42 -43
v 44 45 46 47 -48 -49 -50 51 -52 -53 54 55 56 -57 -58 -59 60 0
c Answer: 2327
v -1 -2 3 -4 -5 -6 7 8 9 -10 -11 -12 13 14 15 -16 -17 18 -19 -20 -21 22 23
v -24 -25 -26 -27 28 -29 -30 -31 -32 33 -34 -35 36 37 -38 39 40 41 -42 -43
v 44 -45 46 47 -48 -49 -50 51 -52 53 54 55 56 -57 -58 -59 60 0
c Answer: 2328
v -1 -2 3 -4 -5 -6 7 8 9 -10 -11 -12 13 14 15 -16 -17 18 -19 -20 -21 22 23
v 24 -25 -26 -27 28 -29 -30 -31 -32 33 -34 -35 36 37 -38 39 40 41 -42 -43
v 44 -45 46 47 -48 -49 -50 51 -52 53 54 55 56 -57 -58 -59 60 0
c Answer: 2329
v 1 -2 -3 -4 5 6 7 8 -9 -10 11 -12 -13 -14 15 -16 -17 18 -19 -20 -21 22 23
v -24 -25 -26 -27 28 -29 -30 -31 -32 33 -34 -35 36 37 -38 39 40 41 42 -43
v -44 45 46 47 -48 -49 -50 51 -52 -53 54 55 56 -57 -58 -59 60 0
c Answer: 2330
v -1 -2 3 -4 -5 -6 7 8 9 -10 -11 -12 13 14 15 -16 -17 18 -19 -20 -21 22 23
v -24 -25 -26 -27 28 -29 -30 -31 -32 33 -34 -35 36 37 -38 39 40 41 42 -43
v -44 -45 46 47 -48 -49 -50 51 -52 53 54 55 56 -57 -58 -59 60 0
c Answer: 2331
v 1 -2 -3 -4 5 6 7 8 -9 -10 11 -12 -13 -14 15 -16 -17 18 -19 -20 -21 22 23
v -24 -25 -26 -27 28 -29 -30 -31 -32 33 -34 -35 36 37 -38 39 40 41 42 -43
v 44 45 46 47 -48 -49 -50 51 -52 -53 54 55 56 -57 -58 -59 60 0
c Answer: 2332
v -1 -2 3 -4 -5 -6 7 8 9 -10 -11 -12 13 14 15 -16 -17 18 -19 -20 -21 22 23
v -24 -25 -26 -27 28 -29 -30 -31 -32 33 -34 -35 36 37 -38 39 40 41 42 -43
v 44 -45 46 47 -48 -49 -50 51 -52 53 54 55 56 -57 -58 -59 60 0
c Answer: 2333
v 1 -2 -3 -4 5 6 7 8 -9 -10 11 -12 -13 -14 15 -16 -17 18 -19 -20 -21 22 23
v 24 -25 -26 -27 28 -29 -30 -31 -32 33 -34 -35 36 37 -38 39 40 41 42 -43
v -44 45 46 47 -48 -49 -50 51 -52 -53 54 55 56 -57 -58 -59 60 0
c Answer: 2334
v 1 -2 -3 -4 5 6 7 8 -9 -10 11 -12 -13 -14 15 -16 -17 18 -19 -20 -21 22 23
v 24 -25 -26 -27 28 -29 -30 -31 -32 33 -34 -35 36 37 -38 39 40 41 42 -43
v 44 45 46 47 -48 -49 -50 51 -52 -53 54 55 56 -57 -58 -59 60 0
c Answer: 2335
v -1 -2 3 -4 -5 -6 7 8 9 -10 -11 -12 13 14 15 -16 -17 18 -19 -20 -21 22 23
v 24 -25 -26 -27 28 -29 -30 -31 -32 33 -34 -35 36 37 -38 39 40 41 42 -43
v -44 -45 46 47 -48 -49 -50 51 -52 53 54 55 56 -57 -58 -59 60 0
c Answer: 2336
v -1 -2 3 -4 -5 -6 7 8 9 -10 -11 -12 13 14 15 -16 -17 18 -19 -20 -21 22 23
v 24 -25 -26 -27 28 -29 -30 -31 -32 33 -34 -35 36 37 -38 39 40 41 42 -43
v 44 -45 46 47 -48 -49 -50 51 -52 53 54 55 56 -57 -58 -59 60 0
c Answer: 2337
v 1 -2 -3 -4 5 6 7 8 -9 -10 11 -12 -13 -14 15 -16 -17 18 -19 -20 -21 22 23
v -24 -25 -26 -27 28 -29 -30 -31 -32 33 -34 -35 36 37 -38 39 40 41 -42 43
v -44 45 46 47 -48 -49 -50 51 -52 -53 54 55 56 -57 -58 -59 -60 0
c Answer: 2338
v -1 -2 3 -4 -5 -6 7 8 9 -10 -11 -12 13 14 15 -16 -17 18 -19 -20 -21 22 23
v -24 -25 -26 -27 28 -29 -30 -31 -32 33 -34 -35 36 37 -38 39 40 41 -42 43
v -44 -45 46 47 -48 -49 -50 51 -52 53 54 55 56 -57 -58 -59 -60 0
c Answer: 2339
v 1 -2 -3 -4 5 6 7 8 -9 -10 11 -12 -13 -14 15 -16 -17 18 -19 -20 -21 22 23
v -24 -25 -26 -27 28 -29 -30 -31 -32 33 -34 -35 36 37 -38 39 40 41 -42 43
v -44 45 46 47 -48 -49 -50 51 -52 -53 54 55 56 -57 -58 -59 60 0
c Answer: 2340
v -1 -2 3 -4 -5 -6 7 8 9 -10 -11 -12 13 14 15 -16 -17 18 -19 -20 -21 22 23
v -24 -25 -26 -27 28 -29 -30 -31 -32 33 -34 -35 36 37 -38 39 40 41 -42 43
v -44 -45 46 47 -48 -49 -50 51 -52 53 54 55 56 -57 -58 -59 60 0
c Answer: 2341
v 1 -2 -3 -4 5 6 7 8 -9 -10 11 -12 -13 -14 15 -16 -17 18 -19 -20 -21 22 23
v -24 -25 -26 -27 28 -29 -30 -31 -32 33 -34 -35 36 37 -38 39 40 41 42 43
v -44 45 46 47 -48 -49 -50 51 -52 -53 54 55 56 -57 -58 -59 -60 0
c Answer: 2342
v 1 -2 -3 -4 5 6 7 8 -9 -10 11 -12 -13 -14 15 -16 -17 18 -19 -20 -21 22 23
v -24 -25 -26 -27 28 -29 -30 -31 -32 33 -34 -35 36 37 -38 39 40 41 42 43
v -44 45 46 47 -48 -49 -50 51 -52 -53 54 55 56 -57 -58 -59 60 0
c Answer: 2343
v -1 -2 3 -4 -5 -6 7 8 9 -10 -11 -12 13 14 15 -16 -17 18 -19 -20 -21 22 23
v -24 -25 -26 -27 28 -29 -30 -31 -32 33 -34 -35 36 37 -38 39 40 41 42 43
v -44 -45 46 47 -48 -49 -50 51 -52 53 54 55 56 -57 -58 -59 -60 0
c Answer: 2344
v -1 -2 3 -4 -5 -6 7 8 9 -10 -11 -12 13 14 15 -16 -17 18 -19 -20 -21 22 23
v -24 -25 -26 -27 28 -29 -30 -31 -32 33 -34 -35 36 37 -38 39 40 41 42 43
v -44 -45 46 47 -48 -49 -50 51 -52 53 54 55 56 -57 -58 -59 60 0
c Answer: 2345
v 1 -2 -3 -4 5 6 7 8 -9 -10 11 -12 -13 -14 15 -16 -17 18 -19 -20 -21 22 23
v 24 -25 -26 -27 28 -29 -30 -31 -32 33 -34 -35 36 37 -38 39 40 41 -42 43
v -44 45 46 47 -48 -49 -50 51 -52 -53 54 55 56 -57 -58 -59 -60 0
c Answer: 2346
v -1 -2 3 -4 -5 -6 7 8 9 -10 -11 -12 13 14 15 -16 -17 18 -19 -20 -21 22 23
v 24 -25 -26 -27 28 -29 -30 -31 -32 33 -34 -35 36 37 -38 39 40 41 -42 43
v -44 -45 46 47 -48 -49 -50 51 -52 53 54 55 56 -57 -58 -59 -60 0
c Answer: 2347
v 1 -2 -3 -4 5 6 7 8 -9 -10 11 -12 -13 -14 15 -16 -17 18 -19 -20 -21 22 23
v 24 -25 -26 -27 28 -29 -30 -31 -32 33 -34 -35 36 37 -38 39 40 41 42 43 -44
v 45 46 47 -48 -49 -50 51 -52 -53 54 55 56 -57 -58 -59 -60 0
c Answer: 2348
v -1 -2 3 -4 -5 -6 7 8 9 -10 -11 -12 13 14 15 -16 -17 18 -19 -20 -21 22 23
v 24 -25 -26 -27 28 -29 -30 -31 -32 33 -34 -35 36 37 -38 39 40 41 42 43 -44
v -45 46 47 -48 -49 -50 51 -52 53 54 55 56 -57 -58 -59 -60 0
c Answer: 2349
v 1 -2 -3 -4 5 6 7 8 -9 -10 11 -12 -13 -14 15 -16 -17 18 -19 -20 -21 22 23
v 24 -25 -26 -27 28 -29 -30 -31 -32 33 -34 -35 36 37 -38 39 40 41 -42 43
v -44 45 46 47 -48 -49 -50 51 -52 -53 54 55 56 -57 -58 -59 60 0
c Answer: 2350
v 1 -2 -3 -4 5 6 7 8 -9 -10 11 -12 -13 -14 15 -16 -17 18 -19 -20 -21 22 23
v 24 -25 -26 -27 28 -29 -30 -31 -32 33 -34 -35 36 37 -38 39 40 41 42 43 -44
v 45 46 47 -48 -49 -50 51 -52 -53 54 55 56 -57 -58 -59 60 0
c Answer: 2351
v -1 -2 3 -4 -5 -6 7 8 9 -10 -11 -12 13 14 15 -16 -17 18 -19 -20 -21 22 23
v 24 -25 -26 -27 28 -29 -30 -31 -32 33 -34 -35 36 37 -38 39 40 41 -42 43
v -44 -45 46 47 -48 -49 -50 51 -52 53 54 55 56 -57 -58 -59 60 0
c Answer: 2352
v -1 -2 3 -4 -5 -6 7 8 9 -10 -11 -12 13 14 15 -16 -17 18 -19 -20 -21 22 23
v 24 -25 -26 -27 28 -29 -30 -31 -32 33 -34 -35 36 37 -38 39 40 41 42 43 -44
v -45 46 47 -48 -49 -50 51 -52 53 54 55 56 -57 -58 -59 60 0
c Answer: 2353
v 1 -2 -3 -4 5 6 7 8 -9 -10 11 -12 -13 -14 15 -16 -17 18 -19 -20 -21 22 23
v -24 -25 -26 -27 28 -29 -30 -31 -32 33 -34 -35 36 37 -38 39 40 41 -42 43
v 44 45 46 47 -48 -49 -50 51 -52 -53 54 55 56 -57 -58 -59 -60 0
c Answer: 2354
v -1 -2 3 -4 -5 -6 7 8 9 -10 -11 -12 13 14 15 -16 -17 18 -19 -20 -21 22 23
v -24 -25 -26 -27 28 -29 -30 -31 -32 33 -34 -35 36 37 -38 39 40 41 -42 43
v 44 -45 46 47 -48 -49 -50 51 -52 53 54 55 56 -57 -58 -59 -60 0
c Answer: 2355
v 1 -2 -3 -4 5 6 7 8 -9 -10 11 -12 -13 -14 15 -16 -17 18 -19 -20 -21 22 23
v 24 -25 -26 -27 28 -29 -30 -31 -32 33 -34 -35 36 37 -38 39 40 41 -42 43
v 44 45 46 47 -48 -49 -50 51 -52 -53 54 55 56 -57 -58 -59 -60 0
c Answer: 2356
v -1 -2 3 -4 -5 -6 7 8 9 -10 -11 -12 13 14 15 -16 -17 18 -19 -20 -21 22 23
v 24 -25 -26 -27 28 -29 -30 -31 -32 33 -34 -35 36 37 -38 39 40 41 -42 43
v 44 -45 46 47 -48 -49 -50 51 -52 53 54 55 56 -57 -58 -59 -60 0
c Answer: 2357
v 1 -2 -3 -4 5 6 7 8 -9 -10 11 -12 -13 -14 15 -16 -17 18 -19 -20 -21 22 23
v -24 -25 -26 -27 28 -29 -30 -31 -32 33 -34 -35 36 37 -38 39 40 41 -42 43
v 44 45 46 47 -48 -49 -50 51 -52 -53 54 55 56 -57 -58 -59 60 0
c Answer: 2358
v 1 -2 -3 -4 5 6 7 8 -9 -10 11 -12 -13 -14 15 -16 -17 18 -19 -20 -21 22 23
v 24 -25 -26 -27 28 -29 -30 -31 -32 33 -34 -35 36 37 -38 39 40 41 -42 43
v 44 45 46 47 -48 -49 -50 51 -52 -53 54 55 56 -57 -58 -59 60 0
c Answer: 2359
v -1 -2 3 -4 -5 -6 7 8 9 -10 -11 -12 13 14 15 -16 -17 18 -19 -20 -21 22 23
v -24 -25 -26 -27 28 -29 -30 -31 -32 33 -34 -35 36 37 -38 39 40 41 -42 43
v 44 -45 46 47 -48 -49 -50 51 -52 53 54 55 56 -57 -58 -59 60 0
c Answer: 2360
v -1 -2 3 -4 -5 -6 7 8 9 -10 -11 -12 13 14 15 -16 -17 18 -19 -20 -21 22 23
v 24 -25 -26 -27 28 -29 -30 -31 -32 33 -34 -35 36 37 -38 39 40 41 -42 43
v 44 -45 46 47 -48 -49 -50 51 -52 53 54 55 56 -57 -58 -59 60 0
c Answer: 2361
v 1 -2 -3 -4 5 6 7 8 -9 -10 11 -12 -13 -14 15 -16 -17 18 -19 -20 -21 22 23
v -24 -25 -26 -27 28 -29 -30 -31 -32 33 -34 -35 36 37 -38 39 40 41 42 43
v 44 45 46 47 -48 -49 -50 51 -52 -53 54 55 56 -57 -58 -59 -60 0
c Answer: 2362
v -1 -2 3 -4 -5 -6 7 8 9 -10 -11 -12 13 14 15 -16 -17 18 -19 -20 -21 22 23
v -24 -25 -26 -27 28 -29 -30 -31 -32 33 -34 -35 36 37 -38 39 40 41 42 43
v 44 -45 46 47 -48 -49 -50 51 -52 53 54 55 56 -57 -58 -59 -60 0
c Answer: 2363
v 1 -2 -3 -4 5 6 7 8 -9 -10 11 -12 -13 -14 15 -16 -17 18 -19 -20 -21 22 23
v -24 -25 -26 -27 28 -29 -30 -31 -32 33 -34 -35 36 37 -38 39 40 41 42 43
v 44 45 46 47 -48 -49 -50 51 -52 -53 54 55 56 -57 -58 -59 60 0
c Answer: 2364
v -1 -2 3 -4 -5 -6 7 8 9 -10 -11 -12 13 14 15 -16 -17 18 -19 -20 -21 22 23
v -24 -25 -26 -27 28 -29 -30 -31 -32 33 -34 -35 36 37 -38 39 40 41 42 43
v 44 -45 46 47 -48 -49 -50 51 -52 53 54 55 56 -57 -58 -59 60 0
c Answer: 2365
v 1 -2 -3 -4 5 6 7 8 -9 -10 11 -12 -13 -14 15 -16 -17 18 -19 -20 -21 22 23
v 24 -25 -26 -27 28 -29 -30 -31 -32 33 -34 -35 36 37 -38 39 40 41 42 43 44
v 45 46 47 -48 -49 -50 51 -52 -53 54 55 56 -57 -58 -59 -60 0
c Answer: 2366
v 1 -2 -3 -4 5 6 7 8 -9 -10 11 -12 -13 -14 15 -16 -17 18 -19 -20 -21 22 23
v 24 -25 -26 -27 28 -29 -30 -31 -32 33 -34 -35 36 37 -38 39 40 41 42 43 44
v 45 46 47 -48 -49 -50 51 -52 -53 54 55 56 -57 -58 -59 60 0
c Answer: 2367
v -1 -2 3 -4 -5 -6 7 8 9 -10 -11 -12 13 14 15 -16 -17 18 -19 -20 -21 22 23
v 24 -25 -26 -27 28 -29 -30 -31 -32 33 -34 -35 36 37 -38 39 40 41 42 43 44
v -45 46 47 -48 -49 -50 51 -52 53 54 55 56 -57 -58 -59 -60 0
c Answer: 2368
v -1 -2 3 -4 -5 -6 7 8 9 -10 -11 -12 13 14 15 -16 -17 18 -19 -20 -21 22 23
v 24 -25 -26 -27 28 -29 -30 -31 -32 33 -34 -35 36 37 -38 39 40 41 42 43 44
v -45 46 47 -48 -49 -50 51 -52 53 54 55 56 -57 -58 -59 60 0
c Answer: 2369
v 1 -2 -3 -4 5 6 7 8 -9 -10 11 -12 -13 -14 15 16 -17 18 -19 -20 -21 22 23
v -24 -25 -26 -27 28 -29 -30 -31 -32 33 -34 -35 36 37 -38 39 40 41 -42 -43
v -44 45 46 47 -48 -49 -50 51 -52 -53 54 55 56 -57 -58 -59 -60 0
c Answer: 2370
v -1 -2 3 -4 -5 -6 7 8 9 -10 -11 -12 13 14 15 16 -17 18 -19 -20 -21 22 23
v -24 -25 -26 -27 28 -29 -30 -31 -32 33 -34 -35 36 37 -38 39 40 41 -42 -43
v -44 -45 46 47 -48 -49 -50 51 -52 53 54 55 56 -57 -58 -59 -60 0
c Answer: 2371
v 1 -2 -3 -4 5 6 7 8 -9 -10 11 -12 -13 -14 15 16 -17 18 -19 -20 -21 22 23
v -24 -25 -26 -27 28 -29 -30 -31 -32 33 -34 -35 36 37 -38 39 40 41 -42 43
v -44 45 46 47 -48 -49 -50 51 -52 -53 54 55 56 -57 -58 -59 -60 0
c Answer: 2372
v -1 -2 3 -4 -5 -6 7 8 9 -10 -11 -12 13 14 15 16 -17 18 -19 -20 -21 22 23
v -24 -25 -26 -27 28 -29 -30 -31 -32 33 -34 -35 36 37 -38 39 40 41 -42 43
v -44 -45 46 47 -48 -49 -50 51 -52 53 54 55 56 -57 -58 -59 -60 0
c Answer: 2373
v 1 -2 -3 -4 5 6 7 8 -9 -10 11 -12 -13 -14 15 16 -17 18 -19 -20 -21 22 23
v -24 -25 -26 -27 28 -29 -30 -31 -32 33 -34 -35 36 37 -38 39 40 41 -42 -43
v 44 45 46 47 -48 -49 -50 51 -52 -53 54 55 56 -57 -58 -59 -60 0
c Answer: 2374
v 1 -2 -3 -4 5 6 7 8 -9 -10 11 -12 -13 -14 15 16 -17 18 -19 -20 -21 22 23
v -24 -25 -26 -27 28 -29 -30 -31 -32 33 -34 -35 36 37 -38 39 40 41 -42 43
v 44 45 46 47 -48 -49 -50 51 -52 -53 54 55 56 -57 -58 -59 -60 0
c Answer: 2375
v -1 -2 3 -4 -5 -6 7 8 9 -10 -11 -12 13 14 15 16 -17 18 -19 -20 -21 22 23
v -24 -25 -26 -27 28 -29 -30 -31 -32 33 -34 -35 36 37 -38 39 40 41 -42 -43
v 44 -45 46 47 -48 -49 -50 51 -52 53 54 55 56 -57 -58 -59 -60 0
c Answer: 2376
v -1 -2 3 -4 -5 -6 7 8 9 -10 -11 -12 13 14 15 16 -17 18 -19 -20 -21 22 23
v -24 -25 -26 -27 28 -29 -30 -31 -32 33 -34 -35 36 37 -38 39 40 41 -42 43
v 44 -45 46 47 -48 -49 -50 51 -52 53 54 55 56 -57 -58 -59 -60 0
c Answer: 2377
v 1 -2 -3 -4 5 6 7 8 -9 -10 11 -12 -13 -14 15 16 -17 18 -19 -20 -21 22 23
v -24 -25 -26 -27 28 -29 -30 -31 -32 33 -34 -35 36 37 -38 39 40 41 42 -43
v -44 45 46 47 -48 -49 -50 51 -52 -53 54 55 56 -57 -58 -59 -60 0
c Answer: 2378
v -1 -2 3 -4 -5 -6 7 8 9 -10 -11 -12 13 14 15 16 -17 18 -19 -20 -21 22 23
v -24 -25 -26 -27 28 -29 -30 -31 -32 33 -34 -35 36 37 -38 39 40 41 42 -43
v -44 -45 46 47 -48 -49 -50 51 -52 53 54 55 56 -57 -58 -59 -60 0
c Answer: 2379
v 1 -2 -3 -4 5 6 7 8 -9 -10 11 -12 -13 -14 15 16 -17 18 -19 -20 -21 22 23
v -24 -25 -26 -27 28 -29 -30 -31 -32 33 -34 -35 36 37 -38 39 40 41 42 -43
v 44 45 46 47 -48 -49 -50 51 -52 -53 54 55 56 -57 -58 -59 -60 0
c Answer: 2380
v -1 -2 3 -4 -5 -6 7 8 9 -10 -11 -12 13 14 15 16 -17 18 -19 -20 -21 22 23
v -24 -25 -26 -27 28 -29 -30 -31 -32 33 -34 -35 36 37 -38 39 40 41 42 -43
v 44 -45 46 47 -48 -49 -50 51 -52 53 54 55 56 -57 -58 -59 -60 0
c Answer: 2381
v 1 -2 -3 -4 5 6 7 8 -9 -10 11 -12 -13 -14 15 16 -17 18 -19 -20 -21 22 23
v -24 -25 -26 -27 28 -29 -30 -31 -32 33 -34 -35 36 37 -38 39 40 41 42 43
v -44 45 46 47 -48 -49 -50 51 -52 -53 54 55 56 -57 -58 -59 -60 0
c Answer: 2382
v 1 -2 -3 -4 5 6 7 8 -9 -10 11 -12 -13 -14 15 16 -17 18 -19 -20 -21 22 23
v -24 -25 -26 -27 28 -29 -30 -31 -32 33 -34 -35 36 37 -38 39 40 41 42 43
v 44 45 46 47 -48 -49 -50 51 -52 -53 54 55 56 -57 -58 -59 -60 0
c Answer: 2383
v -1 -2 3 -4 -5 -6 7 8 9 -10 -11 -12 13 14 15 16 -17 18 -19 -20 -21 22 23
v -24 -25 -26 -27 28 -29 -30 -31 -32 33 -34 -35 36 37 -38 39 40 41 42 43
v -44 -45 46 47 -48 -49 -50 51 -52 53 54 55 56 -57 -58 -59 -60 0
c Answer: 2384
v -1 -2 3 -4 -5 -6 7 8 9 -10 -11 -12 13 14 15 16 -17 18 -19 -20 -21 22 23
v -24 -25 -26 -27 28 -29 -30 -31 -32 33 -34 -35 36 37 -38 39 40 41 42 43
v 44 -45 46 47 -48 -49 -50 51 -52 53 54 55 56 -57 -58 -59 -60 0
c Answer: 2385
v 1 -2 -3 -4 5 6 7 8 -9 -10 11 -12 -13 -14 15 16 -17 18 -19 -20 -21 22 23
v 24 -25 -26 -27 28 -29 -30 -31 -32 33 -34 -35 36 37 -38 39 40 41 -42 -43
v -44 45 46 47 -48 -49 -50 51 -52 -53 54 55 56 -57 -58 -59 -60 0
c Answer: 2386
v -1 -2 3 -4 -5 -6 7 8 9 -10 -11 -12 13 14 15 16 -17 18 -19 -20 -21 22 23
v 24 -25 -26 -27 28 -29 -30 -31 -32 33 -34 -35 36 37 -38 39 40 41 -42 -43
v -44 -45 46 47 -48 -49 -50 51 -52 53 54 55 56 -57 -58 -59 -60 0
c Answer: 2387
v 1 -2 -3 -4 5 6 7 8 -9 -10 11 -12 -13 -14 15 16 -17 18 -19 -20 -21 22 23
v 24 -25 -26 -27 28 -29 -30 -31 -32 33 -34 -35 36 37 -38 39 40 41 42 -43
v -44 45 46 47 -48 -49 -50 51 -52 -53 54 55 56 -57 -58 -59 -60 0
c Answer: 2388
v -1 -2 3 -4 -5 -6 7 8 9 -10 -11 -12 13 14 15 16 -17 18 -19 -20 -21 22 23
v 24 -25 -26 -27 28 -29 -30 -31 -32 33 -34 -35 36 37 -38 39 40 41 42 -43
v -44 -45 46 47 -48 -49 -50 51 -52 53 54 55 56 -57 -58 -59 -60 0
c Answer: 2389
v 1 -2 -3 -4 5 6 7 8 -9 -10 11 -12 -13 -14 15 16 -17 18 -19 -20 -21 22 23
v 24 -25 -26 -27 28 -29 -30 -31 -32 33 -34 -35 36 37 -38 39 40 41 -42 43
v -44 45 46 47 -48 -49 -50 51 -52 -53 54 55 56 -57 -58 -59 -60 0
c Answer: 2390
v 1 -2 -3 -4 5 6 7 8 -9 -10 11 -12 -13 -14 15 16 -17 18 -19 -20 -21 22 23
v 24 -25 -26 -27 28 -29 -30 -31 -32 33 -34 -35 36 37 -38 39 40 41 42 43 -44
v 45 46 47 -48 -49 -50 51 -52 -53 54 55 56 -57 -58 -59 -60 0
c Answer: 2391
v -1 -2 3 -4 -5 -6 7 8 9 -10 -11 -12 13 14 15 16 -17 18 -19 -20 -21 22 23
v 24 -25 -26 -27 28 -29 -30 -31 -32 33 -34 -35 36 37 -38 39 40 41 -42 43
v -44 -45 46 47 -48 -49 -50 51 -52 53 54 55 56 -57 -58 -59 -60 0
c Answer: 2392
v -1 -2 3 -4 -5 -6 7 8 9 -10 -11 -12 13 14 15 16 -17 18 -19 -20 -21 22 23
v 24 -25 -26 -27 28 -29 -30 -31 -32 33 -34 -35 36 37 -38 39 40 41 42 43 -44
v -45 46 47 -48 -49 -50 51 -52 53 54 55 56 -57 -58 -59 -60 0
c Answer: 2393
v 1 -2 -3 -4 5 6 7 8 -9 -10 11 -12 -13 -14 15 16 -17 18 -19 -20 -21 22 23
v 24 -25 -26 -27 28 -29 -30 -31 -32 33 -34 -35 36 37 -38 39 40 41 -42 -43
v 44 45 46 47 -48 -49 -50 51 -52 -53 54 55 56 -57 -58 -59 -60 0
c Answer: 2394
v -1 -2 3 -4 -5 -6 7 8 9 -10 -11 -12 13 14 15 16 -17 18 -19 -20 -21 22 23
v 24 -25 -26 -27 28 -29 -30 -31 -32 33 -34 -35 36 37 -38 39 40 41 -42 -43
v 44 -45 46 47 -48 -49 -50 51 -52 53 54 55 56 -57 -58 -59 -60 0
c Answer: 2395
v 1 -2 -3 -4 5 6 7 8 -9 -10 11 -12 -13 -14 15 16 -17 18 -19 -20 -21 22 23
v 24 -25 -26 -27 28 -29 -30 -31 -32 33 -34 -35 36 37 -38 39 40 41 -42 43
v 44 45 46 47 -48 -49 -50 51 -52 -53 54 55 56 -57 -58 -59 -60 0
c Answer: 2396
v -1 -2 3 -4 -5 -6 7 8 9 -10 -11 -12 13 14 15 16 -17 18 -19 -20 -21 22 23
v 24 -25 -26 -27 28 -29 -30 -31 -32 33 -34 -35 36 37 -38 39 40 41 -42 43
v 44 -45 46 47 -48 -49 -50 51 -52 53 54 55 56 -57 -58 -59 -60 0
c Answer: 2397
v 1 -2 -3 -4 5 6 7 8 -9 -10 11 -12 -13 -14 15 16 -17 18 -19 -20 -21 22 23
v 24 -25 -26 -27 28 -29 -30 -31 -32 33 -34 -35 36 37 -38 39 40 41 42 -43
v 44 45 46 47 -48 -49 -50 51 -52 -53 54 55 56 -57 -58 -59 -60 0
c Answer: 2398
v 1 -2 -3 -4 5 6 7 8 -9 -10 11 -12 -13 -14 15 16 -17 18 -19 -20 -21 22 23
v 24 -25 -26 -27 28 -29 -30 -31 -32 33 -34 -35 36 37 -38 39 40 41 42 43 44
v 45 46 47 -48 -49 -50 51 -52 -53 54 55 56 -57 -58 -59 -60 0
c Answer: 2399
v -1 -2 3 -4 -5 -6 7 8 9 -10 -11 -12 13 14 15 16 -17 18 -19 -20 -21 22 23
v 24 -25 -26 -27 28 -29 -30 -31 -32 33 -34 -35 36 37 -38 39 40 41 42 -43
v 44 -45 46 47 -48 -49 -50 51 -52 53 54 55 56 -57 -58 -59 -60 0
c Answer: 2400
v -1 -2 3 -4 -5 -6 7 8 9 -10 -11 -12 13 14 15 16 -17 18 -19 -20 -21 22 23
v 24 -25 -26 -27 28 -29 -30 -31 -32 33 -34 -35 36 37 -38 39 40 41 42 43 44
v -45 46 47 -48 -49 -50 51 -52 53 54 55 56 -57 -58 -59 -60 0
c Answer: 2401
v 1 -2 -3 -4 5 6 7 8 -9 -10 11 -12 -13 -14 15 16 -17 18 -19 -20 -21 22 23
v -24 -25 -26 -27 28 -29 -30 -31 -32 33 -34 -35 36 37 -38 39 40 41 -42 -43
v -44 45 46 47 -48 -49 -50 51 -52 -53 54 55 56 -57 -58 -59 60 0
c Answer: 2402
v -1 -2 3 -4 -5 -6 7 8 9 -10 -11 -12 13 14 15 16 -17 18 -19 -20 -21 22 23
v -24 -25 -26 -27 28 -29 -30 -31 -32 33 -34 -35 36 37 -38 39 40 41 -42 -43
v -44 -45 46 47 -48 -49 -50 51 -52 53 54 55 56 -57 -58 -59 60 0
c Answer: 2403
v 1 -2 -3 -4 5 6 7 8 -9 -10 11 -12 -13 -14 15 16 -17 18 -19 -20 -21 22 23
v 24 -25 -26 -27 28 -29 -30 -31 -32 33 -34 -35 36 37 -38 39 40 41 -42 -43
v -44 45 46 47 -48 -49 -50 51 -52 -53 54 55 56 -57 -58 -59 60 0
c Answer: 2404
v -1 -2 3 -4 -5 -6 7 8 9 -10 -11 -12 13 14 15 16 -17 18 -19 -20 -21 22 23
v 24 -25 -26 -27 28 -29 -30 -31 -32 33 -34 -35 36 37 -38 39 40 41 -42 -43
v -44 -45 46 47 -48 -49 -50 51 -52 53 54 55 56 -57 -58 -59 60 0
c Answer: 2405
v 1 -2 -3 -4 5 6 7 8 -9 -10 11 -12 -13 -14 15 16 -17 18 -19 -20 -21 22 23
v -24 -25 -26 -27 28 -29 -30 -31 -32 33 -34 -35 36 37 -38 39 40 41 -42 -43
v 44 45 46 47 -48 -49 -50 51 -52 -53 54 55 56 -57 -58 -59 60 0
c Answer: 2406
v 1 -2 -3 -4 5 6 7 8 -9 -10 11 -12 -13 -14 15 16 -17 18 -19 -20 -21 22 23
v 24 -25 -26 -27 28 -29 -30 -31 -32 33 -34 -35 36 37 -38 39 40 41 -42 -43
v 44 45 46 47 -48 -49 -50 51 -52 -53 54 55 56 -57 -58 -59 60 0
c Answer: 2407
v -1 -2 3 -4 -5 -6 7 8 9 -10 -11 -12 13 14 15 16 -17 18 -19 -20 -21 22 23
v -24 -25 -26 -27 28 -29 -30 -31 -32 33 -34 -35 36 37 -38 39 40 41 -42 -43
v 44 -45 46 47 -48 -49 -50 51 -52 53 54 55 56 -57 -58 -59 60 0
c Answer: 2408
v -1 -2 3 -4 -5 -6 7 8 9 -10 -11 -12 13 14 15 16 -17 18 -19 -20 -21 22 23
v 24 -25 -26 -27 28 -29 -30 -31 -32 33 -34 -35 36 37 -38 39 40 41 -42 -43
v 44 -45 46 47 -48 -49 -50 51 -52 53 54 55 56 -57 -58 -59 60 0
c Answer: 2409
v 1 -2 -3 -4 5 6 7 8 -9 -10 11 -12 -13 -14 15 16 -17 18 -19 -20 -21 22 23
v -24 -25 -26 -27 28 -29 -30 -31 -32 33 -34 -35 36 37 -38 39 40 41 42 -43
v -44 45 46 47 -48 -49 -50 51 -52 -53 54 55 56 -57 -58 -59 60 0
c Answer: 2410
v -1 -2 3 -4 -5 -6 7 8 9 -10 -11 -12 13 14 15 16 -17 18 -19 -20 -21 22 23
v -24 -25 -26 -27 28 -29 -30 -31 -32 33 -34 -35 36 37 -38 39 40 41 42 -43
v -44 -45 46 47 -48 -49 -50 51 -52 53 54 55 56 -57 -58 -59 60 0
c Answer: 2411
v 1 -2 -3 -4 5 6 7 8 -9 -10 11 -12 -13 -14 15 16 -17 18 -19 -20 -21 22 23
v -24 -25 -26 -27 28 -29 -30 -31 -32 33 -34 -35 36 37 -38 39 40 41 42 -43
v 44 45 46 47 -48 -49 -50 51 -52 -53 54 55 56 -57 -58 -59 60 0
c Answer: 2412
v -1 -2 3 -4 -5 -6 7 8 9 -10 -11 -12 13 14 15 16 -17 18 -19 -20 -21 22 23
v -24 -25 -26 -27 28 -29 -30 -31 -32 33 -34 -35 36 37 -38 39 40 41 42 -43
v 44 -45 46 47 -48 -49 -50 51 -52 53 54 55 56 -57 -58 -59 60 0
c Answer: 2413
v 1 -2 -3 -4 5 6 7 8 -9 -10 11 -12 -13 -14 15 16 -17 18 -19 -20 -21 22 23
v 24 -25 -26 -27 28 -29 -30 -31 -32 33 -34 -35 36 37 -38 39 40 41 42 -43
v -44 45 46 47 -48 -49 -50 51 -52 -53 54 55 56 -57 -58 -59 60 0
c Answer: 2414
v 1 -2 -3 -4 5 6 7 8 -9 -10 11 -12 -13 -14 15 16 -17 18 -19 -20 -21 22 23
v 24 -25 -26 -27 28 -29 -30 -31 -32 33 -34 -35 36 37 -38 39 40 41 42 -43
v 44 45 46 47 -48 -49 -50 51 -52 -53 54 55 56 -57 -58 -59 60 0
c Answer: 2415
v -1 -2 3 -4 -5 -6 7 8 9 -10 -11 -12 13 14 15 16 -17 18 -19 -20 -21 22 23
v 24 -25 -26 -27 28 -29 -30 -31 -32 33 -34 -35 36 37 -38 39 40 41 42 -43
v -44 -45 46 47 -48 -49 -50 51 -52 53 54 55 56 -57 -58 -59 60 0
c Answer: 2416
v -1 -2 3 -4 -5 -6 7 8 9 -10 -11 -12 13 14 15 16 -17 18 -19 -20 -21 22 23
v 24 -25 -26 -27 28 -29 -30 -31 -32 33 -34 -35 36 37 -38 39 40 41 42 -43
v 44 -45 46 47 -48 -49 -50 51 -52 53 54 55 56 -57 -58 -59 60 0
c Answer: 2417
v 1 -2 -3 -4 5 6 7 8 -9 -10 11 -12 -13 -14 15 16 -17 18 -19 -20 -21 22 23
v -24 -25 -26 -27 28 -29 -30 -31 -32 33 -34 -35 36 37 -38 39 40 41 -42 43
v -44 45 46 47 -48 -49 -50 51 -52 -53 54 55 56 -57 -58 -59 60 0
c Answer: 2418
v -1 -2 3 -4 -5 -6 7 8 9 -10 -11 -12 13 14 15 16 -17 18 -19 -20 -21 22 23
v -24 -25 -26 -27 28 -29 -30 -31 -32 33 -34 -35 36 37 -38 39 40 41 -42 43
v -44 -45 46 47 -48 -49 -50 51 -52 53 54 55 56 -57 -58 -59 60 0
c Answer: 2419
v 1 -2 -3 -4 5 6 7 8 -9 -10 11 -12 -13 -14 15 16 -17 18 -19 -20 -21 22 23
v -24 -25 -26 -27 28 -29 -30 -31 -32 33 -34 -35 36 37 -38 39 40 41 42 43
v -44 45 46 47 -48 -49 -50 51 -52 -53 54 55 56 -57 -58 -59 60 0
c Answer: 2420
v -1 -2 3 -4 -5 -6 7 8 9 -10 -11 -12 13 14 15 16 -17 18 -19 -20 -21 22 23
v -24 -25 -26 -27 28 -29 -30 -31 -32 33 -34 -35 36 37 -38 39 40 41 42 43
v -44 -45 46 47 -48 -49 -50 51 -52 53 54 55 56 -57 -58 -59 60 0
c Answer: 2421
v 1 -2 -3 -4 5 6 7 8 -9 -10 11 -12 -13 -14 15 16 -17 18 -19 -20 -21 22 23
v 24 -25 -26 -27 28 -29 -30 -31 -32 33 -34 -35 36 37 -38 39 40 41 -42 43
v -44 45 46 47 -48 -49 -50 51 -52 -53 54 55 56 -57 -58 -59 60 0
c Answer: 2422
v 1 -2 -3 -4 5 6 7 8 -9 -10 11 -12 -13 -14 15 16 -17 18 -19 -20 -21 22 23
v 24 -25 -26 -27 28 -29 -30 -31 -32 33 -34 -35 36 37 -38 39 40 41 42 43 -44
v 45 46 47 -48 -49 -50 51 -52 -53 54 55 56 -57 -58 -59 60 0
c Answer: 2423
v -1 -2 3 -4 -5 -6 7 8 9 -10 -11 -12 13 14 15 16 -17 18 -19 -20 -21 22 23
v 24 -25 -26 -27 28 -29 -30 -31 -32 33 -34 -35 36 37 -38 39 40 41 -42 43
v -44 -45 46 47 -48 -49 -50 51 -52 53 54 55 56 -57 -58 -59 60 0
c Answer: 2424
v -1 -2 3 -4 -5 -6 7 8 9 -10 -11 -12 13 14 15 16 -17 18 -19 -20 -21 22 23
v 24 -25 -26 -27 28 -29 -30 -31 -32 33 -34 -35 36 37 -38 39 40 41 42 43 -44
v -45 46 47 -48 -49 -50 51 -52 53 54 55 56 -57 -58 -59 60 0
c Answer: 2425
v 1 -2 -3 -4 5 6 7 8 -9 -10 11 -12 -13 -14 15 16 -17 18 -19 -20 -21 22 23
v -24 -25 -26 -27 28 -29 -30 -31 -32 33 -34 -35 36 37 -38 39 40 41 -42 43
v 44 45 46 47 -48 -49 -50 51 -52 -53 54 55 56 -57 -58 -59 60 0
c Answer: 2426
v -1 -2 3 -4 -5 -6 7 8 9 -10 -11 -12 13 14 15 16 -17 18 -19 -20 -21 22 23
v -24 -25 -26 -27 28 -29 -30 -31 -32 33 -34 -35 36 37 -38 39 40 41 -42 43
v 44 -45 46 47 -48 -49 -50 51 -52 53 54 55 56 -57 -58 -59 60 0
c Answer: 2427
v 1 -2 -3 -4 5 6 7 8 -9 -10 11 -12 -13 -14 15 16 -17 18 -19 -20 -21 22 23
v 24 -25 -26 -27 28 -29 -30 -31 -32 33 -34 -35 36 37 -38 39 40 41 -42 43
v 44 45 46 47 -48 -49 -50 51 -52 -53 54 55 56 -57 -58 -59 60 0
c Answer: 2428
v -1 -2 3 -4 -5 -6 7 8 9 -10 -11 -12 13 14 15 16 -17 18 -19 -20 -21 22 23
v 24 -25 -26 -27 28 -29 -30 -31 -32 33 -34 -35 36 37 -38 39 40 41 -42 43
v 44 -45 46 47 -48 -49 -50 51 -52 53 54 55 56 -57 -58 -59 60 0
c Answer: 2429
v 1 -2 -3 -4 5 6 7 8 -9 -10 11 -12 -13 -14 15 16 -17 18 -19 -20 -21 22 23
v -24 -25 -26 -27 28 -29 -30 -31 -32 33 -34 -35 36 37 -38 39 40 41 42 43
v 44 45 46 47 -48 -49 -50 51 -52 -53 54 55 56 -57 -58 -59 60 0
c Answer: 2430
v 1 -2 -3 -4 5 6 7 8 -9 -10 11 -12 -13 -14 15 16 -17 18 -19 -20 -21 22 23
v 24 -25 -26 -27 28 -29 -30 -31 -32 33 -34 -35 36 37 -38 39 40 41 42 43 44
v 45 46 47 -48 -49 -50 51 -52 -53 54 55 56 -57 -58 -59 60 0
c Answer: 2431
v -1 -2 3 -4 -5 -6 7 8 9 -10 -11 -12 13 14 15 16 -17 18 -19 -20 -21 22 23
v -24 -25 -26 -27 28 -29 -30 -31 -32 33 -34 -35 36 37 -38 39 40 41 42 43
v 44 -45 46 47 -48 -49 -50 51 -52 53 54 55 56 -57 -58 -59 60 0
c Answer: 2432
v -1 -2 3 -4 -5 -6 7 8 9 -10 -11 -12 13 14 15 16 -17 18 -19 -20 -21 22 23
v 24 -25 -26 -27 28 -29 -30 -31 -32 33 -34 -35 36 37 -38 39 40 41 42 43 44
v -45 46 47 -48 -49 -50 51 -52 53 54 55 56 -57 -58 -59 60 0
c Answer: 2433
v 1 -2 -3 -4 5 6 7 8 -9 -10 11 -12 -13 -14 15 -16 -17 18 -19 -20 -21 22 23
v -24 -25 -26 -27 28 -29 -30 -31 32 33 -34 -35 36 37 -38 39 40 41 -42 -43
v -44 45 46 47 -48 -49 -50 51 -52 -53 54 55 56 -57 -58 -59 -60 0
c Answer: 2434
v -1 -2 3 -4 -5 -6 7 8 9 -10 -11 -12 13 14 15 -16 -17 18 -19 -20 -21 22 23
v -24 -25 -26 -27 28 -29 -30 -31 32 33 -34 -35 36 37 -38 39 40 41 -42 -43
v -44 -45 46 47 -48 -49 -50 51 -52 53 54 55 56 -57 -58 -59 -60 0
c Answer: 2435
v 1 -2 -3 -4 5 6 7 8 -9 -10 11 -12 -13 -14 15 16 -17 18 -19 -20 -21 22 23
v -24 -25 -26 -27 28 -29 -30 -31 32 33 -34 -35 36 37 -38 39 40 41 -42 -43
v -44 45 46 47 -48 -49 -50 51 -52 -53 54 55 56 -57 -58 -59 -60 0
c Answer: 2436
v -1 -2 3 -4 -5 -6 7 8 9 -10 -11 -12 13 14 15 16 -17 18 -19 -20 -21 22 23
v -24 -25 -26 -27 28 -29 -30 -31 32 33 -34 -35 36 37 -38 39 40 41 -42 -43
v -44 -45 46 47 -48 -49 -50 51 -52 53 54 55 56 -57 -58 -59 -60 0
c Answer: 2437
v 1 -2 -3 -4 5 6 7 8 -9 -10 11 -12 -13 -14 15 -16 -17 18 -19 -20 -21 22 23
v -24 -25 -26 -27 28 -29 -30 -31 32 33 -34 -35 36 37 -38 39 40 41 -42 -43
v -44 45 46 47 -48 -49 -50 51 -52 -53 54 55 56 -57 -58 -59 60 0
c Answer: 2438
v 1 -2 -3 -4 5 6 7 8 -9 -10 11 -12 -13 -14 15 16 -17 18 -19 -20 -21 22 23
v -24 -25 -26 -27 28 -29 -30 -31 32 33 -34 -35 36 37 -38 39 40 41 -42 -43
v -44 45 46 47 -48 -49 -50 51 -52 -53 54 55 56 -57 -58 -59 60 0
c Answer: 2439
v -1 -2 3 -4 -5 -6 7 8 9 -10 -11 -12 13 14 15 -16 -17 18 -19 -20 -21 22 23
v -24 -25 -26 -27 28 -29 -30 -31 32 33 -34 -35 36 37 -38 39 40 41 -42 -43
v -44 -45 46 47 -48 -49 -50 51 -52 53 54 55 56 -57 -58 -59 60 0
c Answer: 2440
v -1 -2 3 -4 -5 -6 7 8 9 -10 -11 -12 13 14 15 16 -17 18 -19 -20 -21 22 23
v -24 -25 -26 -27 28 -29 -30 -31 32 33 -34 -35 36 37 -38 39 40 41 -42 -43
v -44 -45 46 47 -48 -49 -50 51 -52 53 54 55 56 -57 -58 -59 60 0
c Answer: 2441
v 1 -2 -3 -4 5 6 7 8 -9 -10 11 -12 -13 -14 15 -16 -17 18 -19 -20 -21 22 23
v -24 -25 -26 -27 28 -29 -30 -31 32 33 -34 -35 36 37 -38 39 40 41 -42 43
v -44 45 46 47 -48 -49 -50 51 -52 -53 54 55 56 -57 -58 -59 -60 0
c Answer: 2442
v -1 -2 3 -4 -5 -6 7 8 9 -10 -11 -12 13 14 15 -16 -17 18 -19 -20 -21 22 23
v -24 -25 -26 -27 28 -29 -30 -31 32 33 -34 -35 36 37 -38 39 40 41 -42 43
v -44 -45 46 47 -48 -49 -50 51 -52 53 54 55 56 -57 -58 -59 -60 0
c Answer: 2443
v 1 -2 -3 -4 5 6 7 8 -9 -10 11 -12 -13 -14 15 -16 -17 18 -19 -20 -21 22 23
v -24 -25 -26 -27 28 -29 -30 -31 32 33 -34 -35 36 37 -38 39 40 41 -42 43
v -44 45 46 47 -48 -49 -50 51 -52 -53 54 55 56 -57 -58 -59 60 0
c Answer: 2444
v -1 -2 3 -4 -5 -6 7 8 9 -10 -11 -12 13 14 15 -16 -17 18 -19 -20 -21 22 23
v -24 -25 -26 -27 28 -29 -30 -31 32 33 -34 -35 36 37 -38 39 40 41 -42 43
v -44 -45 46 47 -48 -49 -50 51 -52 53 54 55 56 -57 -58 -59 60 0
c Answer: 2445
v 1 -2 -3 -4 5 6 7 8 -9 -10 11 -12 -13 -14 15 16 -17 18 -19 -20 -21 22 23
v -24 -25 -26 -27 28 -29 -30 -31 32 33 -34 -35 36 37 -38 39 40 41 -42 43
v -44 45 46 47 -48 -49 -50 51 -52 -53 54 55 56 -57 -58 -59 -60 0
c Answer: 2446
v 1 -2 -3 -4 5 6 7 8 -9 -10 11 -12 -13 -14 15 16 -17 18 -19 -20 -21 22 23
v -24 -25 -26 -27 28 -29 -30 -31 32 33 -34 -35 36 37 -38 39 40 41 -42 43
v -44 45 46 47 -48 -49 -50 51 -52 -53 54 55 56 -57 -58 -59 60 0
c Answer: 2447
v -1 -2 3 -4 -5 -6 7 8 9 -10 -11 -12 13 14 15 16 -17 18 -19 -20 -21 22 23
v -24 -25 -26 -27 28 -29 -30 -31 32 33 -34 -35 36 37 -38 39 40 41 -42 43
v -44 -45 46 47 -48 -49 -50 51 -52 53 54 55 56 -57 -58 -59 -60 0
c Answer: 2448
v -1 -2 3 -4 -5 -6 7 8 9 -10 -11 -12 13 14 15 16 -17 18 -19 -20 -21 22 23
v -24 -25 -26 -27 28 -29 -30 -31 32 33 -34 -35 36 37 -38 39 40 41 -42 43
v -44 -45 46 47 -48 -49 -50 51 -52 53 54 55 56 -57 -58 -59 60 0
c Answer: 2449
v 1 -2 -3 -4 5 6 7 8 -9 -10 11 -12 -13 -14 15 -16 -17 18 -19 -20 -21 22 23
v -24 -25 -26 -27 28 -29 -30 -31 32 33 -34 -35 36 37 -38 39 40 41 -42 -43
v 44 45 46 47 -48 -49 -50 51 -52 -53 54 55 56 -57 -58 -59 -60 0
c Answer: 2450
v -1 -2 3 -4 -5 -6 7 8 9 -10 -11 -12 13 14 15 -16 -17 18 -19 -20 -21 22 23
v -24 -25 -26 -27 28 -29 -30 -31 32 33 -34 -35 36 37 -38 39 40 41 -42 -43
v 44 -45 46 47 -48 -49 -50 51 -52 53 54 55 56 -57 -58 -59 -60 0
c Answer: 2451
v 1 -2 -3 -4 5 6 7 8 -9 -10 11 -12 -13 -14 15 -16 -17 18 -19 -20 -21 22 23
v -24 -25 -26 -27 28 -29 -30 -31 32 33 -34 -35 36 37 -38 39 40 41 -42 43
v 44 45 46 47 -48 -49 -50 51 -52 -53 54 55 56 -57 -58 -59 -60 0
c Answer: 2452
v -1 -2 3 -4 -5 -6 7 8 9 -10 -11 -12 13 14 15 -16 -17 18 -19 -20 -21 22 23
v -24 -25 -26 -27 28 -29 -30 -31 32 33 -34 -35 36 37 -38 39 40 41 -42 43
v 44 -45 46 47 -48 -49 -50 51 -52 53 54 55 56 -57 -58 -59 -60 0
c Answer: 2453
v 1 -2 -3 -4 5 6 7 8 -9 -10 11 -12 -13 -14 15 16 -17 18 -19 -20 -21 22 23
v -24 -25 -26 -27 28 -29 -30 -31 32 33 -34 -35 36 37 -38 39 40 41 -42 -43
v 44 45 46 47 -48 -49 -50 51 -52 -53 54 55 56 -57 -58 -59 -60 0
c Answer: 2454
v 1 -2 -3 -4 5 6 7 8 -9 -10 11 -12 -13 -14 15 16 -17 18 -19 -20 -21 22 23
v -24 -25 -26 -27 28 -29 -30 -31 32 33 -34 -35 36 37 -38 39 40 41 -42 43
v 44 45 46 47 -48 -49 -50 51 -52 -53 54 55 56 -57 -58 -59 -60 0
c Answer: 2455
v -1 -2 3 -4 -5 -6 7 8 9 -10 -11 -12 13 14 15 16 -17 18 -19 -20 -21 22 23
v -24 -25 -26 -27 28 -29 -30 -31 32 33 -34 -35 36 37 -38 39 40 41 -42 -43
v 44 -45 46 47 -48 -49 -50 51 -52 53 54 55 56 -57 -58 -59 -60 0
c Answer: 2456
v -1 -2 3 -4 -5 -6 7 8 9 -10 -11 -12 13 14 15 16 -17 18 -19 -20 -21 22 23
v -24 -25 -26 -27 28 -29 -30 -31 32 33 -34 -35 36 37 -38 39 40 41 -42 43
v 44 -45 46 47 -48 -49 -50 51 -52 53 54 55 56 -57 -58 -59 -60 0
c Answer: 2457
v 1 -2 -3 -4 5 6 7 8 -9 -10 11 -12 -13 -14 15 -16 -17 18 -19 -20 -21 22 23
v -24 -25 -26 -27 28 -29 -30 -31 32 33 -34 -35 36 37 -38 39 40 41 -42 -43
v 44 45 46 47 -48 -49 -50 51 -52 -53 54 55 56 -57 -58 -59 60 0
c Answer: 2458
v -1 -2 3 -4 -5 -6 7 8 9 -10 -11 -12 13 14 15 -16 -17 18 -19 -20 -21 22 23
v -24 -25 -26 -27 28 -29 -30 -31 32 33 -34 -35 36 37 -38 39 40 41 -42 -43
v 44 -45 46 47 -48 -49 -50 51 -52 53 54 55 56 -57 -58 -59 60 0
c Answer: 2459
v 1 -2 -3 -4 5 6 7 8 -9 -10 11 -12 -13 -14 15 16 -17 18 -19 -20 -21 22 23
v -24 -25 -26 -27 28 -29 -30 -31 32 33 -34 -35 36 37 -38 39 40 41 -42 -43
v 44 45 46 47 -48 -49 -50 51 -52 -53 54 55 56 -57 -58 -59 60 0
c Answer: 2460
v -1 -2 3 -4 -5 -6 7 8 9 -10 -11 -12 13 14 15 16 -17 18 -19 -20 -21 22 23
v -24 -25 -26 -27 28 -29 -30 -31 32 33 -34 -35 36 37 -38 39 40 41 -42 -43
v 44 -45 46 47 -48 -49 -50 51 -52 53 54 55 56 -57 -58 -59 60 0
c Answer: 2461
v 1 -2 -3 -4 5 6 7 8 -9 -10 11 -12 -13 -14 15 -16 -17 18 -19 -20 -21 22 23
v -24 -25 -26 -27 28 -29 -30 -31 32 33 -34 -35 36 37 -38 39 40 41 -42 43
v 44 45 46 47 -48 -49 -50 51 -52 -53 54 55 56 -57 -58 -59 60 0
c Answer: 2462
v 1 -2 -3 -4 5 6 7 8 -9 -10 11 -12 -13 -14 15 16 -17 18 -19 -20 -21 22 23
v -24 -25 -26 -27 28 -29 -30 -31 32 33 -34 -35 36 37 -38 39 40 41 -42 43
v 44 45 46 47 -48 -49 -50 51 -52 -53 54 55 56 -57 -58 -59 60 0
c Answer: 2463
v -1 -2 3 -4 -5 -6 7 8 9 -10 -11 -12 13 14 15 -16 -17 18 -19 -20 -21 22 23
v -24 -25 -26 -27 28 -29 -30 -31 32 33 -34 -35 36 37 -38 39 40 41 -42 43
v 44 -45 46 47 -48 -49 -50 51 -52 53 54 55 56 -57 -58 -59 60 0
c Answer: 2464
v -1 -2 3 -4 -5 -6 7 8 9 -10 -11 -12 13 14 15 16 -17 18 -19 -20 -21 22 23
v -24 -25 -26 -27 28 -29 -30 -31 32 33 -34 -35 36 37 -38 39 40 41 -42 43
v 44 -45 46 47 -48 -49 -50 51 -52 53 54 55 56 -57 -58 -59 60 0
c Answer: 2465
v 1 -2 -3 -4 5 6 7 8 -9 -10 11 -12 -13 -14 15 -16 -17 18 -19 -20 -21 22 23
v -24 -25 -26 -27 28 -29 -30 -31 32 33 -34 -35 36 37 -38 39 40 41 42 -43
v -44 45 46 47 -48 -49 -50 51 -52 -53 54 55 56 -57 -58 -59 -60 0
c Answer: 2466
v -1 -2 3 -4 -5 -6 7 8 9 -10 -11 -12 13 14 15 -16 -17 18 -19 -20 -21 22 23
v -24 -25 -26 -27 28 -29 -30 -31 32 33 -34 -35 36 37 -38 39 40 41 42 -43
v -44 -45 46 47 -48 -49 -50 51 -52 53 54 55 56 -57 -58 -59 -60 0
c Answer: 2467
v 1 -2 -3 -4 5 6 7 8 -9 -10 11 -12 -13 -14 15 -16 -17 18 -19 -20 -21 22 23
v -24 -25 -26 -27 28 -29 -30 -31 32 33 -34 -35 36 37 -38 39 40 41 42 -43
v 44 45 46 47 -48 -49 -50 51 -52 -53 54 55 56 -57 -58 -59 -60 0
c Answer: 2468
v -1 -2 3 -4 -5 -6 7 8 9 -10 -11 -12 13 14 15 -16 -17 18 -19 -20 -21 22 23
v -24 -25 -26 -27 28 -29 -30 -31 32 33 -34 -35 36 37 -38 39 40 41 42 -43
v 44 -45 46 47 -48 -49 -50 51 -52 53 54 55 56 -57 -58 -59 -60 0
c Answer: 2469
v 1 -2 -3 -4 5 6 7 8 -9 -10 11 -12 -13 -14 15 -16 -17 18 -19 -20 -21 22 23
v -24 -25 -26 -27 28 -29 -30 -31 32 33 -34 -35 36 37 -38 39 40 41 42 -43
v -44 45 46 47 -48 -49 -50 51 -52 -53 54 55 56 -57 -58 -59 60 0
c Answer: 2470
v 1 -2 -3 -4 5 6 7 8 -9 -10 11 -12 -13 -14 15 -16 -17 18 -19 -20 -21 22 23
v -24 -25 -26 -27 28 -29 -30 -31 32 33 -34 -35 36 37 -38 39 40 41 42 -43
v 44 45 46 47 -48 -49 -50 51 -52 -53 54 55 56 -57 -58 -59 60 0
c Answer: 2471
v -1 -2 3 -4 -5 -6 7 8 9 -10 -11 -12 13 14 15 -16 -17 18 -19 -20 -21 22 23
v -24 -25 -26 -27 28 -29 -30 -31 32 33 -34 -35 36 37 -38 39 40 41 42 -43
v -44 -45 46 47 -48 -49 -50 51 -52 53 54 55 56 -57 -58 -59 60 0
c Answer: 2472
v -1 -2 3 -4 -5 -6 7 8 9 -10 -11 -12 13 14 15 -16 -17 18 -19 -20 -21 22 23
v -24 -25 -26 -27 28 -29 -30 -31 32 33 -34 -35 36 37 -38 39 40 41 42 -43
v 44 -45 46 47 -48 -49 -50 51 -52 53 54 55 56 -57 -58 -59 60 0
c Answer: 2473
v 1 -2 -3 -4 5 6 7 8 -9 -10 11 -12 -13 -14 15 -16 -17 18 -19 -20 -21 22 23
v -24 -25 -26 -27 28 -29 -30 -31 32 33 -34 -35 36 37 -38 39 40 41 42 43 -44
v 45 46 47 -48 -49 -50 51 -52 -53 54 55 56 -57 -58 -59 -60 0
c Answer: 2474
v -1 -2 3 -4 -5 -6 7 8 9 -10 -11 -12 13 14 15 -16 -17 18 -19 -20 -21 22 23
v -24 -25 -26 -27 28 -29 -30 -31 32 33 -34 -35 36 37 -38 39 40 41 42 43 -44
v -45 46 47 -48 -49 -50 51 -52 53 54 55 56 -57 -58 -59 -60 0
c Answer: 2475
v 1 -2 -3 -4 5 6 7 8 -9 -10 11 -12 -13 -14 15 -16 -17 18 -19 -20 -21 22 23
v -24 -25 -26 -27 28 -29 -30 -31 32 33 -34 -35 36 37 -38 39 40 41 42 43 -44
v 45 46 47 -48 -49 -50 51 -52 -53 54 55 56 -57 -58 -59 60 0
c Answer: 2476
v -1 -2 3 -4 -5 -6 7 8 9 -10 -11 -12 13 14 15 -16 -17 18 -19 -20 -21 22 23
v -24 -25 -26 -27 28 -29 -30 -31 32 33 -34 -35 36 37 -38 39 40 41 42 43 -44
v -45 46 47 -48 -49 -50 51 -52 53 54 55 56 -57 -58 -59 60 0
c Answer: 2477
v 1 -2 -3 -4 5 6 7 8 -9 -10 11 -12 -13 -14 15 -16 -17 18 -19 -20 -21 22 23
v -24 -25 -26 -27 28 -29 -30 -31 32 33 -34 -35 36 37 -38 39 40 41 42 43 44
v 45 46 47 -48 -49 -50 51 -52 -53 54 55 56 -57 -58 -59 -60 0
c Answer: 2478
v 1 -2 -3 -4 5 6 7 8 -9 -10 11 -12 -13 -14 15 -16 -17 18 -19 -20 -21 22 23
v -24 -25 -26 -27 28 -29 -30 -31 32 33 -34 -35 36 37 -38 39 40 41 42 43 44
v 45 46 47 -48 -49 -50 51 -52 -53 54 55 56 -57 -58 -59 60 0
c Answer: 2479
v -1 -2 3 -4 -5 -6 7 8 9 -10 -11 -12 13 14 15 -16 -17 18 -19 -20 -21 22 23
v -24 -25 -26 -27 28 -29 -30 -31 32 33 -34 -35 36 37 -38 39 40 41 42 43 44
v -45 46 47 -48 -49 -50 51 -52 53 54 55 56 -57 -58 -59 -60 0
c Answer: 2480
v -1 -2 3 -4 -5 -6 7 8 9 -10 -11 -12 13 14 15 -16 -17 18 -19 -20 -21 22 23
v -24 -25 -26 -27 28 -29 -30 -31 32 33 -34 -35 36 37 -38 39 40 41 42 43 44
v -45 46 47 -48 -49 -50 51 -52 53 54 55 56 -57 -58 -59 60 0
c Answer: 2481
v 1 -2 -3 -4 5 6 7 8 -9 -10 11 -12 -13 -14 15 16 -17 18 -19 -20 -21 22 23
v -24 -25 -26 -27 28 -29 -30 -31 32 33 -34 -35 36 37 -38 39 40 41 42 -43
v -44 45 46 47 -48 -49 -50 51 -52 -53 54 55 56 -57 -58 -59 -60 0
c Answer: 2482
v -1 -2 3 -4 -5 -6 7 8 9 -10 -11 -12 13 14 15 16 -17 18 -19 -20 -21 22 23
v -24 -25 -26 -27 28 -29 -30 -31 32 33 -34 -35 36 37 -38 39 40 41 42 -43
v -44 -45 46 47 -48 -49 -50 51 -52 53 54 55 56 -57 -58 -59 -60 0
c Answer: 2483
v 1 -2 -3 -4 5 6 7 8 -9 -10 11 -12 -13 -14 15 16 -17 18 -19 -20 -21 22 23
v -24 -25 -26 -27 28 -29 -30 -31 32 33 -34 -35 36 37 -38 39 40 41 42 43 -44
v 45 46 47 -48 -49 -50 51 -52 -53 54 55 56 -57 -58 -59 -60 0
c Answer: 2484
v -1 -2 3 -4 -5 -6 7 8 9 -10 -11 -12 13 14 15 16 -17 18 -19 -20 -21 22 23
v -24 -25 -26 -27 28 -29 -30 -31 32 33 -34 -35 36 37 -38 39 40 41 42 43 -44
v -45 46 47 -48 -49 -50 51 -52 53 54 55 56 -57 -58 -59 -60 0
c Answer: 2485
v 1 -2 -3 -4 5 6 7 8 -9 -10 11 -12 -13 -14 15 16 -17 18 -19 -20 -21 22 23
v -24 -25 -26 -27 28 -29 -30 -31 32 33 -34 -35 36 37 -38 39 40 41 42 -43
v 44 45 46 47 -48 -49 -50 51 -52 -53 54 55 56 -57 -58 -59 -60 0
c Answer: 2486
v 1 -2 -3 -4 5 6 7 8 -9 -10 11 -12 -13 -14 15 16 -17 18 -19 -20 -21 22 23
v -24 -25 -26 -27 28 -29 -30 -31 32 33 -34 -35 36 37 -38 39 40 41 42 43 44
v 45 46 47 -48 -49 -50 51 -52 -53 54 55 56 -57 -58 -59 -60 0
c Answer: 2487
v -1 -2 3 -4 -5 -6 7 8 9 -10 -11 -12 13 14 15 16 -17 18 -19 -20 -21 22 23
v -24 -25 -26 -27 28 -29 -30 -31 32 33 -34 -35 36 37 -38 39 40 41 42 -43
v 44 -45 46 47 -48 -49 -50 51 -52 53 54 55 56 -57 -58 -59 -60 0
c Answer: 2488
v -1 -2 3 -4 -5 -6 7 8 9 -10 -11 -12 13 14 15 16 -17 18 -19 -20 -21 22 23
v -24 -25 -26 -27 28 -29 -30 -31 32 33 -34 -35 36 37 -38 39 40 41 42 43 44
v -45 46 47 -48 -49 -50 51 -52 53 54 55 56 -57 -58 -59 -60 0
c Answer: 2489
v 1 -2 -3 -4 5 6 7 8 -9 -10 11 -12 -13 -14 15 16 -17 18 -19 -20 -21 22 23
v -24 -25 -26 -27 28 -29 -30 -31 32 33 -34 -35 36 37 -38 39 40 41 42 -43
v -44 45 46 47 -48 -49 -50 51 -52 -53 54 55 56 -57 -58 -59 60 0
c Answer: 2490
v -1 -2 3 -4 -5 -6 7 8 9 -10 -11 -12 13 14 15 16 -17 18 -19 -20 -21 22 23
v -24 -25 -26 -27 28 -29 -30 -31 32 33 -34 -35 36 37 -38 39 40 41 42 -43
v -44 -45 46 47 -48 -49 -50 51 -52 53 54 55 56 -57 -58 -59 60 0
c Answer: 2491
v 1 -2 -3 -4 5 6 7 8 -9 -10 11 -12 -13 -14 15 16 -17 18 -19 -20 -21 22 23
v -24 -25 -26 -27 28 -29 -30 -31 32 33 -34 -35 36 37 -38 39 40 41 42 -43
v 44 45 46 47 -48 -49 -50 51 -52 -53 54 55 56 -57 -58 -59 60 0
c Answer: 2492
v -1 -2 3 -4 -5 -6 7 8 9 -10 -11 -12 13 14 15 16 -17 18 -19 -20 -21 22 23
v -24 -25 -26 -27 28 -29 -30 -31 32 33 -34 -35 36 37 -38 39 40 41 42 -43
v 44 -45 46 47 -48 -49 -50 51 -52 53 54 55 56 -57 -58 -59 60 0
c Answer: 2493
v 1 -2 -3 -4 5 6 7 8 -9 -10 11 -12 -13 -14 15 16 -17 18 -19 -20 -21 22 23
v -24 -25 -26 -27 28 -29 -30 -31 32 33 -34 -35 36 37 -38 39 40 41 42 43 -44
v 45 46 47 -48 -49 -50 51 -52 -53 54 55 56 -57 -58 -59 60 0
c Answer: 2494
v 1 -2 -3 -4 5 6 7 8 -9 -10 11 -12 -13 -14 15 16 -17 18 -19 -20 -21 22 23
v -24 -25 -26 -27 28 -29 -30 -31 32 33 -34 -35 36 37 -38 39 40 41 42 43 44
v 45 46 47 -48 -49 -50 51 -52 -53 54 55 56 -57 -58 -59 60 0
c Answer: 2495
v -1 -2 3 -4 -5 -6 7 8 9 -10 -11 -12 13 14 15 16 -17 18 -19 -20 -21 22 23
v -24 -25 -26 -27 28 -29 -30 -31 32 33 -34 -35 36 37 -38 39 40 41 42 43 -44
v -45 46 47 -48 -49 -50 51 -52 53 54 55 56 -57 -58 -59 60 0
c Answer: 2496
v -1 -2 3 -4 -5 -6 7 8 9 -10 -11 -12 13 14 15 16 -17 18 -19 -20 -21 22 23
v -24 -25 -26 -27 28 -29 -30 -31 32 33 -34 -35 36 37 -38 39 40 41 42 43 44
v -45 46 47 -48 -49 -50 51 -52 53 54 55 56 -57 -58 -59 60 0
c Answer: 2497
v 1 -2 -3 -4 5 6 7 8 -9 -10 11 -12 -13 -14 15 -16 -17 18 -19 -20 -21 22 23
v 24 -25 -26 -27 28 -29 -30 -31 32 33 -34 -35 36 37 -38 39 40 41 -42 -43
v -44 45 46 47 -48 -49 -50 51 -52 -53 54 55 56 -57 -58 -59 -60 0
c Answer: 2498
v -1 -2 3 -4 -5 -6 7 8 9 -10 -11 -12 13 14 15 -16 -17 18 -19 -20 -21 22 23
v 24 -25 -26 -27 28 -29 -30 -31 32 33 -34 -35 36 37 -38 39 40 41 -42 -43
v -44 -45 46 47 -48 -49 -50 51 -52 53 54 55 56 -57 -58 -59 -60 0
c Answer: 2499
v 1 -2 -3 -4 5 6 7 8 -9 -10 11 -12 -13 -14 15 -16 -17 18 -19 -20 -21 22 23
v 24 -25 -26 -27 28 -29 -30 -31 32 33 -34 -35 36 37 -38 39 40 41 42 -43 -44
v 45 46 47 -48 -49 -50 51 -52 -53 54 55 56 -57 -58 -59 -60 0
c Answer: 2500
v -1 -2 3 -4 -5 -6 7 8 9 -10 -11 -12 13 14 15 -16 -17 18 -19 -20 -21 22 23
v 24 -25 -26 -27 28 -29 -30 -31 32 33 -34 -35 36 37 -38 39 40 41 42 -43 -44
v -45 46 47 -48 -49 -50 51 -52 53 54 55 56 -57 -58 -59 -60 0
c Answer: 2501
v 1 -2 -3 -4 5 6 7 8 -9 -10 11 -12 -13 -14 15 16 -17 18 -19 -20 -21 22 23
v 24 -25 -26 -27 28 -29 -30 -31 32 33 -34 -35 36 37 -38 39 40 41 -42 -43
v -44 45 46 47 -48 -49 -50 51 -52 -53 54 55 56 -57 -58 -59 -60 0
c Answer: 2502
v 1 -2 -3 -4 5 6 7 8 -9 -10 11 -12 -13 -14 15 16 -17 18 -19 -20 -21 22 23
v 24 -25 -26 -27 28 -29 -30 -31 32 33 -34 -35 36 37 -38 39 40 41 42 -43 -44
v 45 46 47 -48 -49 -50 51 -52 -53 54 55 56 -57 -58 -59 -60 0
c Answer: 2503
v -1 -2 3 -4 -5 -6 7 8 9 -10 -11 -12 13 14 15 16 -17 18 -19 -20 -21 22 23
v 24 -25 -26 -27 28 -29 -30 -31 32 33 -34 -35 36 37 -38 39 40 41 -42 -43
v -44 -45 46 47 -48 -49 -50 51 -52 53 54 55 56 -57 -58 -59 -60 0
c Answer: 2504
v -1 -2 3 -4 -5 -6 7 8 9 -10 -11 -12 13 14 15 16 -17 18 -19 -20 -21 22 23
v 24 -25 -26 -27 28 -29 -30 -31 32 33 -34 -35 36 37 -38 39 40 41 42 -43 -44
v -45 46 47 -48 -49 -50 51 -52 53 54 55 56 -57 -58 -59 -60 0
c Answer: 2505
v 1 -2 -3 -4 5 6 7 8 -9 -10 11 -12 -13 -14 15 -16 -17 18 -19 -20 -21 22 23
v 24 -25 -26 -27 28 -29 -30 -31 32 33 -34 -35 36 37 -38 39 40 41 -42 -43
v -44 45 46 47 -48 -49 -50 51 -52 -53 54 55 56 -57 -58 -59 60 0
c Answer: 2506
v -1 -2 3 -4 -5 -6 7 8 9 -10 -11 -12 13 14 15 -16 -17 18 -19 -20 -21 22 23
v 24 -25 -26 -27 28 -29 -30 -31 32 33 -34 -35 36 37 -38 39 40 41 -42 -43
v -44 -45 46 47 -48 -49 -50 51 -52 53 54 55 56 -57 -58 -59 60 0
c Answer: 2507
v 1 -2 -3 -4 5 6 7 8 -9 -10 11 -12 -13 -14 15 16 -17 18 -19 -20 -21 22 23
v 24 -25 -26 -27 28 -29 -30 -31 32 33 -34 -35 36 37 -38 39 40 41 -42 -43
v -44 45 46 47 -48 -49 -50 51 -52 -53 54 55 56 -57 -58 -59 60 0
c Answer: 2508
v -1 -2 3 -4 -5 -6 7 8 9 -10 -11 -12 13 14 15 16 -17 18 -19 -20 -21 22 23
v 24 -25 -26 -27 28 -29 -30 -31 32 33 -34 -35 36 37 -38 39 40 41 -42 -43
v -44 -45 46 47 -48 -49 -50 51 -52 53 54 55 56 -57 -58 -59 60 0
c Answer: 2509
v 1 -2 -3 -4 5 6 7 8 -9 -10 11 -12 -13 -14 15 -16 -17 18 -19 -20 -21 22 23
v 24 -25 -26 -27 28 -29 -30 -31 32 33 -34 -35 36 37 -38 39 40 41 42 -43 -44
v 45 46 47 -48 -49 -50 51 -52 -53 54 55 56 -57 -58 -59 60 0
c Answer: 2510
v 1 -2 -3 -4 5 6 7 8 -9 -10 11 -12 -13 -14 15 16 -17 18 -19 -20 -21 22 23
v 24 -25 -26 -27 28 -29 -30 -31 32 33 -34 -35 36 37 -38 39 40 41 42 -43 -44
v 45 46 47 -48 -49 -50 51 -52 -53 54 55 56 -57 -58 -59 60 0
c Answer: 2511
v -1 -2 3 -4 -5 -6 7 8 9 -10 -11 -12 13 14 15 -16 -17 18 -19 -20 -21 22 23
v 24 -25 -26 -27 28 -29 -30 -31 32 33 -34 -35 36 37 -38 39 40 41 42 -43 -44
v -45 46 47 -48 -49 -50 51 -52 53 54 55 56 -57 -58 -59 60 0
c Answer: 2512
v -1 -2 3 -4 -5 -6 7 8 9 -10 -11 -12 13 14 15 16 -17 18 -19 -20 -21 22 23
v 24 -25 -26 -27 28 -29 -30 -31 32 33 -34 -35 36 37 -38 39 40 41 42 -43 -44
v -45 46 47 -48 -49 -50 51 -52 53 54 55 56 -57 -58 -59 60 0
c Answer: 2513
v 1 -2 -3 -4 5 6 7 8 -9 -10 11 -12 -13 -14 15 -16 -17 18 -19 -20 -21 22 23
v 24 -25 -26 -27 28 -29 -30 -31 32 33 -34 -35 36 37 -38 39 40 41 -42 43 -44
v 45 46 47 -48 -49 -50 51 -52 -53 54 55 56 -57 -58 -59 -60 0
c Answer: 2514
v -1 -2 3 -4 -5 -6 7 8 9 -10 -11 -12 13 14 15 -16 -17 18 -19 -20 -21 22 23
v 24 -25 -26 -27 28 -29 -30 -31 32 33 -34 -35 36 37 -38 39 40 41 -42 43 -44
v -45 46 47 -48 -49 -50 51 -52 53 54 55 56 -57 -58 -59 -60 0
c Answer: 2515
v 1 -2 -3 -4 5 6 7 8 -9 -10 11 -12 -13 -14 15 -16 -17 18 -19 -20 -21 22 23
v 24 -25 -26 -27 28 -29 -30 -31 32 33 -34 -35 36 37 -38 39 40 41 -42 43 -44
v 45 46 47 -48 -49 -50 51 -52 -53 54 55 56 -57 -58 -59 60 0
c Answer: 2516
v -1 -2 3 -4 -5 -6 7 8 9 -10 -11 -12 13 14 15 -16 -17 18 -19 -20 -21 22 23
v 24 -25 -26 -27 28 -29 -30 -31 32 33 -34 -35 36 37 -38 39 40 41 -42 43 -44
v -45 46 47 -48 -49 -50 51 -52 53 54 55 56 -57 -58 -59 60 0
c Answer: 2517
v 1 -2 -3 -4 5 6 7 8 -9 -10 11 -12 -13 -14 15 -16 -17 18 -19 -20 -21 22 23
v 24 -25 -26 -27 28 -29 -30 -31 32 33 -34 -35 36 37 -38 39 40 41 42 43 -44
v 45 46 47 -48 -49 -50 51 -52 -53 54 55 56 -57 -58 -59 -60 0
c Answer: 2518
v 1 -2 -3 -4 5 6 7 8 -9 -10 11 -12 -13 -14 15 -16 -17 18 -19 -20 -21 22 23
v 24 -25 -26 -27 28 -29 -30 -31 32 33 -34 -35 36 37 -38 39 40 41 42 43 -44
v 45 46 47 -48 -49 -50 51 -52 -53 54 55 56 -57 -58 -59 60 0
c Answer: 2519
v -1 -2 3 -4 -5 -6 7 8 9 -10 -11 -12 13 14 15 -16 -17 18 -19 -20 -21 22 23
v 24 -25 -26 -27 28 -29 -30 -31 32 33 -34 -35 36 37 -38 39 40 41 42 43 -44
v -45 46 47 -48 -49 -50 51 -52 53 54 55 56 -57 -58 -59 -60 0
c Answer: 2520
v -1 -2 3 -4 -5 -6 7 8 9 -10 -11 -12 13 14 15 -16 -17 18 -19 -20 -21 22 23
v 24 -25 -26 -27 28 -29 -30 -31 32 33 -34 -35 36 37 -38 39 40 41 42 43 -44
v -45 46 47 -48 -49 -50 51 -52 53 54 55 56 -57 -58 -59 60 0
c Answer: 2521
v 1 -2 -3 -4 5 6 7 8 -9 -10 11 -12 -13 -14 15 16 -17 18 -19 -20 -21 22 23
v 24 -25 -26 -27 28 -29 -30 -31 32 33 -34 -35 36 37 -38 39 40 41 -42 43 -44
v 45 46 47 -48 -49 -50 51 -52 -53 54 55 56 -57 -58 -59 -60 0
c Answer: 2522
v -1 -2 3 -4 -5 -6 7 8 9 -10 -11 -12 13 14 15 16 -17 18 -19 -20 -21 22 23
v 24 -25 -26 -27 28 -29 -30 -31 32 33 -34 -35 36 37 -38 39 40 41 -42 43 -44
v -45 46 47 -48 -49 -50 51 -52 53 54 55 56 -57 -58 -59 -60 0
c Answer: 2523
v 1 -2 -3 -4 5 6 7 8 -9 -10 11 -12 -13 -14 15 16 -17 18 -19 -20 -21 22 23
v 24 -25 -26 -27 28 -29 -30 -31 32 33 -34 -35 36 37 -38 39 40 41 42 43 -44
v 45 46 47 -48 -49 -50 51 -52 -53 54 55 56 -57 -58 -59 -60 0
c Answer: 2524
v -1 -2 3 -4 -5 -6 7 8 9 -10 -11 -12 13 14 15 16 -17 18 -19 -20 -21 22 23
v 24 -25 -26 -27 28 -29 -30 -31 32 33 -34 -35 36 37 -38 39 40 41 42 43 -44
v -45 46 47 -48 -49 -50 51 -52 53 54 55 56 -57 -58 -59 -60 0
c Answer: 2525
v 1 -2 -3 -4 5 6 7 8 -9 -10 11 -12 -13 -14 15 16 -17 18 -19 -20 -21 22 23
v 24 -25 -26 -27 28 -29 -30 -31 32 33 -34 -35 36 37 -38 39 40 41 -42 43 -44
v 45 46 47 -48 -49 -50 51 -52 -53 54 55 56 -57 -58 -59 60 0
c Answer: 2526
v 1 -2 -3 -4 5 6 7 8 -9 -10 11 -12 -13 -14 15 16 -17 18 -19 -20 -21 22 23
v 24 -25 -26 -27 28 -29 -30 -31 32 33 -34 -35 36 37 -38 39 40 41 42 43 -44
v 45 46 47 -48 -49 -50 51 -52 -53 54 55 56 -57 -58 -59 60 0
c Answer: 2527
v -1 -2 3 -4 -5 -6 7 8 9 -10 -11 -12 13 14 15 16 -17 18 -19 -20 -21 22 23
v 24 -25 -26 -27 28 -29 -30 -31 32 33 -34 -35 36 37 -38 39 40 41 -42 43 -44
v -45 46 47 -48 -49 -50 51 -52 53 54 55 56 -57 -58 -59 60 0
c Answer: 2528
v -1 -2 3 -4 -5 -6 7 8 9 -10 -11 -12 13 14 15 16 -17 18 -19 -20 -21 22 23
v 24 -25 -26 -27 28 -29 -30 -31 32 33 -34 -35 36 37 -38 39 40 41 42 43 -44
v -45 46 47 -48 -49 -50 51 -52 53 54 55 56 -57 -58 -59 60 0
c Answer: 2529
v 1 -2 -3 -4 5 6 7 8 -9 -10 11 -12 -13 -14 15 -16 -17 18 -19 -20 -21 22 23
v 24 -25 -26 -27 28 -29 -30 -31 32 33 -34 -35 36 37 -38 39 40 41 -42 -43
v 44 45 46 47 -48 -49 -50 51 -52 -53 54 55 56 -57 -58 -59 -60 0
c Answer: 2530
v -1 -2 3 -4 -5 -6 7 8 9 -10 -11 -12 13 14 15 -16 -17 18 -19 -20 -21 22 23
v 24 -25 -26 -27 28 -29 -30 -31 32 33 -34 -35 36 37 -38 39 40 41 -42 -43
v 44 -45 46 47 -48 -49 -50 51 -52 53 54 55 56 -57 -58 -59 -60 0
c Answer: 2531
v 1 -2 -3 -4 5 6 7 8 -9 -10 11 -12 -13 -14 15 -16 -17 18 -19 -20 -21 22 23
v 24 -25 -26 -27 28 -29 -30 -31 32 33 -34 -35 36 37 -38 39 40 41 -42 43 44
v 45 46 47 -48 -49 -50 51 -52 -53 54 55 56 -57 -58 -59 -60 0
c Answer: 2532
v -1 -2 3 -4 -5 -6 7 8 9 -10 -11 -12 13 14 15 -16 -17 18 -19 -20 -21 22 23
v 24 -25 -26 -27 28 -29 -30 -31 32 33 -34 -35 36 37 -38 39 40 41 -42 43 44
v -45 46 47 -48 -49 -50 51 -52 53 54 55 56 -57 -58 -59 -60 0
c Answer: 2533
v 1 -2 -3 -4 5 6 7 8 -9 -10 11 -12 -13 -14 15 16 -17 18 -19 -20 -21 22 23
v 24 -25 -26 -27 28 -29 -30 -31 32 33 -34 -35 36 37 -38 39 40 41 -42 -43
v 44 45 46 47 -48 -49 -50 51 -52 -53 54 55 56 -57 -58 -59 -60 0
c Answer: 2534
v 1 -2 -3 -4 5 6 7 8 -9 -10 11 -12 -13 -14 15 16 -17 18 -19 -20 -21 22 23
v 24 -25 -26 -27 28 -29 -30 -31 32 33 -34 -35 36 37 -38 39 40 41 -42 43 44
v 45 46 47 -48 -49 -50 51 -52 -53 54 55 56 -57 -58 -59 -60 0
c Answer: 2535
v -1 -2 3 -4 -5 -6 7 8 9 -10 -11 -12 13 14 15 16 -17 18 -19 -20 -21 22 23
v 24 -25 -26 -27 28 -29 -30 -31 32 33 -34 -35 36 37 -38 39 40 41 -42 -43
v 44 -45 46 47 -48 -49 -50 51 -52 53 54 55 56 -57 -58 -59 -60 0
c Answer: 2536
v -1 -2 3 -4 -5 -6 7 8 9 -10 -11 -12 13 14 15 16 -17 18 -19 -20 -21 22 23
v 24 -25 -26 -27 28 -29 -30 -31 32 33 -34 -35 36 37 -38 39 40 41 -42 43 44
v -45 46 47 -48 -49 -50 51 -52 53 54 55 56 -57 -58 -59 -60 0
c Answer: 2537
v 1 -2 -3 -4 5 6 7 8 -9 -10 11 -12 -13 -14 15 -16 -17 18 -19 -20 -21 22 23
v 24 -25 -26 -27 28 -29 -30 -31 32 33 -34 -35 36 37 -38 39 40 41 -42 -43
v 44 45 46 47 -48 -49 -50 51 -52 -53 54 55 56 -57 -58 -59 60 0
c Answer: 2538
v -1 -2 3 -4 -5 -6 7 8 9 -10 -11 -12 13 14 15 -16 -17 18 -19 -20 -21 22 23
v 24 -25 -26 -27 28 -29 -30 -31 32 33 -34 -35 36 37 -38 39 40 41 -42 -43
v 44 -45 46 47 -48 -49 -50 51 -52 53 54 55 56 -57 -58 -59 60 0
c Answer: 2539
v 1 -2 -3 -4 5 6 7 8 -9 -10 11 -12 -13 -14 15 16 -17 18 -19 -20 -21 22 23
v 24 -25 -26 -27 28 -29 -30 -31 32 33 -34 -35 36 37 -38 39 40 41 -42 -43
v 44 45 46 47 -48 -49 -50 51 -52 -53 54 55 56 -57 -58 -59 60 0
c Answer: 2540
v -1 -2 3 -4 -5 -6 7 8 9 -10 -11 -12 13 14 15 16 -17 18 -19 -20 -21 22 23
v 24 -25 -26 -27 28 -29 -30 -31 32 33 -34 -35 36 37 -38 39 40 41 -42 -43
v 44 -45 46 47 -48 -49 -50 51 -52 53 54 55 56 -57 -58 -59 60 0
c Answer: 2541
v 1 -2 -3 -4 5 6 7 8 -9 -10 11 -12 -13 -14 15 -16 -17 18 -19 -20 -21 22 23
v 24 -25 -26 -27 28 -29 -30 -31 32 33 -34 -35 36 37 -38 39 40 41 -42 43 44
v 45 46 47 -48 -49 -50 51 -52 -53 54 55 56 -57 -58 -59 60 0
c Answer: 2542
v 1 -2 -3 -4 5 6 7 8 -9 -10 11 -12 -13 -14 15 16 -17 18 -19 -20 -21 22 23
v 24 -25 -26 -27 28 -29 -30 -31 32 33 -34 -35 36 37 -38 39 40 41 -42 43 44
v 45 46 47 -48 -49 -50 51 -52 -53 54 55 56 -57 -58 -59 60 0
c Answer: 2543
v -1 -2 3 -4 -5 -6 7 8 9 -10 -11 -12 13 14 15 -16 -17 18 -19 -20 -21 22 23
v 24 -25 -26 -27 28 -29 -30 -31 32 33 -34 -35 36 37 -38 39 40 41 -42 43 44
v -45 46 47 -48 -49 -50 51 -52 53 54 55 56 -57 -58 -59 60 0
c Answer: 2544
v -1 -2 3 -4 -5 -6 7 8 9 -10 -11 -12 13 14 15 16 -17 18 -19 -20 -21 22 23
v 24 -25 -26 -27 28 -29 -30 -31 32 33 -34 -35 36 37 -38 39 40 41 -42 43 44
v -45 46 47 -48 -49 -50 51 -52 53 54 55 56 -57 -58 -59 60 0
c Answer: 2545
v 1 -2 -3 -4 5 6 7 8 -9 -10 11 -12 -13 -14 15 -16 -17 18 -19 -20 -21 22 23
v 24 -25 -26 -27 28 -29 -30 -31 32 33 -34 -35 36 37 -38 39 40 41 42 -43 44
v 45 46 47 -48 -49 -50 51 -52 -53 54 55 56 -57 -58 -59 -60 0
c Answer: 2546
v -1 -2 3 -4 -5 -6 7 8 9 -10 -11 -12 13 14 15 -16 -17 18 -19 -20 -21 22 23
v 24 -25 -26 -27 28 -29 -30 -31 32 33 -34 -35 36 37 -38 39 40 41 42 -43 44
v -45 46 47 -48 -49 -50 51 -52 53 54 55 56 -57 -58 -59 -60 0
c Answer: 2547
v 1 -2 -3 -4 5 6 7 8 -9 -10 11 -12 -13 -14 15 -16 -17 18 -19 -20 -21 22 23
v 24 -25 -26 -27 28 -29 -30 -31 32 33 -34 -35 36 37 -38 39 40 41 42 -43 44
v 45 46 47 -48 -49 -50 51 -52 -53 54 55 56 -57 -58 -59 60 0
c Answer: 2548
v -1 -2 3 -4 -5 -6 7 8 9 -10 -11 -12 13 14 15 -16 -17 18 -19 -20 -21 22 23
v 24 -25 -26 -27 28 -29 -30 -31 32 33 -34 -35 36 37 -38 39 40 41 42 -43 44
v -45 46 47 -48 -49 -50 51 -52 53 54 55 56 -57 -58 -59 60 0
c Answer: 2549
v 1 -2 -3 -4 5 6 7 8 -9 -10 11 -12 -13 -14 15 -16 -17 18 -19 -20 -21 22 23
v 24 -25 -26 -27 28 -29 -30 -31 32 33 -34 -35 36 37 -38 39 40 41 42 43 44
v 45 46 47 -48 -49 -50 51 -52 -53 54 55 56 -57 -58 -59 -60 0
c Answer: 2550
v 1 -2 -3 -4 5 6 7 8 -9 -10 11 -12 -13 -14 15 -16 -17 18 -19 -20 -21 22 23
v 24 -25 -26 -27 28 -29 -30 -31 32 33 -34 -35 36 37 -38 39 40 41 42 43 44
v 45 46 47 -48 -49 -50 51 -52 -53 54 55 56 -57 -58 -59 60 0
c Answer: 2551
v -1 -2 3 -4 -5 -6 7 8 9 -10 -11 -12 13 14 15 -16 -17 18 -19 -20 -21 22 23
v 24 -25 -26 -27 28 -29 -30 -31 32 33 -34 -35 36 37 -38 39 40 41 42 43 44
v -45 46 47 -48 -49 -50 51 -52 53 54 55 56 -57 -58 -59 -60 0
c Answer: 2552
v -1 -2 3 -4 -5 -6 7 8 9 -10 -11 -12 13 14 15 -16 -17 18 -19 -20 -21 22 23
v 24 -25 -26 -27 28 -29 -30 -31 32 33 -34 -35 36 37 -38 39 40 41 42 43 44
v -45 46 47 -48 -49 -50 51 -52 53 54 55 56 -57 -58 -59 60 0
c Answer: 2553
v 1 -2 -3 -4 5 6 7 8 -9 -10 11 -12 -13 -14 15 16 -17 18 -19 -20 -21 22 23
v 24 -25 -26 -27 28 -29 -30 -31 32 33 -34 -35 36 37 -38 39 40 41 42 -43 44
v 45 46 47 -48 -49 -50 51 -52 -53 54 55 56 -57 -58 -59 -60 0
c Answer: 2554
v -1 -2 3 -4 -5 -6 7 8 9 -10 -11 -12 13 14 15 16 -17 18 -19 -20 -21 22 23
v 24 -25 -26 -27 28 -29 -30 -31 32 33 -34 -35 36 37 -38 39 40 41 42 -43 44
v -45 46 47 -48 -49 -50 51 -52 53 54 55 56 -57 -58 -59 -60 0
c Answer: 2555
v 1 -2 -3 -4 5 6 7 8 -9 -10 11 -12 -13 -14 15 16 -17 18 -19 -20 -21 22 23
v 24 -25 -26 -27 28 -29 -30 -31 32 33 -34 -35 36 37 -38 39 40 41 42 43 44
v 45 46 47 -48 -49 -50 51 -52 -53 54 55 56 -57 -58 -59 -60 0
c Answer: 2556
v -1 -2 3 -4 -5 -6 7 8 9 -10 -11 -12 13 14 15 16 -17 18 -19 -20 -21 22 23
v 24 -25 -26 -27 28 -29 -30 -31 32 33 -34 -35 36 37 -38 39 40 41 42 43 44
v -45 46 47 -48 -49 -50 51 -52 53 54 55 56 -57 -58 -59 -60 0
c Answer: 2557
v 1 -2 -3 -4 5 6 7 8 -9 -10 11 -12 -13 -14 15 16 -17 18 -19 -20 -21 22 23
v 24 -25 -26 -27 28 -29 -30 -31 32 33 -34 -35 36 37 -38 39 40 41 42 -43 44
v 45 46 47 -48 -49 -50 51 -52 -53 54 55 56 -57 -58 -59 60 0
c Answer: 2558
v 1 -2 -3 -4 5 6 7 8 -9 -10 11 -12 -13 -14 15 16 -17 18 -19 -20 -21 22 23
v 24 -25 -26 -27 28 -29 -30 -31 32 33 -34 -35 36 37 -38 39 40 41 42 43 44
v 45 46 47 -48 -49 -50 51 -52 -53 54 55 56 -57 -58 -59 60 0
c Answer: 2559
v -1 -2 3 -4 -5 -6 7 8 9 -10 -11 -12 13 14 15 16 -17 18 -19 -20 -21 22 23
v 24 -25 -26 -27 28 -29 -30 -31 32 33 -34 -35 36 37 -38 39 40 41 42 -43 44
v -45 46 47 -48 -49 -50 51 -52 53 54 55 56 -57 -58 -59 60 0
c Answer: 2560
v -1 -2 3 -4 -5 -6 7 8 9 -10 -11 -12 13 14 15 16 -17 18 -19 -20 -21 22 23
v 24 -25 -26 -27 28 -29 -30 -31 32 33 -34 -35 36 37 -38 39 40 41 42 43 44
v -45 46 47 -48 -49 -50 51 -52 53 54 55 56 -57 -58 -59 60 0
c Answer: 2561
v 1 -2 -3 -4 5 6 7 8 -9 -10 11 -12 -13 -14 15 -16 -17 18 -19 -20 -21 22 23
v -24 -25 -26 -27 28 -29 -30 -31 -32 33 -34 -35 36 37 -38 39 40 41 -42 -43
v -44 45 46 47 48 -49 -50 51 -52 -53 54 55 -56 -57 -58 -59 -60 0
c Answer: 2562
v -1 -2 3 -4 -5 -6 7 8 9 -10 -11 -12 13 14 15 -16 -17 18 -19 -20 -21 22 23
v -24 -25 -26 -27 28 -29 -30 -31 -32 33 -34 -35 36 37 -38 39 40 41 -42 -43
v -44 -45 46 47 48 -49 -50 51 -52 53 54 55 -56 -57 -58 -59 -60 0
c Answer: 2563
v 1 -2 -3 -4 5 6 7 8 -9 -10 11 -12 -13 -14 15 -16 -17 18 -19 -20 -21 22 23
v -24 -25 -26 -27 28 -29 -30 -31 -32 33 -34 -35 36 37 -38 39 40 41 -42 -43
v -44 45 46 47 48 -49 -50 51 -52 -53 54 55 56 -57 -58 -59 -60 0
c Answer: 2564
v -1 -2 3 -4 -5 -6 7 8 9 -10 -11 -12 13 14 15 -16 -17 18 -19 -20 -21 22 23
v -24 -25 -26 -27 28 -29 -30 -31 -32 33 -34 -35 36 37 -38 39 40 41 -42 -43
v -44 -45 46 47 48 -49 -50 51 -52 53 54 55 56 -57 -58 -59 -60 0
c Answer: 2565
v 1 -2 -3 -4 5 6 7 8 -9 -10 11 -12 -13 -14 15 -16 -17 18 -19 -20 -21 22 23
v -24 -25 -26 -27 28 -29 -30 -31 32 33 -34 -35 36 37 -38 39 40 41 -42 -43
v -44 45 46 47 48 -49 -50 51 -52 -53 54 55 -56 -57 -58 -59 -60 0
c Answer: 2566
v 1 -2 -3 -4 5 6 7 8 -9 -10 11 -12 -13 -14 15 -16 -17 18 -19 -20 -21 22 23
v -24 -25 -26 -27 28 -29 -30 -31 32 33 -34 -35 36 37 -38 39 40 41 -42 -43
v -44 45 46 47 48 -49 -50 51 -52 -53 54 55 56 -57 -58 -59 -60 0
c Answer: 2567
v -1 -2 3 -4 -5 -6 7 8 9 -10 -11 -12 13 14 15 -16 -17 18 -19 -20 -21 22 23
v -24 -25 -26 -27 28 -29 -30 -31 32 33 -34 -35 36 37 -38 39 40 41 -42 -43
v -44 -45 46 47 48 -49 -50 51 -52 53 54 55 -56 -57 -58 -59 -60 0
c Answer: 2568
v -1 -2 3 -4 -5 -6 7 8 9 -10 -11 -12 13 14 15 -16 -17 18 -19 -20 -21 22 23
v -24 -25 -26 -27 28 -29 -30 -31 32 33 -34 -35 36 37 -38 39 40 41 -42 -43
v -44 -45 46 47 48 -49 -50 51 -52 53 54 55 56 -57 -58 -59 -60 0
c Answer: 2569
v 1 -2 -3 -4 5 6 7 8 -9 -10 11 -12 -13 -14 15 -16 -17 18 -19 -20 -21 22 23
v 24 -25 -26 -27 28 -29 -30 -31 -32 33 -34 -35 36 37 -38 39 40 41 -42 -43
v -44 45 46 47 48 -49 -50 51 -52 -53 54 55 -56 -57 -58 -59 -60 0
c Answer: 2570
v -1 -2 3 -4 -5 -6 7 8 9 -10 -11 -12 13 14 15 -16 -17 18 -19 -20 -21 22 23
v 24 -25 -26 -27 28 -29 -30 -31 -32 33 -34 -35 36 37 -38 39 40 41 -42 -43
v -44 -45 46 47 48 -49 -50 51 -52 53 54 55 -56 -57 -58 -59 -60 0
c Answer: 2571
v 1 -2 -3 -4 5 6 7 8 -9 -10 11 -12 -13 -14 15 -16 -17 18 -19 -20 -21 22 23
v 24 -25 -26 -27 28 -29 -30 -31 32 33 -34 -35 36 37 -38 39 40 41 -42 -43
v -44 45 46 47 48 -49 -50 51 -52 -53 54 55 -56 -57 -58 -59 -60 0
c Answer: 2572
v -1 -2 3 -4 -5 -6 7 8 9 -10 -11 -12 13 14 15 -16 -17 18 -19 -20 -21 22 23
v 24 -25 -26 -27 28 -29 -30 -31 32 33 -34 -35 36 37 -38 39 40 41 -42 -43
v -44 -45 46 47 48 -49 -50 51 -52 53 54 55 -56 -57 -58 -59 -60 0
c Answer: 2573
v 1 -2 -3 -4 5 6 7 8 -9 -10 11 -12 -13 -14 15 -16 -17 18 -19 -20 -21 22 23
v 24 -25 -26 -27 28 -29 -30 -31 -32 33 -34 -35 36 37 -38 39 40 41 -42 -43
v -44 45 46 47 48 -49 -50 51 -52 -53 54 55 56 -57 -58 -59 -60 0
c Answer: 2574
v 1 -2 -3 -4 5 6 7 8 -9 -10 11 -12 -13 -14 15 -16 -17 18 -19 -20 -21 22 23
v 24 -25 -26 -27 28 -29 -30 -31 32 33 -34 -35 36 37 -38 39 40 41 -42 -43
v -44 45 46 47 48 -49 -50 51 -52 -53 54 55 56 -57 -58 -59 -60 0
c Answer: 2575
v -1 -2 3 -4 -5 -6 7 8 9 -10 -11 -12 13 14 15 -16 -17 18 -19 -20 -21 22 23
v 24 -25 -26 -27 28 -29 -30 -31 -32 33 -34 -35 36 37 -38 39 40 41 -42 -43
v -44 -45 46 47 48 -49 -50 51 -52 53 54 55 56 -57 -58 -59 -60 0
c Answer: 2576
v -1 -2 3 -4 -5 -6 7 8 9 -10 -11 -12 13 14 15 -16 -17 18 -19 -20 -21 22 23
v 24 -25 -26 -27 28 -29 -30 -31 32 33 -34 -35 36 37 -38 39 40 41 -42 -43
v -44 -45 46 47 48 -49 -50 51 -52 53 54 55 56 -57 -58 -59 -60 0
c Answer: 2577
v 1 -2 -3 -4 5 6 7 8 -9 -10 11 -12 -13 -14 15 -16 -17 18 -19 -20 -21 22 23
v -24 -25 -26 -27 28 -29 -30 -31 -32 33 -34 -35 36 37 -38 39 40 41 -42 -43
v 44 45 46 47 48 -49 -50 51 -52 -53 54 55 -56 -57 -58 -59 -60 0
c Answer: 2578
v -1 -2 3 -4 -5 -6 7 8 9 -10 -11 -12 13 14 15 -16 -17 18 -19 -20 -21 22 23
v -24 -25 -26 -27 28 -29 -30 -31 -32 33 -34 -35 36 37 -38 39 40 41 -42 -43
v 44 -45 46 47 48 -49 -50 51 -52 53 54 55 -56 -57 -58 -59 -60 0
c Answer: 2579
v 1 -2 -3 -4 5 6 7 8 -9 -10 11 -12 -13 -14 15 -16 -17 18 -19 -20 -21 22 23
v 24 -25 -26 -27 28 -29 -30 -31 -32 33 -34 -35 36 37 -38 39 40 41 -42 -43
v 44 45 46 47 48 -49 -50 51 -52 -53 54 55 -56 -57 -58 -59 -60 0
c Answer: 2580
v -1 -2 3 -4 -5 -6 7 8 9 -10 -11 -12 13 14 15 -16 -17 18 -19 -20 -21 22 23
v 24 -25 -26 -27 28 -29 -30 -31 -32 33 -34 -35 36 37 -38 39 40 41 -42 -43
v 44 -45 46 47 48 -49 -50 51 -52 53 54 55 -56 -57 -58 -59 -60 0
c Answer: 2581
v 1 -2 -3 -4 5 6 7 8 -9 -10 11 -12 -13 -14 15 -16 -17 18 -19 -20 -21 22 23
v -24 -25 -26 -27 28 -29 -30 -31 -32 33 -34 -35 36 37 -38 39 40 41 -42 -43
v 44 45 46 47 48 -49 -50 51 -52 -53 54 55 56 -57 -58 -59 -60 0
c Answer: 2582
v 1 -2 -3 -4 5 6 7 8 -9 -10 11 -12 -13 -14 15 -16 -17 18 -19 -20 -21 22 23
v 24 -25 -26 -27 28 -29 -30 -31 -32 33 -34 -35 36 37 -38 39 40 41 -42 -43
v 44 45 46 47 48 -49 -50 51 -52 -53 54 55 56 -57 -58 -59 -60 0
c Answer: 2583
v -1 -2 3 -4 -5 -6 7 8 9 -10 -11 -12 13 14 15 -16 -17 18 -19 -20 -21 22 23
v -24 -25 -26 -27 28 -29 -30 -31 -32 33 -34 -35 36 37 -38 39 40 41 -42 -43
v 44 -45 46 47 48 -49 -50 51 -52 53 54 55 56 -57 -58 -59 -60 0
c Answer: 2584
v -1 -2 3 -4 -5 -6 7 8 9 -10 -11 -12 13 14 15 -16 -17 18 -19 -20 -21 22 23
v 24 -25 -26 -27 28 -29 -30 -31 -32 33 -34 -35 36 37 -38 39 40 41 -42 -43
v 44 -45 46 47 48 -49 -50 51 -52 53 54 55 56 -57 -58 -59 -60 0
c Answer: 2585
v 1 -2 -3 -4 5 6 7 8 -9 -10 11 -12 -13 -14 15 -16 -17 18 -19 -20 -21 22 23
v -24 -25 -26 -27 28 -29 -30 -31 32 33 -34 -35 36 37 -38 39 40 41 -42 -43
v 44 45 46 47 48 -49 -50 51 -52 -53 54 55 -56 -57 -58 -59 -60 0
c Answer: 2586
v -1 -2 3 -4 -5 -6 7 8 9 -10 -11 -12 13 14 15 -16 -17 18 -19 -20 -21 22 23
v -24 -25 -26 -27 28 -29 -30 -31 32 33 -34 -35 36 37 -38 39 40 41 -42 -43
v 44 -45 46 47 48 -49 -50 51 -52 53 54 55 -56 -57 -58 -59 -60 0
c Answer: 2587
v 1 -2 -3 -4 5 6 7 8 -9 -10 11 -12 -13 -14 15 -16 -17 18 -19 -20 -21 22 23
v -24 -25 -26 -27 28 -29 -30 -31 32 33 -34 -35 36 37 -38 39 40 41 -42 -43
v 44 45 46 47 48 -49 -50 51 -52 -53 54 55 56 -57 -58 -59 -60 0
c Answer: 2588
v -1 -2 3 -4 -5 -6 7 8 9 -10 -11 -12 13 14 15 -16 -17 18 -19 -20 -21 22 23
v -24 -25 -26 -27 28 -29 -30 -31 32 33 -34 -35 36 37 -38 39 40 41 -42 -43
v 44 -45 46 47 48 -49 -50 51 -52 53 54 55 56 -57 -58 -59 -60 0
c Answer: 2589
v 1 -2 -3 -4 5 6 7 8 -9 -10 11 -12 -13 -14 15 -16 -17 18 -19 -20 -21 22 23
v 24 -25 -26 -27 28 -29 -30 -31 32 33 -34 -35 36 37 -38 39 40 41 -42 -43
v 44 45 46 47 48 -49 -50 51 -52 -53 54 55 -56 -57 -58 -59 -60 0
c Answer: 2590
v 1 -2 -3 -4 5 6 7 8 -9 -10 11 -12 -13 -14 15 -16 -17 18 -19 -20 -21 22 23
v 24 -25 -26 -27 28 -29 -30 -31 32 33 -34 -35 36 37 -38 39 40 41 -42 -43
v 44 45 46 47 48 -49 -50 51 -52 -53 54 55 56 -57 -58 -59 -60 0
c Answer: 2591
v -1 -2 3 -4 -5 -6 7 8 9 -10 -11 -12 13 14 15 -16 -17 18 -19 -20 -21 22 23
v 24 -25 -26 -27 28 -29 -30 -31 32 33 -34 -35 36 37 -38 39 40 41 -42 -43
v 44 -45 46 47 48 -49 -50 51 -52 53 54 55 -56 -57 -58 -59 -60 0
c Answer: 2592
v -1 -2 3 -4 -5 -6 7 8 9 -10 -11 -12 13 14 15 -16 -17 18 -19 -20 -21 22 23
v 24 -25 -26 -27 28 -29 -30 -31 32 33 -34 -35 36 37 -38 39 40 41 -42 -43
v 44 -45 46 47 48 -49 -50 51 -52 53 54 55 56 -57 -58 -59 -60 0
c Answer: 2593
v 1 -2 -3 -4 5 6 7 8 -9 -10 11 -12 -13 -14 15 -16 -17 18 -19 -20 -21 22 23
v -24 -25 -26 -27 28 -29 -30 -31 -32 33 -34 -35 36 37 -38 39 40 41 42 -43
v -44 45 46 47 48 -49 -50 51 -52 -53 54 55 -56 -57 -58 -59 -60 0
c Answer: 2594
v -1 -2 3 -4 -5 -6 7 8 9 -10 -11 -12 13 14 15 -16 -17 18 -19 -20 -21 22 23
v -24 -25 -26 -27 28 -29 -30 -31 -32 33 -34 -35 36 37 -38 39 40 41 42 -43
v -44 -45 46 47 48 -49 -50 51 -52 53 54 55 -56 -57 -58 -59 -60 0
c Answer: 2595
v 1 -2 -3 -4 5 6 7 8 -9 -10 11 -12 -13 -14 15 -16 -17 18 -19 -20 -21 22 23
v -24 -25 -26 -27 28 -29 -30 -31 -32 33 -34 -35 36 37 -38 39 40 41 42 -43
v 44 45 46 47 48 -49 -50 51 -52 -53 54 55 -56 -57 -58 -59 -60 0
c Answer: 2596
v -1 -2 3 -4 -5 -6 7 8 9 -10 -11 -12 13 14 15 -16 -17 18 -19 -20 -21 22 23
v -24 -25 -26 -27 28 -29 -30 -31 -32 33 -34 -35 36 37 -38 39 40 41 42 -43
v 44 -45 46 47 48 -49 -50 51 -52 53 54 55 -56 -57 -58 -59 -60 0
c Answer: 2597
v 1 -2 -3 -4 5 6 7 8 -9 -10 11 -12 -13 -14 15 -16 -17 18 -19 -20 -21 22 23
v -24 -25 -26 -27 28 -29 -30 -31 32 33 -34 -35 36 37 -38 39 40 41 42 -43
v -44 45 46 47 48 -49 -50 51 -52 -53 54 55 -56 -57 -58 -59 -60 0
c Answer: 2598
v 1 -2 -3 -4 5 6 7 8 -9 -10 11 -12 -13 -14 15 -16 -17 18 -19 -20 -21 22 23
v -24 -25 -26 -27 28 -29 -30 -31 32 33 -34 -35 36 37 -38 39 40 41 42 -43
v 44 45 46 47 48 -49 -50 51 -52 -53 54 55 -56 -57 -58 -59 -60 0
c Answer: 2599
v -1 -2 3 -4 -5 -6 7 8 9 -10 -11 -12 13 14 15 -16 -17 18 -19 -20 -21 22 23
v -24 -25 -26 -27 28 -29 -30 -31 32 33 -34 -35 36 37 -38 39 40 41 42 -43
v -44 -45 46 47 48 -49 -50 51 -52 53 54 55 -56 -57 -58 -59 -60 0
c Answer: 2600
v -1 -2 3 -4 -5 -6 7 8 9 -10 -11 -12 13 14 15 -16 -17 18 -19 -20 -21 22 23
v -24 -25 -26 -27 28 -29 -30 -31 32 33 -34 -35 36 37 -38 39 40 41 42 -43
v 44 -45 46 47 48 -49 -50 51 -52 53 54 55 -56 -57 -58 -59 -60 0
c Answer: 2601
v 1 -2 -3 -4 5 6 7 8 -9 -10 11 -12 -13 -14 15 -16 -17 18 -19 -20 -21 22 23
v 24 -25 -26 -27 28 -29 -30 -31 -32 33 -34 -35 36 37 -38 39 40 41 42 -43
v -44 45 46 47 48 -49 -50 51 -52 -53 54 55 -56 -57 -58 -59 -60 0
c Answer: 2602
v -1 -2 3 -4 -5 -6 7 8 9 -10 -11 -12 13 14 15 -16 -17 18 -19 -20 -21 22 23
v 24 -25 -26 -27 28 -29 -30 -31 -32 33 -34 -35 36 37 -38 39 40 41 42 -43
v -44 -45 46 47 48 -49 -50 51 -52 53 54 55 -56 -57 -58 -59 -60 0
c Answer: 2603
v 1 -2 -3 -4 5 6 7 8 -9 -10 11 -12 -13 -14 15 -16 -17 18 -19 -20 -21 22 23
v 24 -25 -26 -27 28 -29 -30 -31 32 33 -34 -35 36 37 -38 39 40 41 42 -43 -44
v 45 46 47 48 -49 -50 51 -52 -53 54 55 -56 -57 -58 -59 -60 0
c Answer: 2604
v -1 -2 3 -4 -5 -6 7 8 9 -10 -11 -12 13 14 15 -16 -17 18 -19 -20 -21 22 23
v 24 -25 -26 -27 28 -29 -30 -31 32 33 -34 -35 36 37 -38 39 40 41 42 -43 -44
v -45 46 47 48 -49 -50 51 -52 53 54 55 -56 -57 -58 -59 -60 0
c Answer: 2605
v 1 -2 -3 -4 5 6 7 8 -9 -10 11 -12 -13 -14 15 -16 -17 18 -19 -20 -21 22 23
v 24 -25 -26 -27 28 -29 -30 -31 -32 33 -34 -35 36 37 -38 39 40 41 42 -43
v 44 45 46 47 48 -49 -50 51 -52 -53 54 55 -56 -57 -58 -59 -60 0
c Answer: 2606
v 1 -2 -3 -4 5 6 7 8 -9 -10 11 -12 -13 -14 15 -16 -17 18 -19 -20 -21 22 23
v 24 -25 -26 -27 28 -29 -30 -31 32 33 -34 -35 36 37 -38 39 40 41 42 -43 44
v 45 46 47 48 -49 -50 51 -52 -53 54 55 -56 -57 -58 -59 -60 0
c Answer: 2607
v -1 -2 3 -4 -5 -6 7 8 9 -10 -11 -12 13 14 15 -16 -17 18 -19 -20 -21 22 23
v 24 -25 -26 -27 28 -29 -30 -31 -32 33 -34 -35 36 37 -38 39 40 41 42 -43
v 44 -45 46 47 48 -49 -50 51 -52 53 54 55 -56 -57 -58 -59 -60 0
c Answer: 2608
v -1 -2 3 -4 -5 -6 7 8 9 -10 -11 -12 13 14 15 -16 -17 18 -19 -20 -21 22 23
v 24 -25 -26 -27 28 -29 -30 -31 32 33 -34 -35 36 37 -38 39 40 41 42 -43 44
v -45 46 47 48 -49 -50 51 -52 53 54 55 -56 -57 -58 -59 -60 0
c Answer: 2609
v 1 -2 -3 -4 5 6 7 8 -9 -10 11 -12 -13 -14 15 -16 -17 18 -19 -20 -21 22 23
v -24 -25 -26 -27 28 -29 -30 -31 -32 33 -34 -35 36 37 -38 39 40 41 42 -43
v -44 45 46 47 48 -49 -50 51 -52 -53 54 55 56 -57 -58 -59 -60 0
c Answer: 2610
v -1 -2 3 -4 -5 -6 7 8 9 -10 -11 -12 13 14 15 -16 -17 18 -19 -20 -21 22 23
v -24 -25 -26 -27 28 -29 -30 -31 -32 33 -34 -35 36 37 -38 39 40 41 42 -43
v -44 -45 46 47 48 -49 -50 51 -52 53 54 55 56 -57 -58 -59 -60 0
c Answer: 2611
v 1 -2 -3 -4 5 6 7 8 -9 -10 11 -12 -13 -14 15 -16 -17 18 -19 -20 -21 22 23
v 24 -25 -26 -27 28 -29 -30 -31 -32 33 -34 -35 36 37 -38 39 40 41 42 -43
v -44 45 46 47 48 -49 -50 51 -52 -53 54 55 56 -57 -58 -59 -60 0
c Answer: 2612
v -1 -2 3 -4 -5 -6 7 8 9 -10 -11 -12 13 14 15 -16 -17 18 -19 -20 -21 22 23
v 24 -25 -26 -27 28 -29 -30 -31 -32 33 -34 -35 36 37 -38 39 40 41 42 -43
v -44 -45 46 47 48 -49 -50 51 -52 53 54 55 56 -57 -58 -59 -60 0
c Answer: 2613
v 1 -2 -3 -4 5 6 7 8 -9 -10 11 -12 -13 -14 15 -16 -17 18 -19 -20 -21 22 23
v -24 -25 -26 -27 28 -29 -30 -31 -32 33 -34 -35 36 37 -38 39 40 41 42 -43
v 44 45 46 47 48 -49 -50 51 -52 -53 54 55 56 -57 -58 -59 -60 0
c Answer: 2614
v 1 -2 -3 -4 5 6 7 8 -9 -10 11 -12 -13 -14 15 -16 -17 18 -19 -20 -21 22 23
v 24 -25 -26 -27 28 -29 -30 -31 -32 33 -34 -35 36 37 -38 39 40 41 42 -43
v 44 45 46 47 48 -49 -50 51 -52 -53 54 55 56 -57 -58 -59 -60 0
c Answer: 2615
v -1 -2 3 -4 -5 -6 7 8 9 -10 -11 -12 13 14 15 -16 -17 18 -19 -20 -21 22 23
v -24 -25 -26 -27 28 -29 -30 -31 -32 33 -34 -35 36 37 -38 39 40 41 42 -43
v 44 -45 46 47 48 -49 -50 51 -52 53 54 55 56 -57 -58 -59 -60 0
c Answer: 2616
v -1 -2 3 -4 -5 -6 7 8 9 -10 -11 -12 13 14 15 -16 -17 18 -19 -20 -21 22 23
v 24 -25 -26 -27 28 -29 -30 -31 -32 33 -34 -35 36 37 -38 39 40 41 42 -43
v 44 -45 46 47 48 -49 -50 51 -52 53 54 55 56 -57 -58 -59 -60 0
c Answer: 2617
v 1 -2 -3 -4 5 6 7 8 -9 -10 11 -12 -13 -14 15 -16 -17 18 -19 -20 -21 22 23
v -24 -25 -26 -27 28 -29 -30 -31 32 33 -34 -35 36 37 -38 39 40 41 42 -43
v -44 45 46 47 48 -49 -50 51 -52 -53 54 55 56 -57 -58 -59 -60 0
c Answer: 2618
v -1 -2 3 -4 -5 -6 7 8 9 -10 -11 -12 13 14 15 -16 -17 18 -19 -20 -21 22 23
v -24 -25 -26 -27 28 -29 -30 -31 32 33 -34 -35 36 37 -38 39 40 41 42 -43
v -44 -45 46 47 48 -49 -50 51 -52 53 54 55 56 -57 -58 -59 -60 0
c Answer: 2619
v 1 -2 -3 -4 5 6 7 8 -9 -10 11 -12 -13 -14 15 -16 -17 18 -19 -20 -21 22 23
v -24 -25 -26 -27 28 -29 -30 -31 32 33 -34 -35 36 37 -38 39 40 41 42 -43
v 44 45 46 47 48 -49 -50 51 -52 -53 54 55 56 -57 -58 -59 -60 0
c Answer: 2620
v -1 -2 3 -4 -5 -6 7 8 9 -10 -11 -12 13 14 15 -16 -17 18 -19 -20 -21 22 23
v -24 -25 -26 -27 28 -29 -30 -31 32 33 -34 -35 36 37 -38 39 40 41 42 -43
v 44 -45 46 47 48 -49 -50 51 -52 53 54 55 56 -57 -58 -59 -60 0
c Answer: 2621
v 1 -2 -3 -4 5 6 7 8 -9 -10 11 -12 -13 -14 15 -16 -17 18 -19 -20 -21 22 23
v 24 -25 -26 -27 28 -29 -30 -31 32 33 -34 -35 36 37 -38 39 40 41 42 -43 -44
v 45 46 47 48 -49 -50 51 -52 -53 54 55 56 -57 -58 -59 -60 0
c Answer: 2622
v 1 -2 -3 -4 5 6 7 8 -9 -10 11 -12 -13 -14 15 -16 -17 18 -19 -20 -21 22 23
v 24 -25 -26 -27 28 -29 -30 -31 32 33 -34 -35 36 37 -38 39 40 41 42 -43 44
v 45 46 47 48 -49 -50 51 -52 -53 54 55 56 -57 -58 -59 -60 0
c Answer: 2623
v -1 -2 3 -4 -5 -6 7 8 9 -10 -11 -12 13 14 15 -16 -17 18 -19 -20 -21 22 23
v 24 -25 -26 -27 28 -29 -30 -31 32 33 -34 -35 36 37 -38 39 40 41 42 -43 -44
v -45 46 47 48 -49 -50 51 -52 53 54 55 56 -57 -58 -59 -60 0
c Answer: 2624
v -1 -2 3 -4 -5 -6 7 8 9 -10 -11 -12 13 14 15 -16 -17 18 -19 -20 -21 22 23
v 24 -25 -26 -27 28 -29 -30 -31 32 33 -34 -35 36 37 -38 39 40 41 42 -43 44
v -45 46 47 48 -49 -50 51 -52 53 54 55 56 -57 -58 -59 -60 0
c Answer: 2625
v 1 -2 -3 -4 5 6 7 8 -9 -10 11 -12 -13 -14 15 16 -17 18 -19 -20 -21 22 23
v -24 -25 -26 -27 28 -29 -30 -31 -32 33 -34 -35 36 37 -38 39 40 41 -42 -43
v -44 45 46 47 48 -49 -50 51 -52 -53 54 55 -56 -57 -58 -59 -60 0
c Answer: 2626
v -1 -2 3 -4 -5 -6 7 8 9 -10 -11 -12 13 14 15 16 -17 18 -19 -20 -21 22 23
v -24 -25 -26 -27 28 -29 -30 -31 -32 33 -34 -35 36 37 -38 39 40 41 -42 -43
v -44 -45 46 47 48 -49 -50 51 -52 53 54 55 -56 -57 -58 -59 -60 0
c Answer: 2627
v 1 -2 -3 -4 5 6 7 8 -9 -10 11 -12 -13 -14 15 16 -17 18 -19 -20 -21 22 23
v -24 -25 -26 -27 28 -29 -30 -31 -32 33 -34 -35 36 37 -38 39 40 41 42 -43
v -44 45 46 47 48 -49 -50 51 -52 -53 54 55 -56 -57 -58 -59 -60 0
c Answer: 2628
v -1 -2 3 -4 -5 -6 7 8 9 -10 -11 -12 13 14 15 16 -17 18 -19 -20 -21 22 23
v -24 -25 -26 -27 28 -29 -30 -31 -32 33 -34 -35 36 37 -38 39 40 41 42 -43
v -44 -45 46 47 48 -49 -50 51 -52 53 54 55 -56 -57 -58 -59 -60 0
c Answer: 2629
v 1 -2 -3 -4 5 6 7 8 -9 -10 11 -12 -13 -14 15 16 -17 18 -19 -20 -21 22 23
v -24 -25 -26 -27 28 -29 -30 -31 -32 33 -34 -35 36 37 -38 39 40 41 -42 -43
v -44 45 46 47 48 -49 -50 51 -52 -53 54 55 56 -57 -58 -59 -60 0
c Answer: 2630
v 1 -2 -3 -4 5 6 7 8 -9 -10 11 -12 -13 -14 15 16 -17 18 -19 -20 -21 22 23
v -24 -25 -26 -27 28 -29 -30 -31 -32 33 -34 -35 36 37 -38 39 40 41 42 -43
v -44 45 46 47 48 -49 -50 51 -52 -53 54 55 56 -57 -58 -59 -60 0
c Answer: 2631
v -1 -2 3 -4 -5 -6 7 8 9 -10 -11 -12 13 14 15 16 -17 18 -19 -20 -21 22 23
v -24 -25 -26 -27 28 -29 -30 -31 -32 33 -34 -35 36 37 -38 39 40 41 -42 -43
v -44 -45 46 47 48 -49 -50 51 -52 53 54 55 56 -57 -58 -59 -60 0
c Answer: 2632
v -1 -2 3 -4 -5 -6 7 8 9 -10 -11 -12 13 14 15 16 -17 18 -19 -20 -21 22 23
v -24 -25 -26 -27 28 -29 -30 -31 -32 33 -34 -35 36 37 -38 39 40 41 42 -43
v -44 -45 46 47 48 -49 -50 51 -52 53 54 55 56 -57 -58 -59 -60 0
c Answer: 2633
v 1 -2 -3 -4 5 6 7 8 -9 -10 11 -12 -13 -14 15 16 -17 18 -19 -20 -21 22 23
v -24 -25 -26 -27 28 -29 -30 -31 32 33 -34 -35 36 37 -38 39 40 41 -42 -43
v -44 45 46 47 48 -49 -50 51 -52 -53 54 55 -56 -57 -58 -59 -60 0
c Answer: 2634
v -1 -2 3 -4 -5 -6 7 8 9 -10 -11 -12 13 14 15 16 -17 18 -19 -20 -21 22 23
v -24 -25 -26 -27 28 -29 -30 -31 32 33 -34 -35 36 37 -38 39 40 41 -42 -43
v -44 -45 46 47 48 -49 -50 51 -52 53 54 55 -56 -57 -58 -59 -60 0
c Answer: 2635
v 1 -2 -3 -4 5 6 7 8 -9 -10 11 -12 -13 -14 15 16 -17 18 -19 -20 -21 22 23
v -24 -25 -26 -27 28 -29 -30 -31 32 33 -34 -35 36 37 -38 39 40 41 -42 -43
v -44 45 46 47 48 -49 -50 51 -52 -53 54 55 56 -57 -58 -59 -60 0
c Answer: 2636
v -1 -2 3 -4 -5 -6 7 8 9 -10 -11 -12 13 14 15 16 -17 18 -19 -20 -21 22 23
v -24 -25 -26 -27 28 -29 -30 -31 32 33 -34 -35 36 37 -38 39 40 41 -42 -43
v -44 -45 46 47 48 -49 -50 51 -52 53 54 55 56 -57 -58 -59 -60 0
c Answer: 2637
v 1 -2 -3 -4 5 6 7 8 -9 -10 11 -12 -13 -14 15 16 -17 18 -19 -20 -21 22 23
v -24 -25 -26 -27 28 -29 -30 -31 32 33 -34 -35 36 37 -38 39 40 41 42 -43
v -44 45 46 47 48 -49 -50 51 -52 -53 54 55 -56 -57 -58 -59 -60 0
c Answer: 2638
v 1 -2 -3 -4 5 6 7 8 -9 -10 11 -12 -13 -14 15 16 -17 18 -19 -20 -21 22 23
v -24 -25 -26 -27 28 -29 -30 -31 32 33 -34 -35 36 37 -38 39 40 41 42 -43
v -44 45 46 47 48 -49 -50 51 -52 -53 54 55 56 -57 -58 -59 -60 0
c Answer: 2639
v -1 -2 3 -4 -5 -6 7 8 9 -10 -11 -12 13 14 15 16 -17 18 -19 -20 -21 22 23
v -24 -25 -26 -27 28 -29 -30 -31 32 33 -34 -35 36 37 -38 39 40 41 42 -43
v -44 -45 46 47 48 -49 -50 51 -52 53 54 55 -56 -57 -58 -59 -60 0
c Answer: 2640
v -1 -2 3 -4 -5 -6 7 8 9 -10 -11 -12 13 14 15 16 -17 18 -19 -20 -21 22 23
v -24 -25 -26 -27 28 -29 -30 -31 32 33 -34 -35 36 37 -38 39 40 41 42 -43
v -44 -45 46 47 48 -49 -50 51 -52 53 54 55 56 -57 -58 -59 -60 0
c Answer: 2641
v 1 -2 -3 -4 5 6 7 8 -9 -10 11 -12 -13 -14 15 16 -17 18 -19 -20 -21 22 23
v 24 -25 -26 -27 28 -29 -30 -31 -32 33 -34 -35 36 37 -38 39 40 41 -42 -43
v -44 45 46 47 48 -49 -50 51 -52 -53 54 55 -56 -57 -58 -59 -60 0
c Answer: 2642
v -1 -2 3 -4 -5 -6 7 8 9 -10 -11 -12 13 14 15 16 -17 18 -19 -20 -21 22 23
v 24 -25 -26 -27 28 -29 -30 -31 -32 33 -34 -35 36 37 -38 39 40 41 -42 -43
v -44 -45 46 47 48 -49 -50 51 -52 53 54 55 -56 -57 -58 -59 -60 0
c Answer: 2643
v 1 -2 -3 -4 5 6 7 8 -9 -10 11 -12 -13 -14 15 16 -17 18 -19 -20 -21 22 23
v 24 -25 -26 -27 28 -29 -30 -31 32 33 -34 -35 36 37 -38 39 40 41 -42 -43
v -44 45 46 47 48 -49 -50 51 -52 -53 54 55 -56 -57 -58 -59 -60 0
c Answer: 2644
v -1 -2 3 -4 -5 -6 7 8 9 -10 -11 -12 13 14 15 16 -17 18 -19 -20 -21 22 23
v 24 -25 -26 -27 28 -29 -30 -31 32 33 -34 -35 36 37 -38 39 40 41 -42 -43
v -44 -45 46 47 48 -49 -50 51 -52 53 54 55 -56 -57 -58 -59 -60 0
c Answer: 2645
v 1 -2 -3 -4 5 6 7 8 -9 -10 11 -12 -13 -14 15 16 -17 18 -19 -20 -21 22 23
v 24 -25 -26 -27 28 -29 -30 -31 -32 33 -34 -35 36 37 -38 39 40 41 42 -43
v -44 45 46 47 48 -49 -50 51 -52 -53 54 55 -56 -57 -58 -59 -60 0
c Answer: 2646
v 1 -2 -3 -4 5 6 7 8 -9 -10 11 -12 -13 -14 15 16 -17 18 -19 -20 -21 22 23
v 24 -25 -26 -27 28 -29 -30 -31 32 33 -34 -35 36 37 -38 39 40 41 42 -43 -44
v 45 46 47 48 -49 -50 51 -52 -53 54 55 -56 -57 -58 -59 -60 0
c Answer: 2647
v -1 -2 3 -4 -5 -6 7 8 9 -10 -11 -12 13 14 15 16 -17 18 -19 -20 -21 22 23
v 24 -25 -26 -27 28 -29 -30 -31 -32 33 -34 -35 36 37 -38 39 40 41 42 -43
v -44 -45 46 47 48 -49 -50 51 -52 53 54 55 -56 -57 -58 -59 -60 0
c Answer: 2648
v -1 -2 3 -4 -5 -6 7 8 9 -10 -11 -12 13 14 15 16 -17 18 -19 -20 -21 22 23
v 24 -25 -26 -27 28 -29 -30 -31 32 33 -34 -35 36 37 -38 39 40 41 42 -43 -44
v -45 46 47 48 -49 -50 51 -52 53 54 55 -56 -57 -58 -59 -60 0
c Answer: 2649
v 1 -2 -3 -4 5 6 7 8 -9 -10 11 -12 -13 -14 15 16 -17 18 -19 -20 -21 22 23
v 24 -25 -26 -27 28 -29 -30 -31 -32 33 -34 -35 36 37 -38 39 40 41 -42 -43
v -44 45 46 47 48 -49 -50 51 -52 -53 54 55 56 -57 -58 -59 -60 0
c Answer: 2650
v -1 -2 3 -4 -5 -6 7 8 9 -10 -11 -12 13 14 15 16 -17 18 -19 -20 -21 22 23
v 24 -25 -26 -27 28 -29 -30 -31 -32 33 -34 -35 36 37 -38 39 40 41 -42 -43
v -44 -45 46 47 48 -49 -50 51 -52 53 54 55 56 -57 -58 -59 -60 0
c Answer: 2651
v 1 -2 -3 -4 5 6 7 8 -9 -10 11 -12 -13 -14 15 16 -17 18 -19 -20 -21 22 23
v 24 -25 -26 -27 28 -29 -30 -31 -32 33 -34 -35 36 37 -38 39 40 41 42 -43
v -44 45 46 47 48 -49 -50 51 -52 -53 54 55 56 -57 -58 -59 -60 0
c Answer: 2652
v -1 -2 3 -4 -5 -6 7 8 9 -10 -11 -12 13 14 15 16 -17 18 -19 -20 -21 22 23
v 24 -25 -26 -27 28 -29 -30 -31 -32 33 -34 -35 36 37 -38 39 40 41 42 -43
v -44 -45 46 47 48 -49 -50 51 -52 53 54 55 56 -57 -58 -59 -60 0
c Answer: 2653
v 1 -2 -3 -4 5 6 7 8 -9 -10 11 -12 -13 -14 15 16 -17 18 -19 -20 -21 22 23
v 24 -25 -26 -27 28 -29 -30 -31 32 33 -34 -35 36 37 -38 39 40 41 -42 -43
v -44 45 46 47 48 -49 -50 51 -52 -53 54 55 56 -57 -58 -59 -60 0
c Answer: 2654
v 1 -2 -3 -4 5 6 7 8 -9 -10 11 -12 -13 -14 15 16 -17 18 -19 -20 -21 22 23
v 24 -25 -26 -27 28 -29 -30 -31 32 33 -34 -35 36 37 -38 39 40 41 42 -43 -44
v 45 46 47 48 -49 -50 51 -52 -53 54 55 56 -57 -58 -59 -60 0
c Answer: 2655
v -1 -2 3 -4 -5 -6 7 8 9 -10 -11 -12 13 14 15 16 -17 18 -19 -20 -21 22 23
v 24 -25 -26 -27 28 -29 -30 -31 32 33 -34 -35 36 37 -38 39 40 41 -42 -43
v -44 -45 46 47 48 -49 -50 51 -52 53 54 55 56 -57 -58 -59 -60 0
c Answer: 2656
v -1 -2 3 -4 -5 -6 7 8 9 -10 -11 -12 13 14 15 16 -17 18 -19 -20 -21 22 23
v 24 -25 -26 -27 28 -29 -30 -31 32 33 -34 -35 36 37 -38 39 40 41 42 -43 -44
v -45 46 47 48 -49 -50 51 -52 53 54 55 56 -57 -58 -59 -60 0
c Answer: 2657
v 1 -2 -3 -4 5 6 7 8 -9 -10 11 -12 -13 -14 15 16 -17 18 -19 -20 -21 22 23
v -24 -25 -26 -27 28 -29 -30 -31 -32 33 -34 -35 36 37 -38 39 40 41 -42 -43
v 44 45 46 47 48 -49 -50 51 -52 -53 54 55 -56 -57 -58 -59 -60 0
c Answer: 2658
v -1 -2 3 -4 -5 -6 7 8 9 -10 -11 -12 13 14 15 16 -17 18 -19 -20 -21 22 23
v -24 -25 -26 -27 28 -29 -30 -31 -32 33 -34 -35 36 37 -38 39 40 41 -42 -43
v 44 -45 46 47 48 -49 -50 51 -52 53 54 55 -56 -57 -58 -59 -60 0
c Answer: 2659
v 1 -2 -3 -4 5 6 7 8 -9 -10 11 -12 -13 -14 15 16 -17 18 -19 -20 -21 22 23
v 24 -25 -26 -27 28 -29 -30 -31 -32 33 -34 -35 36 37 -38 39 40 41 -42 -43
v 44 45 46 47 48 -49 -50 51 -52 -53 54 55 -56 -57 -58 -59 -60 0
c Answer: 2660
v -1 -2 3 -4 -5 -6 7 8 9 -10 -11 -12 13 14 15 16 -17 18 -19 -20 -21 22 23
v 24 -25 -26 -27 28 -29 -30 -31 -32 33 -34 -35 36 37 -38 39 40 41 -42 -43
v 44 -45 46 47 48 -49 -50 51 -52 53 54 55 -56 -57 -58 -59 -60 0
c Answer: 2661
v 1 -2 -3 -4 5 6 7 8 -9 -10 11 -12 -13 -14 15 16 -17 18 -19 -20 -21 22 23
v -24 -25 -26 -27 28 -29 -30 -31 -32 33 -34 -35 36 37 -38 39 40 41 -42 -43
v 44 45 46 47 48 -49 -50 51 -52 -53 54 55 56 -57 -58 -59 -60 0
c Answer: 2662
v 1 -2 -3 -4 5 6 7 8 -9 -10 11 -12 -13 -14 15 16 -17 18 -19 -20 -21 22 23
v 24 -25 -26 -27 28 -29 -30 -31 -32 33 -34 -35 36 37 -38 39 40 41 -42 -43
v 44 45 46 47 48 -49 -50 51 -52 -53 54 55 56 -57 -58 -59 -60 0
c Answer: 2663
v -1 -2 3 -4 -5 -6 7 8 9 -10 -11 -12 13 14 15 16 -17 18 -19 -20 -21 22 23
v -24 -25 -26 -27 28 -29 -30 -31 -32 33 -34 -35 36 37 -38 39 40 41 -42 -43
v 44 -45 46 47 48 -49 -50 51 -52 53 54 55 56 -57 -58 -59 -60 0
c Answer: 2664
v -1 -2 3 -4 -5 -6 7 8 9 -10 -11 -12 13 14 15 16 -17 18 -19 -20 -21 22 23
v 24 -25 -26 -27 28 -29 -30 -31 -32 33 -34 -35 36 37 -38 39 40 41 -42 -43
v 44 -45 46 47 48 -49 -50 51 -52 53 54 55 56 -57 -58 -59 -60 0
c Answer: 2665
v 1 -2 -3 -4 5 6 7 8 -9 -10 11 -12 -13 -14 15 16 -17 18 -19 -20 -21 22 23
v -24 -25 -26 -27 28 -29 -30 -31 32 33 -34 -35 36 37 -38 39 40 41 -42 -43
v 44 45 46 47 48 -49 -50 51 -52 -53 54 55 -56 -57 -58 -59 -60 0
c Answer: 2666
v -1 -2 3 -4 -5 -6 7 8 9 -10 -11 -12 13 14 15 16 -17 18 -19 -20 -21 22 23
v -24 -25 -26 -27 28 -29 -30 -31 32 33 -34 -35 36 37 -38 39 40 41 -42 -43
v 44 -45 46 47 48 -49 -50 51 -52 53 54 55 -56 -57 -58 -59 -60 0
c Answer: 2667
v 1 -2 -3 -4 5 6 7 8 -9 -10 11 -12 -13 -14 15 16 -17 18 -19 -20 -21 22 23
v -24 -25 -26 -27 28 -29 -30 -31 32 33 -34 -35 36 37 -38 39 40 41 -42 -43
v 44 45 46 47 48 -49 -50 51 -52 -53 54 55 56 -57 -58 -59 -60 0
c Answer: 2668
v -1 -2 3 -4 -5 -6 7 8 9 -10 -11 -12 13 14 15 16 -17 18 -19 -20 -21 22 23
v -24 -25 -26 -27 28 -29 -30 -31 32 33 -34 -35 36 37 -38 39 40 41 -42 -43
v 44 -45 46 47 48 -49 -50 51 -52 53 54 55 56 -57 -58 -59 -60 0
c Answer: 2669
v 1 -2 -3 -4 5 6 7 8 -9 -10 11 -12 -13 -14 15 16 -17 18 -19 -20 -21 22 23
v 24 -25 -26 -27 28 -29 -30 -31 32 33 -34 -35 36 37 -38 39 40 41 -42 -43
v 44 45 46 47 48 -49 -50 51 -52 -53 54 55 -56 -57 -58 -59 -60 0
c Answer: 2670
v 1 -2 -3 -4 5 6 7 8 -9 -10 11 -12 -13 -14 15 16 -17 18 -19 -20 -21 22 23
v 24 -25 -26 -27 28 -29 -30 -31 32 33 -34 -35 36 37 -38 39 40 41 -42 -43
v 44 45 46 47 48 -49 -50 51 -52 -53 54 55 56 -57 -58 -59 -60 0
c Answer: 2671
v -1 -2 3 -4 -5 -6 7 8 9 -10 -11 -12 13 14 15 16 -17 18 -19 -20 -21 22 23
v 24 -25 -26 -27 28 -29 -30 -31 32 33 -34 -35 36 37 -38 39 40 41 -42 -43
v 44 -45 46 47 48 -49 -50 51 -52 53 54 55 -56 -57 -58 -59 -60 0
c Answer: 2672
v -1 -2 3 -4 -5 -6 7 8 9 -10 -11 -12 13 14 15 16 -17 18 -19 -20 -21 22 23
v 24 -25 -26 -27 28 -29 -30 -31 32 33 -34 -35 36 37 -38 39 40 41 -42 -43
v 44 -45 46 47 48 -49 -50 51 -52 53 54 55 56 -57 -58 -59 -60 0
c Answer: 2673
v 1 -2 -3 -4 5 6 7 8 -9 -10 11 -12 -13 -14 15 16 -17 18 -19 -20 -21 22 23
v -24 -25 -26 -27 28 -29 -30 -31 -32 33 -34 -35 36 37 -38 39 40 41 42 -43
v 44 45 46 47 48 -49 -50 51 -52 -53 54 55 -56 -57 -58 -59 -60 0
c Answer: 2674
v -1 -2 3 -4 -5 -6 7 8 9 -10 -11 -12 13 14 15 16 -17 18 -19 -20 -21 22 23
v -24 -25 -26 -27 28 -29 -30 -31 -32 33 -34 -35 36 37 -38 39 40 41 42 -43
v 44 -45 46 47 48 -49 -50 51 -52 53 54 55 -56 -57 -58 -59 -60 0
c Answer: 2675
v 1 -2 -3 -4 5 6 7 8 -9 -10 11 -12 -13 -14 15 16 -17 18 -19 -20 -21 22 23
v -24 -25 -26 -27 28 -29 -30 -31 32 33 -34 -35 36 37 -38 39 40 41 42 -43
v 44 45 46 47 48 -49 -50 51 -52 -53 54 55 -56 -57 -58 -59 -60 0
c Answer: 2676
v -1 -2 3 -4 -5 -6 7 8 9 -10 -11 -12 13 14 15 16 -17 18 -19 -20 -21 22 23
v -24 -25 -26 -27 28 -29 -30 -31 32 33 -34 -35 36 37 -38 39 40 41 42 -43
v 44 -45 46 47 48 -49 -50 51 -52 53 54 55 -56 -57 -58 -59 -60 0
c Answer: 2677
v 1 -2 -3 -4 5 6 7 8 -9 -10 11 -12 -13 -14 15 16 -17 18 -19 -20 -21 22 23
v 24 -25 -26 -27 28 -29 -30 -31 -32 33 -34 -35 36 37 -38 39 40 41 42 -43
v 44 45 46 47 48 -49 -50 51 -52 -53 54 55 -56 -57 -58 -59 -60 0
c Answer: 2678
v 1 -2 -3 -4 5 6 7 8 -9 -10 11 -12 -13 -14 15 16 -17 18 -19 -20 -21 22 23
v 24 -25 -26 -27 28 -29 -30 -31 32 33 -34 -35 36 37 -38 39 40 41 42 -43 44
v 45 46 47 48 -49 -50 51 -52 -53 54 55 -56 -57 -58 -59 -60 0
c Answer: 2679
v -1 -2 3 -4 -5 -6 7 8 9 -10 -11 -12 13 14 15 16 -17 18 -19 -20 -21 22 23
v 24 -25 -26 -27 28 -29 -30 -31 -32 33 -34 -35 36 37 -38 39 40 41 42 -43
v 44 -45 46 47 48 -49 -50 51 -52 53 54 55 -56 -57 -58 -59 -60 0
c Answer: 2680
v -1 -2 3 -4 -5 -6 7 8 9 -10 -11 -12 13 14 15 16 -17 18 -19 -20 -21 22 23
v 24 -25 -26 -27 28 -29 -30 -31 32 33 -34 -35 36 37 -38 39 40 41 42 -43 44
v -45 46 47 48 -49 -50 51 -52 53 54 55 -56 -57 -58 -59 -60 0
c Answer: 2681
v 1 -2 -3 -4 5 6 7 8 -9 -10 11 -12 -13 -14 15 16 -17 18 -19 -20 -21 22 23
v -24 -25 -26 -27 28 -29 -30 -31 -32 33 -34 -35 36 37 -38 39 40 41 42 -43
v 44 45 46 47 48 -49 -50 51 -52 -53 54 55 56 -57 -58 -59 -60 0
c Answer: 2682
v -1 -2 3 -4 -5 -6 7 8 9 -10 -11 -12 13 14 15 16 -17 18 -19 -20 -21 22 23
v -24 -25 -26 -27 28 -29 -30 -31 -32 33 -34 -35 36 37 -38 39 40 41 42 -43
v 44 -45 46 47 48 -49 -50 51 -52 53 54 55 56 -57 -58 -59 -60 0
c Answer: 2683
v 1 -2 -3 -4 5 6 7 8 -9 -10 11 -12 -13 -14 15 16 -17 18 -19 -20 -21 22 23
v 24 -25 -26 -27 28 -29 -30 -31 -32 33 -34 -35 36 37 -38 39 40 41 42 -43
v 44 45 46 47 48 -49 -50 51 -52 -53 54 55 56 -57 -58 -59 -60 0
c Answer: 2684
v -1 -2 3 -4 -5 -6 7 8 9 -10 -11 -12 13 14 15 16 -17 18 -19 -20 -21 22 23
v 24 -25 -26 -27 28 -29 -30 -31 -32 33 -34 -35 36 37 -38 39 40 41 42 -43
v 44 -45 46 47 48 -49 -50 51 -52 53 54 55 56 -57 -58 -59 -60 0
c Answer: 2685
v 1 -2 -3 -4 5 6 7 8 -9 -10 11 -12 -13 -14 15 16 -17 18 -19 -20 -21 22 23
v -24 -25 -26 -27 28 -29 -30 -31 32 33 -34 -35 36 37 -38 39 40 41 42 -43
v 44 45 46 47 48 -49 -50 51 -52 -53 54 55 56 -57 -58 -59 -60 0
c Answer: 2686
v 1 -2 -3 -4 5 6 7 8 -9 -10 11 -12 -13 -14 15 16 -17 18 -19 -20 -21 22 23
v 24 -25 -26 -27 28 -29 -30 -31 32 33 -34 -35 36 37 -38 39 40 41 42 -43 44
v 45 46 47 48 -49 -50 51 -52 -53 54 55 56 -57 -58 -59 -60 0
c Answer: 2687
v -1 -2 3 -4 -5 -6 7 8 9 -10 -11 -12 13 14 15 16 -17 18 -19 -20 -21 22 23
v -24 -25 -26 -27 28 -29 -30 -31 32 33 -34 -35 36 37 -38 39 40 41 42 -43
v 44 -45 46 47 48 -49 -50 51 -52 53 54 55 56 -57 -58 -59 -60 0
c Answer: 2688
v -1 -2 3 -4 -5 -6 7 8 9 -10 -11 -12 13 14 15 16 -17 18 -19 -20 -21 22 23
v 24 -25 -26 -27 28 -29 -30 -31 32 33 -34 -35 36 37 -38 39 40 41 42 -43 44
v -45 46 47 48 -49 -50 51 -52 53 54 55 56 -57 -58 -59 -60 0
c Answer: 2689
v 1 -2 -3 -4 5 6 7 8 -9 -10 11 -12 -13 -14 15 -16 -17 18 -19 -20 -21 22 23
v -24 -25 -26 -27 28 -29 -30 -31 -32 33 -34 -35 36 37 -38 39 40 41 -42 -43
v -44 45 46 47 48 -49 -50 51 -52 -53 54 55 -56 -57 -58 -59 60 0
c Answer: 2690
v -1 -2 3 -4 -5 -6 7 8 9 -10 -11 -12 13 14 15 -16 -17 18 -19 -20 -21 22 23
v -24 -25 -26 -27 28 -29 -30 -31 -32 33 -34 -35 36 37 -38 39 40 41 -42 -43
v -44 -45 46 47 48 -49 -50 51 -52 53 54 55 -56 -57 -58 -59 60 0
c Answer: 2691
v 1 -2 -3 -4 5 6 7 8 -9 -10 11 -12 -13 -14 15 16 -17 18 -19 -20 -21 22 23
v -24 -25 -26 -27 28 -29 -30 -31 -32 33 -34 -35 36 37 -38 39 40 41 -42 -43
v -44 45 46 47 48 -49 -50 51 -52 -53 54 55 -56 -57 -58 -59 60 0
c Answer: 2692
v -1 -2 3 -4 -5 -6 7 8 9 -10 -11 -12 13 14 15 16 -17 18 -19 -20 -21 22 23
v -24 -25 -26 -27 28 -29 -30 -31 -32 33 -34 -35 36 37 -38 39 40 41 -42 -43
v -44 -45 46 47 48 -49 -50 51 -52 53 54 55 -56 -57 -58 -59 60 0
c Answer: 2693
v 1 -2 -3 -4 5 6 7 8 -9 -10 11 -12 -13 -14 15 -16 -17 18 -19 -20 -21 22 23
v -24 -25 -26 -27 28 -29 -30 -31 -32 33 -34 -35 36 37 -38 39 40 41 -42 -43
v 44 45 46 47 48 -49 -50 51 -52 -53 54 55 -56 -57 -58 -59 60 0
c Answer: 2694
v 1 -2 -3 -4 5 6 7 8 -9 -10 11 -12 -13 -14 15 16 -17 18 -19 -20 -21 22 23
v -24 -25 -26 -27 28 -29 -30 -31 -32 33 -34 -35 36 37 -38 39 40 41 -42 -43
v 44 45 46 47 48 -49 -50 51 -52 -53 54 55 -56 -57 -58 -59 60 0
c Answer: 2695
v -1 -2 3 -4 -5 -6 7 8 9 -10 -11 -12 13 14 15 -16 -17 18 -19 -20 -21 22 23
v -24 -25 -26 -27 28 -29 -30 -31 -32 33 -34 -35 36 37 -38 39 40 41 -42 -43
v 44 -45 46 47 48 -49 -50 51 -52 53 54 55 -56 -57 -58 -59 60 0
c Answer: 2696
v -1 -2 3 -4 -5 -6 7 8 9 -10 -11 -12 13 14 15 16 -17 18 -19 -20 -21 22 23
v -24 -25 -26 -27 28 -29 -30 -31 -32 33 -34 -35 36 37 -38 39 40 41 -42 -43
v 44 -45 46 47 48 -49 -50 51 -52 53 54 55 -56 -57 -58 -59 60 0
c Answer: 2697
v 1 -2 -3 -4 5 6 7 8 -9 -10 11 -12 -13 -14 15 -16 -17 18 -19 -20 -21 22 23
v -24 -25 -26 -27 28 -29 -30 -31 -32 33 -34 -35 36 37 -38 39 40 41 42 -43
v -44 45 46 47 48 -49 -50 51 -52 -53 54 55 -56 -57 -58 -59 60 0
c Answer: 2698
v -1 -2 3 -4 -5 -6 7 8 9 -10 -11 -12 13 14 15 -16 -17 18 -19 -20 -21 22 23
v -24 -25 -26 -27 28 -29 -30 -31 -32 33 -34 -35 36 37 -38 39 40 41 42 -43
v -44 -45 46 47 48 -49 -50 51 -52 53 54 55 -56 -57 -58 -59 60 0
c Answer: 2699
v 1 -2 -3 -4 5 6 7 8 -9 -10 11 -12 -13 -14 15 -16 -17 18 -19 -20 -21 22 23
v -24 -25 -26 -27 28 -29 -30 -31 -32 33 -34 -35 36 37 -38 39 40 41 42 -43
v 44 45 46 47 48 -49 -50 51 -52 -53 54 55 -56 -57 -58 -59 60 0
c Answer: 2700
v -1 -2 3 -4 -5 -6 7 8 9 -10 -11 -12 13 14 15 -16 -17 18 -19 -20 -21 22 23
v -24 -25 -26 -27 28 -29 -30 -31 -32 33 -34 -35 36 37 -38 39 40 41 42 -43
v 44 -45 46 47 48 -49 -50 51 -52 53 54 55 -56 -57 -58 -59 60 0
c Answer: 2701
v 1 -2 -3 -4 5 6 7 8 -9 -10 11 -12 -13 -14 15 16 -17 18 -19 -20 -21 22 23
v -24 -25 -26 -27 28 -29 -30 -31 -32 33 -34 -35 36 37 -38 39 40 41 42 -43
v -44 45 46 47 48 -49 -50 51 -52 -53 54 55 -56 -57 -58 -59 60 0
c Answer: 2702
v 1 -2 -3 -4 5 6 7 8 -9 -10 11 -12 -13 -14 15 16 -17 18 -19 -20 -21 22 23
v -24 -25 -26 -27 28 -29 -30 -31 -32 33 -34 -35 36 37 -38 39 40 41 42 -43
v 44 45 46 47 48 -49 -50 51 -52 -53 54 55 -56 -57 -58 -59 60 0
c Answer: 2703
v -1 -2 3 -4 -5 -6 7 8 9 -10 -11 -12 13 14 15 16 -17 18 -19 -20 -21 22 23
v -24 -25 -26 -27 28 -29 -30 -31 -32 33 -34 -35 36 37 -38 39 40 41 42 -43
v -44 -45 46 47 48 -49 -50 51 -52 53 54 55 -56 -57 -58 -59 60 0
c Answer: 2704
v -1 -2 3 -4 -5 -6 7 8 9 -10 -11 -12 13 14 15 16 -17 18 -19 -20 -21 22 23
v -24 -25 -26 -27 28 -29 -30 -31 -32 33 -34 -35 36 37 -38 39 40 41 42 -43
v 44 -45 46 47 48 -49 -50 51 -52 53 54 55 -56 -57 -58 -59 60 0
c Answer: 2705
v 1 -2 -3 -4 5 6 7 8 -9 -10 11 -12 -13 -14 15 -16 -17 18 -19 -20 -21 22 23
v -24 -25 -26 -27 28 -29 -30 -31 -32 33 -34 -35 36 37 -38 39 40 41 -42 -43
v -44 45 46 47 48 -49 -50 51 -52 -53 54 55 56 -57 -58 -59 60 0
c Answer: 2706
v -1 -2 3 -4 -5 -6 7 8 9 -10 -11 -12 13 14 15 -16 -17 18 -19 -20 -21 22 23
v -24 -25 -26 -27 28 -29 -30 -31 -32 33 -34 -35 36 37 -38 39 40 41 -42 -43
v -44 -45 46 47 48 -49 -50 51 -52 53 54 55 56 -57 -58 -59 60 0
c Answer: 2707
v 1 -2 -3 -4 5 6 7 8 -9 -10 11 -12 -13 -14 15 -16 -17 18 -19 -20 -21 22 23
v -24 -25 -26 -27 28 -29 -30 -31 -32 33 -34 -35 36 37 -38 39 40 41 42 -43
v -44 45 46 47 48 -49 -50 51 -52 -53 54 55 56 -57 -58 -59 60 0
c Answer: 2708
v -1 -2 3 -4 -5 -6 7 8 9 -10 -11 -12 13 14 15 -16 -17 18 -19 -20 -21 22 23
v -24 -25 -26 -27 28 -29 -30 -31 -32 33 -34 -35 36 37 -38 39 40 41 42 -43
v -44 -45 46 47 48 -49 -50 51 -52 53 54 55 56 -57 -58 -59 60 0
c Answer: 2709
v 1 -2 -3 -4 5 6 7 8 -9 -10 11 -12 -13 -14 15 16 -17 18 -19 -20 -21 22 23
v -24 -25 -26 -27 28 -29 -30 -31 -32 33 -34 -35 36 37 -38 39 40 41 -42 -43
v -44 45 46 47 48 -49 -50 51 -52 -53 54 55 56 -57 -58 -59 60 0
c Answer: 2710
v 1 -2 -3 -4 5 6 7 8 -9 -10 11 -12 -13 -14 15 16 -17 18 -19 -20 -21 22 23
v -24 -25 -26 -27 28 -29 -30 -31 -32 33 -34 -35 36 37 -38 39 40 41 42 -43
v -44 45 46 47 48 -49 -50 51 -52 -53 54 55 56 -57 -58 -59 60 0
c Answer: 2711
v -1 -2 3 -4 -5 -6 7 8 9 -10 -11 -12 13 14 15 16 -17 18 -19 -20 -21 22 23
v -24 -25 -26 -27 28 -29 -30 -31 -32 33 -34 -35 36 37 -38 39 40 41 -42 -43
v -44 -45 46 47 48 -49 -50 51 -52 53 54 55 56 -57 -58 -59 60 0
c Answer: 2712
v -1 -2 3 -4 -5 -6 7 8 9 -10 -11 -12 13 14 15 16 -17 18 -19 -20 -21 22 23
v -24 -25 -26 -27 28 -29 -30 -31 -32 33 -34 -35 36 37 -38 39 40 41 42 -43
v -44 -45 46 47 48 -49 -50 51 -52 53 54 55 56 -57 -58 -59 60 0
c Answer: 2713
v 1 -2 -3 -4 5 6 7 8 -9 -10 11 -12 -13 -14 15 -16 -17 18 -19 -20 -21 22 23
v -24 -25 -26 -27 28 -29 -30 -31 -32 33 -34 -35 36 37 -38 39 40 41 -42 -43
v 44 45 46 47 48 -49 -50 51 -52 -53 54 55 56 -57 -58 -59 60 0
c Answer: 2714
v -1 -2 3 -4 -5 -6 7 8 9 -10 -11 -12 13 14 15 -16 -17 18 -19 -20 -21 22 23
v -24 -25 -26 -27 28 -29 -30 -31 -32 33 -34 -35 36 37 -38 39 40 41 -42 -43
v 44 -45 46 47 48 -49 -50 51 -52 53 54 55 56 -57 -58 -59 60 0
c Answer: 2715
v 1 -2 -3 -4 5 6 7 8 -9 -10 11 -12 -13 -14 15 16 -17 18 -19 -20 -21 22 23
v -24 -25 -26 -27 28 -29 -30 -31 -32 33 -34 -35 36 37 -38 39 40 41 -42 -43
v 44 45 46 47 48 -49 -50 51 -52 -53 54 55 56 -57 -58 -59 60 0
c Answer: 2716
v -1 -2 3 -4 -5 -6 7 8 9 -10 -11 -12 13 14 15 16 -17 18 -19 -20 -21 22 23
v -24 -25 -26 -27 28 -29 -30 -31 -32 33 -34 -35 36 37 -38 39 40 41 -42 -43
v 44 -45 46 47 48 -49 -50 51 -52 53 54 55 56 -57 -58 -59 60 0
c Answer: 2717
v 1 -2 -3 -4 5 6 7 8 -9 -10 11 -12 -13 -14 15 -16 -17 18 -19 -20 -21 22 23
v -24 -25 -26 -27 28 -29 -30 -31 -32 33 -34 -35 36 37 -38 39 40 41 42 -43
v 44 45 46 47 48 -49 -50 51 -52 -53 54 55 56 -57 -58 -59 60 0
c Answer: 2718
v 1 -2 -3 -4 5 6 7 8 -9 -10 11 -12 -13 -14 15 16 -17 18 -19 -20 -21 22 23
v -24 -25 -26 -27 28 -29 -30 -31 -32 33 -34 -35 36 37 -38 39 40 41 42 -43
v 44 45 46 47 48 -49 -50 51 -52 -53 54 55 56 -57 -58 -59 60 0
c Answer: 2719
v -1 -2 3 -4 -5 -6 7 8 9 -10 -11 -12 13 14 15 -16 -17 18 -19 -20 -21 22 23
v -24 -25 -26 -27 28 -29 -30 -31 -32 33 -34 -35 36 37 -38 39 40 41 42 -43
v 44 -45 46 47 48 -49 -50 51 -52 53 54 55 56 -57 -58 -59 60 0
c Answer: 2720
v -1 -2 3 -4 -5 -6 7 8 9 -10 -11 -12 13 14 15 16 -17 18 -19 -20 -21 22 23
v -24 -25 -26 -27 28 -29 -30 -31 -32 33 -34 -35 36 37 -38 39 40 41 42 -43
v 44 -45 46 47 48 -49 -50 51 -52 53 54 55 56 -57 -58 -59 60 0
c Answer: 2721
v 1 -2 -3 -4 5 6 7 8 -9 -10 11 -12 -13 -14 15 -16 -17 18 -19 -20 -21 22 23
v -24 -25 -26 -27 28 -29 -30 -31 32 33 -34 -35 36 37 -38 39 40 41 -42 -43
v -44 45 46 47 48 -49 -50 51 -52 -53 54 55 -56 -57 -58 -59 60 0
c Answer: 2722
v -1 -2 3 -4 -5 -6 7 8 9 -10 -11 -12 13 14 15 -16 -17 18 -19 -20 -21 22 23
v -24 -25 -26 -27 28 -29 -30 -31 32 33 -34 -35 36 37 -38 39 40 41 -42 -43
v -44 -45 46 47 48 -49 -50 51 -52 53 54 55 -56 -57 -58 -59 60 0
c Answer: 2723
v 1 -2 -3 -4 5 6 7 8 -9 -10 11 -12 -13 -14 15 -16 -17 18 -19 -20 -21 22 23
v -24 -25 -26 -27 28 -29 -30 -31 32 33 -34 -35 36 37 -38 39 40 41 -42 -43
v -44 45 46 47 48 -49 -50 51 -52 -53 54 55 56 -57 -58 -59 60 0
c Answer: 2724
v -1 -2 3 -4 -5 -6 7 8 9 -10 -11 -12 13 14 15 -16 -17 18 -19 -20 -21 22 23
v -24 -25 -26 -27 28 -29 -30 -31 32 33 -34 -35 36 37 -38 39 40 41 -42 -43
v -44 -45 46 47 48 -49 -50 51 -52 53 54 55 56 -57 -58 -59 60 0
c Answer: 2725
v 1 -2 -3 -4 5 6 7 8 -9 -10 11 -12 -13 -14 15 -16 -17 18 -19 -20 -21 22 23
v -24 -25 -26 -27 28 -29 -30 -31 32 33 -34 -35 36 37 -38 39 40 41 -42 -43
v 44 45 46 47 48 -49 -50 51 -52 -53 54 55 -56 -57 -58 -59 60 0
c Answer: 2726
v 1 -2 -3 -4 5 6 7 8 -9 -10 11 -12 -13 -14 15 -16 -17 18 -19 -20 -21 22 23
v -24 -25 -26 -27 28 -29 -30 -31 32 33 -34 -35 36 37 -38 39 40 41 -42 -43
v 44 45 46 47 48 -49 -50 51 -52 -53 54 55 56 -57 -58 -59 60 0
c Answer: 2727
v -1 -2 3 -4 -5 -6 7 8 9 -10 -11 -12 13 14 15 -16 -17 18 -19 -20 -21 22 23
v -24 -25 -26 -27 28 -29 -30 -31 32 33 -34 -35 36 37 -38 39 40 41 -42 -43
v 44 -45 46 47 48 -49 -50 51 -52 53 54 55 -56 -57 -58 -59 60 0
c Answer: 2728
v -1 -2 3 -4 -5 -6 7 8 9 -10 -11 -12 13 14 15 -16 -17 18 -19 -20 -21 22 23
v -24 -25 -26 -27 28 -29 -30 -31 32 33 -34 -35 36 37 -38 39 40 41 -42 -43
v 44 -45 46 47 48 -49 -50 51 -52 53 54 55 56 -57 -58 -59 60 0
c Answer: 2729
v 1 -2 -3 -4 5 6 7 8 -9 -10 11 -12 -13 -14 15 -16 -17 18 -19 -20 -21 22 23
v -24 -25 -26 -27 28 -29 -30 -31 32 33 -34 -35 36 37 -38 39 40 41 42 -43
v -44 45 46 47 48 -49 -50 51 -52 -53 54 55 -56 -57 -58 -59 60 0
c Answer: 2730
v -1 -2 3 -4 -5 -6 7 8 9 -10 -11 -12 13 14 15 -16 -17 18 -19 -20 -21 22 23
v -24 -25 -26 -27 28 -29 -30 -31 32 33 -34 -35 36 37 -38 39 40 41 42 -43
v -44 -45 46 47 48 -49 -50 51 -52 53 54 55 -56 -57 -58 -59 60 0
c Answer: 2731
v 1 -2 -3 -4 5 6 7 8 -9 -10 11 -12 -13 -14 15 -16 -17 18 -19 -20 -21 22 23
v -24 -25 -26 -27 28 -29 -30 -31 32 33 -34 -35 36 37 -38 39 40 41 42 -43
v 44 45 46 47 48 -49 -50 51 -52 -53 54 55 -56 -57 -58 -59 60 0
c Answer: 2732
v -1 -2 3 -4 -5 -6 7 8 9 -10 -11 -12 13 14 15 -16 -17 18 -19 -20 -21 22 23
v -24 -25 -26 -27 28 -29 -30 -31 32 33 -34 -35 36 37 -38 39 40 41 42 -43
v 44 -45 46 47 48 -49 -50 51 -52 53 54 55 -56 -57 -58 -59 60 0
c Answer: 2733
v 1 -2 -3 -4 5 6 7 8 -9 -10 11 -12 -13 -14 15 -16 -17 18 -19 -20 -21 22 23
v -24 -25 -26 -27 28 -29 -30 -31 32 33 -34 -35 36 37 -38 39 40 41 42 -43
v -44 45 46 47 48 -49 -50 51 -52 -53 54 55 56 -57 -58 -59 60 0
c Answer: 2734
v 1 -2 -3 -4 5 6 7 8 -9 -10 11 -12 -13 -14 15 -16 -17 18 -19 -20 -21 22 23
v -24 -25 -26 -27 28 -29 -30 -31 32 33 -34 -35 36 37 -38 39 40 41 42 -43
v 44 45 46 47 48 -49 -50 51 -52 -53 54 55 56 -57 -58 -59 60 0
c Answer: 2735
v -1 -2 3 -4 -5 -6 7 8 9 -10 -11 -12 13 14 15 -16 -17 18 -19 -20 -21 22 23
v -24 -25 -26 -27 28 -29 -30 -31 32 33 -34 -35 36 37 -38 39 40 41 42 -43
v -44 -45 46 47 48 -49 -50 51 -52 53 54 55 56 -57 -58 -59 60 0
c Answer: 2736
v -1 -2 3 -4 -5 -6 7 8 9 -10 -11 -12 13 14 15 -16 -17 18 -19 -20 -21 22 23
v -24 -25 -26 -27 28 -29 -30 -31 32 33 -34 -35 36 37 -38 39 40 41 42 -43
v 44 -45 46 47 48 -49 -50 51 -52 53 54 55 56 -57 -58 -59 60 0
c Answer: 2737
v 1 -2 -3 -4 5 6 7 8 -9 -10 11 -12 -13 -14 15 16 -17 18 -19 -20 -21 22 23
v -24 -25 -26 -27 28 -29 -30 -31 32 33 -34 -35 36 37 -38 39 40 41 -42 -43
v -44 45 46 47 48 -49 -50 51 -52 -53 54 55 -56 -57 -58 -59 60 0
c Answer: 2738
v -1 -2 3 -4 -5 -6 7 8 9 -10 -11 -12 13 14 15 16 -17 18 -19 -20 -21 22 23
v -24 -25 -26 -27 28 -29 -30 -31 32 33 -34 -35 36 37 -38 39 40 41 -42 -43
v -44 -45 46 47 48 -49 -50 51 -52 53 54 55 -56 -57 -58 -59 60 0
c Answer: 2739
v 1 -2 -3 -4 5 6 7 8 -9 -10 11 -12 -13 -14 15 16 -17 18 -19 -20 -21 22 23
v -24 -25 -26 -27 28 -29 -30 -31 32 33 -34 -35 36 37 -38 39 40 41 42 -43
v -44 45 46 47 48 -49 -50 51 -52 -53 54 55 -56 -57 -58 -59 60 0
c Answer: 2740
v -1 -2 3 -4 -5 -6 7 8 9 -10 -11 -12 13 14 15 16 -17 18 -19 -20 -21 22 23
v -24 -25 -26 -27 28 -29 -30 -31 32 33 -34 -35 36 37 -38 39 40 41 42 -43
v -44 -45 46 47 48 -49 -50 51 -52 53 54 55 -56 -57 -58 -59 60 0
c Answer: 2741
v 1 -2 -3 -4 5 6 7 8 -9 -10 11 -12 -13 -14 15 16 -17 18 -19 -20 -21 22 23
v -24 -25 -26 -27 28 -29 -30 -31 32 33 -34 -35 36 37 -38 39 40 41 -42 -43
v -44 45 46 47 48 -49 -50 51 -52 -53 54 55 56 -57 -58 -59 60 0
c Answer: 2742
v 1 -2 -3 -4 5 6 7 8 -9 -10 11 -12 -13 -14 15 16 -17 18 -19 -20 -21 22 23
v -24 -25 -26 -27 28 -29 -30 -31 32 33 -34 -35 36 37 -38 39 40 41 42 -43
v -44 45 46 47 48 -49 -50 51 -52 -53 54 55 56 -57 -58 -59 60 0
c Answer: 2743
v -1 -2 3 -4 -5 -6 7 8 9 -10 -11 -12 13 14 15 16 -17 18 -19 -20 -21 22 23
v -24 -25 -26 -27 28 -29 -30 -31 32 33 -34 -35 36 37 -38 39 40 41 -42 -43
v -44 -45 46 47 48 -49 -50 51 -52 53 54 55 56 -57 -58 -59 60 0
c Answer: 2744
v -1 -2 3 -4 -5 -6 7 8 9 -10 -11 -12 13 14 15 16 -17 18 -19 -20 -21 22 23
v -24 -25 -26 -27 28 -29 -30 -31 32 33 -34 -35 36 37 -38 39 40 41 42 -43
v -44 -45 46 47 48 -49 -50 51 -52 53 54 55 56 -57 -58 -59 60 0
c Answer: 2745
v 1 -2 -3 -4 5 6 7 8 -9 -10 11 -12 -13 -14 15 16 -17 18 -19 -20 -21 22 23
v -24 -25 -26 -27 28 -29 -30 -31 32 33 -34 -35 36 37 -38 39 40 41 -42 -43
v 44 45 46 47 48 -49 -50 51 -52 -53 54 55 -56 -57 -58 -59 60 0
c Answer: 2746
v -1 -2 3 -4 -5 -6 7 8 9 -10 -11 -12 13 14 15 16 -17 18 -19 -20 -21 22 23
v -24 -25 -26 -27 28 -29 -30 -31 32 33 -34 -35 36 37 -38 39 40 41 -42 -43
v 44 -45 46 47 48 -49 -50 51 -52 53 54 55 -56 -57 -58 -59 60 0
c Answer: 2747
v 1 -2 -3 -4 5 6 7 8 -9 -10 11 -12 -13 -14 15 16 -17 18 -19 -20 -21 22 23
v -24 -25 -26 -27 28 -29 -30 -31 32 33 -34 -35 36 37 -38 39 40 41 -42 -43
v 44 45 46 47 48 -49 -50 51 -52 -53 54 55 56 -57 -58 -59 60 0
c Answer: 2748
v -1 -2 3 -4 -5 -6 7 8 9 -10 -11 -12 13 14 15 16 -17 18 -19 -20 -21 22 23
v -24 -25 -26 -27 28 -29 -30 -31 32 33 -34 -35 36 37 -38 39 40 41 -42 -43
v 44 -45 46 47 48 -49 -50 51 -52 53 54 55 56 -57 -58 -59 60 0
c Answer: 2749
v 1 -2 -3 -4 5 6 7 8 -9 -10 11 -12 -13 -14 15 16 -17 18 -19 -20 -21 22 23
v -24 -25 -26 -27 28 -29 -30 -31 32 33 -34 -35 36 37 -38 39 40 41 42 -43
v 44 45 46 47 48 -49 -50 51 -52 -53 54 55 -56 -57 -58 -59 60 0
c Answer: 2750
v 1 -2 -3 -4 5 6 7 8 -9 -10 11 -12 -13 -14 15 16 -17 18 -19 -20 -21 22 23
v -24 -25 -26 -27 28 -29 -30 -31 32 33 -34 -35 36 37 -38 39 40 41 42 -43
v 44 45 46 47 48 -49 -50 51 -52 -53 54 55 56 -57 -58 -59 60 0
c Answer: 2751
v -1 -2 3 -4 -5 -6 7 8 9 -10 -11 -12 13 14 15 16 -17 18 -19 -20 -21 22 23
v -24 -25 -26 -27 28 -29 -30 -31 32 33 -34 -35 36 37 -38 39 40 41 42 -43
v 44 -45 46 47 48 -49 -50 51 -52 53 54 55 -56 -57 -58 -59 60 0
c Answer: 2752
v -1 -2 3 -4 -5 -6 7 8 9 -10 -11 -12 13 14 15 16 -17 18 -19 -20 -21 22 23
v -24 -25 -26 -27 28 -29 -30 -31 32 33 -34 -35 36 37 -38 39 40 41 42 -43
v 44 -45 46 47 48 -49 -50 51 -52 53 54 55 56 -57 -58 -59 60 0
c Answer: 2753
v 1 -2 -3 -4 5 6 7 8 -9 -10 11 -12 -13 -14 15 -16 -17 18 -19 -20 -21 22 23
v 24 -25 -26 -27 28 -29 -30 -31 -32 33 -34 -35 36 37 -38 39 40 41 -42 -43
v -44 45 46 47 48 -49 -50 51 -52 -53 54 55 -56 -57 -58 -59 60 0
c Answer: 2754
v -1 -2 3 -4 -5 -6 7 8 9 -10 -11 -12 13 14 15 -16 -17 18 -19 -20 -21 22 23
v 24 -25 -26 -27 28 -29 -30 -31 -32 33 -34 -35 36 37 -38 39 40 41 -42 -43
v -44 -45 46 47 48 -49 -50 51 -52 53 54 55 -56 -57 -58 -59 60 0
c Answer: 2755
v 1 -2 -3 -4 5 6 7 8 -9 -10 11 -12 -13 -14 15 -16 -17 18 -19 -20 -21 22 23
v 24 -25 -26 -27 28 -29 -30 -31 32 33 -34 -35 36 37 -38 39 40 41 -42 -43
v -44 45 46 47 48 -49 -50 51 -52 -53 54 55 -56 -57 -58 -59 60 0
c Answer: 2756
v -1 -2 3 -4 -5 -6 7 8 9 -10 -11 -12 13 14 15 -16 -17 18 -19 -20 -21 22 23
v 24 -25 -26 -27 28 -29 -30 -31 32 33 -34 -35 36 37 -38 39 40 41 -42 -43
v -44 -45 46 47 48 -49 -50 51 -52 53 54 55 -56 -57 -58 -59 60 0
c Answer: 2757
v 1 -2 -3 -4 5 6 7 8 -9 -10 11 -12 -13 -14 15 16 -17 18 -19 -20 -21 22 23
v 24 -25 -26 -27 28 -29 -30 -31 -32 33 -34 -35 36 37 -38 39 40 41 -42 -43
v -44 45 46 47 48 -49 -50 51 -52 -53 54 55 -56 -57 -58 -59 60 0
c Answer: 2758
v 1 -2 -3 -4 5 6 7 8 -9 -10 11 -12 -13 -14 15 16 -17 18 -19 -20 -21 22 23
v 24 -25 -26 -27 28 -29 -30 -31 32 33 -34 -35 36 37 -38 39 40 41 -42 -43
v -44 45 46 47 48 -49 -50 51 -52 -53 54 55 -56 -57 -58 -59 60 0
c Answer: 2759
v -1 -2 3 -4 -5 -6 7 8 9 -10 -11 -12 13 14 15 16 -17 18 -19 -20 -21 22 23
v 24 -25 -26 -27 28 -29 -30 -31 -32 33 -34 -35 36 37 -38 39 40 41 -42 -43
v -44 -45 46 47 48 -49 -50 51 -52 53 54 55 -56 -57 -58 -59 60 0
c Answer: 2760
v -1 -2 3 -4 -5 -6 7 8 9 -10 -11 -12 13 14 15 16 -17 18 -19 -20 -21 22 23
v 24 -25 -26 -27 28 -29 -30 -31 32 33 -34 -35 36 37 -38 39 40 41 -42 -43
v -44 -45 46 47 48 -49 -50 51 -52 53 54 55 -56 -57 -58 -59 60 0
c Answer: 2761
v 1 -2 -3 -4 5 6 7 8 -9 -10 11 -12 -13 -14 15 -16 -17 18 -19 -20 -21 22 23
v 24 -25 -26 -27 28 -29 -30 -31 -32 33 -34 -35 36 37 -38 39 40 41 -42 -43
v 44 45 46 47 48 -49 -50 51 -52 -53 54 55 -56 -57 -58 -59 60 0
c Answer: 2762
v -1 -2 3 -4 -5 -6 7 8 9 -10 -11 -12 13 14 15 -16 -17 18 -19 -20 -21 22 23
v 24 -25 -26 -27 28 -29 -30 -31 -32 33 -34 -35 36 37 -38 39 40 41 -42 -43
v 44 -45 46 47 48 -49 -50 51 -52 53 54 55 -56 -57 -58 -59 60 0
c Answer: 2763
v 1 -2 -3 -4 5 6 7 8 -9 -10 11 -12 -13 -14 15 16 -17 18 -19 -20 -21 22 23
v 24 -25 -26 -27 28 -29 -30 -31 -32 33 -34 -35 36 37 -38 39 40 41 -42 -43
v 44 45 46 47 48 -49 -50 51 -52 -53 54 55 -56 -57 -58 -59 60 0
c Answer: 2764
v -1 -2 3 -4 -5 -6 7 8 9 -10 -11 -12 13 14 15 16 -17 18 -19 -20 -21 22 23
v 24 -25 -26 -27 28 -29 -30 -31 -32 33 -34 -35 36 37 -38 39 40 41 -42 -43
v 44 -45 46 47 48 -49 -50 51 -52 53 54 55 -56 -57 -58 -59 60 0
c Answer: 2765
v 1 -2 -3 -4 5 6 7 8 -9 -10 11 -12 -13 -14 15 -16 -17 18 -19 -20 -21 22 23
v 24 -25 -26 -27 28 -29 -30 -31 32 33 -34 -35 36 37 -38 39 40 41 -42 -43
v 44 45 46 47 48 -49 -50 51 -52 -53 54 55 -56 -57 -58 -59 60 0
c Answer: 2766
v 1 -2 -3 -4 5 6 7 8 -9 -10 11 -12 -13 -14 15 16 -17 18 -19 -20 -21 22 23
v 24 -25 -26 -27 28 -29 -30 -31 32 33 -34 -35 36 37 -38 39 40 41 -42 -43
v 44 45 46 47 48 -49 -50 51 -52 -53 54 55 -56 -57 -58 -59 60 0
c Answer: 2767
v -1 -2 3 -4 -5 -6 7 8 9 -10 -11 -12 13 14 15 -16 -17 18 -19 -20 -21 22 23
v 24 -25 -26 -27 28 -29 -30 -31 32 33 -34 -35 36 37 -38 39 40 41 -42 -43
v 44 -45 46 47 48 -49 -50 51 -52 53 54 55 -56 -57 -58 -59 60 0
c Answer: 2768
v -1 -2 3 -4 -5 -6 7 8 9 -10 -11 -12 13 14 15 16 -17 18 -19 -20 -21 22 23
v 24 -25 -26 -27 28 -29 -30 -31 32 33 -34 -35 36 37 -38 39 40 41 -42 -43
v 44 -45 46 47 48 -49 -50 51 -52 53 54 55 -56 -57 -58 -59 60 0
c Answer: 2769
v 1 -2 -3 -4 5 6 7 8 -9 -10 11 -12 -13 -14 15 -16 -17 18 -19 -20 -21 22 23
v 24 -25 -26 -27 28 -29 -30 -31 -32 33 -34 -35 36 37 -38 39 40 41 42 -43
v -44 45 46 47 48 -49 -50 51 -52 -53 54 55 -56 -57 -58 -59 60 0
c Answer: 2770
v -1 -2 3 -4 -5 -6 7 8 9 -10 -11 -12 13 14 15 -16 -17 18 -19 -20 -21 22 23
v 24 -25 -26 -27 28 -29 -30 -31 -32 33 -34 -35 36 37 -38 39 40 41 42 -43
v -44 -45 46 47 48 -49 -50 51 -52 53 54 55 -56 -57 -58 -59 60 0
c Answer: 2771
v 1 -2 -3 -4 5 6 7 8 -9 -10 11 -12 -13 -14 15 -16 -17 18 -19 -20 -21 22 23
v 24 -25 -26 -27 28 -29 -30 -31 -32 33 -34 -35 36 37 -38 39 40 41 42 -43
v 44 45 46 47 48 -49 -50 51 -52 -53 54 55 -56 -57 -58 -59 60 0
c Answer: 2772
v -1 -2 3 -4 -5 -6 7 8 9 -10 -11 -12 13 14 15 -16 -17 18 -19 -20 -21 22 23
v 24 -25 -26 -27 28 -29 -30 -31 -32 33 -34 -35 36 37 -38 39 40 41 42 -43
v 44 -45 46 47 48 -49 -50 51 -52 53 54 55 -56 -57 -58 -59 60 0
c Answer: 2773
v 1 -2 -3 -4 5 6 7 8 -9 -10 11 -12 -13 -14 15 -16 -17 18 -19 -20 -21 22 23
v 24 -25 -26 -27 28 -29 -30 -31 32 33 -34 -35 36 37 -38 39 40 41 42 -43 -44
v 45 46 47 48 -49 -50 51 -52 -53 54 55 -56 -57 -58 -59 60 0
c Answer: 2774
v 1 -2 -3 -4 5 6 7 8 -9 -10 11 -12 -13 -14 15 -16 -17 18 -19 -20 -21 22 23
v 24 -25 -26 -27 28 -29 -30 -31 32 33 -34 -35 36 37 -38 39 40 41 42 -43 44
v 45 46 47 48 -49 -50 51 -52 -53 54 55 -56 -57 -58 -59 60 0
c Answer: 2775
v -1 -2 3 -4 -5 -6 7 8 9 -10 -11 -12 13 14 15 -16 -17 18 -19 -20 -21 22 23
v 24 -25 -26 -27 28 -29 -30 -31 32 33 -34 -35 36 37 -38 39 40 41 42 -43 -44
v -45 46 47 48 -49 -50 51 -52 53 54 55 -56 -57 -58 -59 60 0
c Answer: 2776
v -1 -2 3 -4 -5 -6 7 8 9 -10 -11 -12 13 14 15 -16 -17 18 -19 -20 -21 22 23
v 24 -25 -26 -27 28 -29 -30 -31 32 33 -34 -35 36 37 -38 39 40 41 42 -43 44
v -45 46 47 48 -49 -50 51 -52 53 54 55 -56 -57 -58 -59 60 0
c Answer: 2777
v 1 -2 -3 -4 5 6 7 8 -9 -10 11 -12 -13 -14 15 16 -17 18 -19 -20 -21 22 23
v 24 -25 -26 -27 28 -29 -30 -31 -32 33 -34 -35 36 37 -38 39 40 41 42 -43
v -44 45 46 47 48 -49 -50 51 -52 -53 54 55 -56 -57 -58 -59 60 0
c Answer: 2778
v -1 -2 3 -4 -5 -6 7 8 9 -10 -11 -12 13 14 15 16 -17 18 -19 -20 -21 22 23
v 24 -25 -26 -27 28 -29 -30 -31 -32 33 -34 -35 36 37 -38 39 40 41 42 -43
v -44 -45 46 47 48 -49 -50 51 -52 53 54 55 -56 -57 -58 -59 60 0
c Answer: 2779
v 1 -2 -3 -4 5 6 7 8 -9 -10 11 -12 -13 -14 15 16 -17 18 -19 -20 -21 22 23
v 24 -25 -26 -27 28 -29 -30 -31 32 33 -34 -35 36 37 -38 39 40 41 42 -43 -44
v 45 46 47 48 -49 -50 51 -52 -53 54 55 -56 -57 -58 -59 60 0
c Answer: 2780
v -1 -2 3 -4 -5 -6 7 8 9 -10 -11 -12 13 14 15 16 -17 18 -19 -20 -21 22 23
v 24 -25 -26 -27 28 -29 -30 -31 32 33 -34 -35 36 37 -38 39 40 41 42 -43 -44
v -45 46 47 48 -49 -50 51 -52 53 54 55 -56 -57 -58 -59 60 0
c Answer: 2781
v 1 -2 -3 -4 5 6 7 8 -9 -10 11 -12 -13 -14 15 16 -17 18 -19 -20 -21 22 23
v 24 -25 -26 -27 28 -29 -30 -31 -32 33 -34 -35 36 37 -38 39 40 41 42 -43
v 44 45 46 47 48 -49 -50 51 -52 -53 54 55 -56 -57 -58 -59 60 0
c Answer: 2782
v 1 -2 -3 -4 5 6 7 8 -9 -10 11 -12 -13 -14 15 16 -17 18 -19 -20 -21 22 23
v 24 -25 -26 -27 28 -29 -30 -31 32 33 -34 -35 36 37 -38 39 40 41 42 -43 44
v 45 46 47 48 -49 -50 51 -52 -53 54 55 -56 -57 -58 -59 60 0
c Answer: 2783
v -1 -2 3 -4 -5 -6 7 8 9 -10 -11 -12 13 14 15 16 -17 18 -19 -20 -21 22 23
v 24 -25 -26 -27 28 -29 -30 -31 -32 33 -34 -35 36 37 -38 39 40 41 42 -43
v 44 -45 46 47 48 -49 -50 51 -52 53 54 55 -56 -57 -58 -59 60 0
c Answer: 2784
v -1 -2 3 -4 -5 -6 7 8 9 -10 -11 -12 13 14 15 16 -17 18 -19 -20 -21 22 23
v 24 -25 -26 -27 28 -29 -30 -31 32 33 -34 -35 36 37 -38 39 40 41 42 -43 44
v -45 46 47 48 -49 -50 51 -52 53 54 55 -56 -57 -58 -59 60 0
c Answer: 2785
v 1 -2 -3 -4 5 6 7 8 -9 -10 11 -12 -13 -14 15 -16 -17 18 -19 -20 -21 22 23
v 24 -25 -26 -27 28 -29 -30 -31 -32 33 -34 -35 36 37 -38 39 40 41 -42 -43
v -44 45 46 47 48 -49 -50 51 -52 -53 54 55 56 -57 -58 -59 60 0
c Answer: 2786
v -1 -2 3 -4 -5 -6 7 8 9 -10 -11 -12 13 14 15 -16 -17 18 -19 -20 -21 22 23
v 24 -25 -26 -27 28 -29 -30 -31 -32 33 -34 -35 36 37 -38 39 40 41 -42 -43
v -44 -45 46 47 48 -49 -50 51 -52 53 54 55 56 -57 -58 -59 60 0
c Answer: 2787
v 1 -2 -3 -4 5 6 7 8 -9 -10 11 -12 -13 -14 15 -16 -17 18 -19 -20 -21 22 23
v 24 -25 -26 -27 28 -29 -30 -31 -32 33 -34 -35 36 37 -38 39 40 41 42 -43
v -44 45 46 47 48 -49 -50 51 -52 -53 54 55 56 -57 -58 -59 60 0
c Answer: 2788
v -1 -2 3 -4 -5 -6 7 8 9 -10 -11 -12 13 14 15 -16 -17 18 -19 -20 -21 22 23
v 24 -25 -26 -27 28 -29 -30 -31 -32 33 -34 -35 36 37 -38 39 40 41 42 -43
v -44 -45 46 47 48 -49 -50 51 -52 53 54 55 56 -57 -58 -59 60 0
c Answer: 2789
v 1 -2 -3 -4 5 6 7 8 -9 -10 11 -12 -13 -14 15 16 -17 18 -19 -20 -21 22 23
v 24 -25 -26 -27 28 -29 -30 -31 -32 33 -34 -35 36 37 -38 39 40 41 -42 -43
v -44 45 46 47 48 -49 -50 51 -52 -53 54 55 56 -57 -58 -59 60 0
c Answer: 2790
v 1 -2 -3 -4 5 6 7 8 -9 -10 11 -12 -13 -14 15 16 -17 18 -19 -20 -21 22 23
v 24 -25 -26 -27 28 -29 -30 -31 -32 33 -34 -35 36 37 -38 39 40 41 42 -43
v -44 45 46 47 48 -49 -50 51 -52 -53 54 55 56 -57 -58 -59 60 0
c Answer: 2791
v -1 -2 3 -4 -5 -6 7 8 9 -10 -11 -12 13 14 15 16 -17 18 -19 -20 -21 22 23
v 24 -25 -26 -27 28 -29 -30 -31 -32 33 -34 -35 36 37 -38 39 40 41 -42 -43
v -44 -45 46 47 48 -49 -50 51 -52 53 54 55 56 -57 -58 -59 60 0
c Answer: 2792
v -1 -2 3 -4 -5 -6 7 8 9 -10 -11 -12 13 14 15 16 -17 18 -19 -20 -21 22 23
v 24 -25 -26 -27 28 -29 -30 -31 -32 33 -34 -35 36 37 -38 39 40 41 42 -43
v -44 -45 46 47 48 -49 -50 51 -52 53 54 55 56 -57 -58 -59 60 0
c Answer: 2793
v 1 -2 -3 -4 5 6 7 8 -9 -10 11 -12 -13 -14 15 -16 -17 18 -19 -20 -21 22 23
v 24 -25 -26 -27 28 -29 -30 -31 -32 33 -34 -35 36 37 -38 39 40 41 -42 -43
v 44 45 46 47 48 -49 -50 51 -52 -53 54 55 56 -57 -58 -59 60 0
c Answer: 2794
v -1 -2 3 -4 -5 -6 7 8 9 -10 -11 -12 13 14 15 -16 -17 18 -19 -20 -21 22 23
v 24 -25 -26 -27 28 -29 -30 -31 -32 33 -34 -35 36 37 -38 39 40 41 -42 -43
v 44 -45 46 47 48 -49 -50 51 -52 53 54 55 56 -57 -58 -59 60 0
c Answer: 2795
v 1 -2 -3 -4 5 6 7 8 -9 -10 11 -12 -13 -14 15 16 -17 18 -19 -20 -21 22 23
v 24 -25 -26 -27 28 -29 -30 -31 -32 33 -34 -35 36 37 -38 39 40 41 -42 -43
v 44 45 46 47 48 -49 -50 51 -52 -53 54 55 56 -57 -58 -59 60 0
c Answer: 2796
v -1 -2 3 -4 -5 -6 7 8 9 -10 -11 -12 13 14 15 16 -17 18 -19 -20 -21 22 23
v 24 -25 -26 -27 28 -29 -30 -31 -32 33 -34 -35 36 37 -38 39 40 41 -42 -43
v 44 -45 46 47 48 -49 -50 51 -52 53 54 55 56 -57 -58 -59 60 0
c Answer: 2797
v 1 -2 -3 -4 5 6 7 8 -9 -10 11 -12 -13 -14 15 -16 -17 18 -19 -20 -21 22 23
v 24 -25 -26 -27 28 -29 -30 -31 -32 33 -34 -35 36 37 -38 39 40 41 42 -43
v 44 45 46 47 48 -49 -50 51 -52 -53 54 55 56 -57 -58 -59 60 0
c Answer: 2798
v 1 -2 -3 -4 5 6 7 8 -9 -10 11 -12 -13 -14 15 16 -17 18 -19 -20 -21 22 23
v 24 -25 -26 -27 28 -29 -30 -31 -32 33 -34 -35 36 37 -38 39 40 41 42 -43
v 44 45 46 47 48 -49 -50 51 -52 -53 54 55 56 -57 -58 -59 60 0
c Answer: 2799
v -1 -2 3 -4 -5 -6 7 8 9 -10 -11 -12 13 14 15 -16 -17 18 -19 -20 -21 22 23
v 24 -25 -26 -27 28 -29 -30 -31 -32 33 -34 -35 36 37 -38 39 40 41 42 -43
v 44 -45 46 47 48 -49 -50 51 -52 53 54 55 56 -57 -58 -59 60 0
c Answer: 2800
v -1 -2 3 -4 -5 -6 7 8 9 -10 -11 -12 13 14 15 16 -17 18 -19 -20 -21 22 23
v 24 -25 -26 -27 28 -29 -30 -31 -32 33 -34 -35 36 37 -38 39 40 41 42 -43
v 44 -45 46 47 48 -49 -50 51 -52 53 54 55 56 -57 -58 -59 60 0
c Answer: 2801
v 1 -2 -3 -4 5 6 7 8 -9 -10 11 -12 -13 -14 15 -16 -17 18 -19 -20 -21 22 23
v 24 -25 -26 -27 28 -29 -30 -31 32 33 -34 -35 36 37 -38 39 40 41 -42 -43
v -44 45 46 47 48 -49 -50 51 -52 -53 54 55 56 -57 -58 -59 60 0
c Answer: 2802
v -1 -2 3 -4 -5 -6 7 8 9 -10 -11 -12 13 14 15 -16 -17 18 -19 -20 -21 22 23
v 24 -25 -26 -27 28 -29 -30 -31 32 33 -34 -35 36 37 -38 39 40 41 -42 -43
v -44 -45 46 47 48 -49 -50 51 -52 53 54 55 56 -57 -58 -59 60 0
c Answer: 2803
v 1 -2 -3 -4 5 6 7 8 -9 -10 11 -12 -13 -14 15 -16 -17 18 -19 -20 -21 22 23
v 24 -25 -26 -27 28 -29 -30 -31 32 33 -34 -35 36 37 -38 39 40 41 -42 -43
v 44 45 46 47 48 -49 -50 51 -52 -53 54 55 56 -57 -58 -59 60 0
c Answer: 2804
v -1 -2 3 -4 -5 -6 7 8 9 -10 -11 -12 13 14 15 -16 -17 18 -19 -20 -21 22 23
v 24 -25 -26 -27 28 -29 -30 -31 32 33 -34 -35 36 37 -38 39 40 41 -42 -43
v 44 -45 46 47 48 -49 -50 51 -52 53 54 55 56 -57 -58 -59 60 0
c Answer: 2805
v 1 -2 -3 -4 5 6 7 8 -9 -10 11 -12 -13 -14 15 -16 -17 18 -19 -20 -21 22 23
v 24 -25 -26 -27 28 -29 -30 -31 32 33 -34 -35 36 37 -38 39 40 41 42 -43 -44
v 45 46 47 48 -49 -50 51 -52 -53 54 55 56 -57 -58 -59 60 0
c Answer: 2806
v 1 -2 -3 -4 5 6 7 8 -9 -10 11 -12 -13 -14 15 -16 -17 18 -19 -20 -21 22 23
v 24 -25 -26 -27 28 -29 -30 -31 32 33 -34 -35 36 37 -38 39 40 41 42 -43 44
v 45 46 47 48 -49 -50 51 -52 -53 54 55 56 -57 -58 -59 60 0
c Answer: 2807
v -1 -2 3 -4 -5 -6 7 8 9 -10 -11 -12 13 14 15 -16 -17 18 -19 -20 -21 22 23
v 24 -25 -26 -27 28 -29 -30 -31 32 33 -34 -35 36 37 -38 39 40 41 42 -43 -44
v -45 46 47 48 -49 -50 51 -52 53 54 55 56 -57 -58 -59 60 0
c Answer: 2808
v -1 -2 3 -4 -5 -6 7 8 9 -10 -11 -12 13 14 15 -16 -17 18 -19 -20 -21 22 23
v 24 -25 -26 -27 28 -29 -30 -31 32 33 -34 -35 36 37 -38 39 40 41 42 -43 44
v -45 46 47 48 -49 -50 51 -52 53 54 55 56 -57 -58 -59 60 0
c Answer: 2809
v 1 -2 -3 -4 5 6 7 8 -9 -10 11 -12 -13 -14 15 16 -17 18 -19 -20 -21 22 23
v 24 -25 -26 -27 28 -29 -30 -31 32 33 -34 -35 36 37 -38 39 40 41 -42 -43
v -44 45 46 47 48 -49 -50 51 -52 -53 54 55 56 -57 -58 -59 60 0
c Answer: 2810
v -1 -2 3 -4 -5 -6 7 8 9 -10 -11 -12 13 14 15 16 -17 18 -19 -20 -21 22 23
v 24 -25 -26 -27 28 -29 -30 -31 32 33 -34 -35 36 37 -38 39 40 41 -42 -43
v -44 -45 46 47 48 -49 -50 51 -52 53 54 55 56 -57 -58 -59 60 0
c Answer: 2811
v 1 -2 -3 -4 5 6 7 8 -9 -10 11 -12 -13 -14 15 16 -17 18 -19 -20 -21 22 23
v 24 -25 -26 -27 28 -29 -30 -31 32 33 -34 -35 36 37 -38 39 40 41 42 -43 -44
v 45 46 47 48 -49 -50 51 -52 -53 54 55 56 -57 -58 -59 60 0
c Answer: 2812
v -1 -2 3 -4 -5 -6 7 8 9 -10 -11 -12 13 14 15 16 -17 18 -19 -20 -21 22 23
v 24 -25 -26 -27 28 -29 -30 -31 32 33 -34 -35 36 37 -38 39 40 41 42 -43 -44
v -45 46 47 48 -49 -50 51 -52 53 54 55 56 -57 -58 -59 60 0
c Answer: 2813
v 1 -2 -3 -4 5 6 7 8 -9 -10 11 -12 -13 -14 15 16 -17 18 -19 -20 -21 22 23
v 24 -25 -26 -27 28 -29 -30 -31 32 33 -34 -35 36 37 -38 39 40 41 -42 -43
v 44 45 46 47 48 -49 -50 51 -52 -53 54 55 56 -57 -58 -59 60 0
c Answer: 2814
v 1 -2 -3 -4 5 6 7 8 -9 -10 11 -12 -13 -14 15 16 -17 18 -19 -20 -21 22 23
v 24 -25 -26 -27 28 -29 -30 -31 32 33 -34 -35 36 37 -38 39 40 41 42 -43 44
v 45 46 47 48 -49 -50 51 -52 -53 54 55 56 -57 -58 -59 60 0
c Answer: 2815
v -1 -2 3 -4 -5 -6 7 8 9 -10 -11 -12 13 14 15 16 -17 18 -19 -20 -21 22 23
v 24 -25 -26 -27 28 -29 -30 -31 32 33 -34 -35 36 37 -38 39 40 41 -42 -43
v 44 -45 46 47 48 -49 -50 51 -52 53 54 55 56 -57 -58 -59 60 0
c Answer: 2816
v -1 -2 3 -4 -5 -6 7 8 9 -10 -11 -12 13 14 15 16 -17 18 -19 -20 -21 22 23
v 24 -25 -26 -27 28 -29 -30 -31 32 33 -34 -35 36 37 -38 39 40 41 42 -43 44
v -45 46 47 48 -49 -50 51 -52 53 54 55 56 -57 -58 -59 60 0
c Answer: 2817
v 1 -2 -3 -4 5 6 7 8 -9 -10 11 -12 -13 -14 15 -16 -17 18 -19 -20 -21 22 23
v -24 -25 -26 -27 28 -29 -30 -31 -32 33 -34 -35 36 37 -38 39 40 41 -42 43
v -44 45 46 47 48 -49 -50 51 -52 -53 54 55 -56 -57 -58 -59 -60 0
c Answer: 2818
v -1 -2 3 -4 -5 -6 7 8 9 -10 -11 -12 13 14 15 -16 -17 18 -19 -20 -21 22 23
v -24 -25 -26 -27 28 -29 -30 -31 -32 33 -34 -35 36 37 -38 39 40 41 -42 43
v -44 -45 46 47 48 -49 -50 51 -52 53 54 55 -56 -57 -58 -59 -60 0
c Answer: 2819
v 1 -2 -3 -4 5 6 7 8 -9 -10 11 -12 -13 -14 15 -16 -17 18 -19 -20 -21 22 23
v -24 -25 -26 -27 28 -29 -30 -31 -32 33 -34 -35 36 37 -38 39 40 41 -42 43
v -44 45 46 47 48 -49 -50 51 -52 -53 54 55 -56 -57 -58 -59 60 0
c Answer: 2820
v -1 -2 3 -4 -5 -6 7 8 9 -10 -11 -12 13 14 15 -16 -17 18 -19 -20 -21 22 23
v -24 -25 -26 -27 28 -29 -30 -31 -32 33 -34 -35 36 37 -38 39 40 41 -42 43
v -44 -45 46 47 48 -49 -50 51 -52 53 54 55 -56 -57 -58 -59 60 0
c Answer: 2821
v 1 -2 -3 -4 5 6 7 8 -9 -10 11 -12 -13 -14 15 -16 -17 18 -19 -20 -21 22 23
v 24 -25 -26 -27 28 -29 -30 -31 -32 33 -34 -35 36 37 -38 39 40 41 -42 43
v -44 45 46 47 48 -49 -50 51 -52 -53 54 55 -56 -57 -58 -59 -60 0
c Answer: 2822
v 1 -2 -3 -4 5 6 7 8 -9 -10 11 -12 -13 -14 15 -16 -17 18 -19 -20 -21 22 23
v 24 -25 -26 -27 28 -29 -30 -31 -32 33 -34 -35 36 37 -38 39 40 41 -42 43
v -44 45 46 47 48 -49 -50 51 -52 -53 54 55 -56 -57 -58 -59 60 0
c Answer: 2823
v -1 -2 3 -4 -5 -6 7 8 9 -10 -11 -12 13 14 15 -16 -17 18 -19 -20 -21 22 23
v 24 -25 -26 -27 28 -29 -30 -31 -32 33 -34 -35 36 37 -38 39 40 41 -42 43
v -44 -45 46 47 48 -49 -50 51 -52 53 54 55 -56 -57 -58 -59 -60 0
c Answer: 2824
v -1 -2 3 -4 -5 -6 7 8 9 -10 -11 -12 13 14 15 -16 -17 18 -19 -20 -21 22 23
v 24 -25 -26 -27 28 -29 -30 -31 -32 33 -34 -35 36 37 -38 39 40 41 -42 43
v -44 -45 46 47 48 -49 -50 51 -52 53 54 55 -56 -57 -58 -59 60 0
c Answer: 2825
v 1 -2 -3 -4 5 6 7 8 -9 -10 11 -12 -13 -14 15 -16 -17 18 -19 -20 -21 22 23
v -24 -25 -26 -27 28 -29 -30 -31 -32 33 -34 -35 36 37 -38 39 40 41 -42 43
v -44 45 46 47 48 -49 -50 51 -52 -53 54 55 56 -57 -58 -59 -60 0
c Answer: 2826
v -1 -2 3 -4 -5 -6 7 8 9 -10 -11 -12 13 14 15 -16 -17 18 -19 -20 -21 22 23
v -24 -25 -26 -27 28 -29 -30 -31 -32 33 -34 -35 36 37 -38 39 40 41 -42 43
v -44 -45 46 47 48 -49 -50 51 -52 53 54 55 56 -57 -58 -59 -60 0
c Answer: 2827
v 1 -2 -3 -4 5 6 7 8 -9 -10 11 -12 -13 -14 15 -16 -17 18 -19 -20 -21 22 23
v 24 -25 -26 -27 28 -29 -30 -31 -32 33 -34 -35 36 37 -38 39 40 41 -42 43
v -44 45 46 47 48 -49 -50 51 -52 -53 54 55 56 -57 -58 -59 -60 0
c Answer: 2828
v -1 -2 3 -4 -5 -6 7 8 9 -10 -11 -12 13 14 15 -16 -17 18 -19 -20 -21 22 23
v 24 -25 -26 -27 28 -29 -30 -31 -32 33 -34 -35 36 37 -38 39 40 41 -42 43
v -44 -45 46 47 48 -49 -50 51 -52 53 54 55 56 -57 -58 -59 -60 0
c Answer: 2829
v 1 -2 -3 -4 5 6 7 8 -9 -10 11 -12 -13 -14 15 -16 -17 18 -19 -20 -21 22 23
v -24 -25 -26 -27 28 -29 -30 -31 -32 33 -34 -35 36 37 -38 39 40 41 -42 43
v -44 45 46 47 48 -49 -50 51 -52 -53 54 55 56 -57 -58 -59 60 0
c Answer: 2830
v 1 -2 -3 -4 5 6 7 8 -9 -10 11 -12 -13 -14 15 -16 -17 18 -19 -20 -21 22 23
v 24 -25 -26 -27 28 -29 -30 -31 -32 33 -34 -35 36 37 -38 39 40 41 -42 43
v -44 45 46 47 48 -49 -50 51 -52 -53 54 55 56 -57 -58 -59 60 0
c Answer: 2831
v -1 -2 3 -4 -5 -6 7 8 9 -10 -11 -12 13 14 15 -16 -17 18 -19 -20 -21 22 23
v -24 -25 -26 -27 28 -29 -30 -31 -32 33 -34 -35 36 37 -38 39 40 41 -42 43
v -44 -45 46 47 48 -49 -50 51 -52 53 54 55 56 -57 -58 -59 60 0
c Answer: 2832
v -1 -2 3 -4 -5 -6 7 8 9 -10 -11 -12 13 14 15 -16 -17 18 -19 -20 -21 22 23
v 24 -25 -26 -27 28 -29 -30 -31 -32 33 -34 -35 36 37 -38 39 40 41 -42 43
v -44 -45 46 47 48 -49 -50 51 -52 53 54 55 56 -57 -58 -59 60 0
c Answer: 2833
v 1 -2 -3 -4 5 6 7 8 -9 -10 11 -12 -13 -14 15 -16 -17 18 -19 -20 -21 22 23
v -24 -25 -26 -27 28 -29 -30 -31 32 33 -34 -35 36 37 -38 39 40 41 -42 43
v -44 45 46 47 48 -49 -50 51 -52 -53 54 55 -56 -57 -58 -59 -60 0
c Answer: 2834
v -1 -2 3 -4 -5 -6 7 8 9 -10 -11 -12 13 14 15 -16 -17 18 -19 -20 -21 22 23
v -24 -25 -26 -27 28 -29 -30 -31 32 33 -34 -35 36 37 -38 39 40 41 -42 43
v -44 -45 46 47 48 -49 -50 51 -52 53 54 55 -56 -57 -58 -59 -60 0
c Answer: 2835
v 1 -2 -3 -4 5 6 7 8 -9 -10 11 -12 -13 -14 15 -16 -17 18 -19 -20 -21 22 23
v -24 -25 -26 -27 28 -29 -30 -31 32 33 -34 -35 36 37 -38 39 40 41 -42 43
v -44 45 46 47 48 -49 -50 51 -52 -53 54 55 56 -57 -58 -59 -60 0
c Answer: 2836
v -1 -2 3 -4 -5 -6 7 8 9 -10 -11 -12 13 14 15 -16 -17 18 -19 -20 -21 22 23
v -24 -25 -26 -27 28 -29 -30 -31 32 33 -34 -35 36 37 -38 39 40 41 -42 43
v -44 -45 46 47 48 -49 -50 51 -52 53 54 55 56 -57 -58 -59 -60 0
c Answer: 2837
v 1 -2 -3 -4 5 6 7 8 -9 -10 11 -12 -13 -14 15 -16 -17 18 -19 -20 -21 22 23
v -24 -25 -26 -27 28 -29 -30 -31 32 33 -34 -35 36 37 -38 39 40 41 -42 43
v -44 45 46 47 48 -49 -50 51 -52 -53 54 55 -56 -57 -58 -59 60 0
c Answer: 2838
v 1 -2 -3 -4 5 6 7 8 -9 -10 11 -12 -13 -14 15 -16 -17 18 -19 -20 -21 22 23
v -24 -25 -26 -27 28 -29 -30 -31 32 33 -34 -35 36 37 -38 39 40 41 -42 43
v -44 45 46 47 48 -49 -50 51 -52 -53 54 55 56 -57 -58 -59 60 0
c Answer: 2839
v -1 -2 3 -4 -5 -6 7 8 9 -10 -11 -12 13 14 15 -16 -17 18 -19 -20 -21 22 23
v -24 -25 -26 -27 28 -29 -30 -31 32 33 -34 -35 36 37 -38 39 40 41 -42 43
v -44 -45 46 47 48 -49 -50 51 -52 53 54 55 -56 -57 -58 -59 60 0
c Answer: 2840
v -1 -2 3 -4 -5 -6 7 8 9 -10 -11 -12 13 14 15 -16 -17 18 -19 -20 -21 22 23
v -24 -25 -26 -27 28 -29 -30 -31 32 33 -34 -35 36 37 -38 39 40 41 -42 43
v -44 -45 46 47 48 -49 -50 51 -52 53 54 55 56 -57 -58 -59 60 0
c Answer: 2841
v 1 -2 -3 -4 5 6 7 8 -9 -10 11 -12 -13 -14 15 -16 -17 18 -19 -20 -21 22 23
v 24 -25 -26 -27 28 -29 -30 -31 32 33 -34 -35 36 37 -38 39 40 41 -42 43 -44
v 45 46 47 48 -49 -50 51 -52 -53 54 55 -56 -57 -58 -59 -60 0
c Answer: 2842
v -1 -2 3 -4 -5 -6 7 8 9 -10 -11 -12 13 14 15 -16 -17 18 -19 -20 -21 22 23
v 24 -25 -26 -27 28 -29 -30 -31 32 33 -34 -35 36 37 -38 39 40 41 -42 43 -44
v -45 46 47 48 -49 -50 51 -52 53 54 55 -56 -57 -58 -59 -60 0
c Answer: 2843
v 1 -2 -3 -4 5 6 7 8 -9 -10 11 -12 -13 -14 15 -16 -17 18 -19 -20 -21 22 23
v 24 -25 -26 -27 28 -29 -30 -31 32 33 -34 -35 36 37 -38 39 40 41 -42 43 -44
v 45 46 47 48 -49 -50 51 -52 -53 54 55 -56 -57 -58 -59 60 0
c Answer: 2844
v -1 -2 3 -4 -5 -6 7 8 9 -10 -11 -12 13 14 15 -16 -17 18 -19 -20 -21 22 23
v 24 -25 -26 -27 28 -29 -30 -31 32 33 -34 -35 36 37 -38 39 40 41 -42 43 -44
v -45 46 47 48 -49 -50 51 -52 53 54 55 -56 -57 -58 -59 60 0
c Answer: 2845
v 1 -2 -3 -4 5 6 7 8 -9 -10 11 -12 -13 -14 15 -16 -17 18 -19 -20 -21 22 23
v 24 -25 -26 -27 28 -29 -30 -31 32 33 -34 -35 36 37 -38 39 40 41 -42 43 -44
v 45 46 47 48 -49 -50 51 -52 -53 54 55 56 -57 -58 -59 -60 0
c Answer: 2846
v 1 -2 -3 -4 5 6 7 8 -9 -10 11 -12 -13 -14 15 -16 -17 18 -19 -20 -21 22 23
v 24 -25 -26 -27 28 -29 -30 -31 32 33 -34 -35 36 37 -38 39 40 41 -42 43 -44
v 45 46 47 48 -49 -50 51 -52 -53 54 55 56 -57 -58 -59 60 0
c Answer: 2847
v -1 -2 3 -4 -5 -6 7 8 9 -10 -11 -12 13 14 15 -16 -17 18 -19 -20 -21 22 23
v 24 -25 -26 -27 28 -29 -30 -31 32 33 -34 -35 36 37 -38 39 40 41 -42 43 -44
v -45 46 47 48 -49 -50 51 -52 53 54 55 56 -57 -58 -59 -60 0
c Answer: 2848
v -1 -2 3 -4 -5 -6 7 8 9 -10 -11 -12 13 14 15 -16 -17 18 -19 -20 -21 22 23
v 24 -25 -26 -27 28 -29 -30 -31 32 33 -34 -35 36 37 -38 39 40 41 -42 43 -44
v -45 46 47 48 -49 -50 51 -52 53 54 55 56 -57 -58 -59 60 0
c Answer: 2849
v 1 -2 -3 -4 5 6 7 8 -9 -10 11 -12 -13 -14 15 16 -17 18 -19 -20 -21 22 23
v -24 -25 -26 -27 28 -29 -30 -31 -32 33 -34 -35 36 37 -38 39 40 41 -42 43
v -44 45 46 47 48 -49 -50 51 -52 -53 54 55 -56 -57 -58 -59 -60 0
c Answer: 2850
v -1 -2 3 -4 -5 -6 7 8 9 -10 -11 -12 13 14 15 16 -17 18 -19 -20 -21 22 23
v -24 -25 -26 -27 28 -29 -30 -31 -32 33 -34 -35 36 37 -38 39 40 41 -42 43
v -44 -45 46 47 48 -49 -50 51 -52 53 54 55 -56 -57 -58 -59 -60 0
c Answer: 2851
v 1 -2 -3 -4 5 6 7 8 -9 -10 11 -12 -13 -14 15 16 -17 18 -19 -20 -21 22 23
v -24 -25 -26 -27 28 -29 -30 -31 32 33 -34 -35 36 37 -38 39 40 41 -42 43
v -44 45 46 47 48 -49 -50 51 -52 -53 54 55 -56 -57 -58 -59 -60 0
c Answer: 2852
v -1 -2 3 -4 -5 -6 7 8 9 -10 -11 -12 13 14 15 16 -17 18 -19 -20 -21 22 23
v -24 -25 -26 -27 28 -29 -30 -31 32 33 -34 -35 36 37 -38 39 40 41 -42 43
v -44 -45 46 47 48 -49 -50 51 -52 53 54 55 -56 -57 -58 -59 -60 0
c Answer: 2853
v 1 -2 -3 -4 5 6 7 8 -9 -10 11 -12 -13 -14 15 16 -17 18 -19 -20 -21 22 23
v 24 -25 -26 -27 28 -29 -30 -31 -32 33 -34 -35 36 37 -38 39 40 41 -42 43
v -44 45 46 47 48 -49 -50 51 -52 -53 54 55 -56 -57 -58 -59 -60 0
c Answer: 2854
v 1 -2 -3 -4 5 6 7 8 -9 -10 11 -12 -13 -14 15 16 -17 18 -19 -20 -21 22 23
v 24 -25 -26 -27 28 -29 -30 -31 32 33 -34 -35 36 37 -38 39 40 41 -42 43 -44
v 45 46 47 48 -49 -50 51 -52 -53 54 55 -56 -57 -58 -59 -60 0
c Answer: 2855
v -1 -2 3 -4 -5 -6 7 8 9 -10 -11 -12 13 14 15 16 -17 18 -19 -20 -21 22 23
v 24 -25 -26 -27 28 -29 -30 -31 -32 33 -34 -35 36 37 -38 39 40 41 -42 43
v -44 -45 46 47 48 -49 -50 51 -52 53 54 55 -56 -57 -58 -59 -60 0
c Answer: 2856
v -1 -2 3 -4 -5 -6 7 8 9 -10 -11 -12 13 14 15 16 -17 18 -19 -20 -21 22 23
v 24 -25 -26 -27 28 -29 -30 -31 32 33 -34 -35 36 37 -38 39 40 41 -42 43 -44
v -45 46 47 48 -49 -50 51 -52 53 54 55 -56 -57 -58 -59 -60 0
c Answer: 2857
v 1 -2 -3 -4 5 6 7 8 -9 -10 11 -12 -13 -14 15 16 -17 18 -19 -20 -21 22 23
v -24 -25 -26 -27 28 -29 -30 -31 -32 33 -34 -35 36 37 -38 39 40 41 -42 43
v -44 45 46 47 48 -49 -50 51 -52 -53 54 55 56 -57 -58 -59 -60 0
c Answer: 2858
v -1 -2 3 -4 -5 -6 7 8 9 -10 -11 -12 13 14 15 16 -17 18 -19 -20 -21 22 23
v -24 -25 -26 -27 28 -29 -30 -31 -32 33 -34 -35 36 37 -38 39 40 41 -42 43
v -44 -45 46 47 48 -49 -50 51 -52 53 54 55 56 -57 -58 -59 -60 0
c Answer: 2859
v 1 -2 -3 -4 5 6 7 8 -9 -10 11 -12 -13 -14 15 16 -17 18 -19 -20 -21 22 23
v 24 -25 -26 -27 28 -29 -30 -31 -32 33 -34 -35 36 37 -38 39 40 41 -42 43
v -44 45 46 47 48 -49 -50 51 -52 -53 54 55 56 -57 -58 -59 -60 0
c Answer: 2860
v -1 -2 3 -4 -5 -6 7 8 9 -10 -11 -12 13 14 15 16 -17 18 -19 -20 -21 22 23
v 24 -25 -26 -27 28 -29 -30 -31 -32 33 -34 -35 36 37 -38 39 40 41 -42 43
v -44 -45 46 47 48 -49 -50 51 -52 53 54 55 56 -57 -58 -59 -60 0
c Answer: 2861
v 1 -2 -3 -4 5 6 7 8 -9 -10 11 -12 -13 -14 15 16 -17 18 -19 -20 -21 22 23
v -24 -25 -26 -27 28 -29 -30 -31 32 33 -34 -35 36 37 -38 39 40 41 -42 43
v -44 45 46 47 48 -49 -50 51 -52 -53 54 55 56 -57 -58 -59 -60 0
c Answer: 2862
v 1 -2 -3 -4 5 6 7 8 -9 -10 11 -12 -13 -14 15 16 -17 18 -19 -20 -21 22 23
v 24 -25 -26 -27 28 -29 -30 -31 32 33 -34 -35 36 37 -38 39 40 41 -42 43 -44
v 45 46 47 48 -49 -50 51 -52 -53 54 55 56 -57 -58 -59 -60 0
c Answer: 2863
v -1 -2 3 -4 -5 -6 7 8 9 -10 -11 -12 13 14 15 16 -17 18 -19 -20 -21 22 23
v -24 -25 -26 -27 28 -29 -30 -31 32 33 -34 -35 36 37 -38 39 40 41 -42 43
v -44 -45 46 47 48 -49 -50 51 -52 53 54 55 56 -57 -58 -59 -60 0
c Answer: 2864
v -1 -2 3 -4 -5 -6 7 8 9 -10 -11 -12 13 14 15 16 -17 18 -19 -20 -21 22 23
v 24 -25 -26 -27 28 -29 -30 -31 32 33 -34 -35 36 37 -38 39 40 41 -42 43 -44
v -45 46 47 48 -49 -50 51 -52 53 54 55 56 -57 -58 -59 -60 0
c Answer: 2865
v 1 -2 -3 -4 5 6 7 8 -9 -10 11 -12 -13 -14 15 16 -17 18 -19 -20 -21 22 23
v -24 -25 -26 -27 28 -29 -30 -31 -32 33 -34 -35 36 37 -38 39 40 41 -42 43
v -44 45 46 47 48 -49 -50 51 -52 -53 54 55 -56 -57 -58 -59 60 0
c Answer: 2866
v -1 -2 3 -4 -5 -6 7 8 9 -10 -11 -12 13 14 15 16 -17 18 -19 -20 -21 22 23
v -24 -25 -26 -27 28 -29 -30 -31 -32 33 -34 -35 36 37 -38 39 40 41 -42 43
v -44 -45 46 47 48 -49 -50 51 -52 53 54 55 -56 -57 -58 -59 60 0
c Answer: 2867
v 1 -2 -3 -4 5 6 7 8 -9 -10 11 -12 -13 -14 15 16 -17 18 -19 -20 -21 22 23
v -24 -25 -26 -27 28 -29 -30 -31 -32 33 -34 -35 36 37 -38 39 40 41 -42 43
v -44 45 46 47 48 -49 -50 51 -52 -53 54 55 56 -57 -58 -59 60 0
c Answer: 2868
v -1 -2 3 -4 -5 -6 7 8 9 -10 -11 -12 13 14 15 16 -17 18 -19 -20 -21 22 23
v -24 -25 -26 -27 28 -29 -30 -31 -32 33 -34 -35 36 37 -38 39 40 41 -42 43
v -44 -45 46 47 48 -49 -50 51 -52 53 54 55 56 -57 -58 -59 60 0
c Answer: 2869
v 1 -2 -3 -4 5 6 7 8 -9 -10 11 -12 -13 -14 15 16 -17 18 -19 -20 -21 22 23
v -24 -25 -26 -27 28 -29 -30 -31 32 33 -34 -35 36 37 -38 39 40 41 -42 43
v -44 45 46 47 48 -49 -50 51 -52 -53 54 55 -56 -57 -58 -59 60 0
c Answer: 2870
v 1 -2 -3 -4 5 6 7 8 -9 -10 11 -12 -13 -14 15 16 -17 18 -19 -20 -21 22 23
v -24 -25 -26 -27 28 -29 -30 -31 32 33 -34 -35 36 37 -38 39 40 41 -42 43
v -44 45 46 47 48 -49 -50 51 -52 -53 54 55 56 -57 -58 -59 60 0
c Answer: 2871
v -1 -2 3 -4 -5 -6 7 8 9 -10 -11 -12 13 14 15 16 -17 18 -19 -20 -21 22 23
v -24 -25 -26 -27 28 -29 -30 -31 32 33 -34 -35 36 37 -38 39 40 41 -42 43
v -44 -45 46 47 48 -49 -50 51 -52 53 54 55 -56 -57 -58 -59 60 0
c Answer: 2872
v -1 -2 3 -4 -5 -6 7 8 9 -10 -11 -12 13 14 15 16 -17 18 -19 -20 -21 22 23
v -24 -25 -26 -27 28 -29 -30 -31 32 33 -34 -35 36 37 -38 39 40 41 -42 43
v -44 -45 46 47 48 -49 -50 51 -52 53 54 55 56 -57 -58 -59 60 0
c Answer: 2873
v 1 -2 -3 -4 5 6 7 8 -9 -10 11 -12 -13 -14 15 16 -17 18 -19 -20 -21 22 23
v 24 -25 -26 -27 28 -29 -30 -31 -32 33 -34 -35 36 37 -38 39 40 41 -42 43
v -44 45 46 47 48 -49 -50 51 -52 -53 54 55 -56 -57 -58 -59 60 0
c Answer: 2874
v -1 -2 3 -4 -5 -6 7 8 9 -10 -11 -12 13 14 15 16 -17 18 -19 -20 -21 22 23
v 24 -25 -26 -27 28 -29 -30 -31 -32 33 -34 -35 36 37 -38 39 40 41 -42 43
v -44 -45 46 47 48 -49 -50 51 -52 53 54 55 -56 -57 -58 -59 60 0
c Answer: 2875
v 1 -2 -3 -4 5 6 7 8 -9 -10 11 -12 -13 -14 15 16 -17 18 -19 -20 -21 22 23
v 24 -25 -26 -27 28 -29 -30 -31 32 33 -34 -35 36 37 -38 39 40 41 -42 43 -44
v 45 46 47 48 -49 -50 51 -52 -53 54 55 -56 -57 -58 -59 60 0
c Answer: 2876
v -1 -2 3 -4 -5 -6 7 8 9 -10 -11 -12 13 14 15 16 -17 18 -19 -20 -21 22 23
v 24 -25 -26 -27 28 -29 -30 -31 32 33 -34 -35 36 37 -38 39 40 41 -42 43 -44
v -45 46 47 48 -49 -50 51 -52 53 54 55 -56 -57 -58 -59 60 0
c Answer: 2877
v 1 -2 -3 -4 5 6 7 8 -9 -10 11 -12 -13 -14 15 16 -17 18 -19 -20 -21 22 23
v 24 -25 -26 -27 28 -29 -30 -31 -32 33 -34 -35 36 37 -38 39 40 41 -42 43
v -44 45 46 47 48 -49 -50 51 -52 -53 54 55 56 -57 -58 -59 60 0
c Answer: 2878
v 1 -2 -3 -4 5 6 7 8 -9 -10 11 -12 -13 -14 15 16 -17 18 -19 -20 -21 22 23
v 24 -25 -26 -27 28 -29 -30 -31 32 33 -34 -35 36 37 -38 39 40 41 -42 43 -44
v 45 46 47 48 -49 -50 51 -52 -53 54 55 56 -57 -58 -59 60 0
c Answer: 2879
v -1 -2 3 -4 -5 -6 7 8 9 -10 -11 -12 13 14 15 16 -17 18 -19 -20 -21 22 23
v 24 -25 -26 -27 28 -29 -30 -31 -32 33 -34 -35 36 37 -38 39 40 41 -42 43
v -44 -45 46 47 48 -49 -50 51 -52 53 54 55 56 -57 -58 -59 60 0
c Answer: 2880
v -1 -2 3 -4 -5 -6 7 8 9 -10 -11 -12 13 14 15 16 -17 18 -19 -20 -21 22 23
v 24 -25 -26 -27 28 -29 -30 -31 32 33 -34 -35 36 37 -38 39 40 41 -42 43 -44
v -45 46 47 48 -49 -50 51 -52 53 54 55 56 -57 -58 -59 60 0
c Answer: 2881
v 1 -2 -3 -4 5 6 7 8 -9 -10 11 -12 -13 -14 15 -16 -17 18 -19 -20 -21 22 23
v -24 -25 -26 -27 28 -29 -30 -31 -32 33 -34 -35 36 37 -38 39 40 41 -42 43
v 44 45 46 47 48 -49 -50 51 -52 -53 54 55 -56 -57 -58 -59 -60 0
c Answer: 2882
v -1 -2 3 -4 -5 -6 7 8 9 -10 -11 -12 13 14 15 -16 -17 18 -19 -20 -21 22 23
v -24 -25 -26 -27 28 -29 -30 -31 -32 33 -34 -35 36 37 -38 39 40 41 -42 43
v 44 -45 46 47 48 -49 -50 51 -52 53 54 55 -56 -57 -58 -59 -60 0
c Answer: 2883
v 1 -2 -3 -4 5 6 7 8 -9 -10 11 -12 -13 -14 15 16 -17 18 -19 -20 -21 22 23
v -24 -25 -26 -27 28 -29 -30 -31 -32 33 -34 -35 36 37 -38 39 40 41 -42 43
v 44 45 46 47 48 -49 -50 51 -52 -53 54 55 -56 -57 -58 -59 -60 0
c Answer: 2884
v -1 -2 3 -4 -5 -6 7 8 9 -10 -11 -12 13 14 15 16 -17 18 -19 -20 -21 22 23
v -24 -25 -26 -27 28 -29 -30 -31 -32 33 -34 -35 36 37 -38 39 40 41 -42 43
v 44 -45 46 47 48 -49 -50 51 -52 53 54 55 -56 -57 -58 -59 -60 0
c Answer: 2885
v 1 -2 -3 -4 5 6 7 8 -9 -10 11 -12 -13 -14 15 -16 -17 18 -19 -20 -21 22 23
v -24 -25 -26 -27 28 -29 -30 -31 -32 33 -34 -35 36 37 -38 39 40 41 -42 43
v 44 45 46 47 48 -49 -50 51 -52 -53 54 55 -56 -57 -58 -59 60 0
c Answer: 2886
v 1 -2 -3 -4 5 6 7 8 -9 -10 11 -12 -13 -14 15 16 -17 18 -19 -20 -21 22 23
v -24 -25 -26 -27 28 -29 -30 -31 -32 33 -34 -35 36 37 -38 39 40 41 -42 43
v 44 45 46 47 48 -49 -50 51 -52 -53 54 55 -56 -57 -58 -59 60 0
c Answer: 2887
v -1 -2 3 -4 -5 -6 7 8 9 -10 -11 -12 13 14 15 -16 -17 18 -19 -20 -21 22 23
v -24 -25 -26 -27 28 -29 -30 -31 -32 33 -34 -35 36 37 -38 39 40 41 -42 43
v 44 -45 46 47 48 -49 -50 51 -52 53 54 55 -56 -57 -58 -59 60 0
c Answer: 2888
v -1 -2 3 -4 -5 -6 7 8 9 -10 -11 -12 13 14 15 16 -17 18 -19 -20 -21 22 23
v -24 -25 -26 -27 28 -29 -30 -31 -32 33 -34 -35 36 37 -38 39 40 41 -42 43
v 44 -45 46 47 48 -49 -50 51 -52 53 54 55 -56 -57 -58 -59 60 0
c Answer: 2889
v 1 -2 -3 -4 5 6 7 8 -9 -10 11 -12 -13 -14 15 -16 -17 18 -19 -20 -21 22 23
v 24 -25 -26 -27 28 -29 -30 -31 -32 33 -34 -35 36 37 -38 39 40 41 -42 43
v 44 45 46 47 48 -49 -50 51 -52 -53 54 55 -56 -57 -58 -59 -60 0
c Answer: 2890
v -1 -2 3 -4 -5 -6 7 8 9 -10 -11 -12 13 14 15 -16 -17 18 -19 -20 -21 22 23
v 24 -25 -26 -27 28 -29 -30 -31 -32 33 -34 -35 36 37 -38 39 40 41 -42 43
v 44 -45 46 47 48 -49 -50 51 -52 53 54 55 -56 -57 -58 -59 -60 0
c Answer: 2891
v 1 -2 -3 -4 5 6 7 8 -9 -10 11 -12 -13 -14 15 -16 -17 18 -19 -20 -21 22 23
v 24 -25 -26 -27 28 -29 -30 -31 -32 33 -34 -35 36 37 -38 39 40 41 -42 43
v 44 45 46 47 48 -49 -50 51 -52 -53 54 55 -56 -57 -58 -59 60 0
c Answer: 2892
v -1 -2 3 -4 -5 -6 7 8 9 -10 -11 -12 13 14 15 -16 -17 18 -19 -20 -21 22 23
v 24 -25 -26 -27 28 -29 -30 -31 -32 33 -34 -35 36 37 -38 39 40 41 -42 43
v 44 -45 46 47 48 -49 -50 51 -52 53 54 55 -56 -57 -58 -59 60 0
c Answer: 2893
v 1 -2 -3 -4 5 6 7 8 -9 -10 11 -12 -13 -14 15 16 -17 18 -19 -20 -21 22 23
v 24 -25 -26 -27 28 -29 -30 -31 -32 33 -34 -35 36 37 -38 39 40 41 -42 43
v 44 45 46 47 48 -49 -50 51 -52 -53 54 55 -56 -57 -58 -59 -60 0
c Answer: 2894
v 1 -2 -3 -4 5 6 7 8 -9 -10 11 -12 -13 -14 15 16 -17 18 -19 -20 -21 22 23
v 24 -25 -26 -27 28 -29 -30 -31 -32 33 -34 -35 36 37 -38 39 40 41 -42 43
v 44 45 46 47 48 -49 -50 51 -52 -53 54 55 -56 -57 -58 -59 60 0
c Answer: 2895
v -1 -2 3 -4 -5 -6 7 8 9 -10 -11 -12 13 14 15 16 -17 18 -19 -20 -21 22 23
v 24 -25 -26 -27 28 -29 -30 -31 -32 33 -34 -35 36 37 -38 39 40 41 -42 43
v 44 -45 46 47 48 -49 -50 51 -52 53 54 55 -56 -57 -58 -59 -60 0
c Answer: 2896
v -1 -2 3 -4 -5 -6 7 8 9 -10 -11 -12 13 14 15 16 -17 18 -19 -20 -21 22 23
v 24 -25 -26 -27 28 -29 -30 -31 -32 33 -34 -35 36 37 -38 39 40 41 -42 43
v 44 -45 46 47 48 -49 -50 51 -52 53 54 55 -56 -57 -58 -59 60 0
c Answer: 2897
v 1 -2 -3 -4 5 6 7 8 -9 -10 11 -12 -13 -14 15 -16 -17 18 -19 -20 -21 22 23
v -24 -25 -26 -27 28 -29 -30 -31 -32 33 -34 -35 36 37 -38 39 40 41 -42 43
v 44 45 46 47 48 -49 -50 51 -52 -53 54 55 56 -57 -58 -59 -60 0
c Answer: 2898
v -1 -2 3 -4 -5 -6 7 8 9 -10 -11 -12 13 14 15 -16 -17 18 -19 -20 -21 22 23
v -24 -25 -26 -27 28 -29 -30 -31 -32 33 -34 -35 36 37 -38 39 40 41 -42 43
v 44 -45 46 47 48 -49 -50 51 -52 53 54 55 56 -57 -58 -59 -60 0
c Answer: 2899
v 1 -2 -3 -4 5 6 7 8 -9 -10 11 -12 -13 -14 15 -16 -17 18 -19 -20 -21 22 23
v 24 -25 -26 -27 28 -29 -30 -31 -32 33 -34 -35 36 37 -38 39 40 41 -42 43
v 44 45 46 47 48 -49 -50 51 -52 -53 54 55 56 -57 -58 -59 -60 0
c Answer: 2900
v -1 -2 3 -4 -5 -6 7 8 9 -10 -11 -12 13 14 15 -16 -17 18 -19 -20 -21 22 23
v 24 -25 -26 -27 28 -29 -30 -31 -32 33 -34 -35 36 37 -38 39 40 41 -42 43
v 44 -45 46 47 48 -49 -50 51 -52 53 54 55 56 -57 -58 -59 -60 0
c Answer: 2901
v 1 -2 -3 -4 5 6 7 8 -9 -10 11 -12 -13 -14 15 16 -17 18 -19 -20 -21 22 23
v -24 -25 -26 -27 28 -29 -30 -31 -32 33 -34 -35 36 37 -38 39 40 41 -42 43
v 44 45 46 47 48 -49 -50 51 -52 -53 54 55 56 -57 -58 -59 -60 0
c Answer: 2902
v 1 -2 -3 -4 5 6 7 8 -9 -10 11 -12 -13 -14 15 16 -17 18 -19 -20 -21 22 23
v 24 -25 -26 -27 28 -29 -30 -31 -32 33 -34 -35 36 37 -38 39 40 41 -42 43
v 44 45 46 47 48 -49 -50 51 -52 -53 54 55 56 -57 -58 -59 -60 0
c Answer: 2903
v -1 -2 3 -4 -5 -6 7 8 9 -10 -11 -12 13 14 15 16 -17 18 -19 -20 -21 22 23
v -24 -25 -26 -27 28 -29 -30 -31 -32 33 -34 -35 36 37 -38 39 40 41 -42 43
v 44 -45 46 47 48 -49 -50 51 -52 53 54 55 56 -57 -58 -59 -60 0
c Answer: 2904
v -1 -2 3 -4 -5 -6 7 8 9 -10 -11 -12 13 14 15 16 -17 18 -19 -20 -21 22 23
v 24 -25 -26 -27 28 -29 -30 -31 -32 33 -34 -35 36 37 -38 39 40 41 -42 43
v 44 -45 46 47 48 -49 -50 51 -52 53 54 55 56 -57 -58 -59 -60 0
c Answer: 2905
v 1 -2 -3 -4 5 6 7 8 -9 -10 11 -12 -13 -14 15 -16 -17 18 -19 -20 -21 22 23
v -24 -25 -26 -27 28 -29 -30 -31 -32 33 -34 -35 36 37 -38 39 40 41 -42 43
v 44 45 46 47 48 -49 -50 51 -52 -53 54 55 56 -57 -58 -59 60 0
c Answer: 2906
v -1 -2 3 -4 -5 -6 7 8 9 -10 -11 -12 13 14 15 -16 -17 18 -19 -20 -21 22 23
v -24 -25 -26 -27 28 -29 -30 -31 -32 33 -34 -35 36 37 -38 39 40 41 -42 43
v 44 -45 46 47 48 -49 -50 51 -52 53 54 55 56 -57 -58 -59 60 0
c Answer: 2907
v 1 -2 -3 -4 5 6 7 8 -9 -10 11 -12 -13 -14 15 16 -17 18 -19 -20 -21 22 23
v -24 -25 -26 -27 28 -29 -30 -31 -32 33 -34 -35 36 37 -38 39 40 41 -42 43
v 44 45 46 47 48 -49 -50 51 -52 -53 54 55 56 -57 -58 -59 60 0
c Answer: 2908
v -1 -2 3 -4 -5 -6 7 8 9 -10 -11 -12 13 14 15 16 -17 18 -19 -20 -21 22 23
v -24 -25 -26 -27 28 -29 -30 -31 -32 33 -34 -35 36 37 -38 39 40 41 -42 43
v 44 -45 46 47 48 -49 -50 51 -52 53 54 55 56 -57 -58 -59 60 0
c Answer: 2909
v 1 -2 -3 -4 5 6 7 8 -9 -10 11 -12 -13 -14 15 -16 -17 18 -19 -20 -21 22 23
v 24 -25 -26 -27 28 -29 -30 -31 -32 33 -34 -35 36 37 -38 39 40 41 -42 43
v 44 45 46 47 48 -49 -50 51 -52 -53 54 55 56 -57 -58 -59 60 0
c Answer: 2910
v 1 -2 -3 -4 5 6 7 8 -9 -10 11 -12 -13 -14 15 16 -17 18 -19 -20 -21 22 23
v 24 -25 -26 -27 28 -29 -30 -31 -32 33 -34 -35 36 37 -38 39 40 41 -42 43
v 44 45 46 47 48 -49 -50 51 -52 -53 54 55 56 -57 -58 -59 60 0
c Answer: 2911
v -1 -2 3 -4 -5 -6 7 8 9 -10 -11 -12 13 14 15 -16 -17 18 -19 -20 -21 22 23
v 24 -25 -26 -27 28 -29 -30 -31 -32 33 -34 -35 36 37 -38 39 40 41 -42 43
v 44 -45 46 47 48 -49 -50 51 -52 53 54 55 56 -57 -58 -59 60 0
c Answer: 2912
v -1 -2 3 -4 -5 -6 7 8 9 -10 -11 -12 13 14 15 16 -17 18 -19 -20 -21 22 23
v 24 -25 -26 -27 28 -29 -30 -31 -32 33 -34 -35 36 37 -38 39 40 41 -42 43
v 44 -45 46 47 48 -49 -50 51 -52 53 54 55 56 -57 -58 -59 60 0
c Answer: 2913
v 1 -2 -3 -4 5 6 7 8 -9 -10 11 -12 -13 -14 15 -16 -17 18 -19 -20 -21 22 23
v -24 -25 -26 -27 28 -29 -30 -31 32 33 -34 -35 36 37 -38 39 40 41 -42 43
v 44 45 46 47 48 -49 -50 51 -52 -53 54 55 -56 -57 -58 -59 -60 0
c Answer: 2914
v -1 -2 3 -4 -5 -6 7 8 9 -10 -11 -12 13 14 15 -16 -17 18 -19 -20 -21 22 23
v -24 -25 -26 -27 28 -29 -30 -31 32 33 -34 -35 36 37 -38 39 40 41 -42 43
v 44 -45 46 47 48 -49 -50 51 -52 53 54 55 -56 -57 -58 -59 -60 0
c Answer: 2915
v 1 -2 -3 -4 5 6 7 8 -9 -10 11 -12 -13 -14 15 -16 -17 18 -19 -20 -21 22 23
v -24 -25 -26 -27 28 -29 -30 -31 32 33 -34 -35 36 37 -38 39 40 41 -42 43
v 44 45 46 47 48 -49 -50 51 -52 -53 54 55 56 -57 -58 -59 -60 0
c Answer: 2916
v -1 -2 3 -4 -5 -6 7 8 9 -10 -11 -12 13 14 15 -16 -17 18 -19 -20 -21 22 23
v -24 -25 -26 -27 28 -29 -30 -31 32 33 -34 -35 36 37 -38 39 40 41 -42 43
v 44 -45 46 47 48 -49 -50 51 -52 53 54 55 56 -57 -58 -59 -60 0
c Answer: 2917
v 1 -2 -3 -4 5 6 7 8 -9 -10 11 -12 -13 -14 15 -16 -17 18 -19 -20 -21 22 23
v -24 -25 -26 -27 28 -29 -30 -31 32 33 -34 -35 36 37 -38 39 40 41 -42 43
v 44 45 46 47 48 -49 -50 51 -52 -53 54 55 -56 -57 -58 -59 60 0
c Answer: 2918
v 1 -2 -3 -4 5 6 7 8 -9 -10 11 -12 -13 -14 15 -16 -17 18 -19 -20 -21 22 23
v -24 -25 -26 -27 28 -29 -30 -31 32 33 -34 -35 36 37 -38 39 40 41 -42 43
v 44 45 46 47 48 -49 -50 51 -52 -53 54 55 56 -57 -58 -59 60 0
c Answer: 2919
v -1 -2 3 -4 -5 -6 7 8 9 -10 -11 -12 13 14 15 -16 -17 18 -19 -20 -21 22 23
v -24 -25 -26 -27 28 -29 -30 -31 32 33 -34 -35 36 37 -38 39 40 41 -42 43
v 44 -45 46 47 48 -49 -50 51 -52 53 54 55 -56 -57 -58 -59 60 0
c Answer: 2920
v -1 -2 3 -4 -5 -6 7 8 9 -10 -11 -12 13 14 15 -16 -17 18 -19 -20 -21 22 23
v -24 -25 -26 -27 28 -29 -30 -31 32 33 -34 -35 36 37 -38 39 40 41 -42 43
v 44 -45 46 47 48 -49 -50 51 -52 53 54 55 56 -57 -58 -59 60 0
c Answer: 2921
v 1 -2 -3 -4 5 6 7 8 -9 -10 11 -12 -13 -14 15 -16 -17 18 -19 -20 -21 22 23
v 24 -25 -26 -27 28 -29 -30 -31 32 33 -34 -35 36 37 -38 39 40 41 -42 43 44
v 45 46 47 48 -49 -50 51 -52 -53 54 55 -56 -57 -58 -59 -60 0
c Answer: 2922
v -1 -2 3 -4 -5 -6 7 8 9 -10 -11 -12 13 14 15 -16 -17 18 -19 -20 -21 22 23
v 24 -25 -26 -27 28 -29 -30 -31 32 33 -34 -35 36 37 -38 39 40 41 -42 43 44
v -45 46 47 48 -49 -50 51 -52 53 54 55 -56 -57 -58 -59 -60 0
c Answer: 2923
v 1 -2 -3 -4 5 6 7 8 -9 -10 11 -12 -13 -14 15 -16 -17 18 -19 -20 -21 22 23
v 24 -25 -26 -27 28 -29 -30 -31 32 33 -34 -35 36 37 -38 39 40 41 -42 43 44
v 45 46 47 48 -49 -50 51 -52 -53 54 55 -56 -57 -58 -59 60 0
c Answer: 2924
v -1 -2 3 -4 -5 -6 7 8 9 -10 -11 -12 13 14 15 -16 -17 18 -19 -20 -21 22 23
v 24 -25 -26 -27 28 -29 -30 -31 32 33 -34 -35 36 37 -38 39 40 41 -42 43 44
v -45 46 47 48 -49 -50 51 -52 53 54 55 -56 -57 -58 -59 60 0
c Answer: 2925
v 1 -2 -3 -4 5 6 7 8 -9 -10 11 -12 -13 -14 15 -16 -17 18 -19 -20 -21 22 23
v 24 -25 -26 -27 28 -29 -30 -31 32 33 -34 -35 36 37 -38 39 40 41 -42 43 44
v 45 46 47 48 -49 -50 51 -52 -53 54 55 56 -57 -58 -59 -60 0
c Answer: 2926
v 1 -2 -3 -4 5 6 7 8 -9 -10 11 -12 -13 -14 15 -16 -17 18 -19 -20 -21 22 23
v 24 -25 -26 -27 28 -29 -30 -31 32 33 -34 -35 36 37 -38 39 40 41 -42 43 44
v 45 46 47 48 -49 -50 51 -52 -53 54 55 56 -57 -58 -59 60 0
c Answer: 2927
v -1 -2 3 -4 -5 -6 7 8 9 -10 -11 -12 13 14 15 -16 -17 18 -19 -20 -21 22 23
v 24 -25 -26 -27 28 -29 -30 -31 32 33 -34 -35 36 37 -38 39 40 41 -42 43 44
v -45 46 47 48 -49 -50 51 -52 53 54 55 56 -57 -58 -59 -60 0
c Answer: 2928
v -1 -2 3 -4 -5 -6 7 8 9 -10 -11 -12 13 14 15 -16 -17 18 -19 -20 -21 22 23
v 24 -25 -26 -27 28 -29 -30 -31 32 33 -34 -35 36 37 -38 39 40 41 -42 43 44
v -45 46 47 48 -49 -50 51 -52 53 54 55 56 -57 -58 -59 60 0
c Answer: 2929
v 1 -2 -3 -4 5 6 7 8 -9 -10 11 -12 -13 -14 15 16 -17 18 -19 -20 -21 22 23
v -24 -25 -26 -27 28 -29 -30 -31 32 33 -34 -35 36 37 -38 39 40 41 -42 43
v 44 45 46 47 48 -49 -50 51 -52 -53 54 55 -56 -57 -58 -59 -60 0
c Answer: 2930
v -1 -2 3 -4 -5 -6 7 8 9 -10 -11 -12 13 14 15 16 -17 18 -19 -20 -21 22 23
v -24 -25 -26 -27 28 -29 -30 -31 32 33 -34 -35 36 37 -38 39 40 41 -42 43
v 44 -45 46 47 48 -49 -50 51 -52 53 54 55 -56 -57 -58 -59 -60 0
c Answer: 2931
v 1 -2 -3 -4 5 6 7 8 -9 -10 11 -12 -13 -14 15 16 -17 18 -19 -20 -21 22 23
v 24 -25 -26 -27 28 -29 -30 -31 32 33 -34 -35 36 37 -38 39 40 41 -42 43 44
v 45 46 47 48 -49 -50 51 -52 -53 54 55 -56 -57 -58 -59 -60 0
c Answer: 2932
v -1 -2 3 -4 -5 -6 7 8 9 -10 -11 -12 13 14 15 16 -17 18 -19 -20 -21 22 23
v 24 -25 -26 -27 28 -29 -30 -31 32 33 -34 -35 36 37 -38 39 40 41 -42 43 44
v -45 46 47 48 -49 -50 51 -52 53 54 55 -56 -57 -58 -59 -60 0
c Answer: 2933
v 1 -2 -3 -4 5 6 7 8 -9 -10 11 -12 -13 -14 15 16 -17 18 -19 -20 -21 22 23
v -24 -25 -26 -27 28 -29 -30 -31 32 33 -34 -35 36 37 -38 39 40 41 -42 43
v 44 45 46 47 48 -49 -50 51 -52 -53 54 55 56 -57 -58 -59 -60 0
c Answer: 2934
v 1 -2 -3 -4 5 6 7 8 -9 -10 11 -12 -13 -14 15 16 -17 18 -19 -20 -21 22 23
v 24 -25 -26 -27 28 -29 -30 -31 32 33 -34 -35 36 37 -38 39 40 41 -42 43 44
v 45 46 47 48 -49 -50 51 -52 -53 54 55 56 -57 -58 -59 -60 0
c Answer: 2935
v -1 -2 3 -4 -5 -6 7 8 9 -10 -11 -12 13 14 15 16 -17 18 -19 -20 -21 22 23
v -24 -25 -26 -27 28 -29 -30 -31 32 33 -34 -35 36 37 -38 39 40 41 -42 43
v 44 -45 46 47 48 -49 -50 51 -52 53 54 55 56 -57 -58 -59 -60 0
c Answer: 2936
v -1 -2 3 -4 -5 -6 7 8 9 -10 -11 -12 13 14 15 16 -17 18 -19 -20 -21 22 23
v 24 -25 -26 -27 28 -29 -30 -31 32 33 -34 -35 36 37 -38 39 40 41 -42 43 44
v -45 46 47 48 -49 -50 51 -52 53 54 55 56 -57 -58 -59 -60 0
c Answer: 2937
v 1 -2 -3 -4 5 6 7 8 -9 -10 11 -12 -13 -14 15 16 -17 18 -19 -20 -21 22 23
v -24 -25 -26 -27 28 -29 -30 -31 32 33 -34 -35 36 37 -38 39 40 41 -42 43
v 44 45 46 47 48 -49 -50 51 -52 -53 54 55 -56 -57 -58 -59 60 0
c Answer: 2938
v -1 -2 3 -4 -5 -6 7 8 9 -10 -11 -12 13 14 15 16 -17 18 -19 -20 -21 22 23
v -24 -25 -26 -27 28 -29 -30 -31 32 33 -34 -35 36 37 -38 39 40 41 -42 43
v 44 -45 46 47 48 -49 -50 51 -52 53 54 55 -56 -57 -58 -59 60 0
c Answer: 2939
v 1 -2 -3 -4 5 6 7 8 -9 -10 11 -12 -13 -14 15 16 -17 18 -19 -20 -21 22 23
v -24 -25 -26 -27 28 -29 -30 -31 32 33 -34 -35 36 37 -38 39 40 41 -42 43
v 44 45 46 47 48 -49 -50 51 -52 -53 54 55 56 -57 -58 -59 60 0
c Answer: 2940
v -1 -2 3 -4 -5 -6 7 8 9 -10 -11 -12 13 14 15 16 -17 18 -19 -20 -21 22 23
v -24 -25 -26 -27 28 -29 -30 -31 32 33 -34 -35 36 37 -38 39 40 41 -42 43
v 44 -45 46 47 48 -49 -50 51 -52 53 54 55 56 -57 -58 -59 60 0
c Answer: 2941
v 1 -2 -3 -4 5 6 7 8 -9 -10 11 -12 -13 -14 15 16 -17 18 -19 -20 -21 22 23
v 24 -25 -26 -27 28 -29 -30 -31 32 33 -34 -35 36 37 -38 39 40 41 -42 43 44
v 45 46 47 48 -49 -50 51 -52 -53 54 55 -56 -57 -58 -59 60 0
c Answer: 2942
v 1 -2 -3 -4 5 6 7 8 -9 -10 11 -12 -13 -14 15 16 -17 18 -19 -20 -21 22 23
v 24 -25 -26 -27 28 -29 -30 -31 32 33 -34 -35 36 37 -38 39 40 41 -42 43 44
v 45 46 47 48 -49 -50 51 -52 -53 54 55 56 -57 -58 -59 60 0
c Answer: 2943
v -1 -2 3 -4 -5 -6 7 8 9 -10 -11 -12 13 14 15 16 -17 18 -19 -20 -21 22 23
v 24 -25 -26 -27 28 -29 -30 -31 32 33 -34 -35 36 37 -38 39 40 41 -42 43 44
v -45 46 47 48 -49 -50 51 -52 53 54 55 -56 -57 -58 -59 60 0
c Answer: 2944
v -1 -2 3 -4 -5 -6 7 8 9 -10 -11 -12 13 14 15 16 -17 18 -19 -20 -21 22 23
v 24 -25 -26 -27 28 -29 -30 -31 32 33 -34 -35 36 37 -38 39 40 41 -42 43 44
v -45 46 47 48 -49 -50 51 -52 53 54 55 56 -57 -58 -59 60 0
c Answer: 2945
v 1 -2 -3 -4 5 6 7 8 -9 -10 11 -12 -13 -14 15 -16 -17 18 -19 -20 -21 22 23
v -24 -25 -26 -27 28 -29 -30 -31 -32 33 -34 -35 36 37 -38 39 40 41 42 43
v -44 45 46 47 48 -49 -50 51 -52 -53 54 55 -56 -57 -58 -59 -60 0
c Answer: 2946
v -1 -2 3 -4 -5 -6 7 8 9 -10 -11 -12 13 14 15 -16 -17 18 -19 -20 -21 22 23
v -24 -25 -26 -27 28 -29 -30 -31 -32 33 -34 -35 36 37 -38 39 40 41 42 43
v -44 -45 46 47 48 -49 -50 51 -52 53 54 55 -56 -57 -58 -59 -60 0
c Answer: 2947
v 1 -2 -3 -4 5 6 7 8 -9 -10 11 -12 -13 -14 15 -16 -17 18 -19 -20 -21 22 23
v -24 -25 -26 -27 28 -29 -30 -31 -32 33 -34 -35 36 37 -38 39 40 41 42 43
v 44 45 46 47 48 -49 -50 51 -52 -53 54 55 -56 -57 -58 -59 -60 0
c Answer: 2948
v -1 -2 3 -4 -5 -6 7 8 9 -10 -11 -12 13 14 15 -16 -17 18 -19 -20 -21 22 23
v -24 -25 -26 -27 28 -29 -30 -31 -32 33 -34 -35 36 37 -38 39 40 41 42 43
v 44 -45 46 47 48 -49 -50 51 -52 53 54 55 -56 -57 -58 -59 -60 0
c Answer: 2949
v 1 -2 -3 -4 5 6 7 8 -9 -10 11 -12 -13 -14 15 -16 -17 18 -19 -20 -21 22 23
v -24 -25 -26 -27 28 -29 -30 -31 32 33 -34 -35 36 37 -38 39 40 41 42 43 -44
v 45 46 47 48 -49 -50 51 -52 -53 54 55 -56 -57 -58 -59 -60 0
c Answer: 2950
v 1 -2 -3 -4 5 6 7 8 -9 -10 11 -12 -13 -14 15 -16 -17 18 -19 -20 -21 22 23
v -24 -25 -26 -27 28 -29 -30 -31 32 33 -34 -35 36 37 -38 39 40 41 42 43 44
v 45 46 47 48 -49 -50 51 -52 -53 54 55 -56 -57 -58 -59 -60 0
c Answer: 2951
v -1 -2 3 -4 -5 -6 7 8 9 -10 -11 -12 13 14 15 -16 -17 18 -19 -20 -21 22 23
v -24 -25 -26 -27 28 -29 -30 -31 32 33 -34 -35 36 37 -38 39 40 41 42 43 -44
v -45 46 47 48 -49 -50 51 -52 53 54 55 -56 -57 -58 -59 -60 0
c Answer: 2952
v -1 -2 3 -4 -5 -6 7 8 9 -10 -11 -12 13 14 15 -16 -17 18 -19 -20 -21 22 23
v -24 -25 -26 -27 28 -29 -30 -31 32 33 -34 -35 36 37 -38 39 40 41 42 43 44
v -45 46 47 48 -49 -50 51 -52 53 54 55 -56 -57 -58 -59 -60 0
c Answer: 2953
v 1 -2 -3 -4 5 6 7 8 -9 -10 11 -12 -13 -14 15 16 -17 18 -19 -20 -21 22 23
v -24 -25 -26 -27 28 -29 -30 -31 -32 33 -34 -35 36 37 -38 39 40 41 42 43
v -44 45 46 47 48 -49 -50 51 -52 -53 54 55 -56 -57 -58 -59 -60 0
c Answer: 2954
v -1 -2 3 -4 -5 -6 7 8 9 -10 -11 -12 13 14 15 16 -17 18 -19 -20 -21 22 23
v -24 -25 -26 -27 28 -29 -30 -31 -32 33 -34 -35 36 37 -38 39 40 41 42 43
v -44 -45 46 47 48 -49 -50 51 -52 53 54 55 -56 -57 -58 -59 -60 0
c Answer: 2955
v 1 -2 -3 -4 5 6 7 8 -9 -10 11 -12 -13 -14 15 16 -17 18 -19 -20 -21 22 23
v -24 -25 -26 -27 28 -29 -30 -31 32 33 -34 -35 36 37 -38 39 40 41 42 43 -44
v 45 46 47 48 -49 -50 51 -52 -53 54 55 -56 -57 -58 -59 -60 0
c Answer: 2956
v -1 -2 3 -4 -5 -6 7 8 9 -10 -11 -12 13 14 15 16 -17 18 -19 -20 -21 22 23
v -24 -25 -26 -27 28 -29 -30 -31 32 33 -34 -35 36 37 -38 39 40 41 42 43 -44
v -45 46 47 48 -49 -50 51 -52 53 54 55 -56 -57 -58 -59 -60 0
c Answer: 2957
v 1 -2 -3 -4 5 6 7 8 -9 -10 11 -12 -13 -14 15 16 -17 18 -19 -20 -21 22 23
v -24 -25 -26 -27 28 -29 -30 -31 -32 33 -34 -35 36 37 -38 39 40 41 42 43
v 44 45 46 47 48 -49 -50 51 -52 -53 54 55 -56 -57 -58 -59 -60 0
c Answer: 2958
v 1 -2 -3 -4 5 6 7 8 -9 -10 11 -12 -13 -14 15 16 -17 18 -19 -20 -21 22 23
v -24 -25 -26 -27 28 -29 -30 -31 32 33 -34 -35 36 37 -38 39 40 41 42 43 44
v 45 46 47 48 -49 -50 51 -52 -53 54 55 -56 -57 -58 -59 -60 0
c Answer: 2959
v -1 -2 3 -4 -5 -6 7 8 9 -10 -11 -12 13 14 15 16 -17 18 -19 -20 -21 22 23
v -24 -25 -26 -27 28 -29 -30 -31 -32 33 -34 -35 36 37 -38 39 40 41 42 43
v 44 -45 46 47 48 -49 -50 51 -52 53 54 55 -56 -57 -58 -59 -60 0
c Answer: 2960
v -1 -2 3 -4 -5 -6 7 8 9 -10 -11 -12 13 14 15 16 -17 18 -19 -20 -21 22 23
v -24 -25 -26 -27 28 -29 -30 -31 32 33 -34 -35 36 37 -38 39 40 41 42 43 44
v -45 46 47 48 -49 -50 51 -52 53 54 55 -56 -57 -58 -59 -60 0
c Answer: 2961
v 1 -2 -3 -4 5 6 7 8 -9 -10 11 -12 -13 -14 15 -16 -17 18 -19 -20 -21 22 23
v -24 -25 -26 -27 28 -29 -30 -31 -32 33 -34 -35 36 37 -38 39 40 41 42 43
v -44 45 46 47 48 -49 -50 51 -52 -53 54 55 -56 -57 -58 -59 60 0
c Answer: 2962
v -1 -2 3 -4 -5 -6 7 8 9 -10 -11 -12 13 14 15 -16 -17 18 -19 -20 -21 22 23
v -24 -25 -26 -27 28 -29 -30 -31 -32 33 -34 -35 36 37 -38 39 40 41 42 43
v -44 -45 46 47 48 -49 -50 51 -52 53 54 55 -56 -57 -58 -59 60 0
c Answer: 2963
v 1 -2 -3 -4 5 6 7 8 -9 -10 11 -12 -13 -14 15 16 -17 18 -19 -20 -21 22 23
v -24 -25 -26 -27 28 -29 -30 -31 -32 33 -34 -35 36 37 -38 39 40 41 42 43
v -44 45 46 47 48 -49 -50 51 -52 -53 54 55 -56 -57 -58 -59 60 0
c Answer: 2964
v -1 -2 3 -4 -5 -6 7 8 9 -10 -11 -12 13 14 15 16 -17 18 -19 -20 -21 22 23
v -24 -25 -26 -27 28 -29 -30 -31 -32 33 -34 -35 36 37 -38 39 40 41 42 43
v -44 -45 46 47 48 -49 -50 51 -52 53 54 55 -56 -57 -58 -59 60 0
c Answer: 2965
v 1 -2 -3 -4 5 6 7 8 -9 -10 11 -12 -13 -14 15 -16 -17 18 -19 -20 -21 22 23
v -24 -25 -26 -27 28 -29 -30 -31 -32 33 -34 -35 36 37 -38 39 40 41 42 43
v 44 45 46 47 48 -49 -50 51 -52 -53 54 55 -56 -57 -58 -59 60 0
c Answer: 2966
v 1 -2 -3 -4 5 6 7 8 -9 -10 11 -12 -13 -14 15 16 -17 18 -19 -20 -21 22 23
v -24 -25 -26 -27 28 -29 -30 -31 -32 33 -34 -35 36 37 -38 39 40 41 42 43
v 44 45 46 47 48 -49 -50 51 -52 -53 54 55 -56 -57 -58 -59 60 0
c Answer: 2967
v -1 -2 3 -4 -5 -6 7 8 9 -10 -11 -12 13 14 15 -16 -17 18 -19 -20 -21 22 23
v -24 -25 -26 -27 28 -29 -30 -31 -32 33 -34 -35 36 37 -38 39 40 41 42 43
v 44 -45 46 47 48 -49 -50 51 -52 53 54 55 -56 -57 -58 -59 60 0
c Answer: 2968
v -1 -2 3 -4 -5 -6 7 8 9 -10 -11 -12 13 14 15 16 -17 18 -19 -20 -21 22 23
v -24 -25 -26 -27 28 -29 -30 -31 -32 33 -34 -35 36 37 -38 39 40 41 42 43
v 44 -45 46 47 48 -49 -50 51 -52 53 54 55 -56 -57 -58 -59 60 0
c Answer: 2969
v 1 -2 -3 -4 5 6 7 8 -9 -10 11 -12 -13 -14 15 -16 -17 18 -19 -20 -21 22 23
v -24 -25 -26 -27 28 -29 -30 -31 32 33 -34 -35 36 37 -38 39 40 41 42 43 -44
v 45 46 47 48 -49 -50 51 -52 -53 54 55 -56 -57 -58 -59 60 0
c Answer: 2970
v -1 -2 3 -4 -5 -6 7 8 9 -10 -11 -12 13 14 15 -16 -17 18 -19 -20 -21 22 23
v -24 -25 -26 -27 28 -29 -30 -31 32 33 -34 -35 36 37 -38 39 40 41 42 43 -44
v -45 46 47 48 -49 -50 51 -52 53 54 55 -56 -57 -58 -59 60 0
c Answer: 2971
v 1 -2 -3 -4 5 6 7 8 -9 -10 11 -12 -13 -14 15 -16 -17 18 -19 -20 -21 22 23
v -24 -25 -26 -27 28 -29 -30 -31 32 33 -34 -35 36 37 -38 39 40 41 42 43 44
v 45 46 47 48 -49 -50 51 -52 -53 54 55 -56 -57 -58 -59 60 0
c Answer: 2972
v -1 -2 3 -4 -5 -6 7 8 9 -10 -11 -12 13 14 15 -16 -17 18 -19 -20 -21 22 23
v -24 -25 -26 -27 28 -29 -30 -31 32 33 -34 -35 36 37 -38 39 40 41 42 43 44
v -45 46 47 48 -49 -50 51 -52 53 54 55 -56 -57 -58 -59 60 0
c Answer: 2973
v 1 -2 -3 -4 5 6 7 8 -9 -10 11 -12 -13 -14 15 16 -17 18 -19 -20 -21 22 23
v -24 -25 -26 -27 28 -29 -30 -31 32 33 -34 -35 36 37 -38 39 40 41 42 43 -44
v 45 46 47 48 -49 -50 51 -52 -53 54 55 -56 -57 -58 -59 60 0
c Answer: 2974
v 1 -2 -3 -4 5 6 7 8 -9 -10 11 -12 -13 -14 15 16 -17 18 -19 -20 -21 22 23
v -24 -25 -26 -27 28 -29 -30 -31 32 33 -34 -35 36 37 -38 39 40 41 42 43 44
v 45 46 47 48 -49 -50 51 -52 -53 54 55 -56 -57 -58 -59 60 0
c Answer: 2975
v -1 -2 3 -4 -5 -6 7 8 9 -10 -11 -12 13 14 15 16 -17 18 -19 -20 -21 22 23
v -24 -25 -26 -27 28 -29 -30 -31 32 33 -34 -35 36 37 -38 39 40 41 42 43 -44
v -45 46 47 48 -49 -50 51 -52 53 54 55 -56 -57 -58 -59 60 0
c Answer: 2976
v -1 -2 3 -4 -5 -6 7 8 9 -10 -11 -12 13 14 15 16 -17 18 -19 -20 -21 22 23
v -24 -25 -26 -27 28 -29 -30 -31 32 33 -34 -35 36 37 -38 39 40 41 42 43 44
v -45 46 47 48 -49 -50 51 -52 53 54 55 -56 -57 -58 -59 60 0
c Answer: 2977
v 1 -2 -3 -4 5 6 7 8 -9 -10 11 -12 -13 -14 15 -16 -17 18 -19 -20 -21 22 23
v 24 -25 -26 -27 28 -29 -30 -31 -32 33 -34 -35 36 37 -38 39 40 41 42 43 -44
v 45 46 47 48 -49 -50 51 -52 -53 54 55 -56 -57 -58 -59 -60 0
c Answer: 2978
v -1 -2 3 -4 -5 -6 7 8 9 -10 -11 -12 13 14 15 -16 -17 18 -19 -20 -21 22 23
v 24 -25 -26 -27 28 -29 -30 -31 -32 33 -34 -35 36 37 -38 39 40 41 42 43 -44
v -45 46 47 48 -49 -50 51 -52 53 54 55 -56 -57 -58 -59 -60 0
c Answer: 2979
v 1 -2 -3 -4 5 6 7 8 -9 -10 11 -12 -13 -14 15 -16 -17 18 -19 -20 -21 22 23
v 24 -25 -26 -27 28 -29 -30 -31 -32 33 -34 -35 36 37 -38 39 40 41 42 43 -44
v 45 46 47 48 -49 -50 51 -52 -53 54 55 -56 -57 -58 -59 60 0
c Answer: 2980
v -1 -2 3 -4 -5 -6 7 8 9 -10 -11 -12 13 14 15 -16 -17 18 -19 -20 -21 22 23
v 24 -25 -26 -27 28 -29 -30 -31 -32 33 -34 -35 36 37 -38 39 40 41 42 43 -44
v -45 46 47 48 -49 -50 51 -52 53 54 55 -56 -57 -58 -59 60 0
c Answer: 2981
v 1 -2 -3 -4 5 6 7 8 -9 -10 11 -12 -13 -14 15 -16 -17 18 -19 -20 -21 22 23
v 24 -25 -26 -27 28 -29 -30 -31 32 33 -34 -35 36 37 -38 39 40 41 42 43 -44
v 45 46 47 48 -49 -50 51 -52 -53 54 55 -56 -57 -58 -59 -60 0
c Answer: 2982
v 1 -2 -3 -4 5 6 7 8 -9 -10 11 -12 -13 -14 15 -16 -17 18 -19 -20 -21 22 23
v 24 -25 -26 -27 28 -29 -30 -31 32 33 -34 -35 36 37 -38 39 40 41 42 43 -44
v 45 46 47 48 -49 -50 51 -52 -53 54 55 -56 -57 -58 -59 60 0
c Answer: 2983
v -1 -2 3 -4 -5 -6 7 8 9 -10 -11 -12 13 14 15 -16 -17 18 -19 -20 -21 22 23
v 24 -25 -26 -27 28 -29 -30 -31 32 33 -34 -35 36 37 -38 39 40 41 42 43 -44
v -45 46 47 48 -49 -50 51 -52 53 54 55 -56 -57 -58 -59 -60 0
c Answer: 2984
v -1 -2 3 -4 -5 -6 7 8 9 -10 -11 -12 13 14 15 -16 -17 18 -19 -20 -21 22 23
v 24 -25 -26 -27 28 -29 -30 -31 32 33 -34 -35 36 37 -38 39 40 41 42 43 -44
v -45 46 47 48 -49 -50 51 -52 53 54 55 -56 -57 -58 -59 60 0
c Answer: 2985
v 1 -2 -3 -4 5 6 7 8 -9 -10 11 -12 -13 -14 15 16 -17 18 -19 -20 -21 22 23
v 24 -25 -26 -27 28 -29 -30 -31 -32 33 -34 -35 36 37 -38 39 40 41 42 43 -44
v 45 46 47 48 -49 -50 51 -52 -53 54 55 -56 -57 -58 -59 -60 0
c Answer: 2986
v -1 -2 3 -4 -5 -6 7 8 9 -10 -11 -12 13 14 15 16 -17 18 -19 -20 -21 22 23
v 24 -25 -26 -27 28 -29 -30 -31 -32 33 -34 -35 36 37 -38 39 40 41 42 43 -44
v -45 46 47 48 -49 -50 51 -52 53 54 55 -56 -57 -58 -59 -60 0
c Answer: 2987
v 1 -2 -3 -4 5 6 7 8 -9 -10 11 -12 -13 -14 15 16 -17 18 -19 -20 -21 22 23
v 24 -25 -26 -27 28 -29 -30 -31 32 33 -34 -35 36 37 -38 39 40 41 42 43 -44
v 45 46 47 48 -49 -50 51 -52 -53 54 55 -56 -57 -58 -59 -60 0
c Answer: 2988
v -1 -2 3 -4 -5 -6 7 8 9 -10 -11 -12 13 14 15 16 -17 18 -19 -20 -21 22 23
v 24 -25 -26 -27 28 -29 -30 -31 32 33 -34 -35 36 37 -38 39 40 41 42 43 -44
v -45 46 47 48 -49 -50 51 -52 53 54 55 -56 -57 -58 -59 -60 0
c Answer: 2989
v 1 -2 -3 -4 5 6 7 8 -9 -10 11 -12 -13 -14 15 16 -17 18 -19 -20 -21 22 23
v 24 -25 -26 -27 28 -29 -30 -31 -32 33 -34 -35 36 37 -38 39 40 41 42 43 -44
v 45 46 47 48 -49 -50 51 -52 -53 54 55 -56 -57 -58 -59 60 0
c Answer: 2990
v 1 -2 -3 -4 5 6 7 8 -9 -10 11 -12 -13 -14 15 16 -17 18 -19 -20 -21 22 23
v 24 -25 -26 -27 28 -29 -30 -31 32 33 -34 -35 36 37 -38 39 40 41 42 43 -44
v 45 46 47 48 -49 -50 51 -52 -53 54 55 -56 -57 -58 -59 60 0
c Answer: 2991
v -1 -2 3 -4 -5 -6 7 8 9 -10 -11 -12 13 14 15 16 -17 18 -19 -20 -21 22 23
v 24 -25 -26 -27 28 -29 -30 -31 -32 33 -34 -35 36 37 -38 39 40 41 42 43 -44
v -45 46 47 48 -49 -50 51 -52 53 54 55 -56 -57 -58 -59 60 0
c Answer: 2992
v -1 -2 3 -4 -5 -6 7 8 9 -10 -11 -12 13 14 15 16 -17 18 -19 -20 -21 22 23
v 24 -25 -26 -27 28 -29 -30 -31 32 33 -34 -35 36 37 -38 39 40 41 42 43 -44
v -45 46 47 48 -49 -50 51 -52 53 54 55 -56 -57 -58 -59 60 0
c Answer: 2993
v 1 -2 -3 -4 5 6 7 8 -9 -10 11 -12 -13 -14 15 -16 -17 18 -19 -20 -21 22 23
v 24 -25 -26 -27 28 -29 -30 -31 -32 33 -34 -35 36 37 -38 39 40 41 42 43 44
v 45 46 47 48 -49 -50 51 -52 -53 54 55 -56 -57 -58 -59 -60 0
c Answer: 2994
v -1 -2 3 -4 -5 -6 7 8 9 -10 -11 -12 13 14 15 -16 -17 18 -19 -20 -21 22 23
v 24 -25 -26 -27 28 -29 -30 -31 -32 33 -34 -35 36 37 -38 39 40 41 42 43 44
v -45 46 47 48 -49 -50 51 -52 53 54 55 -56 -57 -58 -59 -60 0
c Answer: 2995
v 1 -2 -3 -4 5 6 7 8 -9 -10 11 -12 -13 -14 15 16 -17 18 -19 -20 -21 22 23
v 24 -25 -26 -27 28 -29 -30 -31 -32 33 -34 -35 36 37 -38 39 40 41 42 43 44
v 45 46 47 48 -49 -50 51 -52 -53 54 55 -56 -57 -58 -59 -60 0
c Answer: 2996
v -1 -2 3 -4 -5 -6 7 8 9 -10 -11 -12 13 14 15 16 -17 18 -19 -20 -21 22 23
v 24 -25 -26 -27 28 -29 -30 -31 -32 33 -34 -35 36 37 -38 39 40 41 42 43 44
v -45 46 47 48 -49 -50 51 -52 53 54 55 -56 -57 -58 -59 -60 0
c Answer: 2997
v 1 -2 -3 -4 5 6 7 8 -9 -10 11 -12 -13 -14 15 -16 -17 18 -19 -20 -21 22 23
v 24 -25 -26 -27 28 -29 -30 -31 -32 33 -34 -35 36 37 -38 39 40 41 42 43 44
v 45 46 47 48 -49 -50 51 -52 -53 54 55 -56 -57 -58 -59 60 0
c Answer: 2998
v 1 -2 -3 -4 5 6 7 8 -9 -10 11 -12 -13 -14 15 16 -17 18 -19 -20 -21 22 23
v 24 -25 -26 -27 28 -29 -30 -31 -32 33 -34 -35 36 37 -38 39 40 41 42 43 44
v 45 46 47 48 -49 -50 51 -52 -53 54 55 -56 -57 -58 -59 60 0
c Answer: 2999
v -1 -2 3 -4 -5 -6 7 8 9 -10 -11 -12 13 14 15 -16 -17 18 -19 -20 -21 22 23
v 24 -25 -26 -27 28 -29 -30 -31 -32 33 -34 -35 36 37 -38 39 40 41 42 43 44
v -45 46 47 48 -49 -50 51 -52 53 54 55 -56 -57 -58 -59 60 0
c Answer: 3000
v -1 -2 3 -4 -5 -6 7 8 9 -10 -11 -12 13 14 15 16 -17 18 -19 -20 -21 22 23
v 24 -25 -26 -27 28 -29 -30 -31 -32 33 -34 -35 36 37 -38 39 40 41 42 43 44
v -45 46 47 48 -49 -50 51 -52 53 54 55 -56 -57 -58 -59 60 0
c Answer: 3001
v 1 -2 -3 -4 5 6 7 8 -9 -10 11 -12 -13 -14 15 -16 -17 18 -19 -20 -21 22 23
v 24 -25 -26 -27 28 -29 -30 -31 32 33 -34 -35 36 37 -38 39 40 41 42 43 44
v 45 46 47 48 -49 -50 51 -52 -53 54 55 -56 -57 -58 -59 -60 0
c Answer: 3002
v -1 -2 3 -4 -5 -6 7 8 9 -10 -11 -12 13 14 15 -16 -17 18 -19 -20 -21 22 23
v 24 -25 -26 -27 28 -29 -30 -31 32 33 -34 -35 36 37 -38 39 40 41 42 43 44
v -45 46 47 48 -49 -50 51 -52 53 54 55 -56 -57 -58 -59 -60 0
c Answer: 3003
v 1 -2 -3 -4 5 6 7 8 -9 -10 11 -12 -13 -14 15 -16 -17 18 -19 -20 -21 22 23
v 24 -25 -26 -27 28 -29 -30 -31 32 33 -34 -35 36 37 -38 39 40 41 42 43 44
v 45 46 47 48 -49 -50 51 -52 -53 54 55 -56 -57 -58 -59 60 0
c Answer: 3004
v -1 -2 3 -4 -5 -6 7 8 9 -10 -11 -12 13 14 15 -16 -17 18 -19 -20 -21 22 23
v 24 -25 -26 -27 28 -29 -30 -31 32 33 -34 -35 36 37 -38 39 40 41 42 43 44
v -45 46 47 48 -49 -50 51 -52 53 54 55 -56 -57 -58 -59 60 0
c Answer: 3005
v 1 -2 -3 -4 5 6 7 8 -9 -10 11 -12 -13 -14 15 16 -17 18 -19 -20 -21 22 23
v 24 -25 -26 -27 28 -29 -30 -31 32 33 -34 -35 36 37 -38 39 40 41 42 43 44
v 45 46 47 48 -49 -50 51 -52 -53 54 55 -56 -57 -58 -59 -60 0
c Answer: 3006
v 1 -2 -3 -4 5 6 7 8 -9 -10 11 -12 -13 -14 15 16 -17 18 -19 -20 -21 22 23
v 24 -25 -26 -27 28 -29 -30 -31 32 33 -34 -35 36 37 -38 39 40 41 42 43 44
v 45 46 47 48 -49 -50 51 -52 -53 54 55 -56 -57 -58 -59 60 0
c Answer: 3007
v -1 -2 3 -4 -5 -6 7 8 9 -10 -11 -12 13 14 15 16 -17 18 -19 -20 -21 22 23
v 24 -25 -26 -27 28 -29 -30 -31 32 33 -34 -35 36 37 -38 39 40 41 42 43 44
v -45 46 47 48 -49 -50 51 -52 53 54 55 -56 -57 -58 -59 -60 0
c Answer: 3008
v -1 -2 3 -4 -5 -6 7 8 9 -10 -11 -12 13 14 15 16 -17 18 -19 -20 -21 22 23
v 24 -25 -26 -27 28 -29 -30 -31 32 33 -34 -35 36 37 -38 39 40 41 42 43 44
v -45 46 47 48 -49 -50 51 -52 53 54 55 -56 -57 -58 -59 60 0
c Answer: 3009
v 1 -2 -3 -4 5 6 7 8 -9 -10 11 -12 -13 -14 15 -16 -17 18 -19 -20 -21 22 23
v -24 -25 -26 -27 28 -29 -30 -31 -32 33 -34 -35 36 37 -38 39 40 41 42 43
v -44 45 46 47 48 -49 -50 51 -52 -53 54 55 56 -57 -58 -59 -60 0
c Answer: 3010
v -1 -2 3 -4 -5 -6 7 8 9 -10 -11 -12 13 14 15 -16 -17 18 -19 -20 -21 22 23
v -24 -25 -26 -27 28 -29 -30 -31 -32 33 -34 -35 36 37 -38 39 40 41 42 43
v -44 -45 46 47 48 -49 -50 51 -52 53 54 55 56 -57 -58 -59 -60 0
c Answer: 3011
v 1 -2 -3 -4 5 6 7 8 -9 -10 11 -12 -13 -14 15 -16 -17 18 -19 -20 -21 22 23
v 24 -25 -26 -27 28 -29 -30 -31 -32 33 -34 -35 36 37 -38 39 40 41 42 43 -44
v 45 46 47 48 -49 -50 51 -52 -53 54 55 56 -57 -58 -59 -60 0
c Answer: 3012
v -1 -2 3 -4 -5 -6 7 8 9 -10 -11 -12 13 14 15 -16 -17 18 -19 -20 -21 22 23
v 24 -25 -26 -27 28 -29 -30 -31 -32 33 -34 -35 36 37 -38 39 40 41 42 43 -44
v -45 46 47 48 -49 -50 51 -52 53 54 55 56 -57 -58 -59 -60 0
c Answer: 3013
v 1 -2 -3 -4 5 6 7 8 -9 -10 11 -12 -13 -14 15 -16 -17 18 -19 -20 -21 22 23
v -24 -25 -26 -27 28 -29 -30 -31 -32 33 -34 -35 36 37 -38 39 40 41 42 43
v 44 45 46 47 48 -49 -50 51 -52 -53 54 55 56 -57 -58 -59 -60 0
c Answer: 3014
v 1 -2 -3 -4 5 6 7 8 -9 -10 11 -12 -13 -14 15 -16 -17 18 -19 -20 -21 22 23
v 24 -25 -26 -27 28 -29 -30 -31 -32 33 -34 -35 36 37 -38 39 40 41 42 43 44
v 45 46 47 48 -49 -50 51 -52 -53 54 55 56 -57 -58 -59 -60 0
c Answer: 3015
v -1 -2 3 -4 -5 -6 7 8 9 -10 -11 -12 13 14 15 -16 -17 18 -19 -20 -21 22 23
v -24 -25 -26 -27 28 -29 -30 -31 -32 33 -34 -35 36 37 -38 39 40 41 42 43
v 44 -45 46 47 48 -49 -50 51 -52 53 54 55 56 -57 -58 -59 -60 0
c Answer: 3016
v -1 -2 3 -4 -5 -6 7 8 9 -10 -11 -12 13 14 15 -16 -17 18 -19 -20 -21 22 23
v 24 -25 -26 -27 28 -29 -30 -31 -32 33 -34 -35 36 37 -38 39 40 41 42 43 44
v -45 46 47 48 -49 -50 51 -52 53 54 55 56 -57 -58 -59 -60 0
c Answer: 3017
v 1 -2 -3 -4 5 6 7 8 -9 -10 11 -12 -13 -14 15 -16 -17 18 -19 -20 -21 22 23
v -24 -25 -26 -27 28 -29 -30 -31 32 33 -34 -35 36 37 -38 39 40 41 42 43 -44
v 45 46 47 48 -49 -50 51 -52 -53 54 55 56 -57 -58 -59 -60 0
c Answer: 3018
v -1 -2 3 -4 -5 -6 7 8 9 -10 -11 -12 13 14 15 -16 -17 18 -19 -20 -21 22 23
v -24 -25 -26 -27 28 -29 -30 -31 32 33 -34 -35 36 37 -38 39 40 41 42 43 -44
v -45 46 47 48 -49 -50 51 -52 53 54 55 56 -57 -58 -59 -60 0
c Answer: 3019
v 1 -2 -3 -4 5 6 7 8 -9 -10 11 -12 -13 -14 15 -16 -17 18 -19 -20 -21 22 23
v -24 -25 -26 -27 28 -29 -30 -31 32 33 -34 -35 36 37 -38 39 40 41 42 43 44
v 45 46 47 48 -49 -50 51 -52 -53 54 55 56 -57 -58 -59 -60 0
c Answer: 3020
v -1 -2 3 -4 -5 -6 7 8 9 -10 -11 -12 13 14 15 -16 -17 18 -19 -20 -21 22 23
v -24 -25 -26 -27 28 -29 -30 -31 32 33 -34 -35 36 37 -38 39 40 41 42 43 44
v -45 46 47 48 -49 -50 51 -52 53 54 55 56 -57 -58 -59 -60 0
c Answer: 3021
v 1 -2 -3 -4 5 6 7 8 -9 -10 11 -12 -13 -14 15 -16 -17 18 -19 -20 -21 22 23
v 24 -25 -26 -27 28 -29 -30 -31 32 33 -34 -35 36 37 -38 39 40 41 42 43 -44
v 45 46 47 48 -49 -50 51 -52 -53 54 55 56 -57 -58 -59 -60 0
c Answer: 3022
v 1 -2 -3 -4 5 6 7 8 -9 -10 11 -12 -13 -14 15 -16 -17 18 -19 -20 -21 22 23
v 24 -25 -26 -27 28 -29 -30 -31 32 33 -34 -35 36 37 -38 39 40 41 42 43 44
v 45 46 47 48 -49 -50 51 -52 -53 54 55 56 -57 -58 -59 -60 0
c Answer: 3023
v -1 -2 3 -4 -5 -6 7 8 9 -10 -11 -12 13 14 15 -16 -17 18 -19 -20 -21 22 23
v 24 -25 -26 -27 28 -29 -30 -31 32 33 -34 -35 36 37 -38 39 40 41 42 43 -44
v -45 46 47 48 -49 -50 51 -52 53 54 55 56 -57 -58 -59 -60 0
c Answer: 3024
v -1 -2 3 -4 -5 -6 7 8 9 -10 -11 -12 13 14 15 -16 -17 18 -19 -20 -21 22 23
v 24 -25 -26 -27 28 -29 -30 -31 32 33 -34 -35 36 37 -38 39 40 41 42 43 44
v -45 46 47 48 -49 -50 51 -52 53 54 55 56 -57 -58 -59 -60 0
c Answer: 3025
v 1 -2 -3 -4 5 6 7 8 -9 -10 11 -12 -13 -14 15 16 -17 18 -19 -20 -21 22 23
v -24 -25 -26 -27 28 -29 -30 -31 -32 33 -34 -35 36 37 -38 39 40 41 42 43
v -44 45 46 47 48 -49 -50 51 -52 -53 54 55 56 -57 -58 -59 -60 0
c Answer: 3026
v -1 -2 3 -4 -5 -6 7 8 9 -10 -11 -12 13 14 15 16 -17 18 -19 -20 -21 22 23
v -24 -25 -26 -27 28 -29 -30 -31 -32 33 -34 -35 36 37 -38 39 40 41 42 43
v -44 -45 46 47 48 -49 -50 51 -52 53 54 55 56 -57 -58 -59 -60 0
c Answer: 3027
v 1 -2 -3 -4 5 6 7 8 -9 -10 11 -12 -13 -14 15 16 -17 18 -19 -20 -21 22 23
v -24 -25 -26 -27 28 -29 -30 -31 32 33 -34 -35 36 37 -38 39 40 41 42 43 -44
v 45 46 47 48 -49 -50 51 -52 -53 54 55 56 -57 -58 -59 -60 0
c Answer: 3028
v -1 -2 3 -4 -5 -6 7 8 9 -10 -11 -12 13 14 15 16 -17 18 -19 -20 -21 22 23
v -24 -25 -26 -27 28 -29 -30 -31 32 33 -34 -35 36 37 -38 39 40 41 42 43 -44
v -45 46 47 48 -49 -50 51 -52 53 54 55 56 -57 -58 -59 -60 0
c Answer: 3029
v 1 -2 -3 -4 5 6 7 8 -9 -10 11 -12 -13 -14 15 16 -17 18 -19 -20 -21 22 23
v 24 -25 -26 -27 28 -29 -30 -31 -32 33 -34 -35 36 37 -38 39 40 41 42 43 -44
v 45 46 47 48 -49 -50 51 -52 -53 54 55 56 -57 -58 -59 -60 0
c Answer: 3030
v 1 -2 -3 -4 5 6 7 8 -9 -10 11 -12 -13 -14 15 16 -17 18 -19 -20 -21 22 23
v 24 -25 -26 -27 28 -29 -30 -31 32 33 -34 -35 36 37 -38 39 40 41 42 43 -44
v 45 46 47 48 -49 -50 51 -52 -53 54 55 56 -57 -58 -59 -60 0
c Answer: 3031
v -1 -2 3 -4 -5 -6 7 8 9 -10 -11 -12 13 14 15 16 -17 18 -19 -20 -21 22 23
v 24 -25 -26 -27 28 -29 -30 -31 -32 33 -34 -35 36 37 -38 39 40 41 42 43 -44
v -45 46 47 48 -49 -50 51 -52 53 54 55 56 -57 -58 -59 -60 0
c Answer: 3032
v -1 -2 3 -4 -5 -6 7 8 9 -10 -11 -12 13 14 15 16 -17 18 -19 -20 -21 22 23
v 24 -25 -26 -27 28 -29 -30 -31 32 33 -34 -35 36 37 -38 39 40 41 42 43 -44
v -45 46 47 48 -49 -50 51 -52 53 54 55 56 -57 -58 -59 -60 0
c Answer: 3033
v 1 -2 -3 -4 5 6 7 8 -9 -10 11 -12 -13 -14 15 16 -17 18 -19 -20 -21 22 23
v -24 -25 -26 -27 28 -29 -30 -31 -32 33 -34 -35 36 37 -38 39 40 41 42 43
v 44 45 46 47 48 -49 -50 51 -52 -53 54 55 56 -57 -58 -59 -60 0
c Answer: 3034
v -1 -2 3 -4 -5 -6 7 8 9 -10 -11 -12 13 14 15 16 -17 18 -19 -20 -21 22 23
v -24 -25 -26 -27 28 -29 -30 -31 -32 33 -34 -35 36 37 -38 39 40 41 42 43
v 44 -45 46 47 48 -49 -50 51 -52 53 54 55 56 -57 -58 -59 -60 0
c Answer: 3035
v 1 -2 -3 -4 5 6 7 8 -9 -10 11 -12 -13 -14 15 16 -17 18 -19 -20 -21 22 23
v 24 -25 -26 -27 28 -29 -30 -31 -32 33 -34 -35 36 37 -38 39 40 41 42 43 44
v 45 46 47 48 -49 -50 51 -52 -53 54 55 56 -57 -58 -59 -60 0
c Answer: 3036
v -1 -2 3 -4 -5 -6 7 8 9 -10 -11 -12 13 14 15 16 -17 18 -19 -20 -21 22 23
v 24 -25 -26 -27 28 -29 -30 -31 -32 33 -34 -35 36 37 -38 39 40 41 42 43 44
v -45 46 47 48 -49 -50 51 -52 53 54 55 56 -57 -58 -59 -60 0
c Answer: 3037
v 1 -2 -3 -4 5 6 7 8 -9 -10 11 -12 -13 -14 15 16 -17 18 -19 -20 -21 22 23
v -24 -25 -26 -27 28 -29 -30 -31 32 33 -34 -35 36 37 -38 39 40 41 42 43 44
v 45 46 47 48 -49 -50 51 -52 -53 54 55 56 -57 -58 -59 -60 0
c Answer: 3038
v 1 -2 -3 -4 5 6 7 8 -9 -10 11 -12 -13 -14 15 16 -17 18 -19 -20 -21 22 23
v 24 -25 -26 -27 28 -29 -30 -31 32 33 -34 -35 36 37 -38 39 40 41 42 43 44
v 45 46 47 48 -49 -50 51 -52 -53 54 55 56 -57 -58 -59 -60 0
c Answer: 3039
v -1 -2 3 -4 -5 -6 7 8 9 -10 -11 -12 13 14 15 16 -17 18 -19 -20 -21 22 23
v -24 -25 -26 -27 28 -29 -30 -31 32 33 -34 -35 36 37 -38 39 40 41 42 43 44
v -45 46 47 48 -49 -50 51 -52 53 54 55 56 -57 -58 -59 -60 0
c Answer: 3040
v -1 -2 3 -4 -5 -6 7 8 9 -10 -11 -12 13 14 15 16 -17 18 -19 -20 -21 22 23
v 24 -25 -26 -27 28 -29 -30 -31 32 33 -34 -35 36 37 -38 39 40 41 42 43 44
v -45 46 47 48 -49 -50 51 -52 53 54 55 56 -57 -58 -59 -60 0
c Answer: 3041
v 1 -2 -3 -4 5 6 7 8 -9 -10 11 -12 -13 -14 15 -16 -17 18 -19 -20 -21 22 23
v -24 -25 -26 -27 28 -29 -30 -31 -32 33 -34 -35 36 37 -38 39 40 41 42 43
v -44 45 46 47 48 -49 -50 51 -52 -53 54 55 56 -57 -58 -59 60 0
c Answer: 3042
v -1 -2 3 -4 -5 -6 7 8 9 -10 -11 -12 13 14 15 -16 -17 18 -19 -20 -21 22 23
v -24 -25 -26 -27 28 -29 -30 -31 -32 33 -34 -35 36 37 -38 39 40 41 42 43
v -44 -45 46 47 48 -49 -50 51 -52 53 54 55 56 -57 -58 -59 60 0
c Answer: 3043
v 1 -2 -3 -4 5 6 7 8 -9 -10 11 -12 -13 -14 15 16 -17 18 -19 -20 -21 22 23
v -24 -25 -26 -27 28 -29 -30 -31 -32 33 -34 -35 36 37 -38 39 40 41 42 43
v -44 45 46 47 48 -49 -50 51 -52 -53 54 55 56 -57 -58 -59 60 0
c Answer: 3044
v -1 -2 3 -4 -5 -6 7 8 9 -10 -11 -12 13 14 15 16 -17 18 -19 -20 -21 22 23
v -24 -25 -26 -27 28 -29 -30 -31 -32 33 -34 -35 36 37 -38 39 40 41 42 43
v -44 -45 46 47 48 -49 -50 51 -52 53 54 55 56 -57 -58 -59 60 0
c Answer: 3045
v 1 -2 -3 -4 5 6 7 8 -9 -10 11 -12 -13 -14 15 -16 -17 18 -19 -20 -21 22 23
v -24 -25 -26 -27 28 -29 -30 -31 -32 33 -34 -35 36 37 -38 39 40 41 42 43
v 44 45 46 47 48 -49 -50 51 -52 -53 54 55 56 -57 -58 -59 60 0
c Answer: 3046
v 1 -2 -3 -4 5 6 7 8 -9 -10 11 -12 -13 -14 15 16 -17 18 -19 -20 -21 22 23
v -24 -25 -26 -27 28 -29 -30 -31 -32 33 -34 -35 36 37 -38 39 40 41 42 43
v 44 45 46 47 48 -49 -50 51 -52 -53 54 55 56 -57 -58 -59 60 0
c Answer: 3047
v -1 -2 3 -4 -5 -6 7 8 9 -10 -11 -12 13 14 15 -16 -17 18 -19 -20 -21 22 23
v -24 -25 -26 -27 28 -29 -30 -31 -32 33 -34 -35 36 37 -38 39 40 41 42 43
v 44 -45 46 47 48 -49 -50 51 -52 53 54 55 56 -57 -58 -59 60 0
c Answer: 3048
v -1 -2 3 -4 -5 -6 7 8 9 -10 -11 -12 13 14 15 16 -17 18 -19 -20 -21 22 23
v -24 -25 -26 -27 28 -29 -30 -31 -32 33 -34 -35 36 37 -38 39 40 41 42 43
v 44 -45 46 47 48 -49 -50 51 -52 53 54 55 56 -57 -58 -59 60 0
c Answer: 3049
v 1 -2 -3 -4 5 6 7 8 -9 -10 11 -12 -13 -14 15 -16 -17 18 -19 -20 -21 22 23
v -24 -25 -26 -27 28 -29 -30 -31 32 33 -34 -35 36 37 -38 39 40 41 42 43 -44
v 45 46 47 48 -49 -50 51 -52 -53 54 55 56 -57 -58 -59 60 0
c Answer: 3050
v -1 -2 3 -4 -5 -6 7 8 9 -10 -11 -12 13 14 15 -16 -17 18 -19 -20 -21 22 23
v -24 -25 -26 -27 28 -29 -30 -31 32 33 -34 -35 36 37 -38 39 40 41 42 43 -44
v -45 46 47 48 -49 -50 51 -52 53 54 55 56 -57 -58 -59 60 0
c Answer: 3051
v 1 -2 -3 -4 5 6 7 8 -9 -10 11 -12 -13 -14 15 -16 -17 18 -19 -20 -21 22 23
v -24 -25 -26 -27 28 -29 -30 -31 32 33 -34 -35 36 37 -38 39 40 41 42 43 44
v 45 46 47 48 -49 -50 51 -52 -53 54 55 56 -57 -58 -59 60 0
c Answer: 3052
v -1 -2 3 -4 -5 -6 7 8 9 -10 -11 -12 13 14 15 -16 -17 18 -19 -20 -21 22 23
v -24 -25 -26 -27 28 -29 -30 -31 32 33 -34 -35 36 37 -38 39 40 41 42 43 44
v -45 46 47 48 -49 -50 51 -52 53 54 55 56 -57 -58 -59 60 0
c Answer: 3053
v 1 -2 -3 -4 5 6 7 8 -9 -10 11 -12 -13 -14 15 16 -17 18 -19 -20 -21 22 23
v -24 -25 -26 -27 28 -29 -30 -31 32 33 -34 -35 36 37 -38 39 40 41 42 43 -44
v 45 46 47 48 -49 -50 51 -52 -53 54 55 56 -57 -58 -59 60 0
c Answer: 3054
v 1 -2 -3 -4 5 6 7 8 -9 -10 11 -12 -13 -14 15 16 -17 18 -19 -20 -21 22 23
v -24 -25 -26 -27 28 -29 -30 -31 32 33 -34 -35 36 37 -38 39 40 41 42 43 44
v 45 46 47 48 -49 -50 51 -52 -53 54 55 56 -57 -58 -59 60 0
c Answer: 3055
v -1 -2 3 -4 -5 -6 7 8 9 -10 -11 -12 13 14 15 16 -17 18 -19 -20 -21 22 23
v -24 -25 -26 -27 28 -29 -30 -31 32 33 -34 -35 36 37 -38 39 40 41 42 43 -44
v -45 46 47 48 -49 -50 51 -52 53 54 55 56 -57 -58 -59 60 0
c Answer: 3056
v -1 -2 3 -4 -5 -6 7 8 9 -10 -11 -12 13 14 15 16 -17 18 -19 -20 -21 22 23
v -24 -25 -26 -27 28 -29 -30 -31 32 33 -34 -35 36 37 -38 39 40 41 42 43 44
v -45 46 47 48 -49 -50 51 -52 53 54 55 56 -57 -58 -59 60 0
c Answer: 3057
v 1 -2 -3 -4 5 6 7 8 -9 -10 11 -12 -13 -14 15 -16 -17 18 -19 -20 -21 22 23
v 24 -25 -26 -27 28 -29 -30 -31 -32 33 -34 -35 36 37 -38 39 40 41 42 43 -44
v 45 46 47 48 -49 -50 51 -52 -53 54 55 56 -57 -58 -59 60 0
c Answer: 3058
v -1 -2 3 -4 -5 -6 7 8 9 -10 -11 -12 13 14 15 -16 -17 18 -19 -20 -21 22 23
v 24 -25 -26 -27 28 -29 -30 -31 -32 33 -34 -35 36 37 -38 39 40 41 42 43 -44
v -45 46 47 48 -49 -50 51 -52 53 54 55 56 -57 -58 -59 60 0
c Answer: 3059
v 1 -2 -3 -4 5 6 7 8 -9 -10 11 -12 -13 -14 15 -16 -17 18 -19 -20 -21 22 23
v 24 -25 -26 -27 28 -29 -30 -31 32 33 -34 -35 36 37 -38 39 40 41 42 43 -44
v 45 46 47 48 -49 -50 51 -52 -53 54 55 56 -57 -58 -59 60 0
c Answer: 3060
v -1 -2 3 -4 -5 -6 7 8 9 -10 -11 -12 13 14 15 -16 -17 18 -19 -20 -21 22 23
v 24 -25 -26 -27 28 -29 -30 -31 32 33 -34 -35 36 37 -38 39 40 41 42 43 -44
v -45 46 47 48 -49 -50 51 -52 53 54 55 56 -57 -58 -59 60 0
c Answer: 3061
v 1 -2 -3 -4 5 6 7 8 -9 -10 11 -12 -13 -14 15 16 -17 18 -19 -20 -21 22 23
v 24 -25 -26 -27 28 -29 -30 -31 -32 33 -34 -35 36 37 -38 39 40 41 42 43 -44
v 45 46 47 48 -49 -50 51 -52 -53 54 55 56 -57 -58 -59 60 0
c Answer: 3062
v 1 -2 -3 -4 5 6 7 8 -9 -10 11 -12 -13 -14 15 16 -17 18 -19 -20 -21 22 23
v 24 -25 -26 -27 28 -29 -30 -31 32 33 -34 -35 36 37 -38 39 40 41 42 43 -44
v 45 46 47 48 -49 -50 51 -52 -53 54 55 56 -57 -58 -59 60 0
c Answer: 3063
v -1 -2 3 -4 -5 -6 7 8 9 -10 -11 -12 13 14 15 16 -17 18 -19 -20 -21 22 23
v 24 -25 -26 -27 28 -29 -30 -31 -32 33 -34 -35 36 37 -38 39 40 41 42 43 -44
v -45 46 47 48 -49 -50 51 -52 53 54 55 56 -57 -58 -59 60 0
c Answer: 3064
v -1 -2 3 -4 -5 -6 7 8 9 -10 -11 -12 13 14 15 16 -17 18 -19 -20 -21 22 23
v 24 -25 -26 -27 28 -29 -30 -31 32 33 -34 -35 36 37 -38 39 40 41 42 43 -44
v -45 46 47 48 -49 -50 51 -52 53 54 55 56 -57 -58 -59 60 0
c Answer: 3065
v 1 -2 -3 -4 5 6 7 8 -9 -10 11 -12 -13 -14 15 -16 -17 18 -19 -20 -21 22 23
v 24 -25 -26 -27 28 -29 -30 -31 -32 33 -34 -35 36 37 -38 39 40 41 42 43 44
v 45 46 47 48 -49 -50 51 -52 -53 54 55 56 -57 -58 -59 60 0
c Answer: 3066
v -1 -2 3 -4 -5 -6 7 8 9 -10 -11 -12 13 14 15 -16 -17 18 -19 -20 -21 22 23
v 24 -25 -26 -27 28 -29 -30 -31 -32 33 -34 -35 36 37 -38 39 40 41 42 43 44
v -45 46 47 48 -49 -50 51 -52 53 54 55 56 -57 -58 -59 60 0
c Answer: 3067
v 1 -2 -3 -4 5 6 7 8 -9 -10 11 -12 -13 -14 15 16 -17 18 -19 -20 -21 22 23
v 24 -25 -26 -27 28 -29 -30 -31 -32 33 -34 -35 36 37 -38 39 40 41 42 43 44
v 45 46 47 48 -49 -50 51 -52 -53 54 55 56 -57 -58 -59 60 0
c Answer: 3068
v -1 -2 3 -4 -5 -6 7 8 9 -10 -11 -12 13 14 15 16 -17 18 -19 -20 -21 22 23
v 24 -25 -26 -27 28 -29 -30 -31 -32 33 -34 -35 36 37 -38 39 40 41 42 43 44
v -45 46 47 48 -49 -50 51 -52 53 54 55 56 -57 -58 -59 60 0
c Answer: 3069
v 1 -2 -3 -4 5 6 7 8 -9 -10 11 -12 -13 -14 15 -16 -17 18 -19 -20 -21 22 23
v 24 -25 -26 -27 28 -29 -30 -31 32 33 -34 -35 36 37 -38 39 40 41 42 43 44
v 45 46 47 48 -49 -50 51 -52 -53 54 55 56 -57 -58 -59 60 0
c Answer: 3070
v 1 -2 -3 -4 5 6 7 8 -9 -10 11 -12 -13 -14 15 16 -17 18 -19 -20 -21 22 23
v 24 -25 -26 -27 28 -29 -30 -31 32 33 -34 -35 36 37 -38 39 40 41 42 43 44
v 45 46 47 48 -49 -50 51 -52 -53 54 55 56 -57 -58 -59 60 0
c Answer: 3071
v -1 -2 3 -4 -5 -6 7 8 9 -10 -11 -12 13 14 15 -16 -17 18 -19 -20 -21 22 23
v 24 -25 -26 -27 28 -29 -30 -31 32 33 -34 -35 36 37 -38 39 40 41 42 43 44
v -45 46 47 48 -49 -50 51 -52 53 54 55 56 -57 -58 -59 60 0
c Answer: 3072
v -1 -2 3 -4 -5 -6 7 8 9 -10 -11 -12 13 14 15 16 -17 18 -19 -20 -21 22 23
v 24 -25 -26 -27 28 -29 -30 -31 32 33 -34 -35 36 37 -38 39 40 41 42 43 44
v -45 46 47 48 -49 -50 51 -52 53 54 55 56 -57 -58 -59 60 0
c Answer: 3073
v 1 -2 -3 -4 5 6 7 8 -9 -10 11 -12 -13 -14 15 -16 -17 18 -19 -20 -21 22 23
v -24 -25 -26 -27 28 -29 -30 -31 -32 33 -34 -35 36 37 -38 39 40 41 -42 -43
v -44 45 46 47 -48 -49 -50 51 52 -53 54 55 -56 -57 -58 -59 -60 0
c Answer: 3074
v -1 -2 3 -4 -5 -6 7 8 9 -10 -11 -12 13 14 15 -16 -17 18 -19 -20 -21 22 23
v -24 -25 -26 -27 28 -29 -30 -31 -32 33 -34 -35 36 37 -38 39 40 41 -42 -43
v -44 -45 46 47 -48 -49 -50 51 52 53 54 55 -56 -57 -58 -59 -60 0
c Answer: 3075
v 1 -2 -3 -4 5 6 7 8 -9 -10 11 -12 -13 -14 15 -16 -17 18 -19 -20 -21 22 23
v -24 -25 -26 -27 28 -29 -30 -31 32 33 -34 -35 36 37 -38 39 40 41 -42 -43
v -44 45 46 47 -48 -49 -50 51 52 -53 54 55 -56 -57 -58 -59 -60 0
c Answer: 3076
v -1 -2 3 -4 -5 -6 7 8 9 -10 -11 -12 13 14 15 -16 -17 18 -19 -20 -21 22 23
v -24 -25 -26 -27 28 -29 -30 -31 32 33 -34 -35 36 37 -38 39 40 41 -42 -43
v -44 -45 46 47 -48 -49 -50 51 52 53 54 55 -56 -57 -58 -59 -60 0
c Answer: 3077
v 1 -2 -3 -4 5 6 7 8 -9 -10 11 -12 -13 -14 15 -16 -17 18 -19 -20 -21 22 23
v -24 -25 -26 -27 28 -29 -30 -31 -32 33 -34 -35 36 37 -38 39 40 41 -42 -43
v -44 45 46 47 48 -49 -50 51 52 -53 54 55 -56 -57 -58 -59 -60 0
c Answer: 3078
v 1 -2 -3 -4 5 6 7 8 -9 -10 11 -12 -13 -14 15 -16 -17 18 -19 -20 -21 22 23
v -24 -25 -26 -27 28 -29 -30 -31 32 33 -34 -35 36 37 -38 39 40 41 -42 -43
v -44 45 46 47 48 -49 -50 51 52 -53 54 55 -56 -57 -58 -59 -60 0
c Answer: 3079
v -1 -2 3 -4 -5 -6 7 8 9 -10 -11 -12 13 14 15 -16 -17 18 -19 -20 -21 22 23
v -24 -25 -26 -27 28 -29 -30 -31 -32 33 -34 -35 36 37 -38 39 40 41 -42 -43
v -44 -45 46 47 48 -49 -50 51 52 53 54 55 -56 -57 -58 -59 -60 0
c Answer: 3080
v -1 -2 3 -4 -5 -6 7 8 9 -10 -11 -12 13 14 15 -16 -17 18 -19 -20 -21 22 23
v -24 -25 -26 -27 28 -29 -30 -31 32 33 -34 -35 36 37 -38 39 40 41 -42 -43
v -44 -45 46 47 48 -49 -50 51 52 53 54 55 -56 -57 -58 -59 -60 0
c Answer: 3081
v 1 -2 -3 -4 5 6 7 8 -9 -10 11 -12 -13 -14 15 -16 -17 18 -19 -20 -21 22 23
v -24 -25 -26 -27 28 -29 -30 -31 -32 33 -34 -35 36 37 -38 39 40 41 -42 43
v -44 45 46 47 -48 -49 -50 51 52 -53 54 55 -56 -57 -58 -59 -60 0
c Answer: 3082
v -1 -2 3 -4 -5 -6 7 8 9 -10 -11 -12 13 14 15 -16 -17 18 -19 -20 -21 22 23
v -24 -25 -26 -27 28 -29 -30 -31 -32 33 -34 -35 36 37 -38 39 40 41 -42 43
v -44 -45 46 47 -48 -49 -50 51 52 53 54 55 -56 -57 -58 -59 -60 0
c Answer: 3083
v 1 -2 -3 -4 5 6 7 8 -9 -10 11 -12 -13 -14 15 -16 -17 18 -19 -20 -21 22 23
v -24 -25 -26 -27 28 -29 -30 -31 -32 33 -34 -35 36 37 -38 39 40 41 -42 43
v -44 45 46 47 48 -49 -50 51 52 -53 54 55 -56 -57 -58 -59 -60 0
c Answer: 3084
v -1 -2 3 -4 -5 -6 7 8 9 -10 -11 -12 13 14 15 -16 -17 18 -19 -20 -21 22 23
v -24 -25 -26 -27 28 -29 -30 -31 -32 33 -34 -35 36 37 -38 39 40 41 -42 43
v -44 -45 46 47 48 -49 -50 51 52 53 54 55 -56 -57 -58 -59 -60 0
c Answer: 3085
v 1 -2 -3 -4 5 6 7 8 -9 -10 11 -12 -13 -14 15 -16 -17 18 -19 -20 -21 22 23
v -24 -25 -26 -27 28 -29 -30 -31 32 33 -34 -35 36 37 -38 39 40 41 -42 43
v -44 45 46 47 -48 -49 -50 51 52 -53 54 55 -56 -57 -58 -59 -60 0
c Answer: 3086
v 1 -2 -3 -4 5 6 7 8 -9 -10 11 -12 -13 -14 15 -16 -17 18 -19 -20 -21 22 23
v -24 -25 -26 -27 28 -29 -30 -31 32 33 -34 -35 36 37 -38 39 40 41 -42 43
v -44 45 46 47 48 -49 -50 51 52 -53 54 55 -56 -57 -58 -59 -60 0
c Answer: 3087
v -1 -2 3 -4 -5 -6 7 8 9 -10 -11 -12 13 14 15 -16 -17 18 -19 -20 -21 22 23
v -24 -25 -26 -27 28 -29 -30 -31 32 33 -34 -35 36 37 -38 39 40 41 -42 43
v -44 -45 46 47 -48 -49 -50 51 52 53 54 55 -56 -57 -58 -59 -60 0
c Answer: 3088
v -1 -2 3 -4 -5 -6 7 8 9 -10 -11 -12 13 14 15 -16 -17 18 -19 -20 -21 22 23
v -24 -25 -26 -27 28 -29 -30 -31 32 33 -34 -35 36 37 -38 39 40 41 -42 43
v -44 -45 46 47 48 -49 -50 51 52 53 54 55 -56 -57 -58 -59 -60 0
c Answer: 3089
v 1 -2 -3 -4 5 6 7 8 -9 -10 11 -12 -13 -14 15 -16 -17 18 -19 -20 -21 22 23
v -24 -25 -26 -27 28 -29 -30 -31 -32 33 -34 -35 36 37 -38 39 40 41 42 -43
v -44 45 46 47 -48 -49 -50 51 52 -53 54 55 -56 -57 -58 -59 -60 0
c Answer: 3090
v -1 -2 3 -4 -5 -6 7 8 9 -10 -11 -12 13 14 15 -16 -17 18 -19 -20 -21 22 23
v -24 -25 -26 -27 28 -29 -30 -31 -32 33 -34 -35 36 37 -38 39 40 41 42 -43
v -44 -45 46 47 -48 -49 -50 51 52 53 54 55 -56 -57 -58 -59 -60 0
c Answer: 3091
v 1 -2 -3 -4 5 6 7 8 -9 -10 11 -12 -13 -14 15 -16 -17 18 -19 -20 -21 22 23
v -24 -25 -26 -27 28 -29 -30 -31 -32 33 -34 -35 36 37 -38 39 40 41 42 43
v -44 45 46 47 -48 -49 -50 51 52 -53 54 55 -56 -57 -58 -59 -60 0
c Answer: 3092
v -1 -2 3 -4 -5 -6 7 8 9 -10 -11 -12 13 14 15 -16 -17 18 -19 -20 -21 22 23
v -24 -25 -26 -27 28 -29 -30 -31 -32 33 -34 -35 36 37 -38 39 40 41 42 43
v -44 -45 46 47 -48 -49 -50 51 52 53 54 55 -56 -57 -58 -59 -60 0
c Answer: 3093
v 1 -2 -3 -4 5 6 7 8 -9 -10 11 -12 -13 -14 15 -16 -17 18 -19 -20 -21 22 23
v -24 -25 -26 -27 28 -29 -30 -31 32 33 -34 -35 36 37 -38 39 40 41 42 -43
v -44 45 46 47 -48 -49 -50 51 52 -53 54 55 -56 -57 -58 -59 -60 0
c Answer: 3094
v 1 -2 -3 -4 5 6 7 8 -9 -10 11 -12 -13 -14 15 -16 -17 18 -19 -20 -21 22 23
v -24 -25 -26 -27 28 -29 -30 -31 32 33 -34 -35 36 37 -38 39 40 41 42 43 -44
v 45 46 47 -48 -49 -50 51 52 -53 54 55 -56 -57 -58 -59 -60 0
c Answer: 3095
v -1 -2 3 -4 -5 -6 7 8 9 -10 -11 -12 13 14 15 -16 -17 18 -19 -20 -21 22 23
v -24 -25 -26 -27 28 -29 -30 -31 32 33 -34 -35 36 37 -38 39 40 41 42 -43
v -44 -45 46 47 -48 -49 -50 51 52 53 54 55 -56 -57 -58 -59 -60 0
c Answer: 3096
v -1 -2 3 -4 -5 -6 7 8 9 -10 -11 -12 13 14 15 -16 -17 18 -19 -20 -21 22 23
v -24 -25 -26 -27 28 -29 -30 -31 32 33 -34 -35 36 37 -38 39 40 41 42 43 -44
v -45 46 47 -48 -49 -50 51 52 53 54 55 -56 -57 -58 -59 -60 0
c Answer: 3097
v 1 -2 -3 -4 5 6 7 8 -9 -10 11 -12 -13 -14 15 -16 -17 18 -19 -20 -21 22 23
v -24 -25 -26 -27 28 -29 -30 -31 -32 33 -34 -35 36 37 -38 39 40 41 42 -43
v -44 45 46 47 48 -49 -50 51 52 -53 54 55 -56 -57 -58 -59 -60 0
c Answer: 3098
v -1 -2 3 -4 -5 -6 7 8 9 -10 -11 -12 13 14 15 -16 -17 18 -19 -20 -21 22 23
v -24 -25 -26 -27 28 -29 -30 -31 -32 33 -34 -35 36 37 -38 39 40 41 42 -43
v -44 -45 46 47 48 -49 -50 51 52 53 54 55 -56 -57 -58 -59 -60 0
c Answer: 3099
v 1 -2 -3 -4 5 6 7 8 -9 -10 11 -12 -13 -14 15 -16 -17 18 -19 -20 -21 22 23
v -24 -25 -26 -27 28 -29 -30 -31 32 33 -34 -35 36 37 -38 39 40 41 42 -43
v -44 45 46 47 48 -49 -50 51 52 -53 54 55 -56 -57 -58 -59 -60 0
c Answer: 3100
v -1 -2 3 -4 -5 -6 7 8 9 -10 -11 -12 13 14 15 -16 -17 18 -19 -20 -21 22 23
v -24 -25 -26 -27 28 -29 -30 -31 32 33 -34 -35 36 37 -38 39 40 41 42 -43
v -44 -45 46 47 48 -49 -50 51 52 53 54 55 -56 -57 -58 -59 -60 0
c Answer: 3101
v 1 -2 -3 -4 5 6 7 8 -9 -10 11 -12 -13 -14 15 -16 -17 18 -19 -20 -21 22 23
v -24 -25 -26 -27 28 -29 -30 -31 -32 33 -34 -35 36 37 -38 39 40 41 42 43
v -44 45 46 47 48 -49 -50 51 52 -53 54 55 -56 -57 -58 -59 -60 0
c Answer: 3102
v 1 -2 -3 -4 5 6 7 8 -9 -10 11 -12 -13 -14 15 -16 -17 18 -19 -20 -21 22 23
v -24 -25 -26 -27 28 -29 -30 -31 32 33 -34 -35 36 37 -38 39 40 41 42 43 -44
v 45 46 47 48 -49 -50 51 52 -53 54 55 -56 -57 -58 -59 -60 0
c Answer: 3103
v -1 -2 3 -4 -5 -6 7 8 9 -10 -11 -12 13 14 15 -16 -17 18 -19 -20 -21 22 23
v -24 -25 -26 -27 28 -29 -30 -31 -32 33 -34 -35 36 37 -38 39 40 41 42 43
v -44 -45 46 47 48 -49 -50 51 52 53 54 55 -56 -57 -58 -59 -60 0
c Answer: 3104
v -1 -2 3 -4 -5 -6 7 8 9 -10 -11 -12 13 14 15 -16 -17 18 -19 -20 -21 22 23
v -24 -25 -26 -27 28 -29 -30 -31 32 33 -34 -35 36 37 -38 39 40 41 42 43 -44
v -45 46 47 48 -49 -50 51 52 53 54 55 -56 -57 -58 -59 -60 0
c Answer: 3105
v 1 -2 -3 -4 5 6 7 8 -9 -10 11 -12 -13 -14 15 -16 -17 18 -19 -20 -21 22 23
v -24 -25 -26 -27 28 -29 -30 -31 -32 33 -34 -35 36 37 -38 39 40 41 -42 -43
v -44 45 46 47 -48 -49 -50 51 52 -53 54 55 56 -57 -58 -59 -60 0
c Answer: 3106
v -1 -2 3 -4 -5 -6 7 8 9 -10 -11 -12 13 14 15 -16 -17 18 -19 -20 -21 22 23
v -24 -25 -26 -27 28 -29 -30 -31 -32 33 -34 -35 36 37 -38 39 40 41 -42 -43
v -44 -45 46 47 -48 -49 -50 51 52 53 54 55 56 -57 -58 -59 -60 0
c Answer: 3107
v 1 -2 -3 -4 5 6 7 8 -9 -10 11 -12 -13 -14 15 -16 -17 18 -19 -20 -21 22 23
v -24 -25 -26 -27 28 -29 -30 -31 -32 33 -34 -35 36 37 -38 39 40 41 42 -43
v -44 45 46 47 -48 -49 -50 51 52 -53 54 55 56 -57 -58 -59 -60 0
c Answer: 3108
v -1 -2 3 -4 -5 -6 7 8 9 -10 -11 -12 13 14 15 -16 -17 18 -19 -20 -21 22 23
v -24 -25 -26 -27 28 -29 -30 -31 -32 33 -34 -35 36 37 -38 39 40 41 42 -43
v -44 -45 46 47 -48 -49 -50 51 52 53 54 55 56 -57 -58 -59 -60 0
c Answer: 3109
v 1 -2 -3 -4 5 6 7 8 -9 -10 11 -12 -13 -14 15 -16 -17 18 -19 -20 -21 22 23
v -24 -25 -26 -27 28 -29 -30 -31 -32 33 -34 -35 36 37 -38 39 40 41 -42 -43
v -44 45 46 47 48 -49 -50 51 52 -53 54 55 56 -57 -58 -59 -60 0
c Answer: 3110
v 1 -2 -3 -4 5 6 7 8 -9 -10 11 -12 -13 -14 15 -16 -17 18 -19 -20 -21 22 23
v -24 -25 -26 -27 28 -29 -30 -31 -32 33 -34 -35 36 37 -38 39 40 41 42 -43
v -44 45 46 47 48 -49 -50 51 52 -53 54 55 56 -57 -58 -59 -60 0
c Answer: 3111
v -1 -2 3 -4 -5 -6 7 8 9 -10 -11 -12 13 14 15 -16 -17 18 -19 -20 -21 22 23
v -24 -25 -26 -27 28 -29 -30 -31 -32 33 -34 -35 36 37 -38 39 40 41 -42 -43
v -44 -45 46 47 48 -49 -50 51 52 53 54 55 56 -57 -58 -59 -60 0
c Answer: 3112
v -1 -2 3 -4 -5 -6 7 8 9 -10 -11 -12 13 14 15 -16 -17 18 -19 -20 -21 22 23
v -24 -25 -26 -27 28 -29 -30 -31 -32 33 -34 -35 36 37 -38 39 40 41 42 -43
v -44 -45 46 47 48 -49 -50 51 52 53 54 55 56 -57 -58 -59 -60 0
c Answer: 3113
v 1 -2 -3 -4 5 6 7 8 -9 -10 11 -12 -13 -14 15 -16 -17 18 -19 -20 -21 22 23
v -24 -25 -26 -27 28 -29 -30 -31 -32 33 -34 -35 36 37 -38 39 40 41 -42 43
v -44 45 46 47 -48 -49 -50 51 52 -53 54 55 56 -57 -58 -59 -60 0
c Answer: 3114
v -1 -2 3 -4 -5 -6 7 8 9 -10 -11 -12 13 14 15 -16 -17 18 -19 -20 -21 22 23
v -24 -25 -26 -27 28 -29 -30 -31 -32 33 -34 -35 36 37 -38 39 40 41 -42 43
v -44 -45 46 47 -48 -49 -50 51 52 53 54 55 56 -57 -58 -59 -60 0
c Answer: 3115
v 1 -2 -3 -4 5 6 7 8 -9 -10 11 -12 -13 -14 15 -16 -17 18 -19 -20 -21 22 23
v -24 -25 -26 -27 28 -29 -30 -31 -32 33 -34 -35 36 37 -38 39 40 41 -42 43
v -44 45 46 47 48 -49 -50 51 52 -53 54 55 56 -57 -58 -59 -60 0
c Answer: 3116
v -1 -2 3 -4 -5 -6 7 8 9 -10 -11 -12 13 14 15 -16 -17 18 -19 -20 -21 22 23
v -24 -25 -26 -27 28 -29 -30 -31 -32 33 -34 -35 36 37 -38 39 40 41 -42 43
v -44 -45 46 47 48 -49 -50 51 52 53 54 55 56 -57 -58 -59 -60 0
c Answer: 3117
v 1 -2 -3 -4 5 6 7 8 -9 -10 11 -12 -13 -14 15 -16 -17 18 -19 -20 -21 22 23
v -24 -25 -26 -27 28 -29 -30 -31 -32 33 -34 -35 36 37 -38 39 40 41 42 43
v -44 45 46 47 -48 -49 -50 51 52 -53 54 55 56 -57 -58 -59 -60 0
c Answer: 3118
v 1 -2 -3 -4 5 6 7 8 -9 -10 11 -12 -13 -14 15 -16 -17 18 -19 -20 -21 22 23
v -24 -25 -26 -27 28 -29 -30 -31 -32 33 -34 -35 36 37 -38 39 40 41 42 43
v -44 45 46 47 48 -49 -50 51 52 -53 54 55 56 -57 -58 -59 -60 0
c Answer: 3119
v -1 -2 3 -4 -5 -6 7 8 9 -10 -11 -12 13 14 15 -16 -17 18 -19 -20 -21 22 23
v -24 -25 -26 -27 28 -29 -30 -31 -32 33 -34 -35 36 37 -38 39 40 41 42 43
v -44 -45 46 47 -48 -49 -50 51 52 53 54 55 56 -57 -58 -59 -60 0
c Answer: 3120
v -1 -2 3 -4 -5 -6 7 8 9 -10 -11 -12 13 14 15 -16 -17 18 -19 -20 -21 22 23
v -24 -25 -26 -27 28 -29 -30 -31 -32 33 -34 -35 36 37 -38 39 40 41 42 43
v -44 -45 46 47 48 -49 -50 51 52 53 54 55 56 -57 -58 -59 -60 0
c Answer: 3121
v 1 -2 -3 -4 5 6 7 8 -9 -10 11 -12 -13 -14 15 -16 -17 18 -19 -20 -21 22 23
v -24 -25 -26 -27 28 -29 -30 -31 32 33 -34 -35 36 37 -38 39 40 41 -42 -43
v -44 45 46 47 -48 -49 -50 51 52 -53 54 55 56 -57 -58 -59 -60 0
c Answer: 3122
v -1 -2 3 -4 -5 -6 7 8 9 -10 -11 -12 13 14 15 -16 -17 18 -19 -20 -21 22 23
v -24 -25 -26 -27 28 -29 -30 -31 32 33 -34 -35 36 37 -38 39 40 41 -42 -43
v -44 -45 46 47 -48 -49 -50 51 52 53 54 55 56 -57 -58 -59 -60 0
c Answer: 3123
v 1 -2 -3 -4 5 6 7 8 -9 -10 11 -12 -13 -14 15 -16 -17 18 -19 -20 -21 22 23
v -24 -25 -26 -27 28 -29 -30 -31 32 33 -34 -35 36 37 -38 39 40 41 -42 43
v -44 45 46 47 -48 -49 -50 51 52 -53 54 55 56 -57 -58 -59 -60 0
c Answer: 3124
v -1 -2 3 -4 -5 -6 7 8 9 -10 -11 -12 13 14 15 -16 -17 18 -19 -20 -21 22 23
v -24 -25 -26 -27 28 -29 -30 -31 32 33 -34 -35 36 37 -38 39 40 41 -42 43
v -44 -45 46 47 -48 -49 -50 51 52 53 54 55 56 -57 -58 -59 -60 0
c Answer: 3125
v 1 -2 -3 -4 5 6 7 8 -9 -10 11 -12 -13 -14 15 -16 -17 18 -19 -20 -21 22 23
v -24 -25 -26 -27 28 -29 -30 -31 32 33 -34 -35 36 37 -38 39 40 41 42 -43
v -44 45 46 47 -48 -49 -50 51 52 -53 54 55 56 -57 -58 -59 -60 0
c Answer: 3126
v 1 -2 -3 -4 5 6 7 8 -9 -10 11 -12 -13 -14 15 -16 -17 18 -19 -20 -21 22 23
v -24 -25 -26 -27 28 -29 -30 -31 32 33 -34 -35 36 37 -38 39 40 41 42 43 -44
v 45 46 47 -48 -49 -50 51 52 -53 54 55 56 -57 -58 -59 -60 0
c Answer: 3127
v -1 -2 3 -4 -5 -6 7 8 9 -10 -11 -12 13 14 15 -16 -17 18 -19 -20 -21 22 23
v -24 -25 -26 -27 28 -29 -30 -31 32 33 -34 -35 36 37 -38 39 40 41 42 -43
v -44 -45 46 47 -48 -49 -50 51 52 53 54 55 56 -57 -58 -59 -60 0
c Answer: 3128
v -1 -2 3 -4 -5 -6 7 8 9 -10 -11 -12 13 14 15 -16 -17 18 -19 -20 -21 22 23
v -24 -25 -26 -27 28 -29 -30 -31 32 33 -34 -35 36 37 -38 39 40 41 42 43 -44
v -45 46 47 -48 -49 -50 51 52 53 54 55 56 -57 -58 -59 -60 0
c Answer: 3129
v 1 -2 -3 -4 5 6 7 8 -9 -10 11 -12 -13 -14 15 -16 -17 18 -19 -20 -21 22 23
v -24 -25 -26 -27 28 -29 -30 -31 32 33 -34 -35 36 37 -38 39 40 41 -42 -43
v -44 45 46 47 48 -49 -50 51 52 -53 54 55 56 -57 -58 -59 -60 0
c Answer: 3130
v -1 -2 3 -4 -5 -6 7 8 9 -10 -11 -12 13 14 15 -16 -17 18 -19 -20 -21 22 23
v -24 -25 -26 -27 28 -29 -30 -31 32 33 -34 -35 36 37 -38 39 40 41 -42 -43
v -44 -45 46 47 48 -49 -50 51 52 53 54 55 56 -57 -58 -59 -60 0
c Answer: 3131
v 1 -2 -3 -4 5 6 7 8 -9 -10 11 -12 -13 -14 15 -16 -17 18 -19 -20 -21 22 23
v -24 -25 -26 -27 28 -29 -30 -31 32 33 -34 -35 36 37 -38 39 40 41 42 -43
v -44 45 46 47 48 -49 -50 51 52 -53 54 55 56 -57 -58 -59 -60 0
c Answer: 3132
v -1 -2 3 -4 -5 -6 7 8 9 -10 -11 -12 13 14 15 -16 -17 18 -19 -20 -21 22 23
v -24 -25 -26 -27 28 -29 -30 -31 32 33 -34 -35 36 37 -38 39 40 41 42 -43
v -44 -45 46 47 48 -49 -50 51 52 53 54 55 56 -57 -58 -59 -60 0
c Answer: 3133
v 1 -2 -3 -4 5 6 7 8 -9 -10 11 -12 -13 -14 15 -16 -17 18 -19 -20 -21 22 23
v -24 -25 -26 -27 28 -29 -30 -31 32 33 -34 -35 36 37 -38 39 40 41 -42 43
v -44 45 46 47 48 -49 -50 51 52 -53 54 55 56 -57 -58 -59 -60 0
c Answer: 3134
v 1 -2 -3 -4 5 6 7 8 -9 -10 11 -12 -13 -14 15 -16 -17 18 -19 -20 -21 22 23
v -24 -25 -26 -27 28 -29 -30 -31 32 33 -34 -35 36 37 -38 39 40 41 42 43 -44
v 45 46 47 48 -49 -50 51 52 -53 54 55 56 -57 -58 -59 -60 0
c Answer: 3135
v -1 -2 3 -4 -5 -6 7 8 9 -10 -11 -12 13 14 15 -16 -17 18 -19 -20 -21 22 23
v -24 -25 -26 -27 28 -29 -30 -31 32 33 -34 -35 36 37 -38 39 40 41 -42 43
v -44 -45 46 47 48 -49 -50 51 52 53 54 55 56 -57 -58 -59 -60 0
c Answer: 3136
v -1 -2 3 -4 -5 -6 7 8 9 -10 -11 -12 13 14 15 -16 -17 18 -19 -20 -21 22 23
v -24 -25 -26 -27 28 -29 -30 -31 32 33 -34 -35 36 37 -38 39 40 41 42 43 -44
v -45 46 47 48 -49 -50 51 52 53 54 55 56 -57 -58 -59 -60 0
c Answer: 3137
v 1 -2 -3 -4 5 6 7 8 -9 -10 11 -12 -13 -14 15 -16 -17 18 -19 -20 -21 22 23
v -24 -25 -26 -27 28 -29 -30 -31 -32 33 -34 -35 36 37 -38 39 40 41 -42 -43
v -44 45 46 47 -48 -49 -50 51 52 -53 54 55 -56 -57 -58 -59 60 0
c Answer: 3138
v -1 -2 3 -4 -5 -6 7 8 9 -10 -11 -12 13 14 15 -16 -17 18 -19 -20 -21 22 23
v -24 -25 -26 -27 28 -29 -30 -31 -32 33 -34 -35 36 37 -38 39 40 41 -42 -43
v -44 -45 46 47 -48 -49 -50 51 52 53 54 55 -56 -57 -58 -59 60 0
c Answer: 3139
v 1 -2 -3 -4 5 6 7 8 -9 -10 11 -12 -13 -14 15 -16 -17 18 -19 -20 -21 22 23
v -24 -25 -26 -27 28 -29 -30 -31 -32 33 -34 -35 36 37 -38 39 40 41 -42 -43
v -44 45 46 47 -48 -49 -50 51 52 -53 54 55 56 -57 -58 -59 60 0
c Answer: 3140
v -1 -2 3 -4 -5 -6 7 8 9 -10 -11 -12 13 14 15 -16 -17 18 -19 -20 -21 22 23
v -24 -25 -26 -27 28 -29 -30 -31 -32 33 -34 -35 36 37 -38 39 40 41 -42 -43
v -44 -45 46 47 -48 -49 -50 51 52 53 54 55 56 -57 -58 -59 60 0
c Answer: 3141
v 1 -2 -3 -4 5 6 7 8 -9 -10 11 -12 -13 -14 15 -16 -17 18 -19 -20 -21 22 23
v -24 -25 -26 -27 28 -29 -30 -31 32 33 -34 -35 36 37 -38 39 40 41 -42 -43
v -44 45 46 47 -48 -49 -50 51 52 -53 54 55 -56 -57 -58 -59 60 0
c Answer: 3142
v 1 -2 -3 -4 5 6 7 8 -9 -10 11 -12 -13 -14 15 -16 -17 18 -19 -20 -21 22 23
v -24 -25 -26 -27 28 -29 -30 -31 32 33 -34 -35 36 37 -38 39 40 41 -42 -43
v -44 45 46 47 -48 -49 -50 51 52 -53 54 55 56 -57 -58 -59 60 0
c Answer: 3143
v -1 -2 3 -4 -5 -6 7 8 9 -10 -11 -12 13 14 15 -16 -17 18 -19 -20 -21 22 23
v -24 -25 -26 -27 28 -29 -30 -31 32 33 -34 -35 36 37 -38 39 40 41 -42 -43
v -44 -45 46 47 -48 -49 -50 51 52 53 54 55 -56 -57 -58 -59 60 0
c Answer: 3144
v -1 -2 3 -4 -5 -6 7 8 9 -10 -11 -12 13 14 15 -16 -17 18 -19 -20 -21 22 23
v -24 -25 -26 -27 28 -29 -30 -31 32 33 -34 -35 36 37 -38 39 40 41 -42 -43
v -44 -45 46 47 -48 -49 -50 51 52 53 54 55 56 -57 -58 -59 60 0
c Answer: 3145
v 1 -2 -3 -4 5 6 7 8 -9 -10 11 -12 -13 -14 15 -16 -17 18 -19 -20 -21 22 23
v -24 -25 -26 -27 28 -29 -30 -31 -32 33 -34 -35 36 37 -38 39 40 41 -42 -43
v -44 45 46 47 48 -49 -50 51 52 -53 54 55 -56 -57 -58 -59 60 0
c Answer: 3146
v -1 -2 3 -4 -5 -6 7 8 9 -10 -11 -12 13 14 15 -16 -17 18 -19 -20 -21 22 23
v -24 -25 -26 -27 28 -29 -30 -31 -32 33 -34 -35 36 37 -38 39 40 41 -42 -43
v -44 -45 46 47 48 -49 -50 51 52 53 54 55 -56 -57 -58 -59 60 0
c Answer: 3147
v 1 -2 -3 -4 5 6 7 8 -9 -10 11 -12 -13 -14 15 -16 -17 18 -19 -20 -21 22 23
v -24 -25 -26 -27 28 -29 -30 -31 32 33 -34 -35 36 37 -38 39 40 41 -42 -43
v -44 45 46 47 48 -49 -50 51 52 -53 54 55 -56 -57 -58 -59 60 0
c Answer: 3148
v -1 -2 3 -4 -5 -6 7 8 9 -10 -11 -12 13 14 15 -16 -17 18 -19 -20 -21 22 23
v -24 -25 -26 -27 28 -29 -30 -31 32 33 -34 -35 36 37 -38 39 40 41 -42 -43
v -44 -45 46 47 48 -49 -50 51 52 53 54 55 -56 -57 -58 -59 60 0
c Answer: 3149
v 1 -2 -3 -4 5 6 7 8 -9 -10 11 -12 -13 -14 15 -16 -17 18 -19 -20 -21 22 23
v -24 -25 -26 -27 28 -29 -30 -31 -32 33 -34 -35 36 37 -38 39 40 41 -42 -43
v -44 45 46 47 48 -49 -50 51 52 -53 54 55 56 -57 -58 -59 60 0
c Answer: 3150
v 1 -2 -3 -4 5 6 7 8 -9 -10 11 -12 -13 -14 15 -16 -17 18 -19 -20 -21 22 23
v -24 -25 -26 -27 28 -29 -30 -31 32 33 -34 -35 36 37 -38 39 40 41 -42 -43
v -44 45 46 47 48 -49 -50 51 52 -53 54 55 56 -57 -58 -59 60 0
c Answer: 3151
v -1 -2 3 -4 -5 -6 7 8 9 -10 -11 -12 13 14 15 -16 -17 18 -19 -20 -21 22 23
v -24 -25 -26 -27 28 -29 -30 -31 -32 33 -34 -35 36 37 -38 39 40 41 -42 -43
v -44 -45 46 47 48 -49 -50 51 52 53 54 55 56 -57 -58 -59 60 0
c Answer: 3152
v -1 -2 3 -4 -5 -6 7 8 9 -10 -11 -12 13 14 15 -16 -17 18 -19 -20 -21 22 23
v -24 -25 -26 -27 28 -29 -30 -31 32 33 -34 -35 36 37 -38 39 40 41 -42 -43
v -44 -45 46 47 48 -49 -50 51 52 53 54 55 56 -57 -58 -59 60 0
c Answer: 3153
v 1 -2 -3 -4 5 6 7 8 -9 -10 11 -12 -13 -14 15 -16 -17 18 -19 -20 -21 22 23
v -24 -25 -26 -27 28 -29 -30 -31 -32 33 -34 -35 36 37 -38 39 40 41 -42 43
v -44 45 46 47 -48 -49 -50 51 52 -53 54 55 -56 -57 -58 -59 60 0
c Answer: 3154
v -1 -2 3 -4 -5 -6 7 8 9 -10 -11 -12 13 14 15 -16 -17 18 -19 -20 -21 22 23
v -24 -25 -26 -27 28 -29 -30 -31 -32 33 -34 -35 36 37 -38 39 40 41 -42 43
v -44 -45 46 47 -48 -49 -50 51 52 53 54 55 -56 -57 -58 -59 60 0
c Answer: 3155
v 1 -2 -3 -4 5 6 7 8 -9 -10 11 -12 -13 -14 15 -16 -17 18 -19 -20 -21 22 23
v -24 -25 -26 -27 28 -29 -30 -31 -32 33 -34 -35 36 37 -38 39 40 41 -42 43
v -44 45 46 47 48 -49 -50 51 52 -53 54 55 -56 -57 -58 -59 60 0
c Answer: 3156
v -1 -2 3 -4 -5 -6 7 8 9 -10 -11 -12 13 14 15 -16 -17 18 -19 -20 -21 22 23
v -24 -25 -26 -27 28 -29 -30 -31 -32 33 -34 -35 36 37 -38 39 40 41 -42 43
v -44 -45 46 47 48 -49 -50 51 52 53 54 55 -56 -57 -58 -59 60 0
c Answer: 3157
v 1 -2 -3 -4 5 6 7 8 -9 -10 11 -12 -13 -14 15 -16 -17 18 -19 -20 -21 22 23
v -24 -25 -26 -27 28 -29 -30 -31 -32 33 -34 -35 36 37 -38 39 40 41 -42 43
v -44 45 46 47 -48 -49 -50 51 52 -53 54 55 56 -57 -58 -59 60 0
c Answer: 3158
v 1 -2 -3 -4 5 6 7 8 -9 -10 11 -12 -13 -14 15 -16 -17 18 -19 -20 -21 22 23
v -24 -25 -26 -27 28 -29 -30 -31 -32 33 -34 -35 36 37 -38 39 40 41 -42 43
v -44 45 46 47 48 -49 -50 51 52 -53 54 55 56 -57 -58 -59 60 0
c Answer: 3159
v -1 -2 3 -4 -5 -6 7 8 9 -10 -11 -12 13 14 15 -16 -17 18 -19 -20 -21 22 23
v -24 -25 -26 -27 28 -29 -30 -31 -32 33 -34 -35 36 37 -38 39 40 41 -42 43
v -44 -45 46 47 -48 -49 -50 51 52 53 54 55 56 -57 -58 -59 60 0
c Answer: 3160
v -1 -2 3 -4 -5 -6 7 8 9 -10 -11 -12 13 14 15 -16 -17 18 -19 -20 -21 22 23
v -24 -25 -26 -27 28 -29 -30 -31 -32 33 -34 -35 36 37 -38 39 40 41 -42 43
v -44 -45 46 47 48 -49 -50 51 52 53 54 55 56 -57 -58 -59 60 0
c Answer: 3161
v 1 -2 -3 -4 5 6 7 8 -9 -10 11 -12 -13 -14 15 -16 -17 18 -19 -20 -21 22 23
v -24 -25 -26 -27 28 -29 -30 -31 32 33 -34 -35 36 37 -38 39 40 41 -42 43
v -44 45 46 47 -48 -49 -50 51 52 -53 54 55 -56 -57 -58 -59 60 0
c Answer: 3162
v -1 -2 3 -4 -5 -6 7 8 9 -10 -11 -12 13 14 15 -16 -17 18 -19 -20 -21 22 23
v -24 -25 -26 -27 28 -29 -30 -31 32 33 -34 -35 36 37 -38 39 40 41 -42 43
v -44 -45 46 47 -48 -49 -50 51 52 53 54 55 -56 -57 -58 -59 60 0
c Answer: 3163
v 1 -2 -3 -4 5 6 7 8 -9 -10 11 -12 -13 -14 15 -16 -17 18 -19 -20 -21 22 23
v -24 -25 -26 -27 28 -29 -30 -31 32 33 -34 -35 36 37 -38 39 40 41 -42 43
v -44 45 46 47 -48 -49 -50 51 52 -53 54 55 56 -57 -58 -59 60 0
c Answer: 3164
v -1 -2 3 -4 -5 -6 7 8 9 -10 -11 -12 13 14 15 -16 -17 18 -19 -20 -21 22 23
v -24 -25 -26 -27 28 -29 -30 -31 32 33 -34 -35 36 37 -38 39 40 41 -42 43
v -44 -45 46 47 -48 -49 -50 51 52 53 54 55 56 -57 -58 -59 60 0
c Answer: 3165
v 1 -2 -3 -4 5 6 7 8 -9 -10 11 -12 -13 -14 15 -16 -17 18 -19 -20 -21 22 23
v -24 -25 -26 -27 28 -29 -30 -31 32 33 -34 -35 36 37 -38 39 40 41 -42 43
v -44 45 46 47 48 -49 -50 51 52 -53 54 55 -56 -57 -58 -59 60 0
c Answer: 3166
v 1 -2 -3 -4 5 6 7 8 -9 -10 11 -12 -13 -14 15 -16 -17 18 -19 -20 -21 22 23
v -24 -25 -26 -27 28 -29 -30 -31 32 33 -34 -35 36 37 -38 39 40 41 -42 43
v -44 45 46 47 48 -49 -50 51 52 -53 54 55 56 -57 -58 -59 60 0
c Answer: 3167
v -1 -2 3 -4 -5 -6 7 8 9 -10 -11 -12 13 14 15 -16 -17 18 -19 -20 -21 22 23
v -24 -25 -26 -27 28 -29 -30 -31 32 33 -34 -35 36 37 -38 39 40 41 -42 43
v -44 -45 46 47 48 -49 -50 51 52 53 54 55 -56 -57 -58 -59 60 0
c Answer: 3168
v -1 -2 3 -4 -5 -6 7 8 9 -10 -11 -12 13 14 15 -16 -17 18 -19 -20 -21 22 23
v -24 -25 -26 -27 28 -29 -30 -31 32 33 -34 -35 36 37 -38 39 40 41 -42 43
v -44 -45 46 47 48 -49 -50 51 52 53 54 55 56 -57 -58 -59 60 0
c Answer: 3169
v 1 -2 -3 -4 5 6 7 8 -9 -10 11 -12 -13 -14 15 -16 -17 18 -19 -20 -21 22 23
v -24 -25 -26 -27 28 -29 -30 -31 -32 33 -34 -35 36 37 -38 39 40 41 42 -43
v -44 45 46 47 -48 -49 -50 51 52 -53 54 55 -56 -57 -58 -59 60 0
c Answer: 3170
v -1 -2 3 -4 -5 -6 7 8 9 -10 -11 -12 13 14 15 -16 -17 18 -19 -20 -21 22 23
v -24 -25 -26 -27 28 -29 -30 -31 -32 33 -34 -35 36 37 -38 39 40 41 42 -43
v -44 -45 46 47 -48 -49 -50 51 52 53 54 55 -56 -57 -58 -59 60 0
c Answer: 3171
v 1 -2 -3 -4 5 6 7 8 -9 -10 11 -12 -13 -14 15 -16 -17 18 -19 -20 -21 22 23
v -24 -25 -26 -27 28 -29 -30 -31 -32 33 -34 -35 36 37 -38 39 40 41 42 43
v -44 45 46 47 -48 -49 -50 51 52 -53 54 55 -56 -57 -58 -59 60 0
c Answer: 3172
v -1 -2 3 -4 -5 -6 7 8 9 -10 -11 -12 13 14 15 -16 -17 18 -19 -20 -21 22 23
v -24 -25 -26 -27 28 -29 -30 -31 -32 33 -34 -35 36 37 -38 39 40 41 42 43
v -44 -45 46 47 -48 -49 -50 51 52 53 54 55 -56 -57 -58 -59 60 0
c Answer: 3173
v 1 -2 -3 -4 5 6 7 8 -9 -10 11 -12 -13 -14 15 -16 -17 18 -19 -20 -21 22 23
v -24 -25 -26 -27 28 -29 -30 -31 32 33 -34 -35 36 37 -38 39 40 41 42 -43
v -44 45 46 47 -48 -49 -50 51 52 -53 54 55 -56 -57 -58 -59 60 0
c Answer: 3174
v 1 -2 -3 -4 5 6 7 8 -9 -10 11 -12 -13 -14 15 -16 -17 18 -19 -20 -21 22 23
v -24 -25 -26 -27 28 -29 -30 -31 32 33 -34 -35 36 37 -38 39 40 41 42 43 -44
v 45 46 47 -48 -49 -50 51 52 -53 54 55 -56 -57 -58 -59 60 0
c Answer: 3175
v -1 -2 3 -4 -5 -6 7 8 9 -10 -11 -12 13 14 15 -16 -17 18 -19 -20 -21 22 23
v -24 -25 -26 -27 28 -29 -30 -31 32 33 -34 -35 36 37 -38 39 40 41 42 -43
v -44 -45 46 47 -48 -49 -50 51 52 53 54 55 -56 -57 -58 -59 60 0
c Answer: 3176
v -1 -2 3 -4 -5 -6 7 8 9 -10 -11 -12 13 14 15 -16 -17 18 -19 -20 -21 22 23
v -24 -25 -26 -27 28 -29 -30 -31 32 33 -34 -35 36 37 -38 39 40 41 42 43 -44
v -45 46 47 -48 -49 -50 51 52 53 54 55 -56 -57 -58 -59 60 0
c Answer: 3177
v 1 -2 -3 -4 5 6 7 8 -9 -10 11 -12 -13 -14 15 -16 -17 18 -19 -20 -21 22 23
v -24 -25 -26 -27 28 -29 -30 -31 -32 33 -34 -35 36 37 -38 39 40 41 42 -43
v -44 45 46 47 48 -49 -50 51 52 -53 54 55 -56 -57 -58 -59 60 0
c Answer: 3178
v -1 -2 3 -4 -5 -6 7 8 9 -10 -11 -12 13 14 15 -16 -17 18 -19 -20 -21 22 23
v -24 -25 -26 -27 28 -29 -30 -31 -32 33 -34 -35 36 37 -38 39 40 41 42 -43
v -44 -45 46 47 48 -49 -50 51 52 53 54 55 -56 -57 -58 -59 60 0
c Answer: 3179
v 1 -2 -3 -4 5 6 7 8 -9 -10 11 -12 -13 -14 15 -16 -17 18 -19 -20 -21 22 23
v -24 -25 -26 -27 28 -29 -30 -31 32 33 -34 -35 36 37 -38 39 40 41 42 -43
v -44 45 46 47 48 -49 -50 51 52 -53 54 55 -56 -57 -58 -59 60 0
c Answer: 3180
v -1 -2 3 -4 -5 -6 7 8 9 -10 -11 -12 13 14 15 -16 -17 18 -19 -20 -21 22 23
v -24 -25 -26 -27 28 -29 -30 -31 32 33 -34 -35 36 37 -38 39 40 41 42 -43
v -44 -45 46 47 48 -49 -50 51 52 53 54 55 -56 -57 -58 -59 60 0
c Answer: 3181
v 1 -2 -3 -4 5 6 7 8 -9 -10 11 -12 -13 -14 15 -16 -17 18 -19 -20 -21 22 23
v -24 -25 -26 -27 28 -29 -30 -31 -32 33 -34 -35 36 37 -38 39 40 41 42 43
v -44 45 46 47 48 -49 -50 51 52 -53 54 55 -56 -57 -58 -59 60 0
c Answer: 3182
v 1 -2 -3 -4 5 6 7 8 -9 -10 11 -12 -13 -14 15 -16 -17 18 -19 -20 -21 22 23
v -24 -25 -26 -27 28 -29 -30 -31 32 33 -34 -35 36 37 -38 39 40 41 42 43 -44
v 45 46 47 48 -49 -50 51 52 -53 54 55 -56 -57 -58 -59 60 0
c Answer: 3183
v -1 -2 3 -4 -5 -6 7 8 9 -10 -11 -12 13 14 15 -16 -17 18 -19 -20 -21 22 23
v -24 -25 -26 -27 28 -29 -30 -31 -32 33 -34 -35 36 37 -38 39 40 41 42 43
v -44 -45 46 47 48 -49 -50 51 52 53 54 55 -56 -57 -58 -59 60 0
c Answer: 3184
v -1 -2 3 -4 -5 -6 7 8 9 -10 -11 -12 13 14 15 -16 -17 18 -19 -20 -21 22 23
v -24 -25 -26 -27 28 -29 -30 -31 32 33 -34 -35 36 37 -38 39 40 41 42 43 -44
v -45 46 47 48 -49 -50 51 52 53 54 55 -56 -57 -58 -59 60 0
c Answer: 3185
v 1 -2 -3 -4 5 6 7 8 -9 -10 11 -12 -13 -14 15 -16 -17 18 -19 -20 -21 22 23
v -24 -25 -26 -27 28 -29 -30 -31 -32 33 -34 -35 36 37 -38 39 40 41 42 -43
v -44 45 46 47 -48 -49 -50 51 52 -53 54 55 56 -57 -58 -59 60 0
c Answer: 3186
v -1 -2 3 -4 -5 -6 7 8 9 -10 -11 -12 13 14 15 -16 -17 18 -19 -20 -21 22 23
v -24 -25 -26 -27 28 -29 -30 -31 -32 33 -34 -35 36 37 -38 39 40 41 42 -43
v -44 -45 46 47 -48 -49 -50 51 52 53 54 55 56 -57 -58 -59 60 0
c Answer: 3187
v 1 -2 -3 -4 5 6 7 8 -9 -10 11 -12 -13 -14 15 -16 -17 18 -19 -20 -21 22 23
v -24 -25 -26 -27 28 -29 -30 -31 -32 33 -34 -35 36 37 -38 39 40 41 42 -43
v -44 45 46 47 48 -49 -50 51 52 -53 54 55 56 -57 -58 -59 60 0
c Answer: 3188
v -1 -2 3 -4 -5 -6 7 8 9 -10 -11 -12 13 14 15 -16 -17 18 -19 -20 -21 22 23
v -24 -25 -26 -27 28 -29 -30 -31 -32 33 -34 -35 36 37 -38 39 40 41 42 -43
v -44 -45 46 47 48 -49 -50 51 52 53 54 55 56 -57 -58 -59 60 0
c Answer: 3189
v 1 -2 -3 -4 5 6 7 8 -9 -10 11 -12 -13 -14 15 -16 -17 18 -19 -20 -21 22 23
v -24 -25 -26 -27 28 -29 -30 -31 -32 33 -34 -35 36 37 -38 39 40 41 42 43
v -44 45 46 47 -48 -49 -50 51 52 -53 54 55 56 -57 -58 -59 60 0
c Answer: 3190
v 1 -2 -3 -4 5 6 7 8 -9 -10 11 -12 -13 -14 15 -16 -17 18 -19 -20 -21 22 23
v -24 -25 -26 -27 28 -29 -30 -31 -32 33 -34 -35 36 37 -38 39 40 41 42 43
v -44 45 46 47 48 -49 -50 51 52 -53 54 55 56 -57 -58 -59 60 0
c Answer: 3191
v -1 -2 3 -4 -5 -6 7 8 9 -10 -11 -12 13 14 15 -16 -17 18 -19 -20 -21 22 23
v -24 -25 -26 -27 28 -29 -30 -31 -32 33 -34 -35 36 37 -38 39 40 41 42 43
v -44 -45 46 47 -48 -49 -50 51 52 53 54 55 56 -57 -58 -59 60 0
c Answer: 3192
v -1 -2 3 -4 -5 -6 7 8 9 -10 -11 -12 13 14 15 -16 -17 18 -19 -20 -21 22 23
v -24 -25 -26 -27 28 -29 -30 -31 -32 33 -34 -35 36 37 -38 39 40 41 42 43
v -44 -45 46 47 48 -49 -50 51 52 53 54 55 56 -57 -58 -59 60 0
c Answer: 3193
v 1 -2 -3 -4 5 6 7 8 -9 -10 11 -12 -13 -14 15 -16 -17 18 -19 -20 -21 22 23
v -24 -25 -26 -27 28 -29 -30 -31 32 33 -34 -35 36 37 -38 39 40 41 42 -43
v -44 45 46 47 -48 -49 -50 51 52 -53 54 55 56 -57 -58 -59 60 0
c Answer: 3194
v -1 -2 3 -4 -5 -6 7 8 9 -10 -11 -12 13 14 15 -16 -17 18 -19 -20 -21 22 23
v -24 -25 -26 -27 28 -29 -30 -31 32 33 -34 -35 36 37 -38 39 40 41 42 -43
v -44 -45 46 47 -48 -49 -50 51 52 53 54 55 56 -57 -58 -59 60 0
c Answer: 3195
v 1 -2 -3 -4 5 6 7 8 -9 -10 11 -12 -13 -14 15 -16 -17 18 -19 -20 -21 22 23
v -24 -25 -26 -27 28 -29 -30 -31 32 33 -34 -35 36 37 -38 39 40 41 42 43 -44
v 45 46 47 -48 -49 -50 51 52 -53 54 55 56 -57 -58 -59 60 0
c Answer: 3196
v -1 -2 3 -4 -5 -6 7 8 9 -10 -11 -12 13 14 15 -16 -17 18 -19 -20 -21 22 23
v -24 -25 -26 -27 28 -29 -30 -31 32 33 -34 -35 36 37 -38 39 40 41 42 43 -44
v -45 46 47 -48 -49 -50 51 52 53 54 55 56 -57 -58 -59 60 0
c Answer: 3197
v 1 -2 -3 -4 5 6 7 8 -9 -10 11 -12 -13 -14 15 -16 -17 18 -19 -20 -21 22 23
v -24 -25 -26 -27 28 -29 -30 -31 32 33 -34 -35 36 37 -38 39 40 41 42 -43
v -44 45 46 47 48 -49 -50 51 52 -53 54 55 56 -57 -58 -59 60 0
c Answer: 3198
v 1 -2 -3 -4 5 6 7 8 -9 -10 11 -12 -13 -14 15 -16 -17 18 -19 -20 -21 22 23
v -24 -25 -26 -27 28 -29 -30 -31 32 33 -34 -35 36 37 -38 39 40 41 42 43 -44
v 45 46 47 48 -49 -50 51 52 -53 54 55 56 -57 -58 -59 60 0
c Answer: 3199
v -1 -2 3 -4 -5 -6 7 8 9 -10 -11 -12 13 14 15 -16 -17 18 -19 -20 -21 22 23
v -24 -25 -26 -27 28 -29 -30 -31 32 33 -34 -35 36 37 -38 39 40 41 42 -43
v -44 -45 46 47 48 -49 -50 51 52 53 54 55 56 -57 -58 -59 60 0
c Answer: 3200
v -1 -2 3 -4 -5 -6 7 8 9 -10 -11 -12 13 14 15 -16 -17 18 -19 -20 -21 22 23
v -24 -25 -26 -27 28 -29 -30 -31 32 33 -34 -35 36 37 -38 39 40 41 42 43 -44
v -45 46 47 48 -49 -50 51 52 53 54 55 56 -57 -58 -59 60 0
c Answer: 3201
v 1 -2 -3 -4 5 6 7 8 -9 -10 11 -12 -13 -14 15 -16 -17 18 -19 -20 -21 22 23
v 24 -25 -26 -27 28 -29 -30 -31 -32 33 -34 -35 36 37 -38 39 40 41 -42 -43
v -44 45 46 47 -48 -49 -50 51 52 -53 54 55 -56 -57 -58 -59 -60 0
c Answer: 3202
v -1 -2 3 -4 -5 -6 7 8 9 -10 -11 -12 13 14 15 -16 -17 18 -19 -20 -21 22 23
v 24 -25 -26 -27 28 -29 -30 -31 -32 33 -34 -35 36 37 -38 39 40 41 -42 -43
v -44 -45 46 47 -48 -49 -50 51 52 53 54 55 -56 -57 -58 -59 -60 0
c Answer: 3203
v 1 -2 -3 -4 5 6 7 8 -9 -10 11 -12 -13 -14 15 -16 -17 18 -19 -20 -21 22 23
v 24 -25 -26 -27 28 -29 -30 -31 -32 33 -34 -35 36 37 -38 39 40 41 -42 -43
v -44 45 46 47 -48 -49 -50 51 52 -53 54 55 -56 -57 -58 -59 60 0
c Answer: 3204
v -1 -2 3 -4 -5 -6 7 8 9 -10 -11 -12 13 14 15 -16 -17 18 -19 -20 -21 22 23
v 24 -25 -26 -27 28 -29 -30 -31 -32 33 -34 -35 36 37 -38 39 40 41 -42 -43
v -44 -45 46 47 -48 -49 -50 51 52 53 54 55 -56 -57 -58 -59 60 0
c Answer: 3205
v 1 -2 -3 -4 5 6 7 8 -9 -10 11 -12 -13 -14 15 -16 -17 18 -19 -20 -21 22 23
v 24 -25 -26 -27 28 -29 -30 -31 -32 33 -34 -35 36 37 -38 39 40 41 42 -43
v -44 45 46 47 -48 -49 -50 51 52 -53 54 55 -56 -57 -58 -59 -60 0
c Answer: 3206
v 1 -2 -3 -4 5 6 7 8 -9 -10 11 -12 -13 -14 15 -16 -17 18 -19 -20 -21 22 23
v 24 -25 -26 -27 28 -29 -30 -31 -32 33 -34 -35 36 37 -38 39 40 41 42 -43
v -44 45 46 47 -48 -49 -50 51 52 -53 54 55 -56 -57 -58 -59 60 0
c Answer: 3207
v -1 -2 3 -4 -5 -6 7 8 9 -10 -11 -12 13 14 15 -16 -17 18 -19 -20 -21 22 23
v 24 -25 -26 -27 28 -29 -30 -31 -32 33 -34 -35 36 37 -38 39 40 41 42 -43
v -44 -45 46 47 -48 -49 -50 51 52 53 54 55 -56 -57 -58 -59 -60 0
c Answer: 3208
v -1 -2 3 -4 -5 -6 7 8 9 -10 -11 -12 13 14 15 -16 -17 18 -19 -20 -21 22 23
v 24 -25 -26 -27 28 -29 -30 -31 -32 33 -34 -35 36 37 -38 39 40 41 42 -43
v -44 -45 46 47 -48 -49 -50 51 52 53 54 55 -56 -57 -58 -59 60 0
c Answer: 3209
v 1 -2 -3 -4 5 6 7 8 -9 -10 11 -12 -13 -14 15 -16 -17 18 -19 -20 -21 22 23
v 24 -25 -26 -27 28 -29 -30 -31 -32 33 -34 -35 36 37 -38 39 40 41 -42 -43
v -44 45 46 47 -48 -49 -50 51 52 -53 54 55 56 -57 -58 -59 -60 0
c Answer: 3210
v -1 -2 3 -4 -5 -6 7 8 9 -10 -11 -12 13 14 15 -16 -17 18 -19 -20 -21 22 23
v 24 -25 -26 -27 28 -29 -30 -31 -32 33 -34 -35 36 37 -38 39 40 41 -42 -43
v -44 -45 46 47 -48 -49 -50 51 52 53 54 55 56 -57 -58 -59 -60 0
c Answer: 3211
v 1 -2 -3 -4 5 6 7 8 -9 -10 11 -12 -13 -14 15 -16 -17 18 -19 -20 -21 22 23
v 24 -25 -26 -27 28 -29 -30 -31 -32 33 -34 -35 36 37 -38 39 40 41 42 -43
v -44 45 46 47 -48 -49 -50 51 52 -53 54 55 56 -57 -58 -59 -60 0
c Answer: 3212
v -1 -2 3 -4 -5 -6 7 8 9 -10 -11 -12 13 14 15 -16 -17 18 -19 -20 -21 22 23
v 24 -25 -26 -27 28 -29 -30 -31 -32 33 -34 -35 36 37 -38 39 40 41 42 -43
v -44 -45 46 47 -48 -49 -50 51 52 53 54 55 56 -57 -58 -59 -60 0
c Answer: 3213
v 1 -2 -3 -4 5 6 7 8 -9 -10 11 -12 -13 -14 15 -16 -17 18 -19 -20 -21 22 23
v 24 -25 -26 -27 28 -29 -30 -31 -32 33 -34 -35 36 37 -38 39 40 41 -42 -43
v -44 45 46 47 -48 -49 -50 51 52 -53 54 55 56 -57 -58 -59 60 0
c Answer: 3214
v 1 -2 -3 -4 5 6 7 8 -9 -10 11 -12 -13 -14 15 -16 -17 18 -19 -20 -21 22 23
v 24 -25 -26 -27 28 -29 -30 -31 -32 33 -34 -35 36 37 -38 39 40 41 42 -43
v -44 45 46 47 -48 -49 -50 51 52 -53 54 55 56 -57 -58 -59 60 0
c Answer: 3215
v -1 -2 3 -4 -5 -6 7 8 9 -10 -11 -12 13 14 15 -16 -17 18 -19 -20 -21 22 23
v 24 -25 -26 -27 28 -29 -30 -31 -32 33 -34 -35 36 37 -38 39 40 41 -42 -43
v -44 -45 46 47 -48 -49 -50 51 52 53 54 55 56 -57 -58 -59 60 0
c Answer: 3216
v -1 -2 3 -4 -5 -6 7 8 9 -10 -11 -12 13 14 15 -16 -17 18 -19 -20 -21 22 23
v 24 -25 -26 -27 28 -29 -30 -31 -32 33 -34 -35 36 37 -38 39 40 41 42 -43
v -44 -45 46 47 -48 -49 -50 51 52 53 54 55 56 -57 -58 -59 60 0
c Answer: 3217
v 1 -2 -3 -4 5 6 7 8 -9 -10 11 -12 -13 -14 15 -16 -17 18 -19 -20 -21 22 23
v 24 -25 -26 -27 28 -29 -30 -31 32 33 -34 -35 36 37 -38 39 40 41 -42 -43
v -44 45 46 47 -48 -49 -50 51 52 -53 54 55 -56 -57 -58 -59 -60 0
c Answer: 3218
v -1 -2 3 -4 -5 -6 7 8 9 -10 -11 -12 13 14 15 -16 -17 18 -19 -20 -21 22 23
v 24 -25 -26 -27 28 -29 -30 -31 32 33 -34 -35 36 37 -38 39 40 41 -42 -43
v -44 -45 46 47 -48 -49 -50 51 52 53 54 55 -56 -57 -58 -59 -60 0
c Answer: 3219
v 1 -2 -3 -4 5 6 7 8 -9 -10 11 -12 -13 -14 15 -16 -17 18 -19 -20 -21 22 23
v 24 -25 -26 -27 28 -29 -30 -31 32 33 -34 -35 36 37 -38 39 40 41 -42 -43
v -44 45 46 47 -48 -49 -50 51 52 -53 54 55 56 -57 -58 -59 -60 0
c Answer: 3220
v -1 -2 3 -4 -5 -6 7 8 9 -10 -11 -12 13 14 15 -16 -17 18 -19 -20 -21 22 23
v 24 -25 -26 -27 28 -29 -30 -31 32 33 -34 -35 36 37 -38 39 40 41 -42 -43
v -44 -45 46 47 -48 -49 -50 51 52 53 54 55 56 -57 -58 -59 -60 0
c Answer: 3221
v 1 -2 -3 -4 5 6 7 8 -9 -10 11 -12 -13 -14 15 -16 -17 18 -19 -20 -21 22 23
v 24 -25 -26 -27 28 -29 -30 -31 32 33 -34 -35 36 37 -38 39 40 41 -42 -43
v -44 45 46 47 -48 -49 -50 51 52 -53 54 55 -56 -57 -58 -59 60 0
c Answer: 3222
v 1 -2 -3 -4 5 6 7 8 -9 -10 11 -12 -13 -14 15 -16 -17 18 -19 -20 -21 22 23
v 24 -25 -26 -27 28 -29 -30 -31 32 33 -34 -35 36 37 -38 39 40 41 -42 -43
v -44 45 46 47 -48 -49 -50 51 52 -53 54 55 56 -57 -58 -59 60 0
c Answer: 3223
v -1 -2 3 -4 -5 -6 7 8 9 -10 -11 -12 13 14 15 -16 -17 18 -19 -20 -21 22 23
v 24 -25 -26 -27 28 -29 -30 -31 32 33 -34 -35 36 37 -38 39 40 41 -42 -43
v -44 -45 46 47 -48 -49 -50 51 52 53 54 55 -56 -57 -58 -59 60 0
c Answer: 3224
v -1 -2 3 -4 -5 -6 7 8 9 -10 -11 -12 13 14 15 -16 -17 18 -19 -20 -21 22 23
v 24 -25 -26 -27 28 -29 -30 -31 32 33 -34 -35 36 37 -38 39 40 41 -42 -43
v -44 -45 46 47 -48 -49 -50 51 52 53 54 55 56 -57 -58 -59 60 0
c Answer: 3225
v 1 -2 -3 -4 5 6 7 8 -9 -10 11 -12 -13 -14 15 -16 -17 18 -19 -20 -21 22 23
v 24 -25 -26 -27 28 -29 -30 -31 32 33 -34 -35 36 37 -38 39 40 41 42 -43 -44
v 45 46 47 -48 -49 -50 51 52 -53 54 55 -56 -57 -58 -59 -60 0
c Answer: 3226
v -1 -2 3 -4 -5 -6 7 8 9 -10 -11 -12 13 14 15 -16 -17 18 -19 -20 -21 22 23
v 24 -25 -26 -27 28 -29 -30 -31 32 33 -34 -35 36 37 -38 39 40 41 42 -43 -44
v -45 46 47 -48 -49 -50 51 52 53 54 55 -56 -57 -58 -59 -60 0
c Answer: 3227
v 1 -2 -3 -4 5 6 7 8 -9 -10 11 -12 -13 -14 15 -16 -17 18 -19 -20 -21 22 23
v 24 -25 -26 -27 28 -29 -30 -31 32 33 -34 -35 36 37 -38 39 40 41 42 -43 -44
v 45 46 47 -48 -49 -50 51 52 -53 54 55 -56 -57 -58 -59 60 0
c Answer: 3228
v -1 -2 3 -4 -5 -6 7 8 9 -10 -11 -12 13 14 15 -16 -17 18 -19 -20 -21 22 23
v 24 -25 -26 -27 28 -29 -30 -31 32 33 -34 -35 36 37 -38 39 40 41 42 -43 -44
v -45 46 47 -48 -49 -50 51 52 53 54 55 -56 -57 -58 -59 60 0
c Answer: 3229
v 1 -2 -3 -4 5 6 7 8 -9 -10 11 -12 -13 -14 15 -16 -17 18 -19 -20 -21 22 23
v 24 -25 -26 -27 28 -29 -30 -31 32 33 -34 -35 36 37 -38 39 40 41 42 -43 -44
v 45 46 47 -48 -49 -50 51 52 -53 54 55 56 -57 -58 -59 -60 0
c Answer: 3230
v 1 -2 -3 -4 5 6 7 8 -9 -10 11 -12 -13 -14 15 -16 -17 18 -19 -20 -21 22 23
v 24 -25 -26 -27 28 -29 -30 -31 32 33 -34 -35 36 37 -38 39 40 41 42 -43 -44
v 45 46 47 -48 -49 -50 51 52 -53 54 55 56 -57 -58 -59 60 0
c Answer: 3231
v -1 -2 3 -4 -5 -6 7 8 9 -10 -11 -12 13 14 15 -16 -17 18 -19 -20 -21 22 23
v 24 -25 -26 -27 28 -29 -30 -31 32 33 -34 -35 36 37 -38 39 40 41 42 -43 -44
v -45 46 47 -48 -49 -50 51 52 53 54 55 56 -57 -58 -59 -60 0
c Answer: 3232
v -1 -2 3 -4 -5 -6 7 8 9 -10 -11 -12 13 14 15 -16 -17 18 -19 -20 -21 22 23
v 24 -25 -26 -27 28 -29 -30 -31 32 33 -34 -35 36 37 -38 39 40 41 42 -43 -44
v -45 46 47 -48 -49 -50 51 52 53 54 55 56 -57 -58 -59 60 0
c Answer: 3233
v 1 -2 -3 -4 5 6 7 8 -9 -10 11 -12 -13 -14 15 -16 -17 18 -19 -20 -21 22 23
v 24 -25 -26 -27 28 -29 -30 -31 -32 33 -34 -35 36 37 -38 39 40 41 -42 -43
v -44 45 46 47 48 -49 -50 51 52 -53 54 55 -56 -57 -58 -59 -60 0
c Answer: 3234
v -1 -2 3 -4 -5 -6 7 8 9 -10 -11 -12 13 14 15 -16 -17 18 -19 -20 -21 22 23
v 24 -25 -26 -27 28 -29 -30 -31 -32 33 -34 -35 36 37 -38 39 40 41 -42 -43
v -44 -45 46 47 48 -49 -50 51 52 53 54 55 -56 -57 -58 -59 -60 0
c Answer: 3235
v 1 -2 -3 -4 5 6 7 8 -9 -10 11 -12 -13 -14 15 -16 -17 18 -19 -20 -21 22 23
v 24 -25 -26 -27 28 -29 -30 -31 32 33 -34 -35 36 37 -38 39 40 41 -42 -43
v -44 45 46 47 48 -49 -50 51 52 -53 54 55 -56 -57 -58 -59 -60 0
c Answer: 3236
v -1 -2 3 -4 -5 -6 7 8 9 -10 -11 -12 13 14 15 -16 -17 18 -19 -20 -21 22 23
v 24 -25 -26 -27 28 -29 -30 -31 32 33 -34 -35 36 37 -38 39 40 41 -42 -43
v -44 -45 46 47 48 -49 -50 51 52 53 54 55 -56 -57 -58 -59 -60 0
c Answer: 3237
v 1 -2 -3 -4 5 6 7 8 -9 -10 11 -12 -13 -14 15 -16 -17 18 -19 -20 -21 22 23
v 24 -25 -26 -27 28 -29 -30 -31 -32 33 -34 -35 36 37 -38 39 40 41 42 -43
v -44 45 46 47 48 -49 -50 51 52 -53 54 55 -56 -57 -58 -59 -60 0
c Answer: 3238
v 1 -2 -3 -4 5 6 7 8 -9 -10 11 -12 -13 -14 15 -16 -17 18 -19 -20 -21 22 23
v 24 -25 -26 -27 28 -29 -30 -31 32 33 -34 -35 36 37 -38 39 40 41 42 -43 -44
v 45 46 47 48 -49 -50 51 52 -53 54 55 -56 -57 -58 -59 -60 0
c Answer: 3239
v -1 -2 3 -4 -5 -6 7 8 9 -10 -11 -12 13 14 15 -16 -17 18 -19 -20 -21 22 23
v 24 -25 -26 -27 28 -29 -30 -31 -32 33 -34 -35 36 37 -38 39 40 41 42 -43
v -44 -45 46 47 48 -49 -50 51 52 53 54 55 -56 -57 -58 -59 -60 0
c Answer: 3240
v -1 -2 3 -4 -5 -6 7 8 9 -10 -11 -12 13 14 15 -16 -17 18 -19 -20 -21 22 23
v 24 -25 -26 -27 28 -29 -30 -31 32 33 -34 -35 36 37 -38 39 40 41 42 -43 -44
v -45 46 47 48 -49 -50 51 52 53 54 55 -56 -57 -58 -59 -60 0
c Answer: 3241
v 1 -2 -3 -4 5 6 7 8 -9 -10 11 -12 -13 -14 15 -16 -17 18 -19 -20 -21 22 23
v 24 -25 -26 -27 28 -29 -30 -31 -32 33 -34 -35 36 37 -38 39 40 41 -42 -43
v -44 45 46 47 48 -49 -50 51 52 -53 54 55 56 -57 -58 -59 -60 0
c Answer: 3242
v -1 -2 3 -4 -5 -6 7 8 9 -10 -11 -12 13 14 15 -16 -17 18 -19 -20 -21 22 23
v 24 -25 -26 -27 28 -29 -30 -31 -32 33 -34 -35 36 37 -38 39 40 41 -42 -43
v -44 -45 46 47 48 -49 -50 51 52 53 54 55 56 -57 -58 -59 -60 0
c Answer: 3243
v 1 -2 -3 -4 5 6 7 8 -9 -10 11 -12 -13 -14 15 -16 -17 18 -19 -20 -21 22 23
v 24 -25 -26 -27 28 -29 -30 -31 -32 33 -34 -35 36 37 -38 39 40 41 42 -43
v -44 45 46 47 48 -49 -50 51 52 -53 54 55 56 -57 -58 -59 -60 0
c Answer: 3244
v -1 -2 3 -4 -5 -6 7 8 9 -10 -11 -12 13 14 15 -16 -17 18 -19 -20 -21 22 23
v 24 -25 -26 -27 28 -29 -30 -31 -32 33 -34 -35 36 37 -38 39 40 41 42 -43
v -44 -45 46 47 48 -49 -50 51 52 53 54 55 56 -57 -58 -59 -60 0
c Answer: 3245
v 1 -2 -3 -4 5 6 7 8 -9 -10 11 -12 -13 -14 15 -16 -17 18 -19 -20 -21 22 23
v 24 -25 -26 -27 28 -29 -30 -31 32 33 -34 -35 36 37 -38 39 40 41 -42 -43
v -44 45 46 47 48 -49 -50 51 52 -53 54 55 56 -57 -58 -59 -60 0
c Answer: 3246
v 1 -2 -3 -4 5 6 7 8 -9 -10 11 -12 -13 -14 15 -16 -17 18 -19 -20 -21 22 23
v 24 -25 -26 -27 28 -29 -30 -31 32 33 -34 -35 36 37 -38 39 40 41 42 -43 -44
v 45 46 47 48 -49 -50 51 52 -53 54 55 56 -57 -58 -59 -60 0
c Answer: 3247
v -1 -2 3 -4 -5 -6 7 8 9 -10 -11 -12 13 14 15 -16 -17 18 -19 -20 -21 22 23
v 24 -25 -26 -27 28 -29 -30 -31 32 33 -34 -35 36 37 -38 39 40 41 -42 -43
v -44 -45 46 47 48 -49 -50 51 52 53 54 55 56 -57 -58 -59 -60 0
c Answer: 3248
v -1 -2 3 -4 -5 -6 7 8 9 -10 -11 -12 13 14 15 -16 -17 18 -19 -20 -21 22 23
v 24 -25 -26 -27 28 -29 -30 -31 32 33 -34 -35 36 37 -38 39 40 41 42 -43 -44
v -45 46 47 48 -49 -50 51 52 53 54 55 56 -57 -58 -59 -60 0
c Answer: 3249
v 1 -2 -3 -4 5 6 7 8 -9 -10 11 -12 -13 -14 15 -16 -17 18 -19 -20 -21 22 23
v 24 -25 -26 -27 28 -29 -30 -31 -32 33 -34 -35 36 37 -38 39 40 41 -42 -43
v -44 45 46 47 48 -49 -50 51 52 -53 54 55 -56 -57 -58 -59 60 0
c Answer: 3250
v -1 -2 3 -4 -5 -6 7 8 9 -10 -11 -12 13 14 15 -16 -17 18 -19 -20 -21 22 23
v 24 -25 -26 -27 28 -29 -30 -31 -32 33 -34 -35 36 37 -38 39 40 41 -42 -43
v -44 -45 46 47 48 -49 -50 51 52 53 54 55 -56 -57 -58 -59 60 0
c Answer: 3251
v 1 -2 -3 -4 5 6 7 8 -9 -10 11 -12 -13 -14 15 -16 -17 18 -19 -20 -21 22 23
v 24 -25 -26 -27 28 -29 -30 -31 -32 33 -34 -35 36 37 -38 39 40 41 -42 -43
v -44 45 46 47 48 -49 -50 51 52 -53 54 55 56 -57 -58 -59 60 0
c Answer: 3252
v -1 -2 3 -4 -5 -6 7 8 9 -10 -11 -12 13 14 15 -16 -17 18 -19 -20 -21 22 23
v 24 -25 -26 -27 28 -29 -30 -31 -32 33 -34 -35 36 37 -38 39 40 41 -42 -43
v -44 -45 46 47 48 -49 -50 51 52 53 54 55 56 -57 -58 -59 60 0
c Answer: 3253
v 1 -2 -3 -4 5 6 7 8 -9 -10 11 -12 -13 -14 15 -16 -17 18 -19 -20 -21 22 23
v 24 -25 -26 -27 28 -29 -30 -31 32 33 -34 -35 36 37 -38 39 40 41 -42 -43
v -44 45 46 47 48 -49 -50 51 52 -53 54 55 -56 -57 -58 -59 60 0
c Answer: 3254
v 1 -2 -3 -4 5 6 7 8 -9 -10 11 -12 -13 -14 15 -16 -17 18 -19 -20 -21 22 23
v 24 -25 -26 -27 28 -29 -30 -31 32 33 -34 -35 36 37 -38 39 40 41 -42 -43
v -44 45 46 47 48 -49 -50 51 52 -53 54 55 56 -57 -58 -59 60 0
c Answer: 3255
v -1 -2 3 -4 -5 -6 7 8 9 -10 -11 -12 13 14 15 -16 -17 18 -19 -20 -21 22 23
v 24 -25 -26 -27 28 -29 -30 -31 32 33 -34 -35 36 37 -38 39 40 41 -42 -43
v -44 -45 46 47 48 -49 -50 51 52 53 54 55 -56 -57 -58 -59 60 0
c Answer: 3256
v -1 -2 3 -4 -5 -6 7 8 9 -10 -11 -12 13 14 15 -16 -17 18 -19 -20 -21 22 23
v 24 -25 -26 -27 28 -29 -30 -31 32 33 -34 -35 36 37 -38 39 40 41 -42 -43
v -44 -45 46 47 48 -49 -50 51 52 53 54 55 56 -57 -58 -59 60 0
c Answer: 3257
v 1 -2 -3 -4 5 6 7 8 -9 -10 11 -12 -13 -14 15 -16 -17 18 -19 -20 -21 22 23
v 24 -25 -26 -27 28 -29 -30 -31 -32 33 -34 -35 36 37 -38 39 40 41 42 -43
v -44 45 46 47 48 -49 -50 51 52 -53 54 55 -56 -57 -58 -59 60 0
c Answer: 3258
v -1 -2 3 -4 -5 -6 7 8 9 -10 -11 -12 13 14 15 -16 -17 18 -19 -20 -21 22 23
v 24 -25 -26 -27 28 -29 -30 -31 -32 33 -34 -35 36 37 -38 39 40 41 42 -43
v -44 -45 46 47 48 -49 -50 51 52 53 54 55 -56 -57 -58 -59 60 0
c Answer: 3259
v 1 -2 -3 -4 5 6 7 8 -9 -10 11 -12 -13 -14 15 -16 -17 18 -19 -20 -21 22 23
v 24 -25 -26 -27 28 -29 -30 -31 32 33 -34 -35 36 37 -38 39 40 41 42 -43 -44
v 45 46 47 48 -49 -50 51 52 -53 54 55 -56 -57 -58 -59 60 0
c Answer: 3260
v -1 -2 3 -4 -5 -6 7 8 9 -10 -11 -12 13 14 15 -16 -17 18 -19 -20 -21 22 23
v 24 -25 -26 -27 28 -29 -30 -31 32 33 -34 -35 36 37 -38 39 40 41 42 -43 -44
v -45 46 47 48 -49 -50 51 52 53 54 55 -56 -57 -58 -59 60 0
c Answer: 3261
v 1 -2 -3 -4 5 6 7 8 -9 -10 11 -12 -13 -14 15 -16 -17 18 -19 -20 -21 22 23
v 24 -25 -26 -27 28 -29 -30 -31 -32 33 -34 -35 36 37 -38 39 40 41 42 -43
v -44 45 46 47 48 -49 -50 51 52 -53 54 55 56 -57 -58 -59 60 0
c Answer: 3262
v 1 -2 -3 -4 5 6 7 8 -9 -10 11 -12 -13 -14 15 -16 -17 18 -19 -20 -21 22 23
v 24 -25 -26 -27 28 -29 -30 -31 32 33 -34 -35 36 37 -38 39 40 41 42 -43 -44
v 45 46 47 48 -49 -50 51 52 -53 54 55 56 -57 -58 -59 60 0
c Answer: 3263
v -1 -2 3 -4 -5 -6 7 8 9 -10 -11 -12 13 14 15 -16 -17 18 -19 -20 -21 22 23
v 24 -25 -26 -27 28 -29 -30 -31 -32 33 -34 -35 36 37 -38 39 40 41 42 -43
v -44 -45 46 47 48 -49 -50 51 52 53 54 55 56 -57 -58 -59 60 0
c Answer: 3264
v -1 -2 3 -4 -5 -6 7 8 9 -10 -11 -12 13 14 15 -16 -17 18 -19 -20 -21 22 23
v 24 -25 -26 -27 28 -29 -30 -31 32 33 -34 -35 36 37 -38 39 40 41 42 -43 -44
v -45 46 47 48 -49 -50 51 52 53 54 55 56 -57 -58 -59 60 0
c Answer: 3265
v 1 -2 -3 -4 5 6 7 8 -9 -10 11 -12 -13 -14 15 -16 -17 18 -19 -20 -21 22 23
v 24 -25 -26 -27 28 -29 -30 -31 -32 33 -34 -35 36 37 -38 39 40 41 -42 43
v -44 45 46 47 -48 -49 -50 51 52 -53 54 55 -56 -57 -58 -59 -60 0
c Answer: 3266
v -1 -2 3 -4 -5 -6 7 8 9 -10 -11 -12 13 14 15 -16 -17 18 -19 -20 -21 22 23
v 24 -25 -26 -27 28 -29 -30 -31 -32 33 -34 -35 36 37 -38 39 40 41 -42 43
v -44 -45 46 47 -48 -49 -50 51 52 53 54 55 -56 -57 -58 -59 -60 0
c Answer: 3267
v 1 -2 -3 -4 5 6 7 8 -9 -10 11 -12 -13 -14 15 -16 -17 18 -19 -20 -21 22 23
v 24 -25 -26 -27 28 -29 -30 -31 -32 33 -34 -35 36 37 -38 39 40 41 -42 43
v -44 45 46 47 48 -49 -50 51 52 -53 54 55 -56 -57 -58 -59 -60 0
c Answer: 3268
v -1 -2 3 -4 -5 -6 7 8 9 -10 -11 -12 13 14 15 -16 -17 18 -19 -20 -21 22 23
v 24 -25 -26 -27 28 -29 -30 -31 -32 33 -34 -35 36 37 -38 39 40 41 -42 43
v -44 -45 46 47 48 -49 -50 51 52 53 54 55 -56 -57 -58 -59 -60 0
c Answer: 3269
v 1 -2 -3 -4 5 6 7 8 -9 -10 11 -12 -13 -14 15 -16 -17 18 -19 -20 -21 22 23
v 24 -25 -26 -27 28 -29 -30 -31 -32 33 -34 -35 36 37 -38 39 40 41 -42 43
v -44 45 46 47 -48 -49 -50 51 52 -53 54 55 -56 -57 -58 -59 60 0
c Answer: 3270
v 1 -2 -3 -4 5 6 7 8 -9 -10 11 -12 -13 -14 15 -16 -17 18 -19 -20 -21 22 23
v 24 -25 -26 -27 28 -29 -30 -31 -32 33 -34 -35 36 37 -38 39 40 41 -42 43
v -44 45 46 47 48 -49 -50 51 52 -53 54 55 -56 -57 -58 -59 60 0
c Answer: 3271
v -1 -2 3 -4 -5 -6 7 8 9 -10 -11 -12 13 14 15 -16 -17 18 -19 -20 -21 22 23
v 24 -25 -26 -27 28 -29 -30 -31 -32 33 -34 -35 36 37 -38 39 40 41 -42 43
v -44 -45 46 47 -48 -49 -50 51 52 53 54 55 -56 -57 -58 -59 60 0
c Answer: 3272
v -1 -2 3 -4 -5 -6 7 8 9 -10 -11 -12 13 14 15 -16 -17 18 -19 -20 -21 22 23
v 24 -25 -26 -27 28 -29 -30 -31 -32 33 -34 -35 36 37 -38 39 40 41 -42 43
v -44 -45 46 47 48 -49 -50 51 52 53 54 55 -56 -57 -58 -59 60 0
c Answer: 3273
v 1 -2 -3 -4 5 6 7 8 -9 -10 11 -12 -13 -14 15 -16 -17 18 -19 -20 -21 22 23
v 24 -25 -26 -27 28 -29 -30 -31 -32 33 -34 -35 36 37 -38 39 40 41 42 43 -44
v 45 46 47 -48 -49 -50 51 52 -53 54 55 -56 -57 -58 -59 -60 0
c Answer: 3274
v -1 -2 3 -4 -5 -6 7 8 9 -10 -11 -12 13 14 15 -16 -17 18 -19 -20 -21 22 23
v 24 -25 -26 -27 28 -29 -30 -31 -32 33 -34 -35 36 37 -38 39 40 41 42 43 -44
v -45 46 47 -48 -49 -50 51 52 53 54 55 -56 -57 -58 -59 -60 0
c Answer: 3275
v 1 -2 -3 -4 5 6 7 8 -9 -10 11 -12 -13 -14 15 -16 -17 18 -19 -20 -21 22 23
v 24 -25 -26 -27 28 -29 -30 -31 -32 33 -34 -35 36 37 -38 39 40 41 42 43 -44
v 45 46 47 -48 -49 -50 51 52 -53 54 55 -56 -57 -58 -59 60 0
c Answer: 3276
v -1 -2 3 -4 -5 -6 7 8 9 -10 -11 -12 13 14 15 -16 -17 18 -19 -20 -21 22 23
v 24 -25 -26 -27 28 -29 -30 -31 -32 33 -34 -35 36 37 -38 39 40 41 42 43 -44
v -45 46 47 -48 -49 -50 51 52 53 54 55 -56 -57 -58 -59 60 0
c Answer: 3277
v 1 -2 -3 -4 5 6 7 8 -9 -10 11 -12 -13 -14 15 -16 -17 18 -19 -20 -21 22 23
v 24 -25 -26 -27 28 -29 -30 -31 -32 33 -34 -35 36 37 -38 39 40 41 42 43 -44
v 45 46 47 48 -49 -50 51 52 -53 54 55 -56 -57 -58 -59 -60 0
c Answer: 3278
v 1 -2 -3 -4 5 6 7 8 -9 -10 11 -12 -13 -14 15 -16 -17 18 -19 -20 -21 22 23
v 24 -25 -26 -27 28 -29 -30 -31 -32 33 -34 -35 36 37 -38 39 40 41 42 43 -44
v 45 46 47 48 -49 -50 51 52 -53 54 55 -56 -57 -58 -59 60 0
c Answer: 3279
v -1 -2 3 -4 -5 -6 7 8 9 -10 -11 -12 13 14 15 -16 -17 18 -19 -20 -21 22 23
v 24 -25 -26 -27 28 -29 -30 -31 -32 33 -34 -35 36 37 -38 39 40 41 42 43 -44
v -45 46 47 48 -49 -50 51 52 53 54 55 -56 -57 -58 -59 -60 0
c Answer: 3280
v -1 -2 3 -4 -5 -6 7 8 9 -10 -11 -12 13 14 15 -16 -17 18 -19 -20 -21 22 23
v 24 -25 -26 -27 28 -29 -30 -31 -32 33 -34 -35 36 37 -38 39 40 41 42 43 -44
v -45 46 47 48 -49 -50 51 52 53 54 55 -56 -57 -58 -59 60 0
c Answer: 3281
v 1 -2 -3 -4 5 6 7 8 -9 -10 11 -12 -13 -14 15 -16 -17 18 -19 -20 -21 22 23
v 24 -25 -26 -27 28 -29 -30 -31 -32 33 -34 -35 36 37 -38 39 40 41 -42 43
v -44 45 46 47 -48 -49 -50 51 52 -53 54 55 56 -57 -58 -59 -60 0
c Answer: 3282
v -1 -2 3 -4 -5 -6 7 8 9 -10 -11 -12 13 14 15 -16 -17 18 -19 -20 -21 22 23
v 24 -25 -26 -27 28 -29 -30 -31 -32 33 -34 -35 36 37 -38 39 40 41 -42 43
v -44 -45 46 47 -48 -49 -50 51 52 53 54 55 56 -57 -58 -59 -60 0
c Answer: 3283
v 1 -2 -3 -4 5 6 7 8 -9 -10 11 -12 -13 -14 15 -16 -17 18 -19 -20 -21 22 23
v 24 -25 -26 -27 28 -29 -30 -31 -32 33 -34 -35 36 37 -38 39 40 41 42 43 -44
v 45 46 47 -48 -49 -50 51 52 -53 54 55 56 -57 -58 -59 -60 0
c Answer: 3284
v -1 -2 3 -4 -5 -6 7 8 9 -10 -11 -12 13 14 15 -16 -17 18 -19 -20 -21 22 23
v 24 -25 -26 -27 28 -29 -30 -31 -32 33 -34 -35 36 37 -38 39 40 41 42 43 -44
v -45 46 47 -48 -49 -50 51 52 53 54 55 56 -57 -58 -59 -60 0
c Answer: 3285
v 1 -2 -3 -4 5 6 7 8 -9 -10 11 -12 -13 -14 15 -16 -17 18 -19 -20 -21 22 23
v 24 -25 -26 -27 28 -29 -30 -31 -32 33 -34 -35 36 37 -38 39 40 41 -42 43
v -44 45 46 47 48 -49 -50 51 52 -53 54 55 56 -57 -58 -59 -60 0
c Answer: 3286
v 1 -2 -3 -4 5 6 7 8 -9 -10 11 -12 -13 -14 15 -16 -17 18 -19 -20 -21 22 23
v 24 -25 -26 -27 28 -29 -30 -31 -32 33 -34 -35 36 37 -38 39 40 41 42 43 -44
v 45 46 47 48 -49 -50 51 52 -53 54 55 56 -57 -58 -59 -60 0
c Answer: 3287
v -1 -2 3 -4 -5 -6 7 8 9 -10 -11 -12 13 14 15 -16 -17 18 -19 -20 -21 22 23
v 24 -25 -26 -27 28 -29 -30 -31 -32 33 -34 -35 36 37 -38 39 40 41 -42 43
v -44 -45 46 47 48 -49 -50 51 52 53 54 55 56 -57 -58 -59 -60 0
c Answer: 3288
v -1 -2 3 -4 -5 -6 7 8 9 -10 -11 -12 13 14 15 -16 -17 18 -19 -20 -21 22 23
v 24 -25 -26 -27 28 -29 -30 -31 -32 33 -34 -35 36 37 -38 39 40 41 42 43 -44
v -45 46 47 48 -49 -50 51 52 53 54 55 56 -57 -58 -59 -60 0
c Answer: 3289
v 1 -2 -3 -4 5 6 7 8 -9 -10 11 -12 -13 -14 15 -16 -17 18 -19 -20 -21 22 23
v 24 -25 -26 -27 28 -29 -30 -31 -32 33 -34 -35 36 37 -38 39 40 41 -42 43
v -44 45 46 47 -48 -49 -50 51 52 -53 54 55 56 -57 -58 -59 60 0
c Answer: 3290
v -1 -2 3 -4 -5 -6 7 8 9 -10 -11 -12 13 14 15 -16 -17 18 -19 -20 -21 22 23
v 24 -25 -26 -27 28 -29 -30 -31 -32 33 -34 -35 36 37 -38 39 40 41 -42 43
v -44 -45 46 47 -48 -49 -50 51 52 53 54 55 56 -57 -58 -59 60 0
c Answer: 3291
v 1 -2 -3 -4 5 6 7 8 -9 -10 11 -12 -13 -14 15 -16 -17 18 -19 -20 -21 22 23
v 24 -25 -26 -27 28 -29 -30 -31 -32 33 -34 -35 36 37 -38 39 40 41 -42 43
v -44 45 46 47 48 -49 -50 51 52 -53 54 55 56 -57 -58 -59 60 0
c Answer: 3292
v -1 -2 3 -4 -5 -6 7 8 9 -10 -11 -12 13 14 15 -16 -17 18 -19 -20 -21 22 23
v 24 -25 -26 -27 28 -29 -30 -31 -32 33 -34 -35 36 37 -38 39 40 41 -42 43
v -44 -45 46 47 48 -49 -50 51 52 53 54 55 56 -57 -58 -59 60 0
c Answer: 3293
v 1 -2 -3 -4 5 6 7 8 -9 -10 11 -12 -13 -14 15 -16 -17 18 -19 -20 -21 22 23
v 24 -25 -26 -27 28 -29 -30 -31 -32 33 -34 -35 36 37 -38 39 40 41 42 43 -44
v 45 46 47 -48 -49 -50 51 52 -53 54 55 56 -57 -58 -59 60 0
c Answer: 3294
v 1 -2 -3 -4 5 6 7 8 -9 -10 11 -12 -13 -14 15 -16 -17 18 -19 -20 -21 22 23
v 24 -25 -26 -27 28 -29 -30 -31 -32 33 -34 -35 36 37 -38 39 40 41 42 43 -44
v 45 46 47 48 -49 -50 51 52 -53 54 55 56 -57 -58 -59 60 0
c Answer: 3295
v -1 -2 3 -4 -5 -6 7 8 9 -10 -11 -12 13 14 15 -16 -17 18 -19 -20 -21 22 23
v 24 -25 -26 -27 28 -29 -30 -31 -32 33 -34 -35 36 37 -38 39 40 41 42 43 -44
v -45 46 47 -48 -49 -50 51 52 53 54 55 56 -57 -58 -59 60 0
c Answer: 3296
v -1 -2 3 -4 -5 -6 7 8 9 -10 -11 -12 13 14 15 -16 -17 18 -19 -20 -21 22 23
v 24 -25 -26 -27 28 -29 -30 -31 -32 33 -34 -35 36 37 -38 39 40 41 42 43 -44
v -45 46 47 48 -49 -50 51 52 53 54 55 56 -57 -58 -59 60 0
c Answer: 3297
v 1 -2 -3 -4 5 6 7 8 -9 -10 11 -12 -13 -14 15 -16 -17 18 -19 -20 -21 22 23
v 24 -25 -26 -27 28 -29 -30 -31 32 33 -34 -35 36 37 -38 39 40 41 -42 43 -44
v 45 46 47 -48 -49 -50 51 52 -53 54 55 -56 -57 -58 -59 -60 0
c Answer: 3298
v -1 -2 3 -4 -5 -6 7 8 9 -10 -11 -12 13 14 15 -16 -17 18 -19 -20 -21 22 23
v 24 -25 -26 -27 28 -29 -30 -31 32 33 -34 -35 36 37 -38 39 40 41 -42 43 -44
v -45 46 47 -48 -49 -50 51 52 53 54 55 -56 -57 -58 -59 -60 0
c Answer: 3299
v 1 -2 -3 -4 5 6 7 8 -9 -10 11 -12 -13 -14 15 -16 -17 18 -19 -20 -21 22 23
v 24 -25 -26 -27 28 -29 -30 -31 32 33 -34 -35 36 37 -38 39 40 41 -42 43 -44
v 45 46 47 -48 -49 -50 51 52 -53 54 55 56 -57 -58 -59 -60 0
c Answer: 3300
v -1 -2 3 -4 -5 -6 7 8 9 -10 -11 -12 13 14 15 -16 -17 18 -19 -20 -21 22 23
v 24 -25 -26 -27 28 -29 -30 -31 32 33 -34 -35 36 37 -38 39 40 41 -42 43 -44
v -45 46 47 -48 -49 -50 51 52 53 54 55 56 -57 -58 -59 -60 0
c Answer: 3301
v 1 -2 -3 -4 5 6 7 8 -9 -10 11 -12 -13 -14 15 -16 -17 18 -19 -20 -21 22 23
v 24 -25 -26 -27 28 -29 -30 -31 32 33 -34 -35 36 37 -38 39 40 41 -42 43 -44
v 45 46 47 -48 -49 -50 51 52 -53 54 55 -56 -57 -58 -59 60 0
c Answer: 3302
v 1 -2 -3 -4 5 6 7 8 -9 -10 11 -12 -13 -14 15 -16 -17 18 -19 -20 -21 22 23
v 24 -25 -26 -27 28 -29 -30 -31 32 33 -34 -35 36 37 -38 39 40 41 -42 43 -44
v 45 46 47 -48 -49 -50 51 52 -53 54 55 56 -57 -58 -59 60 0
c Answer: 3303
v -1 -2 3 -4 -5 -6 7 8 9 -10 -11 -12 13 14 15 -16 -17 18 -19 -20 -21 22 23
v 24 -25 -26 -27 28 -29 -30 -31 32 33 -34 -35 36 37 -38 39 40 41 -42 43 -44
v -45 46 47 -48 -49 -50 51 52 53 54 55 -56 -57 -58 -59 60 0
c Answer: 3304
v -1 -2 3 -4 -5 -6 7 8 9 -10 -11 -12 13 14 15 -16 -17 18 -19 -20 -21 22 23
v 24 -25 -26 -27 28 -29 -30 -31 32 33 -34 -35 36 37 -38 39 40 41 -42 43 -44
v -45 46 47 -48 -49 -50 51 52 53 54 55 56 -57 -58 -59 60 0
c Answer: 3305
v 1 -2 -3 -4 5 6 7 8 -9 -10 11 -12 -13 -14 15 -16 -17 18 -19 -20 -21 22 23
v 24 -25 -26 -27 28 -29 -30 -31 32 33 -34 -35 36 37 -38 39 40 41 42 43 -44
v 45 46 47 -48 -49 -50 51 52 -53 54 55 -56 -57 -58 -59 -60 0
c Answer: 3306
v -1 -2 3 -4 -5 -6 7 8 9 -10 -11 -12 13 14 15 -16 -17 18 -19 -20 -21 22 23
v 24 -25 -26 -27 28 -29 -30 -31 32 33 -34 -35 36 37 -38 39 40 41 42 43 -44
v -45 46 47 -48 -49 -50 51 52 53 54 55 -56 -57 -58 -59 -60 0
c Answer: 3307
v 1 -2 -3 -4 5 6 7 8 -9 -10 11 -12 -13 -14 15 -16 -17 18 -19 -20 -21 22 23
v 24 -25 -26 -27 28 -29 -30 -31 32 33 -34 -35 36 37 -38 39 40 41 42 43 -44
v 45 46 47 -48 -49 -50 51 52 -53 54 55 -56 -57 -58 -59 60 0
c Answer: 3308
v -1 -2 3 -4 -5 -6 7 8 9 -10 -11 -12 13 14 15 -16 -17 18 -19 -20 -21 22 23
v 24 -25 -26 -27 28 -29 -30 -31 32 33 -34 -35 36 37 -38 39 40 41 42 43 -44
v -45 46 47 -48 -49 -50 51 52 53 54 55 -56 -57 -58 -59 60 0
c Answer: 3309
v 1 -2 -3 -4 5 6 7 8 -9 -10 11 -12 -13 -14 15 -16 -17 18 -19 -20 -21 22 23
v 24 -25 -26 -27 28 -29 -30 -31 32 33 -34 -35 36 37 -38 39 40 41 42 43 -44
v 45 46 47 -48 -49 -50 51 52 -53 54 55 56 -57 -58 -59 -60 0
c Answer: 3310
v 1 -2 -3 -4 5 6 7 8 -9 -10 11 -12 -13 -14 15 -16 -17 18 -19 -20 -21 22 23
v 24 -25 -26 -27 28 -29 -30 -31 32 33 -34 -35 36 37 -38 39 40 41 42 43 -44
v 45 46 47 -48 -49 -50 51 52 -53 54 55 56 -57 -58 -59 60 0
c Answer: 3311
v -1 -2 3 -4 -5 -6 7 8 9 -10 -11 -12 13 14 15 -16 -17 18 -19 -20 -21 22 23
v 24 -25 -26 -27 28 -29 -30 -31 32 33 -34 -35 36 37 -38 39 40 41 42 43 -44
v -45 46 47 -48 -49 -50 51 52 53 54 55 56 -57 -58 -59 -60 0
c Answer: 3312
v -1 -2 3 -4 -5 -6 7 8 9 -10 -11 -12 13 14 15 -16 -17 18 -19 -20 -21 22 23
v 24 -25 -26 -27 28 -29 -30 -31 32 33 -34 -35 36 37 -38 39 40 41 42 43 -44
v -45 46 47 -48 -49 -50 51 52 53 54 55 56 -57 -58 -59 60 0
c Answer: 3313
v 1 -2 -3 -4 5 6 7 8 -9 -10 11 -12 -13 -14 15 -16 -17 18 -19 -20 -21 22 23
v 24 -25 -26 -27 28 -29 -30 -31 32 33 -34 -35 36 37 -38 39 40 41 -42 43 -44
v 45 46 47 48 -49 -50 51 52 -53 54 55 -56 -57 -58 -59 -60 0
c Answer: 3314
v -1 -2 3 -4 -5 -6 7 8 9 -10 -11 -12 13 14 15 -16 -17 18 -19 -20 -21 22 23
v 24 -25 -26 -27 28 -29 -30 -31 32 33 -34 -35 36 37 -38 39 40 41 -42 43 -44
v -45 46 47 48 -49 -50 51 52 53 54 55 -56 -57 -58 -59 -60 0
c Answer: 3315
v 1 -2 -3 -4 5 6 7 8 -9 -10 11 -12 -13 -14 15 -16 -17 18 -19 -20 -21 22 23
v 24 -25 -26 -27 28 -29 -30 -31 32 33 -34 -35 36 37 -38 39 40 41 42 43 -44
v 45 46 47 48 -49 -50 51 52 -53 54 55 -56 -57 -58 -59 -60 0
c Answer: 3316
v -1 -2 3 -4 -5 -6 7 8 9 -10 -11 -12 13 14 15 -16 -17 18 -19 -20 -21 22 23
v 24 -25 -26 -27 28 -29 -30 -31 32 33 -34 -35 36 37 -38 39 40 41 42 43 -44
v -45 46 47 48 -49 -50 51 52 53 54 55 -56 -57 -58 -59 -60 0
c Answer: 3317
v 1 -2 -3 -4 5 6 7 8 -9 -10 11 -12 -13 -14 15 -16 -17 18 -19 -20 -21 22 23
v 24 -25 -26 -27 28 -29 -30 -31 32 33 -34 -35 36 37 -38 39 40 41 -42 43 -44
v 45 46 47 48 -49 -50 51 52 -53 54 55 56 -57 -58 -59 -60 0
c Answer: 3318
v 1 -2 -3 -4 5 6 7 8 -9 -10 11 -12 -13 -14 15 -16 -17 18 -19 -20 -21 22 23
v 24 -25 -26 -27 28 -29 -30 -31 32 33 -34 -35 36 37 -38 39 40 41 42 43 -44
v 45 46 47 48 -49 -50 51 52 -53 54 55 56 -57 -58 -59 -60 0
c Answer: 3319
v -1 -2 3 -4 -5 -6 7 8 9 -10 -11 -12 13 14 15 -16 -17 18 -19 -20 -21 22 23
v 24 -25 -26 -27 28 -29 -30 -31 32 33 -34 -35 36 37 -38 39 40 41 -42 43 -44
v -45 46 47 48 -49 -50 51 52 53 54 55 56 -57 -58 -59 -60 0
c Answer: 3320
v -1 -2 3 -4 -5 -6 7 8 9 -10 -11 -12 13 14 15 -16 -17 18 -19 -20 -21 22 23
v 24 -25 -26 -27 28 -29 -30 -31 32 33 -34 -35 36 37 -38 39 40 41 42 43 -44
v -45 46 47 48 -49 -50 51 52 53 54 55 56 -57 -58 -59 -60 0
c Answer: 3321
v 1 -2 -3 -4 5 6 7 8 -9 -10 11 -12 -13 -14 15 -16 -17 18 -19 -20 -21 22 23
v 24 -25 -26 -27 28 -29 -30 -31 32 33 -34 -35 36 37 -38 39 40 41 -42 43 -44
v 45 46 47 48 -49 -50 51 52 -53 54 55 -56 -57 -58 -59 60 0
c Answer: 3322
v -1 -2 3 -4 -5 -6 7 8 9 -10 -11 -12 13 14 15 -16 -17 18 -19 -20 -21 22 23
v 24 -25 -26 -27 28 -29 -30 -31 32 33 -34 -35 36 37 -38 39 40 41 -42 43 -44
v -45 46 47 48 -49 -50 51 52 53 54 55 -56 -57 -58 -59 60 0
c Answer: 3323
v 1 -2 -3 -4 5 6 7 8 -9 -10 11 -12 -13 -14 15 -16 -17 18 -19 -20 -21 22 23
v 24 -25 -26 -27 28 -29 -30 -31 32 33 -34 -35 36 37 -38 39 40 41 -42 43 -44
v 45 46 47 48 -49 -50 51 52 -53 54 55 56 -57 -58 -59 60 0
c Answer: 3324
v -1 -2 3 -4 -5 -6 7 8 9 -10 -11 -12 13 14 15 -16 -17 18 -19 -20 -21 22 23
v 24 -25 -26 -27 28 -29 -30 -31 32 33 -34 -35 36 37 -38 39 40 41 -42 43 -44
v -45 46 47 48 -49 -50 51 52 53 54 55 56 -57 -58 -59 60 0
c Answer: 3325
v 1 -2 -3 -4 5 6 7 8 -9 -10 11 -12 -13 -14 15 -16 -17 18 -19 -20 -21 22 23
v 24 -25 -26 -27 28 -29 -30 -31 32 33 -34 -35 36 37 -38 39 40 41 42 43 -44
v 45 46 47 48 -49 -50 51 52 -53 54 55 -56 -57 -58 -59 60 0
c Answer: 3326
v 1 -2 -3 -4 5 6 7 8 -9 -10 11 -12 -13 -14 15 -16 -17 18 -19 -20 -21 22 23
v 24 -25 -26 -27 28 -29 -30 -31 32 33 -34 -35 36 37 -38 39 40 41 42 43 -44
v 45 46 47 48 -49 -50 51 52 -53 54 55 56 -57 -58 -59 60 0
c Answer: 3327
v -1 -2 3 -4 -5 -6 7 8 9 -10 -11 -12 13 14 15 -16 -17 18 -19 -20 -21 22 23
v 24 -25 -26 -27 28 -29 -30 -31 32 33 -34 -35 36 37 -38 39 40 41 42 43 -44
v -45 46 47 48 -49 -50 51 52 53 54 55 -56 -57 -58 -59 60 0
c Answer: 3328
v -1 -2 3 -4 -5 -6 7 8 9 -10 -11 -12 13 14 15 -16 -17 18 -19 -20 -21 22 23
v 24 -25 -26 -27 28 -29 -30 -31 32 33 -34 -35 36 37 -38 39 40 41 42 43 -44
v -45 46 47 48 -49 -50 51 52 53 54 55 56 -57 -58 -59 60 0
c Answer: 3329
v 1 -2 -3 -4 5 6 7 8 -9 -10 11 -12 -13 -14 15 -16 -17 18 -19 -20 -21 22 23
v -24 -25 -26 -27 28 -29 -30 -31 -32 33 -34 -35 36 37 -38 39 40 41 -42 -43
v 44 45 46 47 -48 -49 -50 51 52 -53 54 55 -56 -57 -58 -59 -60 0
c Answer: 3330
v -1 -2 3 -4 -5 -6 7 8 9 -10 -11 -12 13 14 15 -16 -17 18 -19 -20 -21 22 23
v -24 -25 -26 -27 28 -29 -30 -31 -32 33 -34 -35 36 37 -38 39 40 41 -42 -43
v 44 -45 46 47 -48 -49 -50 51 52 53 54 55 -56 -57 -58 -59 -60 0
c Answer: 3331
v 1 -2 -3 -4 5 6 7 8 -9 -10 11 -12 -13 -14 15 -16 -17 18 -19 -20 -21 22 23
v 24 -25 -26 -27 28 -29 -30 -31 -32 33 -34 -35 36 37 -38 39 40 41 -42 -43
v 44 45 46 47 -48 -49 -50 51 52 -53 54 55 -56 -57 -58 -59 -60 0
c Answer: 3332
v -1 -2 3 -4 -5 -6 7 8 9 -10 -11 -12 13 14 15 -16 -17 18 -19 -20 -21 22 23
v 24 -25 -26 -27 28 -29 -30 -31 -32 33 -34 -35 36 37 -38 39 40 41 -42 -43
v 44 -45 46 47 -48 -49 -50 51 52 53 54 55 -56 -57 -58 -59 -60 0
c Answer: 3333
v 1 -2 -3 -4 5 6 7 8 -9 -10 11 -12 -13 -14 15 -16 -17 18 -19 -20 -21 22 23
v -24 -25 -26 -27 28 -29 -30 -31 -32 33 -34 -35 36 37 -38 39 40 41 -42 43
v 44 45 46 47 -48 -49 -50 51 52 -53 54 55 -56 -57 -58 -59 -60 0
c Answer: 3334
v 1 -2 -3 -4 5 6 7 8 -9 -10 11 -12 -13 -14 15 -16 -17 18 -19 -20 -21 22 23
v 24 -25 -26 -27 28 -29 -30 -31 -32 33 -34 -35 36 37 -38 39 40 41 -42 43
v 44 45 46 47 -48 -49 -50 51 52 -53 54 55 -56 -57 -58 -59 -60 0
c Answer: 3335
v -1 -2 3 -4 -5 -6 7 8 9 -10 -11 -12 13 14 15 -16 -17 18 -19 -20 -21 22 23
v -24 -25 -26 -27 28 -29 -30 -31 -32 33 -34 -35 36 37 -38 39 40 41 -42 43
v 44 -45 46 47 -48 -49 -50 51 52 53 54 55 -56 -57 -58 -59 -60 0
c Answer: 3336
v -1 -2 3 -4 -5 -6 7 8 9 -10 -11 -12 13 14 15 -16 -17 18 -19 -20 -21 22 23
v 24 -25 -26 -27 28 -29 -30 -31 -32 33 -34 -35 36 37 -38 39 40 41 -42 43
v 44 -45 46 47 -48 -49 -50 51 52 53 54 55 -56 -57 -58 -59 -60 0
c Answer: 3337
v 1 -2 -3 -4 5 6 7 8 -9 -10 11 -12 -13 -14 15 -16 -17 18 -19 -20 -21 22 23
v -24 -25 -26 -27 28 -29 -30 -31 32 33 -34 -35 36 37 -38 39 40 41 -42 -43
v 44 45 46 47 -48 -49 -50 51 52 -53 54 55 -56 -57 -58 -59 -60 0
c Answer: 3338
v -1 -2 3 -4 -5 -6 7 8 9 -10 -11 -12 13 14 15 -16 -17 18 -19 -20 -21 22 23
v -24 -25 -26 -27 28 -29 -30 -31 32 33 -34 -35 36 37 -38 39 40 41 -42 -43
v 44 -45 46 47 -48 -49 -50 51 52 53 54 55 -56 -57 -58 -59 -60 0
c Answer: 3339
v 1 -2 -3 -4 5 6 7 8 -9 -10 11 -12 -13 -14 15 -16 -17 18 -19 -20 -21 22 23
v -24 -25 -26 -27 28 -29 -30 -31 32 33 -34 -35 36 37 -38 39 40 41 -42 43
v 44 45 46 47 -48 -49 -50 51 52 -53 54 55 -56 -57 -58 -59 -60 0
c Answer: 3340
v -1 -2 3 -4 -5 -6 7 8 9 -10 -11 -12 13 14 15 -16 -17 18 -19 -20 -21 22 23
v -24 -25 -26 -27 28 -29 -30 -31 32 33 -34 -35 36 37 -38 39 40 41 -42 43
v 44 -45 46 47 -48 -49 -50 51 52 53 54 55 -56 -57 -58 -59 -60 0
c Answer: 3341
v 1 -2 -3 -4 5 6 7 8 -9 -10 11 -12 -13 -14 15 -16 -17 18 -19 -20 -21 22 23
v 24 -25 -26 -27 28 -29 -30 -31 32 33 -34 -35 36 37 -38 39 40 41 -42 -43
v 44 45 46 47 -48 -49 -50 51 52 -53 54 55 -56 -57 -58 -59 -60 0
c Answer: 3342
v 1 -2 -3 -4 5 6 7 8 -9 -10 11 -12 -13 -14 15 -16 -17 18 -19 -20 -21 22 23
v 24 -25 -26 -27 28 -29 -30 -31 32 33 -34 -35 36 37 -38 39 40 41 -42 43 44
v 45 46 47 -48 -49 -50 51 52 -53 54 55 -56 -57 -58 -59 -60 0
c Answer: 3343
v -1 -2 3 -4 -5 -6 7 8 9 -10 -11 -12 13 14 15 -16 -17 18 -19 -20 -21 22 23
v 24 -25 -26 -27 28 -29 -30 -31 32 33 -34 -35 36 37 -38 39 40 41 -42 -43
v 44 -45 46 47 -48 -49 -50 51 52 53 54 55 -56 -57 -58 -59 -60 0
c Answer: 3344
v -1 -2 3 -4 -5 -6 7 8 9 -10 -11 -12 13 14 15 -16 -17 18 -19 -20 -21 22 23
v 24 -25 -26 -27 28 -29 -30 -31 32 33 -34 -35 36 37 -38 39 40 41 -42 43 44
v -45 46 47 -48 -49 -50 51 52 53 54 55 -56 -57 -58 -59 -60 0
c Answer: 3345
v 1 -2 -3 -4 5 6 7 8 -9 -10 11 -12 -13 -14 15 -16 -17 18 -19 -20 -21 22 23
v -24 -25 -26 -27 28 -29 -30 -31 -32 33 -34 -35 36 37 -38 39 40 41 -42 -43
v 44 45 46 47 48 -49 -50 51 52 -53 54 55 -56 -57 -58 -59 -60 0
c Answer: 3346
v -1 -2 3 -4 -5 -6 7 8 9 -10 -11 -12 13 14 15 -16 -17 18 -19 -20 -21 22 23
v -24 -25 -26 -27 28 -29 -30 -31 -32 33 -34 -35 36 37 -38 39 40 41 -42 -43
v 44 -45 46 47 48 -49 -50 51 52 53 54 55 -56 -57 -58 -59 -60 0
c Answer: 3347
v 1 -2 -3 -4 5 6 7 8 -9 -10 11 -12 -13 -14 15 -16 -17 18 -19 -20 -21 22 23
v -24 -25 -26 -27 28 -29 -30 -31 32 33 -34 -35 36 37 -38 39 40 41 -42 -43
v 44 45 46 47 48 -49 -50 51 52 -53 54 55 -56 -57 -58 -59 -60 0
c Answer: 3348
v -1 -2 3 -4 -5 -6 7 8 9 -10 -11 -12 13 14 15 -16 -17 18 -19 -20 -21 22 23
v -24 -25 -26 -27 28 -29 -30 -31 32 33 -34 -35 36 37 -38 39 40 41 -42 -43
v 44 -45 46 47 48 -49 -50 51 52 53 54 55 -56 -57 -58 -59 -60 0
c Answer: 3349
v 1 -2 -3 -4 5 6 7 8 -9 -10 11 -12 -13 -14 15 -16 -17 18 -19 -20 -21 22 23
v 24 -25 -26 -27 28 -29 -30 -31 -32 33 -34 -35 36 37 -38 39 40 41 -42 -43
v 44 45 46 47 48 -49 -50 51 52 -53 54 55 -56 -57 -58 -59 -60 0
c Answer: 3350
v 1 -2 -3 -4 5 6 7 8 -9 -10 11 -12 -13 -14 15 -16 -17 18 -19 -20 -21 22 23
v 24 -25 -26 -27 28 -29 -30 -31 32 33 -34 -35 36 37 -38 39 40 41 -42 -43
v 44 45 46 47 48 -49 -50 51 52 -53 54 55 -56 -57 -58 -59 -60 0
c Answer: 3351
v -1 -2 3 -4 -5 -6 7 8 9 -10 -11 -12 13 14 15 -16 -17 18 -19 -20 -21 22 23
v 24 -25 -26 -27 28 -29 -30 -31 -32 33 -34 -35 36 37 -38 39 40 41 -42 -43
v 44 -45 46 47 48 -49 -50 51 52 53 54 55 -56 -57 -58 -59 -60 0
c Answer: 3352
v -1 -2 3 -4 -5 -6 7 8 9 -10 -11 -12 13 14 15 -16 -17 18 -19 -20 -21 22 23
v 24 -25 -26 -27 28 -29 -30 -31 32 33 -34 -35 36 37 -38 39 40 41 -42 -43
v 44 -45 46 47 48 -49 -50 51 52 53 54 55 -56 -57 -58 -59 -60 0
c Answer: 3353
v 1 -2 -3 -4 5 6 7 8 -9 -10 11 -12 -13 -14 15 -16 -17 18 -19 -20 -21 22 23
v -24 -25 -26 -27 28 -29 -30 -31 -32 33 -34 -35 36 37 -38 39 40 41 -42 43
v 44 45 46 47 48 -49 -50 51 52 -53 54 55 -56 -57 -58 -59 -60 0
c Answer: 3354
v -1 -2 3 -4 -5 -6 7 8 9 -10 -11 -12 13 14 15 -16 -17 18 -19 -20 -21 22 23
v -24 -25 -26 -27 28 -29 -30 -31 -32 33 -34 -35 36 37 -38 39 40 41 -42 43
v 44 -45 46 47 48 -49 -50 51 52 53 54 55 -56 -57 -58 -59 -60 0
c Answer: 3355
v 1 -2 -3 -4 5 6 7 8 -9 -10 11 -12 -13 -14 15 -16 -17 18 -19 -20 -21 22 23
v 24 -25 -26 -27 28 -29 -30 -31 -32 33 -34 -35 36 37 -38 39 40 41 -42 43
v 44 45 46 47 48 -49 -50 51 52 -53 54 55 -56 -57 -58 -59 -60 0
c Answer: 3356
v -1 -2 3 -4 -5 -6 7 8 9 -10 -11 -12 13 14 15 -16 -17 18 -19 -20 -21 22 23
v 24 -25 -26 -27 28 -29 -30 -31 -32 33 -34 -35 36 37 -38 39 40 41 -42 43
v 44 -45 46 47 48 -49 -50 51 52 53 54 55 -56 -57 -58 -59 -60 0
c Answer: 3357
v 1 -2 -3 -4 5 6 7 8 -9 -10 11 -12 -13 -14 15 -16 -17 18 -19 -20 -21 22 23
v -24 -25 -26 -27 28 -29 -30 -31 32 33 -34 -35 36 37 -38 39 40 41 -42 43
v 44 45 46 47 48 -49 -50 51 52 -53 54 55 -56 -57 -58 -59 -60 0
c Answer: 3358
v 1 -2 -3 -4 5 6 7 8 -9 -10 11 -12 -13 -14 15 -16 -17 18 -19 -20 -21 22 23
v 24 -25 -26 -27 28 -29 -30 -31 32 33 -34 -35 36 37 -38 39 40 41 -42 43 44
v 45 46 47 48 -49 -50 51 52 -53 54 55 -56 -57 -58 -59 -60 0
c Answer: 3359
v -1 -2 3 -4 -5 -6 7 8 9 -10 -11 -12 13 14 15 -16 -17 18 -19 -20 -21 22 23
v -24 -25 -26 -27 28 -29 -30 -31 32 33 -34 -35 36 37 -38 39 40 41 -42 43
v 44 -45 46 47 48 -49 -50 51 52 53 54 55 -56 -57 -58 -59 -60 0
c Answer: 3360
v -1 -2 3 -4 -5 -6 7 8 9 -10 -11 -12 13 14 15 -16 -17 18 -19 -20 -21 22 23
v 24 -25 -26 -27 28 -29 -30 -31 32 33 -34 -35 36 37 -38 39 40 41 -42 43 44
v -45 46 47 48 -49 -50 51 52 53 54 55 -56 -57 -58 -59 -60 0
c Answer: 3361
v 1 -2 -3 -4 5 6 7 8 -9 -10 11 -12 -13 -14 15 -16 -17 18 -19 -20 -21 22 23
v -24 -25 -26 -27 28 -29 -30 -31 -32 33 -34 -35 36 37 -38 39 40 41 -42 -43
v 44 45 46 47 -48 -49 -50 51 52 -53 54 55 -56 -57 -58 -59 60 0
c Answer: 3362
v -1 -2 3 -4 -5 -6 7 8 9 -10 -11 -12 13 14 15 -16 -17 18 -19 -20 -21 22 23
v -24 -25 -26 -27 28 -29 -30 -31 -32 33 -34 -35 36 37 -38 39 40 41 -42 -43
v 44 -45 46 47 -48 -49 -50 51 52 53 54 55 -56 -57 -58 -59 60 0
c Answer: 3363
v 1 -2 -3 -4 5 6 7 8 -9 -10 11 -12 -13 -14 15 -16 -17 18 -19 -20 -21 22 23
v -24 -25 -26 -27 28 -29 -30 -31 -32 33 -34 -35 36 37 -38 39 40 41 -42 -43
v 44 45 46 47 48 -49 -50 51 52 -53 54 55 -56 -57 -58 -59 60 0
c Answer: 3364
v -1 -2 3 -4 -5 -6 7 8 9 -10 -11 -12 13 14 15 -16 -17 18 -19 -20 -21 22 23
v -24 -25 -26 -27 28 -29 -30 -31 -32 33 -34 -35 36 37 -38 39 40 41 -42 -43
v 44 -45 46 47 48 -49 -50 51 52 53 54 55 -56 -57 -58 -59 60 0
c Answer: 3365
v 1 -2 -3 -4 5 6 7 8 -9 -10 11 -12 -13 -14 15 -16 -17 18 -19 -20 -21 22 23
v -24 -25 -26 -27 28 -29 -30 -31 -32 33 -34 -35 36 37 -38 39 40 41 -42 43
v 44 45 46 47 -48 -49 -50 51 52 -53 54 55 -56 -57 -58 -59 60 0
c Answer: 3366
v 1 -2 -3 -4 5 6 7 8 -9 -10 11 -12 -13 -14 15 -16 -17 18 -19 -20 -21 22 23
v -24 -25 -26 -27 28 -29 -30 -31 -32 33 -34 -35 36 37 -38 39 40 41 -42 43
v 44 45 46 47 48 -49 -50 51 52 -53 54 55 -56 -57 -58 -59 60 0
c Answer: 3367
v -1 -2 3 -4 -5 -6 7 8 9 -10 -11 -12 13 14 15 -16 -17 18 -19 -20 -21 22 23
v -24 -25 -26 -27 28 -29 -30 -31 -32 33 -34 -35 36 37 -38 39 40 41 -42 43
v 44 -45 46 47 -48 -49 -50 51 52 53 54 55 -56 -57 -58 -59 60 0
c Answer: 3368
v -1 -2 3 -4 -5 -6 7 8 9 -10 -11 -12 13 14 15 -16 -17 18 -19 -20 -21 22 23
v -24 -25 -26 -27 28 -29 -30 -31 -32 33 -34 -35 36 37 -38 39 40 41 -42 43
v 44 -45 46 47 48 -49 -50 51 52 53 54 55 -56 -57 -58 -59 60 0
c Answer: 3369
v 1 -2 -3 -4 5 6 7 8 -9 -10 11 -12 -13 -14 15 -16 -17 18 -19 -20 -21 22 23
v -24 -25 -26 -27 28 -29 -30 -31 32 33 -34 -35 36 37 -38 39 40 41 -42 -43
v 44 45 46 47 -48 -49 -50 51 52 -53 54 55 -56 -57 -58 -59 60 0
c Answer: 3370
v -1 -2 3 -4 -5 -6 7 8 9 -10 -11 -12 13 14 15 -16 -17 18 -19 -20 -21 22 23
v -24 -25 -26 -27 28 -29 -30 -31 32 33 -34 -35 36 37 -38 39 40 41 -42 -43
v 44 -45 46 47 -48 -49 -50 51 52 53 54 55 -56 -57 -58 -59 60 0
c Answer: 3371
v 1 -2 -3 -4 5 6 7 8 -9 -10 11 -12 -13 -14 15 -16 -17 18 -19 -20 -21 22 23
v -24 -25 -26 -27 28 -29 -30 -31 32 33 -34 -35 36 37 -38 39 40 41 -42 43
v 44 45 46 47 -48 -49 -50 51 52 -53 54 55 -56 -57 -58 -59 60 0
c Answer: 3372
v -1 -2 3 -4 -5 -6 7 8 9 -10 -11 -12 13 14 15 -16 -17 18 -19 -20 -21 22 23
v -24 -25 -26 -27 28 -29 -30 -31 32 33 -34 -35 36 37 -38 39 40 41 -42 43
v 44 -45 46 47 -48 -49 -50 51 52 53 54 55 -56 -57 -58 -59 60 0
c Answer: 3373
v 1 -2 -3 -4 5 6 7 8 -9 -10 11 -12 -13 -14 15 -16 -17 18 -19 -20 -21 22 23
v -24 -25 -26 -27 28 -29 -30 -31 32 33 -34 -35 36 37 -38 39 40 41 -42 -43
v 44 45 46 47 48 -49 -50 51 52 -53 54 55 -56 -57 -58 -59 60 0
c Answer: 3374
v 1 -2 -3 -4 5 6 7 8 -9 -10 11 -12 -13 -14 15 -16 -17 18 -19 -20 -21 22 23
v -24 -25 -26 -27 28 -29 -30 -31 32 33 -34 -35 36 37 -38 39 40 41 -42 43
v 44 45 46 47 48 -49 -50 51 52 -53 54 55 -56 -57 -58 -59 60 0
c Answer: 3375
v -1 -2 3 -4 -5 -6 7 8 9 -10 -11 -12 13 14 15 -16 -17 18 -19 -20 -21 22 23
v -24 -25 -26 -27 28 -29 -30 -31 32 33 -34 -35 36 37 -38 39 40 41 -42 -43
v 44 -45 46 47 48 -49 -50 51 52 53 54 55 -56 -57 -58 -59 60 0
c Answer: 3376
v -1 -2 3 -4 -5 -6 7 8 9 -10 -11 -12 13 14 15 -16 -17 18 -19 -20 -21 22 23
v -24 -25 -26 -27 28 -29 -30 -31 32 33 -34 -35 36 37 -38 39 40 41 -42 43
v 44 -45 46 47 48 -49 -50 51 52 53 54 55 -56 -57 -58 -59 60 0
c Answer: 3377
v 1 -2 -3 -4 5 6 7 8 -9 -10 11 -12 -13 -14 15 -16 -17 18 -19 -20 -21 22 23
v 24 -25 -26 -27 28 -29 -30 -31 -32 33 -34 -35 36 37 -38 39 40 41 -42 -43
v 44 45 46 47 -48 -49 -50 51 52 -53 54 55 -56 -57 -58 -59 60 0
c Answer: 3378
v -1 -2 3 -4 -5 -6 7 8 9 -10 -11 -12 13 14 15 -16 -17 18 -19 -20 -21 22 23
v 24 -25 -26 -27 28 -29 -30 -31 -32 33 -34 -35 36 37 -38 39 40 41 -42 -43
v 44 -45 46 47 -48 -49 -50 51 52 53 54 55 -56 -57 -58 -59 60 0
c Answer: 3379
v 1 -2 -3 -4 5 6 7 8 -9 -10 11 -12 -13 -14 15 -16 -17 18 -19 -20 -21 22 23
v 24 -25 -26 -27 28 -29 -30 -31 32 33 -34 -35 36 37 -38 39 40 41 -42 -43
v 44 45 46 47 -48 -49 -50 51 52 -53 54 55 -56 -57 -58 -59 60 0
c Answer: 3380
v -1 -2 3 -4 -5 -6 7 8 9 -10 -11 -12 13 14 15 -16 -17 18 -19 -20 -21 22 23
v 24 -25 -26 -27 28 -29 -30 -31 32 33 -34 -35 36 37 -38 39 40 41 -42 -43
v 44 -45 46 47 -48 -49 -50 51 52 53 54 55 -56 -57 -58 -59 60 0
c Answer: 3381
v 1 -2 -3 -4 5 6 7 8 -9 -10 11 -12 -13 -14 15 -16 -17 18 -19 -20 -21 22 23
v 24 -25 -26 -27 28 -29 -30 -31 -32 33 -34 -35 36 37 -38 39 40 41 -42 -43
v 44 45 46 47 48 -49 -50 51 52 -53 54 55 -56 -57 -58 -59 60 0
c Answer: 3382
v 1 -2 -3 -4 5 6 7 8 -9 -10 11 -12 -13 -14 15 -16 -17 18 -19 -20 -21 22 23
v 24 -25 -26 -27 28 -29 -30 -31 32 33 -34 -35 36 37 -38 39 40 41 -42 -43
v 44 45 46 47 48 -49 -50 51 52 -53 54 55 -56 -57 -58 -59 60 0
c Answer: 3383
v -1 -2 3 -4 -5 -6 7 8 9 -10 -11 -12 13 14 15 -16 -17 18 -19 -20 -21 22 23
v 24 -25 -26 -27 28 -29 -30 -31 -32 33 -34 -35 36 37 -38 39 40 41 -42 -43
v 44 -45 46 47 48 -49 -50 51 52 53 54 55 -56 -57 -58 -59 60 0
c Answer: 3384
v -1 -2 3 -4 -5 -6 7 8 9 -10 -11 -12 13 14 15 -16 -17 18 -19 -20 -21 22 23
v 24 -25 -26 -27 28 -29 -30 -31 32 33 -34 -35 36 37 -38 39 40 41 -42 -43
v 44 -45 46 47 48 -49 -50 51 52 53 54 55 -56 -57 -58 -59 60 0
c Answer: 3385
v 1 -2 -3 -4 5 6 7 8 -9 -10 11 -12 -13 -14 15 -16 -17 18 -19 -20 -21 22 23
v 24 -25 -26 -27 28 -29 -30 -31 -32 33 -34 -35 36 37 -38 39 40 41 -42 43
v 44 45 46 47 -48 -49 -50 51 52 -53 54 55 -56 -57 -58 -59 60 0
c Answer: 3386
v -1 -2 3 -4 -5 -6 7 8 9 -10 -11 -12 13 14 15 -16 -17 18 -19 -20 -21 22 23
v 24 -25 -26 -27 28 -29 -30 -31 -32 33 -34 -35 36 37 -38 39 40 41 -42 43
v 44 -45 46 47 -48 -49 -50 51 52 53 54 55 -56 -57 -58 -59 60 0
c Answer: 3387
v 1 -2 -3 -4 5 6 7 8 -9 -10 11 -12 -13 -14 15 -16 -17 18 -19 -20 -21 22 23
v 24 -25 -26 -27 28 -29 -30 -31 -32 33 -34 -35 36 37 -38 39 40 41 -42 43
v 44 45 46 47 48 -49 -50 51 52 -53 54 55 -56 -57 -58 -59 60 0
c Answer: 3388
v -1 -2 3 -4 -5 -6 7 8 9 -10 -11 -12 13 14 15 -16 -17 18 -19 -20 -21 22 23
v 24 -25 -26 -27 28 -29 -30 -31 -32 33 -34 -35 36 37 -38 39 40 41 -42 43
v 44 -45 46 47 48 -49 -50 51 52 53 54 55 -56 -57 -58 -59 60 0
c Answer: 3389
v 1 -2 -3 -4 5 6 7 8 -9 -10 11 -12 -13 -14 15 -16 -17 18 -19 -20 -21 22 23
v 24 -25 -26 -27 28 -29 -30 -31 32 33 -34 -35 36 37 -38 39 40 41 -42 43 44
v 45 46 47 -48 -49 -50 51 52 -53 54 55 -56 -57 -58 -59 60 0
c Answer: 3390
v 1 -2 -3 -4 5 6 7 8 -9 -10 11 -12 -13 -14 15 -16 -17 18 -19 -20 -21 22 23
v 24 -25 -26 -27 28 -29 -30 -31 32 33 -34 -35 36 37 -38 39 40 41 -42 43 44
v 45 46 47 48 -49 -50 51 52 -53 54 55 -56 -57 -58 -59 60 0
c Answer: 3391
v -1 -2 3 -4 -5 -6 7 8 9 -10 -11 -12 13 14 15 -16 -17 18 -19 -20 -21 22 23
v 24 -25 -26 -27 28 -29 -30 -31 32 33 -34 -35 36 37 -38 39 40 41 -42 43 44
v -45 46 47 -48 -49 -50 51 52 53 54 55 -56 -57 -58 -59 60 0
c Answer: 3392
v -1 -2 3 -4 -5 -6 7 8 9 -10 -11 -12 13 14 15 -16 -17 18 -19 -20 -21 22 23
v 24 -25 -26 -27 28 -29 -30 -31 32 33 -34 -35 36 37 -38 39 40 41 -42 43 44
v -45 46 47 48 -49 -50 51 52 53 54 55 -56 -57 -58 -59 60 0
c Answer: 3393
v 1 -2 -3 -4 5 6 7 8 -9 -10 11 -12 -13 -14 15 -16 -17 18 -19 -20 -21 22 23
v -24 -25 -26 -27 28 -29 -30 -31 -32 33 -34 -35 36 37 -38 39 40 41 42 -43
v 44 45 46 47 -48 -49 -50 51 52 -53 54 55 -56 -57 -58 -59 -60 0
c Answer: 3394
v -1 -2 3 -4 -5 -6 7 8 9 -10 -11 -12 13 14 15 -16 -17 18 -19 -20 -21 22 23
v -24 -25 -26 -27 28 -29 -30 -31 -32 33 -34 -35 36 37 -38 39 40 41 42 -43
v 44 -45 46 47 -48 -49 -50 51 52 53 54 55 -56 -57 -58 -59 -60 0
c Answer: 3395
v 1 -2 -3 -4 5 6 7 8 -9 -10 11 -12 -13 -14 15 -16 -17 18 -19 -20 -21 22 23
v -24 -25 -26 -27 28 -29 -30 -31 -32 33 -34 -35 36 37 -38 39 40 41 42 -43
v 44 45 46 47 -48 -49 -50 51 52 -53 54 55 -56 -57 -58 -59 60 0
c Answer: 3396
v -1 -2 3 -4 -5 -6 7 8 9 -10 -11 -12 13 14 15 -16 -17 18 -19 -20 -21 22 23
v -24 -25 -26 -27 28 -29 -30 -31 -32 33 -34 -35 36 37 -38 39 40 41 42 -43
v 44 -45 46 47 -48 -49 -50 51 52 53 54 55 -56 -57 -58 -59 60 0
c Answer: 3397
v 1 -2 -3 -4 5 6 7 8 -9 -10 11 -12 -13 -14 15 -16 -17 18 -19 -20 -21 22 23
v 24 -25 -26 -27 28 -29 -30 -31 -32 33 -34 -35 36 37 -38 39 40 41 42 -43
v 44 45 46 47 -48 -49 -50 51 52 -53 54 55 -56 -57 -58 -59 -60 0
c Answer: 3398
v 1 -2 -3 -4 5 6 7 8 -9 -10 11 -12 -13 -14 15 -16 -17 18 -19 -20 -21 22 23
v 24 -25 -26 -27 28 -29 -30 -31 -32 33 -34 -35 36 37 -38 39 40 41 42 -43
v 44 45 46 47 -48 -49 -50 51 52 -53 54 55 -56 -57 -58 -59 60 0
c Answer: 3399
v -1 -2 3 -4 -5 -6 7 8 9 -10 -11 -12 13 14 15 -16 -17 18 -19 -20 -21 22 23
v 24 -25 -26 -27 28 -29 -30 -31 -32 33 -34 -35 36 37 -38 39 40 41 42 -43
v 44 -45 46 47 -48 -49 -50 51 52 53 54 55 -56 -57 -58 -59 -60 0
c Answer: 3400
v -1 -2 3 -4 -5 -6 7 8 9 -10 -11 -12 13 14 15 -16 -17 18 -19 -20 -21 22 23
v 24 -25 -26 -27 28 -29 -30 -31 -32 33 -34 -35 36 37 -38 39 40 41 42 -43
v 44 -45 46 47 -48 -49 -50 51 52 53 54 55 -56 -57 -58 -59 60 0
c Answer: 3401
v 1 -2 -3 -4 5 6 7 8 -9 -10 11 -12 -13 -14 15 -16 -17 18 -19 -20 -21 22 23
v -24 -25 -26 -27 28 -29 -30 -31 -32 33 -34 -35 36 37 -38 39 40 41 42 43
v 44 45 46 47 -48 -49 -50 51 52 -53 54 55 -56 -57 -58 -59 -60 0
c Answer: 3402
v -1 -2 3 -4 -5 -6 7 8 9 -10 -11 -12 13 14 15 -16 -17 18 -19 -20 -21 22 23
v -24 -25 -26 -27 28 -29 -30 -31 -32 33 -34 -35 36 37 -38 39 40 41 42 43
v 44 -45 46 47 -48 -49 -50 51 52 53 54 55 -56 -57 -58 -59 -60 0
c Answer: 3403
v 1 -2 -3 -4 5 6 7 8 -9 -10 11 -12 -13 -14 15 -16 -17 18 -19 -20 -21 22 23
v 24 -25 -26 -27 28 -29 -30 -31 -32 33 -34 -35 36 37 -38 39 40 41 42 43 44
v 45 46 47 -48 -49 -50 51 52 -53 54 55 -56 -57 -58 -59 -60 0
c Answer: 3404
v -1 -2 3 -4 -5 -6 7 8 9 -10 -11 -12 13 14 15 -16 -17 18 -19 -20 -21 22 23
v 24 -25 -26 -27 28 -29 -30 -31 -32 33 -34 -35 36 37 -38 39 40 41 42 43 44
v -45 46 47 -48 -49 -50 51 52 53 54 55 -56 -57 -58 -59 -60 0
c Answer: 3405
v 1 -2 -3 -4 5 6 7 8 -9 -10 11 -12 -13 -14 15 -16 -17 18 -19 -20 -21 22 23
v -24 -25 -26 -27 28 -29 -30 -31 -32 33 -34 -35 36 37 -38 39 40 41 42 43
v 44 45 46 47 -48 -49 -50 51 52 -53 54 55 -56 -57 -58 -59 60 0
c Answer: 3406
v 1 -2 -3 -4 5 6 7 8 -9 -10 11 -12 -13 -14 15 -16 -17 18 -19 -20 -21 22 23
v 24 -25 -26 -27 28 -29 -30 -31 -32 33 -34 -35 36 37 -38 39 40 41 42 43 44
v 45 46 47 -48 -49 -50 51 52 -53 54 55 -56 -57 -58 -59 60 0
c Answer: 3407
v -1 -2 3 -4 -5 -6 7 8 9 -10 -11 -12 13 14 15 -16 -17 18 -19 -20 -21 22 23
v -24 -25 -26 -27 28 -29 -30 -31 -32 33 -34 -35 36 37 -38 39 40 41 42 43
v 44 -45 46 47 -48 -49 -50 51 52 53 54 55 -56 -57 -58 -59 60 0
c Answer: 3408
v -1 -2 3 -4 -5 -6 7 8 9 -10 -11 -12 13 14 15 -16 -17 18 -19 -20 -21 22 23
v 24 -25 -26 -27 28 -29 -30 -31 -32 33 -34 -35 36 37 -38 39 40 41 42 43 44
v -45 46 47 -48 -49 -50 51 52 53 54 55 -56 -57 -58 -59 60 0
c Answer: 3409
v 1 -2 -3 -4 5 6 7 8 -9 -10 11 -12 -13 -14 15 -16 -17 18 -19 -20 -21 22 23
v -24 -25 -26 -27 28 -29 -30 -31 32 33 -34 -35 36 37 -38 39 40 41 42 -43
v 44 45 46 47 -48 -49 -50 51 52 -53 54 55 -56 -57 -58 -59 -60 0
c Answer: 3410
v -1 -2 3 -4 -5 -6 7 8 9 -10 -11 -12 13 14 15 -16 -17 18 -19 -20 -21 22 23
v -24 -25 -26 -27 28 -29 -30 -31 32 33 -34 -35 36 37 -38 39 40 41 42 -43
v 44 -45 46 47 -48 -49 -50 51 52 53 54 55 -56 -57 -58 -59 -60 0
c Answer: 3411
v 1 -2 -3 -4 5 6 7 8 -9 -10 11 -12 -13 -14 15 -16 -17 18 -19 -20 -21 22 23
v -24 -25 -26 -27 28 -29 -30 -31 32 33 -34 -35 36 37 -38 39 40 41 42 43 44
v 45 46 47 -48 -49 -50 51 52 -53 54 55 -56 -57 -58 -59 -60 0
c Answer: 3412
v -1 -2 3 -4 -5 -6 7 8 9 -10 -11 -12 13 14 15 -16 -17 18 -19 -20 -21 22 23
v -24 -25 -26 -27 28 -29 -30 -31 32 33 -34 -35 36 37 -38 39 40 41 42 43 44
v -45 46 47 -48 -49 -50 51 52 53 54 55 -56 -57 -58 -59 -60 0
c Answer: 3413
v 1 -2 -3 -4 5 6 7 8 -9 -10 11 -12 -13 -14 15 -16 -17 18 -19 -20 -21 22 23
v -24 -25 -26 -27 28 -29 -30 -31 32 33 -34 -35 36 37 -38 39 40 41 42 -43
v 44 45 46 47 -48 -49 -50 51 52 -53 54 55 -56 -57 -58 -59 60 0
c Answer: 3414
v 1 -2 -3 -4 5 6 7 8 -9 -10 11 -12 -13 -14 15 -16 -17 18 -19 -20 -21 22 23
v -24 -25 -26 -27 28 -29 -30 -31 32 33 -34 -35 36 37 -38 39 40 41 42 43 44
v 45 46 47 -48 -49 -50 51 52 -53 54 55 -56 -57 -58 -59 60 0
c Answer: 3415
v -1 -2 3 -4 -5 -6 7 8 9 -10 -11 -12 13 14 15 -16 -17 18 -19 -20 -21 22 23
v -24 -25 -26 -27 28 -29 -30 -31 32 33 -34 -35 36 37 -38 39 40 41 42 -43
v 44 -45 46 47 -48 -49 -50 51 52 53 54 55 -56 -57 -58 -59 60 0
c Answer: 3416
v -1 -2 3 -4 -5 -6 7 8 9 -10 -11 -12 13 14 15 -16 -17 18 -19 -20 -21 22 23
v -24 -25 -26 -27 28 -29 -30 -31 32 33 -34 -35 36 37 -38 39 40 41 42 43 44
v -45 46 47 -48 -49 -50 51 52 53 54 55 -56 -57 -58 -59 60 0
c Answer: 3417
v 1 -2 -3 -4 5 6 7 8 -9 -10 11 -12 -13 -14 15 -16 -17 18 -19 -20 -21 22 23
v 24 -25 -26 -27 28 -29 -30 -31 32 33 -34 -35 36 37 -38 39 40 41 42 -43 44
v 45 46 47 -48 -49 -50 51 52 -53 54 55 -56 -57 -58 -59 -60 0
c Answer: 3418
v -1 -2 3 -4 -5 -6 7 8 9 -10 -11 -12 13 14 15 -16 -17 18 -19 -20 -21 22 23
v 24 -25 -26 -27 28 -29 -30 -31 32 33 -34 -35 36 37 -38 39 40 41 42 -43 44
v -45 46 47 -48 -49 -50 51 52 53 54 55 -56 -57 -58 -59 -60 0
c Answer: 3419
v 1 -2 -3 -4 5 6 7 8 -9 -10 11 -12 -13 -14 15 -16 -17 18 -19 -20 -21 22 23
v 24 -25 -26 -27 28 -29 -30 -31 32 33 -34 -35 36 37 -38 39 40 41 42 -43 44
v 45 46 47 -48 -49 -50 51 52 -53 54 55 -56 -57 -58 -59 60 0
c Answer: 3420
v -1 -2 3 -4 -5 -6 7 8 9 -10 -11 -12 13 14 15 -16 -17 18 -19 -20 -21 22 23
v 24 -25 -26 -27 28 -29 -30 -31 32 33 -34 -35 36 37 -38 39 40 41 42 -43 44
v -45 46 47 -48 -49 -50 51 52 53 54 55 -56 -57 -58 -59 60 0
c Answer: 3421
v 1 -2 -3 -4 5 6 7 8 -9 -10 11 -12 -13 -14 15 -16 -17 18 -19 -20 -21 22 23
v 24 -25 -26 -27 28 -29 -30 -31 32 33 -34 -35 36 37 -38 39 40 41 42 43 44
v 45 46 47 -48 -49 -50 51 52 -53 54 55 -56 -57 -58 -59 -60 0
c Answer: 3422
v 1 -2 -3 -4 5 6 7 8 -9 -10 11 -12 -13 -14 15 -16 -17 18 -19 -20 -21 22 23
v 24 -25 -26 -27 28 -29 -30 -31 32 33 -34 -35 36 37 -38 39 40 41 42 43 44
v 45 46 47 -48 -49 -50 51 52 -53 54 55 -56 -57 -58 -59 60 0
c Answer: 3423
v -1 -2 3 -4 -5 -6 7 8 9 -10 -11 -12 13 14 15 -16 -17 18 -19 -20 -21 22 23
v 24 -25 -26 -27 28 -29 -30 -31 32 33 -34 -35 36 37 -38 39 40 41 42 43 44
v -45 46 47 -48 -49 -50 51 52 53 54 55 -56 -57 -58 -59 -60 0
c Answer: 3424
v -1 -2 3 -4 -5 -6 7 8 9 -10 -11 -12 13 14 15 -16 -17 18 -19 -20 -21 22 23
v 24 -25 -26 -27 28 -29 -30 -31 32 33 -34 -35 36 37 -38 39 40 41 42 43 44
v -45 46 47 -48 -49 -50 51 52 53 54 55 -56 -57 -58 -59 60 0
c Answer: 3425
v 1 -2 -3 -4 5 6 7 8 -9 -10 11 -12 -13 -14 15 -16 -17 18 -19 -20 -21 22 23
v -24 -25 -26 -27 28 -29 -30 -31 -32 33 -34 -35 36 37 -38 39 40 41 42 -43
v 44 45 46 47 48 -49 -50 51 52 -53 54 55 -56 -57 -58 -59 -60 0
c Answer: 3426
v -1 -2 3 -4 -5 -6 7 8 9 -10 -11 -12 13 14 15 -16 -17 18 -19 -20 -21 22 23
v -24 -25 -26 -27 28 -29 -30 -31 -32 33 -34 -35 36 37 -38 39 40 41 42 -43
v 44 -45 46 47 48 -49 -50 51 52 53 54 55 -56 -57 -58 -59 -60 0
c Answer: 3427
v 1 -2 -3 -4 5 6 7 8 -9 -10 11 -12 -13 -14 15 -16 -17 18 -19 -20 -21 22 23
v -24 -25 -26 -27 28 -29 -30 -31 32 33 -34 -35 36 37 -38 39 40 41 42 -43
v 44 45 46 47 48 -49 -50 51 52 -53 54 55 -56 -57 -58 -59 -60 0
c Answer: 3428
v -1 -2 3 -4 -5 -6 7 8 9 -10 -11 -12 13 14 15 -16 -17 18 -19 -20 -21 22 23
v -24 -25 -26 -27 28 -29 -30 -31 32 33 -34 -35 36 37 -38 39 40 41 42 -43
v 44 -45 46 47 48 -49 -50 51 52 53 54 55 -56 -57 -58 -59 -60 0
c Answer: 3429
v 1 -2 -3 -4 5 6 7 8 -9 -10 11 -12 -13 -14 15 -16 -17 18 -19 -20 -21 22 23
v 24 -25 -26 -27 28 -29 -30 -31 -32 33 -34 -35 36 37 -38 39 40 41 42 -43
v 44 45 46 47 48 -49 -50 51 52 -53 54 55 -56 -57 -58 -59 -60 0
c Answer: 3430
v 1 -2 -3 -4 5 6 7 8 -9 -10 11 -12 -13 -14 15 -16 -17 18 -19 -20 -21 22 23
v 24 -25 -26 -27 28 -29 -30 -31 32 33 -34 -35 36 37 -38 39 40 41 42 -43 44
v 45 46 47 48 -49 -50 51 52 -53 54 55 -56 -57 -58 -59 -60 0
c Answer: 3431
v -1 -2 3 -4 -5 -6 7 8 9 -10 -11 -12 13 14 15 -16 -17 18 -19 -20 -21 22 23
v 24 -25 -26 -27 28 -29 -30 -31 -32 33 -34 -35 36 37 -38 39 40 41 42 -43
v 44 -45 46 47 48 -49 -50 51 52 53 54 55 -56 -57 -58 -59 -60 0
c Answer: 3432
v -1 -2 3 -4 -5 -6 7 8 9 -10 -11 -12 13 14 15 -16 -17 18 -19 -20 -21 22 23
v 24 -25 -26 -27 28 -29 -30 -31 32 33 -34 -35 36 37 -38 39 40 41 42 -43 44
v -45 46 47 48 -49 -50 51 52 53 54 55 -56 -57 -58 -59 -60 0
c Answer: 3433
v 1 -2 -3 -4 5 6 7 8 -9 -10 11 -12 -13 -14 15 -16 -17 18 -19 -20 -21 22 23
v -24 -25 -26 -27 28 -29 -30 -31 -32 33 -34 -35 36 37 -38 39 40 41 42 43
v 44 45 46 47 48 -49 -50 51 52 -53 54 55 -56 -57 -58 -59 -60 0
c Answer: 3434
v -1 -2 3 -4 -5 -6 7 8 9 -10 -11 -12 13 14 15 -16 -17 18 -19 -20 -21 22 23
v -24 -25 -26 -27 28 -29 -30 -31 -32 33 -34 -35 36 37 -38 39 40 41 42 43
v 44 -45 46 47 48 -49 -50 51 52 53 54 55 -56 -57 -58 -59 -60 0
c Answer: 3435
v 1 -2 -3 -4 5 6 7 8 -9 -10 11 -12 -13 -14 15 -16 -17 18 -19 -20 -21 22 23
v 24 -25 -26 -27 28 -29 -30 -31 -32 33 -34 -35 36 37 -38 39 40 41 42 43 44
v 45 46 47 48 -49 -50 51 52 -53 54 55 -56 -57 -58 -59 -60 0
c Answer: 3436
v -1 -2 3 -4 -5 -6 7 8 9 -10 -11 -12 13 14 15 -16 -17 18 -19 -20 -21 22 23
v 24 -25 -26 -27 28 -29 -30 -31 -32 33 -34 -35 36 37 -38 39 40 41 42 43 44
v -45 46 47 48 -49 -50 51 52 53 54 55 -56 -57 -58 -59 -60 0
c Answer: 3437
v 1 -2 -3 -4 5 6 7 8 -9 -10 11 -12 -13 -14 15 -16 -17 18 -19 -20 -21 22 23
v -24 -25 -26 -27 28 -29 -30 -31 32 33 -34 -35 36 37 -38 39 40 41 42 43 44
v 45 46 47 48 -49 -50 51 52 -53 54 55 -56 -57 -58 -59 -60 0
c Answer: 3438
v 1 -2 -3 -4 5 6 7 8 -9 -10 11 -12 -13 -14 15 -16 -17 18 -19 -20 -21 22 23
v 24 -25 -26 -27 28 -29 -30 -31 32 33 -34 -35 36 37 -38 39 40 41 42 43 44
v 45 46 47 48 -49 -50 51 52 -53 54 55 -56 -57 -58 -59 -60 0
c Answer: 3439
v -1 -2 3 -4 -5 -6 7 8 9 -10 -11 -12 13 14 15 -16 -17 18 -19 -20 -21 22 23
v -24 -25 -26 -27 28 -29 -30 -31 32 33 -34 -35 36 37 -38 39 40 41 42 43 44
v -45 46 47 48 -49 -50 51 52 53 54 55 -56 -57 -58 -59 -60 0
c Answer: 3440
v -1 -2 3 -4 -5 -6 7 8 9 -10 -11 -12 13 14 15 -16 -17 18 -19 -20 -21 22 23
v 24 -25 -26 -27 28 -29 -30 -31 32 33 -34 -35 36 37 -38 39 40 41 42 43 44
v -45 46 47 48 -49 -50 51 52 53 54 55 -56 -57 -58 -59 -60 0
c Answer: 3441
v 1 -2 -3 -4 5 6 7 8 -9 -10 11 -12 -13 -14 15 -16 -17 18 -19 -20 -21 22 23
v -24 -25 -26 -27 28 -29 -30 -31 -32 33 -34 -35 36 37 -38 39 40 41 42 -43
v 44 45 46 47 48 -49 -50 51 52 -53 54 55 -56 -57 -58 -59 60 0
c Answer: 3442
v -1 -2 3 -4 -5 -6 7 8 9 -10 -11 -12 13 14 15 -16 -17 18 -19 -20 -21 22 23
v -24 -25 -26 -27 28 -29 -30 -31 -32 33 -34 -35 36 37 -38 39 40 41 42 -43
v 44 -45 46 47 48 -49 -50 51 52 53 54 55 -56 -57 -58 -59 60 0
c Answer: 3443
v 1 -2 -3 -4 5 6 7 8 -9 -10 11 -12 -13 -14 15 -16 -17 18 -19 -20 -21 22 23
v -24 -25 -26 -27 28 -29 -30 -31 -32 33 -34 -35 36 37 -38 39 40 41 42 43
v 44 45 46 47 48 -49 -50 51 52 -53 54 55 -56 -57 -58 -59 60 0
c Answer: 3444
v -1 -2 3 -4 -5 -6 7 8 9 -10 -11 -12 13 14 15 -16 -17 18 -19 -20 -21 22 23
v -24 -25 -26 -27 28 -29 -30 -31 -32 33 -34 -35 36 37 -38 39 40 41 42 43
v 44 -45 46 47 48 -49 -50 51 52 53 54 55 -56 -57 -58 -59 60 0
c Answer: 3445
v 1 -2 -3 -4 5 6 7 8 -9 -10 11 -12 -13 -14 15 -16 -17 18 -19 -20 -21 22 23
v -24 -25 -26 -27 28 -29 -30 -31 32 33 -34 -35 36 37 -38 39 40 41 42 -43
v 44 45 46 47 48 -49 -50 51 52 -53 54 55 -56 -57 -58 -59 60 0
c Answer: 3446
v 1 -2 -3 -4 5 6 7 8 -9 -10 11 -12 -13 -14 15 -16 -17 18 -19 -20 -21 22 23
v -24 -25 -26 -27 28 -29 -30 -31 32 33 -34 -35 36 37 -38 39 40 41 42 43 44
v 45 46 47 48 -49 -50 51 52 -53 54 55 -56 -57 -58 -59 60 0
c Answer: 3447
v -1 -2 3 -4 -5 -6 7 8 9 -10 -11 -12 13 14 15 -16 -17 18 -19 -20 -21 22 23
v -24 -25 -26 -27 28 -29 -30 -31 32 33 -34 -35 36 37 -38 39 40 41 42 -43
v 44 -45 46 47 48 -49 -50 51 52 53 54 55 -56 -57 -58 -59 60 0
c Answer: 3448
v -1 -2 3 -4 -5 -6 7 8 9 -10 -11 -12 13 14 15 -16 -17 18 -19 -20 -21 22 23
v -24 -25 -26 -27 28 -29 -30 -31 32 33 -34 -35 36 37 -38 39 40 41 42 43 44
v -45 46 47 48 -49 -50 51 52 53 54 55 -56 -57 -58 -59 60 0
c Answer: 3449
v 1 -2 -3 -4 5 6 7 8 -9 -10 11 -12 -13 -14 15 -16 -17 18 -19 -20 -21 22 23
v 24 -25 -26 -27 28 -29 -30 -31 -32 33 -34 -35 36 37 -38 39 40 41 42 -43
v 44 45 46 47 48 -49 -50 51 52 -53 54 55 -56 -57 -58 -59 60 0
c Answer: 3450
v -1 -2 3 -4 -5 -6 7 8 9 -10 -11 -12 13 14 15 -16 -17 18 -19 -20 -21 22 23
v 24 -25 -26 -27 28 -29 -30 -31 -32 33 -34 -35 36 37 -38 39 40 41 42 -43
v 44 -45 46 47 48 -49 -50 51 52 53 54 55 -56 -57 -58 -59 60 0
c Answer: 3451
v 1 -2 -3 -4 5 6 7 8 -9 -10 11 -12 -13 -14 15 -16 -17 18 -19 -20 -21 22 23
v 24 -25 -26 -27 28 -29 -30 -31 32 33 -34 -35 36 37 -38 39 40 41 42 -43 44
v 45 46 47 48 -49 -50 51 52 -53 54 55 -56 -57 -58 -59 60 0
c Answer: 3452
v -1 -2 3 -4 -5 -6 7 8 9 -10 -11 -12 13 14 15 -16 -17 18 -19 -20 -21 22 23
v 24 -25 -26 -27 28 -29 -30 -31 32 33 -34 -35 36 37 -38 39 40 41 42 -43 44
v -45 46 47 48 -49 -50 51 52 53 54 55 -56 -57 -58 -59 60 0
c Answer: 3453
v 1 -2 -3 -4 5 6 7 8 -9 -10 11 -12 -13 -14 15 -16 -17 18 -19 -20 -21 22 23
v 24 -25 -26 -27 28 -29 -30 -31 -32 33 -34 -35 36 37 -38 39 40 41 42 43 44
v 45 46 47 48 -49 -50 51 52 -53 54 55 -56 -57 -58 -59 60 0
c Answer: 3454
v 1 -2 -3 -4 5 6 7 8 -9 -10 11 -12 -13 -14 15 -16 -17 18 -19 -20 -21 22 23
v 24 -25 -26 -27 28 -29 -30 -31 32 33 -34 -35 36 37 -38 39 40 41 42 43 44
v 45 46 47 48 -49 -50 51 52 -53 54 55 -56 -57 -58 -59 60 0
c Answer: 3455
v -1 -2 3 -4 -5 -6 7 8 9 -10 -11 -12 13 14 15 -16 -17 18 -19 -20 -21 22 23
v 24 -25 -26 -27 28 -29 -30 -31 -32 33 -34 -35 36 37 -38 39 40 41 42 43 44
v -45 46 47 48 -49 -50 51 52 53 54 55 -56 -57 -58 -59 60 0
c Answer: 3456
v -1 -2 3 -4 -5 -6 7 8 9 -10 -11 -12 13 14 15 -16 -17 18 -19 -20 -21 22 23
v 24 -25 -26 -27 28 -29 -30 -31 32 33 -34 -35 36 37 -38 39 40 41 42 43 44
v -45 46 47 48 -49 -50 51 52 53 54 55 -56 -57 -58 -59 60 0
c Answer: 3457
v 1 -2 -3 -4 5 6 7 8 -9 -10 11 -12 -13 -14 15 -16 -17 18 -19 -20 -21 22 23
v -24 -25 -26 -27 28 -29 -30 -31 -32 33 -34 -35 36 37 -38 39 40 41 -42 -43
v 44 45 46 47 -48 -49 -50 51 52 -53 54 55 56 -57 -58 -59 -60 0
c Answer: 3458
v -1 -2 3 -4 -5 -6 7 8 9 -10 -11 -12 13 14 15 -16 -17 18 -19 -20 -21 22 23
v -24 -25 -26 -27 28 -29 -30 -31 -32 33 -34 -35 36 37 -38 39 40 41 -42 -43
v 44 -45 46 47 -48 -49 -50 51 52 53 54 55 56 -57 -58 -59 -60 0
c Answer: 3459
v 1 -2 -3 -4 5 6 7 8 -9 -10 11 -12 -13 -14 15 -16 -17 18 -19 -20 -21 22 23
v -24 -25 -26 -27 28 -29 -30 -31 -32 33 -34 -35 36 37 -38 39 40 41 42 -43
v 44 45 46 47 -48 -49 -50 51 52 -53 54 55 56 -57 -58 -59 -60 0
c Answer: 3460
v -1 -2 3 -4 -5 -6 7 8 9 -10 -11 -12 13 14 15 -16 -17 18 -19 -20 -21 22 23
v -24 -25 -26 -27 28 -29 -30 -31 -32 33 -34 -35 36 37 -38 39 40 41 42 -43
v 44 -45 46 47 -48 -49 -50 51 52 53 54 55 56 -57 -58 -59 -60 0
c Answer: 3461
v 1 -2 -3 -4 5 6 7 8 -9 -10 11 -12 -13 -14 15 -16 -17 18 -19 -20 -21 22 23
v -24 -25 -26 -27 28 -29 -30 -31 -32 33 -34 -35 36 37 -38 39 40 41 -42 -43
v 44 45 46 47 48 -49 -50 51 52 -53 54 55 56 -57 -58 -59 -60 0
c Answer: 3462
v 1 -2 -3 -4 5 6 7 8 -9 -10 11 -12 -13 -14 15 -16 -17 18 -19 -20 -21 22 23
v -24 -25 -26 -27 28 -29 -30 -31 -32 33 -34 -35 36 37 -38 39 40 41 42 -43
v 44 45 46 47 48 -49 -50 51 52 -53 54 55 56 -57 -58 -59 -60 0
c Answer: 3463
v -1 -2 3 -4 -5 -6 7 8 9 -10 -11 -12 13 14 15 -16 -17 18 -19 -20 -21 22 23
v -24 -25 -26 -27 28 -29 -30 -31 -32 33 -34 -35 36 37 -38 39 40 41 -42 -43
v 44 -45 46 47 48 -49 -50 51 52 53 54 55 56 -57 -58 -59 -60 0
c Answer: 3464
v -1 -2 3 -4 -5 -6 7 8 9 -10 -11 -12 13 14 15 -16 -17 18 -19 -20 -21 22 23
v -24 -25 -26 -27 28 -29 -30 -31 -32 33 -34 -35 36 37 -38 39 40 41 42 -43
v 44 -45 46 47 48 -49 -50 51 52 53 54 55 56 -57 -58 -59 -60 0
c Answer: 3465
v 1 -2 -3 -4 5 6 7 8 -9 -10 11 -12 -13 -14 15 -16 -17 18 -19 -20 -21 22 23
v -24 -25 -26 -27 28 -29 -30 -31 -32 33 -34 -35 36 37 -38 39 40 41 -42 -43
v 44 45 46 47 -48 -49 -50 51 52 -53 54 55 56 -57 -58 -59 60 0
c Answer: 3466
v -1 -2 3 -4 -5 -6 7 8 9 -10 -11 -12 13 14 15 -16 -17 18 -19 -20 -21 22 23
v -24 -25 -26 -27 28 -29 -30 -31 -32 33 -34 -35 36 37 -38 39 40 41 -42 -43
v 44 -45 46 47 -48 -49 -50 51 52 53 54 55 56 -57 -58 -59 60 0
c Answer: 3467
v 1 -2 -3 -4 5 6 7 8 -9 -10 11 -12 -13 -14 15 -16 -17 18 -19 -20 -21 22 23
v -24 -25 -26 -27 28 -29 -30 -31 -32 33 -34 -35 36 37 -38 39 40 41 -42 -43
v 44 45 46 47 48 -49 -50 51 52 -53 54 55 56 -57 -58 -59 60 0
c Answer: 3468
v -1 -2 3 -4 -5 -6 7 8 9 -10 -11 -12 13 14 15 -16 -17 18 -19 -20 -21 22 23
v -24 -25 -26 -27 28 -29 -30 -31 -32 33 -34 -35 36 37 -38 39 40 41 -42 -43
v 44 -45 46 47 48 -49 -50 51 52 53 54 55 56 -57 -58 -59 60 0
c Answer: 3469
v 1 -2 -3 -4 5 6 7 8 -9 -10 11 -12 -13 -14 15 -16 -17 18 -19 -20 -21 22 23
v -24 -25 -26 -27 28 -29 -30 -31 -32 33 -34 -35 36 37 -38 39 40 41 42 -43
v 44 45 46 47 -48 -49 -50 51 52 -53 54 55 56 -57 -58 -59 60 0
c Answer: 3470
v 1 -2 -3 -4 5 6 7 8 -9 -10 11 -12 -13 -14 15 -16 -17 18 -19 -20 -21 22 23
v -24 -25 -26 -27 28 -29 -30 -31 -32 33 -34 -35 36 37 -38 39 40 41 42 -43
v 44 45 46 47 48 -49 -50 51 52 -53 54 55 56 -57 -58 -59 60 0
c Answer: 3471
v -1 -2 3 -4 -5 -6 7 8 9 -10 -11 -12 13 14 15 -16 -17 18 -19 -20 -21 22 23
v -24 -25 -26 -27 28 -29 -30 -31 -32 33 -34 -35 36 37 -38 39 40 41 42 -43
v 44 -45 46 47 -48 -49 -50 51 52 53 54 55 56 -57 -58 -59 60 0
c Answer: 3472
v -1 -2 3 -4 -5 -6 7 8 9 -10 -11 -12 13 14 15 -16 -17 18 -19 -20 -21 22 23
v -24 -25 -26 -27 28 -29 -30 -31 -32 33 -34 -35 36 37 -38 39 40 41 42 -43
v 44 -45 46 47 48 -49 -50 51 52 53 54 55 56 -57 -58 -59 60 0
c Answer: 3473
v 1 -2 -3 -4 5 6 7 8 -9 -10 11 -12 -13 -14 15 -16 -17 18 -19 -20 -21 22 23
v 24 -25 -26 -27 28 -29 -30 -31 -32 33 -34 -35 36 37 -38 39 40 41 -42 -43
v 44 45 46 47 -48 -49 -50 51 52 -53 54 55 56 -57 -58 -59 -60 0
c Answer: 3474
v -1 -2 3 -4 -5 -6 7 8 9 -10 -11 -12 13 14 15 -16 -17 18 -19 -20 -21 22 23
v 24 -25 -26 -27 28 -29 -30 -31 -32 33 -34 -35 36 37 -38 39 40 41 -42 -43
v 44 -45 46 47 -48 -49 -50 51 52 53 54 55 56 -57 -58 -59 -60 0
c Answer: 3475
v 1 -2 -3 -4 5 6 7 8 -9 -10 11 -12 -13 -14 15 -16 -17 18 -19 -20 -21 22 23
v 24 -25 -26 -27 28 -29 -30 -31 -32 33 -34 -35 36 37 -38 39 40 41 -42 -43
v 44 45 46 47 -48 -49 -50 51 52 -53 54 55 56 -57 -58 -59 60 0
c Answer: 3476
v -1 -2 3 -4 -5 -6 7 8 9 -10 -11 -12 13 14 15 -16 -17 18 -19 -20 -21 22 23
v 24 -25 -26 -27 28 -29 -30 -31 -32 33 -34 -35 36 37 -38 39 40 41 -42 -43
v 44 -45 46 47 -48 -49 -50 51 52 53 54 55 56 -57 -58 -59 60 0
c Answer: 3477
v 1 -2 -3 -4 5 6 7 8 -9 -10 11 -12 -13 -14 15 -16 -17 18 -19 -20 -21 22 23
v 24 -25 -26 -27 28 -29 -30 -31 -32 33 -34 -35 36 37 -38 39 40 41 42 -43
v 44 45 46 47 -48 -49 -50 51 52 -53 54 55 56 -57 -58 -59 -60 0
c Answer: 3478
v 1 -2 -3 -4 5 6 7 8 -9 -10 11 -12 -13 -14 15 -16 -17 18 -19 -20 -21 22 23
v 24 -25 -26 -27 28 -29 -30 -31 -32 33 -34 -35 36 37 -38 39 40 41 42 -43
v 44 45 46 47 -48 -49 -50 51 52 -53 54 55 56 -57 -58 -59 60 0
c Answer: 3479
v -1 -2 3 -4 -5 -6 7 8 9 -10 -11 -12 13 14 15 -16 -17 18 -19 -20 -21 22 23
v 24 -25 -26 -27 28 -29 -30 -31 -32 33 -34 -35 36 37 -38 39 40 41 42 -43
v 44 -45 46 47 -48 -49 -50 51 52 53 54 55 56 -57 -58 -59 -60 0
c Answer: 3480
v -1 -2 3 -4 -5 -6 7 8 9 -10 -11 -12 13 14 15 -16 -17 18 -19 -20 -21 22 23
v 24 -25 -26 -27 28 -29 -30 -31 -32 33 -34 -35 36 37 -38 39 40 41 42 -43
v 44 -45 46 47 -48 -49 -50 51 52 53 54 55 56 -57 -58 -59 60 0
c Answer: 3481
v 1 -2 -3 -4 5 6 7 8 -9 -10 11 -12 -13 -14 15 -16 -17 18 -19 -20 -21 22 23
v 24 -25 -26 -27 28 -29 -30 -31 -32 33 -34 -35 36 37 -38 39 40 41 -42 -43
v 44 45 46 47 48 -49 -50 51 52 -53 54 55 56 -57 -58 -59 -60 0
c Answer: 3482
v -1 -2 3 -4 -5 -6 7 8 9 -10 -11 -12 13 14 15 -16 -17 18 -19 -20 -21 22 23
v 24 -25 -26 -27 28 -29 -30 -31 -32 33 -34 -35 36 37 -38 39 40 41 -42 -43
v 44 -45 46 47 48 -49 -50 51 52 53 54 55 56 -57 -58 -59 -60 0
c Answer: 3483
v 1 -2 -3 -4 5 6 7 8 -9 -10 11 -12 -13 -14 15 -16 -17 18 -19 -20 -21 22 23
v 24 -25 -26 -27 28 -29 -30 -31 -32 33 -34 -35 36 37 -38 39 40 41 42 -43
v 44 45 46 47 48 -49 -50 51 52 -53 54 55 56 -57 -58 -59 -60 0
c Answer: 3484
v -1 -2 3 -4 -5 -6 7 8 9 -10 -11 -12 13 14 15 -16 -17 18 -19 -20 -21 22 23
v 24 -25 -26 -27 28 -29 -30 -31 -32 33 -34 -35 36 37 -38 39 40 41 42 -43
v 44 -45 46 47 48 -49 -50 51 52 53 54 55 56 -57 -58 -59 -60 0
c Answer: 3485
v 1 -2 -3 -4 5 6 7 8 -9 -10 11 -12 -13 -14 15 -16 -17 18 -19 -20 -21 22 23
v 24 -25 -26 -27 28 -29 -30 -31 -32 33 -34 -35 36 37 -38 39 40 41 -42 -43
v 44 45 46 47 48 -49 -50 51 52 -53 54 55 56 -57 -58 -59 60 0
c Answer: 3486
v 1 -2 -3 -4 5 6 7 8 -9 -10 11 -12 -13 -14 15 -16 -17 18 -19 -20 -21 22 23
v 24 -25 -26 -27 28 -29 -30 -31 -32 33 -34 -35 36 37 -38 39 40 41 42 -43
v 44 45 46 47 48 -49 -50 51 52 -53 54 55 56 -57 -58 -59 60 0
c Answer: 3487
v -1 -2 3 -4 -5 -6 7 8 9 -10 -11 -12 13 14 15 -16 -17 18 -19 -20 -21 22 23
v 24 -25 -26 -27 28 -29 -30 -31 -32 33 -34 -35 36 37 -38 39 40 41 -42 -43
v 44 -45 46 47 48 -49 -50 51 52 53 54 55 56 -57 -58 -59 60 0
c Answer: 3488
v -1 -2 3 -4 -5 -6 7 8 9 -10 -11 -12 13 14 15 -16 -17 18 -19 -20 -21 22 23
v 24 -25 -26 -27 28 -29 -30 -31 -32 33 -34 -35 36 37 -38 39 40 41 42 -43
v 44 -45 46 47 48 -49 -50 51 52 53 54 55 56 -57 -58 -59 60 0
c Answer: 3489
v 1 -2 -3 -4 5 6 7 8 -9 -10 11 -12 -13 -14 15 -16 -17 18 -19 -20 -21 22 23
v -24 -25 -26 -27 28 -29 -30 -31 -32 33 -34 -35 36 37 -38 39 40 41 -42 43
v 44 45 46 47 -48 -49 -50 51 52 -53 54 55 56 -57 -58 -59 -60 0
c Answer: 3490
v -1 -2 3 -4 -5 -6 7 8 9 -10 -11 -12 13 14 15 -16 -17 18 -19 -20 -21 22 23
v -24 -25 -26 -27 28 -29 -30 -31 -32 33 -34 -35 36 37 -38 39 40 41 -42 43
v 44 -45 46 47 -48 -49 -50 51 52 53 54 55 56 -57 -58 -59 -60 0
c Answer: 3491
v 1 -2 -3 -4 5 6 7 8 -9 -10 11 -12 -13 -14 15 -16 -17 18 -19 -20 -21 22 23
v 24 -25 -26 -27 28 -29 -30 -31 -32 33 -34 -35 36 37 -38 39 40 41 -42 43
v 44 45 46 47 -48 -49 -50 51 52 -53 54 55 56 -57 -58 -59 -60 0
c Answer: 3492
v -1 -2 3 -4 -5 -6 7 8 9 -10 -11 -12 13 14 15 -16 -17 18 -19 -20 -21 22 23
v 24 -25 -26 -27 28 -29 -30 -31 -32 33 -34 -35 36 37 -38 39 40 41 -42 43
v 44 -45 46 47 -48 -49 -50 51 52 53 54 55 56 -57 -58 -59 -60 0
c Answer: 3493
v 1 -2 -3 -4 5 6 7 8 -9 -10 11 -12 -13 -14 15 -16 -17 18 -19 -20 -21 22 23
v -24 -25 -26 -27 28 -29 -30 -31 -32 33 -34 -35 36 37 -38 39 40 41 -42 43
v 44 45 46 47 48 -49 -50 51 52 -53 54 55 56 -57 -58 -59 -60 0
c Answer: 3494
v 1 -2 -3 -4 5 6 7 8 -9 -10 11 -12 -13 -14 15 -16 -17 18 -19 -20 -21 22 23
v 24 -25 -26 -27 28 -29 -30 -31 -32 33 -34 -35 36 37 -38 39 40 41 -42 43
v 44 45 46 47 48 -49 -50 51 52 -53 54 55 56 -57 -58 -59 -60 0
c Answer: 3495
v -1 -2 3 -4 -5 -6 7 8 9 -10 -11 -12 13 14 15 -16 -17 18 -19 -20 -21 22 23
v -24 -25 -26 -27 28 -29 -30 -31 -32 33 -34 -35 36 37 -38 39 40 41 -42 43
v 44 -45 46 47 48 -49 -50 51 52 53 54 55 56 -57 -58 -59 -60 0
c Answer: 3496
v -1 -2 3 -4 -5 -6 7 8 9 -10 -11 -12 13 14 15 -16 -17 18 -19 -20 -21 22 23
v 24 -25 -26 -27 28 -29 -30 -31 -32 33 -34 -35 36 37 -38 39 40 41 -42 43
v 44 -45 46 47 48 -49 -50 51 52 53 54 55 56 -57 -58 -59 -60 0
c Answer: 3497
v 1 -2 -3 -4 5 6 7 8 -9 -10 11 -12 -13 -14 15 -16 -17 18 -19 -20 -21 22 23
v -24 -25 -26 -27 28 -29 -30 -31 -32 33 -34 -35 36 37 -38 39 40 41 -42 43
v 44 45 46 47 -48 -49 -50 51 52 -53 54 55 56 -57 -58 -59 60 0
c Answer: 3498
v -1 -2 3 -4 -5 -6 7 8 9 -10 -11 -12 13 14 15 -16 -17 18 -19 -20 -21 22 23
v -24 -25 -26 -27 28 -29 -30 -31 -32 33 -34 -35 36 37 -38 39 40 41 -42 43
v 44 -45 46 47 -48 -49 -50 51 52 53 54 55 56 -57 -58 -59 60 0
c Answer: 3499
v 1 -2 -3 -4 5 6 7 8 -9 -10 11 -12 -13 -14 15 -16 -17 18 -19 -20 -21 22 23
v -24 -25 -26 -27 28 -29 -30 -31 -32 33 -34 -35 36 37 -38 39 40 41 -42 43
v 44 45 46 47 48 -49 -50 51 52 -53 54 55 56 -57 -58 -59 60 0
c Answer: 3500
v -1 -2 3 -4 -5 -6 7 8 9 -10 -11 -12 13 14 15 -16 -17 18 -19 -20 -21 22 23
v -24 -25 -26 -27 28 -29 -30 -31 -32 33 -34 -35 36 37 -38 39 40 41 -42 43
v 44 -45 46 47 48 -49 -50 51 52 53 54 55 56 -57 -58 -59 60 0
c Answer: 3501
v 1 -2 -3 -4 5 6 7 8 -9 -10 11 -12 -13 -14 15 -16 -17 18 -19 -20 -21 22 23
v 24 -25 -26 -27 28 -29 -30 -31 -32 33 -34 -35 36 37 -38 39 40 41 -42 43
v 44 45 46 47 -48 -49 -50 51 52 -53 54 55 56 -57 -58 -59 60 0
c Answer: 3502
v 1 -2 -3 -4 5 6 7 8 -9 -10 11 -12 -13 -14 15 -16 -17 18 -19 -20 -21 22 23
v 24 -25 -26 -27 28 -29 -30 -31 -32 33 -34 -35 36 37 -38 39 40 41 -42 43
v 44 45 46 47 48 -49 -50 51 52 -53 54 55 56 -57 -58 -59 60 0
c Answer: 3503
v -1 -2 3 -4 -5 -6 7 8 9 -10 -11 -12 13 14 15 -16 -17 18 -19 -20 -21 22 23
v 24 -25 -26 -27 28 -29 -30 -31 -32 33 -34 -35 36 37 -38 39 40 41 -42 43
v 44 -45 46 47 -48 -49 -50 51 52 53 54 55 56 -57 -58 -59 60 0
c Answer: 3504
v -1 -2 3 -4 -5 -6 7 8 9 -10 -11 -12 13 14 15 -16 -17 18 -19 -20 -21 22 23
v 24 -25 -26 -27 28 -29 -30 -31 -32 33 -34 -35 36 37 -38 39 40 41 -42 43
v 44 -45 46 47 48 -49 -50 51 52 53 54 55 56 -57 -58 -59 60 0
c Answer: 3505
v 1 -2 -3 -4 5 6 7 8 -9 -10 11 -12 -13 -14 15 -16 -17 18 -19 -20 -21 22 23
v -24 -25 -26 -27 28 -29 -30 -31 -32 33 -34 -35 36 37 -38 39 40 41 42 43
v 44 45 46 47 -48 -49 -50 51 52 -53 54 55 56 -57 -58 -59 -60 0
c Answer: 3506
v -1 -2 3 -4 -5 -6 7 8 9 -10 -11 -12 13 14 15 -16 -17 18 -19 -20 -21 22 23
v -24 -25 -26 -27 28 -29 -30 -31 -32 33 -34 -35 36 37 -38 39 40 41 42 43
v 44 -45 46 47 -48 -49 -50 51 52 53 54 55 56 -57 -58 -59 -60 0
c Answer: 3507
v 1 -2 -3 -4 5 6 7 8 -9 -10 11 -12 -13 -14 15 -16 -17 18 -19 -20 -21 22 23
v -24 -25 -26 -27 28 -29 -30 -31 -32 33 -34 -35 36 37 -38 39 40 41 42 43
v 44 45 46 47 -48 -49 -50 51 52 -53 54 55 56 -57 -58 -59 60 0
c Answer: 3508
v -1 -2 3 -4 -5 -6 7 8 9 -10 -11 -12 13 14 15 -16 -17 18 -19 -20 -21 22 23
v -24 -25 -26 -27 28 -29 -30 -31 -32 33 -34 -35 36 37 -38 39 40 41 42 43
v 44 -45 46 47 -48 -49 -50 51 52 53 54 55 56 -57 -58 -59 60 0
c Answer: 3509
v 1 -2 -3 -4 5 6 7 8 -9 -10 11 -12 -13 -14 15 -16 -17 18 -19 -20 -21 22 23
v 24 -25 -26 -27 28 -29 -30 -31 -32 33 -34 -35 36 37 -38 39 40 41 42 43 44
v 45 46 47 -48 -49 -50 51 52 -53 54 55 56 -57 -58 -59 -60 0
c Answer: 3510
v 1 -2 -3 -4 5 6 7 8 -9 -10 11 -12 -13 -14 15 -16 -17 18 -19 -20 -21 22 23
v 24 -25 -26 -27 28 -29 -30 -31 -32 33 -34 -35 36 37 -38 39 40 41 42 43 44
v 45 46 47 -48 -49 -50 51 52 -53 54 55 56 -57 -58 -59 60 0
c Answer: 3511
v -1 -2 3 -4 -5 -6 7 8 9 -10 -11 -12 13 14 15 -16 -17 18 -19 -20 -21 22 23
v 24 -25 -26 -27 28 -29 -30 -31 -32 33 -34 -35 36 37 -38 39 40 41 42 43 44
v -45 46 47 -48 -49 -50 51 52 53 54 55 56 -57 -58 -59 -60 0
c Answer: 3512
v -1 -2 3 -4 -5 -6 7 8 9 -10 -11 -12 13 14 15 -16 -17 18 -19 -20 -21 22 23
v 24 -25 -26 -27 28 -29 -30 -31 -32 33 -34 -35 36 37 -38 39 40 41 42 43 44
v -45 46 47 -48 -49 -50 51 52 53 54 55 56 -57 -58 -59 60 0
c Answer: 3513
v 1 -2 -3 -4 5 6 7 8 -9 -10 11 -12 -13 -14 15 -16 -17 18 -19 -20 -21 22 23
v -24 -25 -26 -27 28 -29 -30 -31 -32 33 -34 -35 36 37 -38 39 40 41 42 43
v 44 45 46 47 48 -49 -50 51 52 -53 54 55 56 -57 -58 -59 -60 0
c Answer: 3514
v -1 -2 3 -4 -5 -6 7 8 9 -10 -11 -12 13 14 15 -16 -17 18 -19 -20 -21 22 23
v -24 -25 -26 -27 28 -29 -30 -31 -32 33 -34 -35 36 37 -38 39 40 41 42 43
v 44 -45 46 47 48 -49 -50 51 52 53 54 55 56 -57 -58 -59 -60 0
c Answer: 3515
v 1 -2 -3 -4 5 6 7 8 -9 -10 11 -12 -13 -14 15 -16 -17 18 -19 -20 -21 22 23
v 24 -25 -26 -27 28 -29 -30 -31 -32 33 -34 -35 36 37 -38 39 40 41 42 43 44
v 45 46 47 48 -49 -50 51 52 -53 54 55 56 -57 -58 -59 -60 0
c Answer: 3516
v -1 -2 3 -4 -5 -6 7 8 9 -10 -11 -12 13 14 15 -16 -17 18 -19 -20 -21 22 23
v 24 -25 -26 -27 28 -29 -30 -31 -32 33 -34 -35 36 37 -38 39 40 41 42 43 44
v -45 46 47 48 -49 -50 51 52 53 54 55 56 -57 -58 -59 -60 0
c Answer: 3517
v 1 -2 -3 -4 5 6 7 8 -9 -10 11 -12 -13 -14 15 -16 -17 18 -19 -20 -21 22 23
v -24 -25 -26 -27 28 -29 -30 -31 -32 33 -34 -35 36 37 -38 39 40 41 42 43
v 44 45 46 47 48 -49 -50 51 52 -53 54 55 56 -57 -58 -59 60 0
c Answer: 3518
v 1 -2 -3 -4 5 6 7 8 -9 -10 11 -12 -13 -14 15 -16 -17 18 -19 -20 -21 22 23
v 24 -25 -26 -27 28 -29 -30 -31 -32 33 -34 -35 36 37 -38 39 40 41 42 43 44
v 45 46 47 48 -49 -50 51 52 -53 54 55 56 -57 -58 -59 60 0
c Answer: 3519
v -1 -2 3 -4 -5 -6 7 8 9 -10 -11 -12 13 14 15 -16 -17 18 -19 -20 -21 22 23
v -24 -25 -26 -27 28 -29 -30 -31 -32 33 -34 -35 36 37 -38 39 40 41 42 43
v 44 -45 46 47 48 -49 -50 51 52 53 54 55 56 -57 -58 -59 60 0
c Answer: 3520
v -1 -2 3 -4 -5 -6 7 8 9 -10 -11 -12 13 14 15 -16 -17 18 -19 -20 -21 22 23
v 24 -25 -26 -27 28 -29 -30 -31 -32 33 -34 -35 36 37 -38 39 40 41 42 43 44
v -45 46 47 48 -49 -50 51 52 53 54 55 56 -57 -58 -59 60 0
c Answer: 3521
v 1 -2 -3 -4 5 6 7 8 -9 -10 11 -12 -13 -14 15 -16 -17 18 -19 -20 -21 22 23
v -24 -25 -26 -27 28 -29 -30 -31 32 33 -34 -35 36 37 -38 39 40 41 -42 -43
v 44 45 46 47 -48 -49 -50 51 52 -53 54 55 56 -57 -58 -59 -60 0
c Answer: 3522
v -1 -2 3 -4 -5 -6 7 8 9 -10 -11 -12 13 14 15 -16 -17 18 -19 -20 -21 22 23
v -24 -25 -26 -27 28 -29 -30 -31 32 33 -34 -35 36 37 -38 39 40 41 -42 -43
v 44 -45 46 47 -48 -49 -50 51 52 53 54 55 56 -57 -58 -59 -60 0
c Answer: 3523
v 1 -2 -3 -4 5 6 7 8 -9 -10 11 -12 -13 -14 15 -16 -17 18 -19 -20 -21 22 23
v -24 -25 -26 -27 28 -29 -30 -31 32 33 -34 -35 36 37 -38 39 40 41 -42 43
v 44 45 46 47 -48 -49 -50 51 52 -53 54 55 56 -57 -58 -59 -60 0
c Answer: 3524
v -1 -2 3 -4 -5 -6 7 8 9 -10 -11 -12 13 14 15 -16 -17 18 -19 -20 -21 22 23
v -24 -25 -26 -27 28 -29 -30 -31 32 33 -34 -35 36 37 -38 39 40 41 -42 43
v 44 -45 46 47 -48 -49 -50 51 52 53 54 55 56 -57 -58 -59 -60 0
c Answer: 3525
v 1 -2 -3 -4 5 6 7 8 -9 -10 11 -12 -13 -14 15 -16 -17 18 -19 -20 -21 22 23
v -24 -25 -26 -27 28 -29 -30 -31 32 33 -34 -35 36 37 -38 39 40 41 42 -43
v 44 45 46 47 -48 -49 -50 51 52 -53 54 55 56 -57 -58 -59 -60 0
c Answer: 3526
v 1 -2 -3 -4 5 6 7 8 -9 -10 11 -12 -13 -14 15 -16 -17 18 -19 -20 -21 22 23
v -24 -25 -26 -27 28 -29 -30 -31 32 33 -34 -35 36 37 -38 39 40 41 42 43 44
v 45 46 47 -48 -49 -50 51 52 -53 54 55 56 -57 -58 -59 -60 0
c Answer: 3527
v -1 -2 3 -4 -5 -6 7 8 9 -10 -11 -12 13 14 15 -16 -17 18 -19 -20 -21 22 23
v -24 -25 -26 -27 28 -29 -30 -31 32 33 -34 -35 36 37 -38 39 40 41 42 -43
v 44 -45 46 47 -48 -49 -50 51 52 53 54 55 56 -57 -58 -59 -60 0
c Answer: 3528
v -1 -2 3 -4 -5 -6 7 8 9 -10 -11 -12 13 14 15 -16 -17 18 -19 -20 -21 22 23
v -24 -25 -26 -27 28 -29 -30 -31 32 33 -34 -35 36 37 -38 39 40 41 42 43 44
v -45 46 47 -48 -49 -50 51 52 53 54 55 56 -57 -58 -59 -60 0
c Answer: 3529
v 1 -2 -3 -4 5 6 7 8 -9 -10 11 -12 -13 -14 15 -16 -17 18 -19 -20 -21 22 23
v -24 -25 -26 -27 28 -29 -30 -31 32 33 -34 -35 36 37 -38 39 40 41 -42 -43
v 44 45 46 47 48 -49 -50 51 52 -53 54 55 56 -57 -58 -59 -60 0
c Answer: 3530
v -1 -2 3 -4 -5 -6 7 8 9 -10 -11 -12 13 14 15 -16 -17 18 -19 -20 -21 22 23
v -24 -25 -26 -27 28 -29 -30 -31 32 33 -34 -35 36 37 -38 39 40 41 -42 -43
v 44 -45 46 47 48 -49 -50 51 52 53 54 55 56 -57 -58 -59 -60 0
c Answer: 3531
v 1 -2 -3 -4 5 6 7 8 -9 -10 11 -12 -13 -14 15 -16 -17 18 -19 -20 -21 22 23
v -24 -25 -26 -27 28 -29 -30 -31 32 33 -34 -35 36 37 -38 39 40 41 42 -43
v 44 45 46 47 48 -49 -50 51 52 -53 54 55 56 -57 -58 -59 -60 0
c Answer: 3532
v -1 -2 3 -4 -5 -6 7 8 9 -10 -11 -12 13 14 15 -16 -17 18 -19 -20 -21 22 23
v -24 -25 -26 -27 28 -29 -30 -31 32 33 -34 -35 36 37 -38 39 40 41 42 -43
v 44 -45 46 47 48 -49 -50 51 52 53 54 55 56 -57 -58 -59 -60 0
c Answer: 3533
v 1 -2 -3 -4 5 6 7 8 -9 -10 11 -12 -13 -14 15 -16 -17 18 -19 -20 -21 22 23
v -24 -25 -26 -27 28 -29 -30 -31 32 33 -34 -35 36 37 -38 39 40 41 -42 43
v 44 45 46 47 48 -49 -50 51 52 -53 54 55 56 -57 -58 -59 -60 0
c Answer: 3534
v 1 -2 -3 -4 5 6 7 8 -9 -10 11 -12 -13 -14 15 -16 -17 18 -19 -20 -21 22 23
v -24 -25 -26 -27 28 -29 -30 -31 32 33 -34 -35 36 37 -38 39 40 41 42 43 44
v 45 46 47 48 -49 -50 51 52 -53 54 55 56 -57 -58 -59 -60 0
c Answer: 3535
v -1 -2 3 -4 -5 -6 7 8 9 -10 -11 -12 13 14 15 -16 -17 18 -19 -20 -21 22 23
v -24 -25 -26 -27 28 -29 -30 -31 32 33 -34 -35 36 37 -38 39 40 41 -42 43
v 44 -45 46 47 48 -49 -50 51 52 53 54 55 56 -57 -58 -59 -60 0
c Answer: 3536
v -1 -2 3 -4 -5 -6 7 8 9 -10 -11 -12 13 14 15 -16 -17 18 -19 -20 -21 22 23
v -24 -25 -26 -27 28 -29 -30 -31 32 33 -34 -35 36 37 -38 39 40 41 42 43 44
v -45 46 47 48 -49 -50 51 52 53 54 55 56 -57 -58 -59 -60 0
c Answer: 3537
v 1 -2 -3 -4 5 6 7 8 -9 -10 11 -12 -13 -14 15 -16 -17 18 -19 -20 -21 22 23
v -24 -25 -26 -27 28 -29 -30 -31 32 33 -34 -35 36 37 -38 39 40 41 -42 -43
v 44 45 46 47 -48 -49 -50 51 52 -53 54 55 56 -57 -58 -59 60 0
c Answer: 3538
v -1 -2 3 -4 -5 -6 7 8 9 -10 -11 -12 13 14 15 -16 -17 18 -19 -20 -21 22 23
v -24 -25 -26 -27 28 -29 -30 -31 32 33 -34 -35 36 37 -38 39 40 41 -42 -43
v 44 -45 46 47 -48 -49 -50 51 52 53 54 55 56 -57 -58 -59 60 0
c Answer: 3539
v 1 -2 -3 -4 5 6 7 8 -9 -10 11 -12 -13 -14 15 -16 -17 18 -19 -20 -21 22 23
v -24 -25 -26 -27 28 -29 -30 -31 32 33 -34 -35 36 37 -38 39 40 41 -42 -43
v 44 45 46 47 48 -49 -50 51 52 -53 54 55 56 -57 -58 -59 60 0
c Answer: 3540
v -1 -2 3 -4 -5 -6 7 8 9 -10 -11 -12 13 14 15 -16 -17 18 -19 -20 -21 22 23
v -24 -25 -26 -27 28 -29 -30 -31 32 33 -34 -35 36 37 -38 39 40 41 -42 -43
v 44 -45 46 47 48 -49 -50 51 52 53 54 55 56 -57 -58 -59 60 0
c Answer: 3541
v 1 -2 -3 -4 5 6 7 8 -9 -10 11 -12 -13 -14 15 -16 -17 18 -19 -20 -21 22 23
v -24 -25 -26 -27 28 -29 -30 -31 32 33 -34 -35 36 37 -38 39 40 41 -42 43
v 44 45 46 47 -48 -49 -50 51 52 -53 54 55 56 -57 -58 -59 60 0
c Answer: 3542
v 1 -2 -3 -4 5 6 7 8 -9 -10 11 -12 -13 -14 15 -16 -17 18 -19 -20 -21 22 23
v -24 -25 -26 -27 28 -29 -30 -31 32 33 -34 -35 36 37 -38 39 40 41 -42 43
v 44 45 46 47 48 -49 -50 51 52 -53 54 55 56 -57 -58 -59 60 0
c Answer: 3543
v -1 -2 3 -4 -5 -6 7 8 9 -10 -11 -12 13 14 15 -16 -17 18 -19 -20 -21 22 23
v -24 -25 -26 -27 28 -29 -30 -31 32 33 -34 -35 36 37 -38 39 40 41 -42 43
v 44 -45 46 47 -48 -49 -50 51 52 53 54 55 56 -57 -58 -59 60 0
c Answer: 3544
v -1 -2 3 -4 -5 -6 7 8 9 -10 -11 -12 13 14 15 -16 -17 18 -19 -20 -21 22 23
v -24 -25 -26 -27 28 -29 -30 -31 32 33 -34 -35 36 37 -38 39 40 41 -42 43
v 44 -45 46 47 48 -49 -50 51 52 53 54 55 56 -57 -58 -59 60 0
c Answer: 3545
v 1 -2 -3 -4 5 6 7 8 -9 -10 11 -12 -13 -14 15 -16 -17 18 -19 -20 -21 22 23
v -24 -25 -26 -27 28 -29 -30 -31 32 33 -34 -35 36 37 -38 39 40 41 42 -43
v 44 45 46 47 -48 -49 -50 51 52 -53 54 55 56 -57 -58 -59 60 0
c Answer: 3546
v -1 -2 3 -4 -5 -6 7 8 9 -10 -11 -12 13 14 15 -16 -17 18 -19 -20 -21 22 23
v -24 -25 -26 -27 28 -29 -30 -31 32 33 -34 -35 36 37 -38 39 40 41 42 -43
v 44 -45 46 47 -48 -49 -50 51 52 53 54 55 56 -57 -58 -59 60 0
c Answer: 3547
v 1 -2 -3 -4 5 6 7 8 -9 -10 11 -12 -13 -14 15 -16 -17 18 -19 -20 -21 22 23
v -24 -25 -26 -27 28 -29 -30 -31 32 33 -34 -35 36 37 -38 39 40 41 42 43 44
v 45 46 47 -48 -49 -50 51 52 -53 54 55 56 -57 -58 -59 60 0
c Answer: 3548
v -1 -2 3 -4 -5 -6 7 8 9 -10 -11 -12 13 14 15 -16 -17 18 -19 -20 -21 22 23
v -24 -25 -26 -27 28 -29 -30 -31 32 33 -34 -35 36 37 -38 39 40 41 42 43 44
v -45 46 47 -48 -49 -50 51 52 53 54 55 56 -57 -58 -59 60 0
c Answer: 3549
v 1 -2 -3 -4 5 6 7 8 -9 -10 11 -12 -13 -14 15 -16 -17 18 -19 -20 -21 22 23
v -24 -25 -26 -27 28 -29 -30 -31 32 33 -34 -35 36 37 -38 39 40 41 42 -43
v 44 45 46 47 48 -49 -50 51 52 -53 54 55 56 -57 -58 -59 60 0
c Answer: 3550
v 1 -2 -3 -4 5 6 7 8 -9 -10 11 -12 -13 -14 15 -16 -17 18 -19 -20 -21 22 23
v -24 -25 -26 -27 28 -29 -30 -31 32 33 -34 -35 36 37 -38 39 40 41 42 43 44
v 45 46 47 48 -49 -50 51 52 -53 54 55 56 -57 -58 -59 60 0
c Answer: 3551
v -1 -2 3 -4 -5 -6 7 8 9 -10 -11 -12 13 14 15 -16 -17 18 -19 -20 -21 22 23
v -24 -25 -26 -27 28 -29 -30 -31 32 33 -34 -35 36 37 -38 39 40 41 42 -43
v 44 -45 46 47 48 -49 -50 51 52 53 54 55 56 -57 -58 -59 60 0
c Answer: 3552
v -1 -2 3 -4 -5 -6 7 8 9 -10 -11 -12 13 14 15 -16 -17 18 -19 -20 -21 22 23
v -24 -25 -26 -27 28 -29 -30 -31 32 33 -34 -35 36 37 -38 39 40 41 42 43 44
v -45 46 47 48 -49 -50 51 52 53 54 55 56 -57 -58 -59 60 0
c Answer: 3553
v 1 -2 -3 -4 5 6 7 8 -9 -10 11 -12 -13 -14 15 -16 -17 18 -19 -20 -21 22 23
v 24 -25 -26 -27 28 -29 -30 -31 32 33 -34 -35 36 37 -38 39 40 41 -42 -43
v 44 45 46 47 -48 -49 -50 51 52 -53 54 55 56 -57 -58 -59 -60 0
c Answer: 3554
v -1 -2 3 -4 -5 -6 7 8 9 -10 -11 -12 13 14 15 -16 -17 18 -19 -20 -21 22 23
v 24 -25 -26 -27 28 -29 -30 -31 32 33 -34 -35 36 37 -38 39 40 41 -42 -43
v 44 -45 46 47 -48 -49 -50 51 52 53 54 55 56 -57 -58 -59 -60 0
c Answer: 3555
v 1 -2 -3 -4 5 6 7 8 -9 -10 11 -12 -13 -14 15 -16 -17 18 -19 -20 -21 22 23
v 24 -25 -26 -27 28 -29 -30 -31 32 33 -34 -35 36 37 -38 39 40 41 -42 -43
v 44 45 46 47 -48 -49 -50 51 52 -53 54 55 56 -57 -58 -59 60 0
c Answer: 3556
v -1 -2 3 -4 -5 -6 7 8 9 -10 -11 -12 13 14 15 -16 -17 18 -19 -20 -21 22 23
v 24 -25 -26 -27 28 -29 -30 -31 32 33 -34 -35 36 37 -38 39 40 41 -42 -43
v 44 -45 46 47 -48 -49 -50 51 52 53 54 55 56 -57 -58 -59 60 0
c Answer: 3557
v 1 -2 -3 -4 5 6 7 8 -9 -10 11 -12 -13 -14 15 -16 -17 18 -19 -20 -21 22 23
v 24 -25 -26 -27 28 -29 -30 -31 32 33 -34 -35 36 37 -38 39 40 41 42 -43 44
v 45 46 47 -48 -49 -50 51 52 -53 54 55 56 -57 -58 -59 -60 0
c Answer: 3558
v 1 -2 -3 -4 5 6 7 8 -9 -10 11 -12 -13 -14 15 -16 -17 18 -19 -20 -21 22 23
v 24 -25 -26 -27 28 -29 -30 -31 32 33 -34 -35 36 37 -38 39 40 41 42 -43 44
v 45 46 47 -48 -49 -50 51 52 -53 54 55 56 -57 -58 -59 60 0
c Answer: 3559
v -1 -2 3 -4 -5 -6 7 8 9 -10 -11 -12 13 14 15 -16 -17 18 -19 -20 -21 22 23
v 24 -25 -26 -27 28 -29 -30 -31 32 33 -34 -35 36 37 -38 39 40 41 42 -43 44
v -45 46 47 -48 -49 -50 51 52 53 54 55 56 -57 -58 -59 -60 0
c Answer: 3560
v -1 -2 3 -4 -5 -6 7 8 9 -10 -11 -12 13 14 15 -16 -17 18 -19 -20 -21 22 23
v 24 -25 -26 -27 28 -29 -30 -31 32 33 -34 -35 36 37 -38 39 40 41 42 -43 44
v -45 46 47 -48 -49 -50 51 52 53 54 55 56 -57 -58 -59 60 0
c Answer: 3561
v 1 -2 -3 -4 5 6 7 8 -9 -10 11 -12 -13 -14 15 -16 -17 18 -19 -20 -21 22 23
v 24 -25 -26 -27 28 -29 -30 -31 32 33 -34 -35 36 37 -38 39 40 41 -42 -43
v 44 45 46 47 48 -49 -50 51 52 -53 54 55 56 -57 -58 -59 -60 0
c Answer: 3562
v -1 -2 3 -4 -5 -6 7 8 9 -10 -11 -12 13 14 15 -16 -17 18 -19 -20 -21 22 23
v 24 -25 -26 -27 28 -29 -30 -31 32 33 -34 -35 36 37 -38 39 40 41 -42 -43
v 44 -45 46 47 48 -49 -50 51 52 53 54 55 56 -57 -58 -59 -60 0
c Answer: 3563
v 1 -2 -3 -4 5 6 7 8 -9 -10 11 -12 -13 -14 15 -16 -17 18 -19 -20 -21 22 23
v 24 -25 -26 -27 28 -29 -30 -31 32 33 -34 -35 36 37 -38 39 40 41 42 -43 44
v 45 46 47 48 -49 -50 51 52 -53 54 55 56 -57 -58 -59 -60 0
c Answer: 3564
v -1 -2 3 -4 -5 -6 7 8 9 -10 -11 -12 13 14 15 -16 -17 18 -19 -20 -21 22 23
v 24 -25 -26 -27 28 -29 -30 -31 32 33 -34 -35 36 37 -38 39 40 41 42 -43 44
v -45 46 47 48 -49 -50 51 52 53 54 55 56 -57 -58 -59 -60 0
c Answer: 3565
v 1 -2 -3 -4 5 6 7 8 -9 -10 11 -12 -13 -14 15 -16 -17 18 -19 -20 -21 22 23
v 24 -25 -26 -27 28 -29 -30 -31 32 33 -34 -35 36 37 -38 39 40 41 -42 -43
v 44 45 46 47 48 -49 -50 51 52 -53 54 55 56 -57 -58 -59 60 0
c Answer: 3566
v 1 -2 -3 -4 5 6 7 8 -9 -10 11 -12 -13 -14 15 -16 -17 18 -19 -20 -21 22 23
v 24 -25 -26 -27 28 -29 -30 -31 32 33 -34 -35 36 37 -38 39 40 41 42 -43 44
v 45 46 47 48 -49 -50 51 52 -53 54 55 56 -57 -58 -59 60 0
c Answer: 3567
v -1 -2 3 -4 -5 -6 7 8 9 -10 -11 -12 13 14 15 -16 -17 18 -19 -20 -21 22 23
v 24 -25 -26 -27 28 -29 -30 -31 32 33 -34 -35 36 37 -38 39 40 41 -42 -43
v 44 -45 46 47 48 -49 -50 51 52 53 54 55 56 -57 -58 -59 60 0
c Answer: 3568
v -1 -2 3 -4 -5 -6 7 8 9 -10 -11 -12 13 14 15 -16 -17 18 -19 -20 -21 22 23
v 24 -25 -26 -27 28 -29 -30 -31 32 33 -34 -35 36 37 -38 39 40 41 42 -43 44
v -45 46 47 48 -49 -50 51 52 53 54 55 56 -57 -58 -59 60 0
c Answer: 3569
v 1 -2 -3 -4 5 6 7 8 -9 -10 11 -12 -13 -14 15 -16 -17 18 -19 -20 -21 22 23
v 24 -25 -26 -27 28 -29 -30 -31 32 33 -34 -35 36 37 -38 39 40 41 -42 43 44
v 45 46 47 -48 -49 -50 51 52 -53 54 55 56 -57 -58 -59 -60 0
c Answer: 3570
v -1 -2 3 -4 -5 -6 7 8 9 -10 -11 -12 13 14 15 -16 -17 18 -19 -20 -21 22 23
v 24 -25 -26 -27 28 -29 -30 -31 32 33 -34 -35 36 37 -38 39 40 41 -42 43 44
v -45 46 47 -48 -49 -50 51 52 53 54 55 56 -57 -58 -59 -60 0
c Answer: 3571
v 1 -2 -3 -4 5 6 7 8 -9 -10 11 -12 -13 -14 15 -16 -17 18 -19 -20 -21 22 23
v 24 -25 -26 -27 28 -29 -30 -31 32 33 -34 -35 36 37 -38 39 40 41 -42 43 44
v 45 46 47 48 -49 -50 51 52 -53 54 55 56 -57 -58 -59 -60 0
c Answer: 3572
v -1 -2 3 -4 -5 -6 7 8 9 -10 -11 -12 13 14 15 -16 -17 18 -19 -20 -21 22 23
v 24 -25 -26 -27 28 -29 -30 -31 32 33 -34 -35 36 37 -38 39 40 41 -42 43 44
v -45 46 47 48 -49 -50 51 52 53 54 55 56 -57 -58 -59 -60 0
c Answer: 3573
v 1 -2 -3 -4 5 6 7 8 -9 -10 11 -12 -13 -14 15 -16 -17 18 -19 -20 -21 22 23
v 24 -25 -26 -27 28 -29 -30 -31 32 33 -34 -35 36 37 -38 39 40 41 -42 43 44
v 45 46 47 -48 -49 -50 51 52 -53 54 55 56 -57 -58 -59 60 0
c Answer: 3574
v 1 -2 -3 -4 5 6 7 8 -9 -10 11 -12 -13 -14 15 -16 -17 18 -19 -20 -21 22 23
v 24 -25 -26 -27 28 -29 -30 -31 32 33 -34 -35 36 37 -38 39 40 41 -42 43 44
v 45 46 47 48 -49 -50 51 52 -53 54 55 56 -57 -58 -59 60 0
c Answer: 3575
v -1 -2 3 -4 -5 -6 7 8 9 -10 -11 -12 13 14 15 -16 -17 18 -19 -20 -21 22 23
v 24 -25 -26 -27 28 -29 -30 -31 32 33 -34 -35 36 37 -38 39 40 41 -42 43 44
v -45 46 47 -48 -49 -50 51 52 53 54 55 56 -57 -58 -59 60 0
c Answer: 3576
v -1 -2 3 -4 -5 -6 7 8 9 -10 -11 -12 13 14 15 -16 -17 18 -19 -20 -21 22 23
v 24 -25 -26 -27 28 -29 -30 -31 32 33 -34 -35 36 37 -38 39 40 41 -42 43 44
v -45 46 47 48 -49 -50 51 52 53 54 55 56 -57 -58 -59 60 0
c Answer: 3577
v 1 -2 -3 -4 5 6 7 8 -9 -10 11 -12 -13 -14 15 -16 -17 18 -19 -20 -21 22 23
v 24 -25 -26 -27 28 -29 -30 -31 32 33 -34 -35 36 37 -38 39 40 41 42 43 44
v 45 46 47 -48 -49 -50 51 52 -53 54 55 56 -57 -58 -59 -60 0
c Answer: 3578
v -1 -2 3 -4 -5 -6 7 8 9 -10 -11 -12 13 14 15 -16 -17 18 -19 -20 -21 22 23
v 24 -25 -26 -27 28 -29 -30 -31 32 33 -34 -35 36 37 -38 39 40 41 42 43 44
v -45 46 47 -48 -49 -50 51 52 53 54 55 56 -57 -58 -59 -60 0
c Answer: 3579
v 1 -2 -3 -4 5 6 7 8 -9 -10 11 -12 -13 -14 15 -16 -17 18 -19 -20 -21 22 23
v 24 -25 -26 -27 28 -29 -30 -31 32 33 -34 -35 36 37 -38 39 40 41 42 43 44
v 45 46 47 -48 -49 -50 51 52 -53 54 55 56 -57 -58 -59 60 0
c Answer: 3580
v -1 -2 3 -4 -5 -6 7 8 9 -10 -11 -12 13 14 15 -16 -17 18 -19 -20 -21 22 23
v 24 -25 -26 -27 28 -29 -30 -31 32 33 -34 -35 36 37 -38 39 40 41 42 43 44
v -45 46 47 -48 -49 -50 51 52 53 54 55 56 -57 -58 -59 60 0
c Answer: 3581
v 1 -2 -3 -4 5 6 7 8 -9 -10 11 -12 -13 -14 15 -16 -17 18 -19 -20 -21 22 23
v 24 -25 -26 -27 28 -29 -30 -31 32 33 -34 -35 36 37 -38 39 40 41 42 43 44
v 45 46 47 48 -49 -50 51 52 -53 54 55 56 -57 -58 -59 -60 0
c Answer: 3582
v 1 -2 -3 -4 5 6 7 8 -9 -10 11 -12 -13 -14 15 -16 -17 18 -19 -20 -21 22 23
v 24 -25 -26 -27 28 -29 -30 -31 32 33 -34 -35 36 37 -38 39 40 41 42 43 44
v 45 46 47 48 -49 -50 51 52 -53 54 55 56 -57 -58 -59 60 0
c Answer: 3583
v -1 -2 3 -4 -5 -6 7 8 9 -10 -11 -12 13 14 15 -16 -17 18 -19 -20 -21 22 23
v 24 -25 -26 -27 28 -29 -30 -31 32 33 -34 -35 36 37 -38 39 40 41 42 43 44
v -45 46 47 48 -49 -50 51 52 53 54 55 56 -57 -58 -59 -60 0
c Answer: 3584
v -1 -2 3 -4 -5 -6 7 8 9 -10 -11 -12 13 14 15 -16 -17 18 -19 -20 -21 22 23
v 24 -25 -26 -27 28 -29 -30 -31 32 33 -34 -35 36 37 -38 39 40 41 42 43 44
v -45 46 47 48 -49 -50 51 52 53 54 55 56 -57 -58 -59 60 0
c Answer: 3585
v 1 -2 -3 -4 5 6 7 8 -9 -10 11 -12 -13 -14 15 16 -17 18 -19 -20 -21 22 23
v -24 -25 -26 -27 28 -29 -30 -31 -32 33 -34 -35 36 37 -38 39 40 41 -42 -43
v -44 45 46 47 -48 -49 -50 51 52 -53 54 55 -56 -57 -58 -59 -60 0
c Answer: 3586
v -1 -2 3 -4 -5 -6 7 8 9 -10 -11 -12 13 14 15 16 -17 18 -19 -20 -21 22 23
v -24 -25 -26 -27 28 -29 -30 -31 -32 33 -34 -35 36 37 -38 39 40 41 -42 -43
v -44 -45 46 47 -48 -49 -50 51 52 53 54 55 -56 -57 -58 -59 -60 0
c Answer: 3587
v 1 -2 -3 -4 5 6 7 8 -9 -10 11 -12 -13 -14 15 16 -17 18 -19 -20 -21 22 23
v -24 -25 -26 -27 28 -29 -30 -31 -32 33 -34 -35 36 37 -38 39 40 41 -42 -43
v -44 45 46 47 48 -49 -50 51 52 -53 54 55 -56 -57 -58 -59 -60 0
c Answer: 3588
v -1 -2 3 -4 -5 -6 7 8 9 -10 -11 -12 13 14 15 16 -17 18 -19 -20 -21 22 23
v -24 -25 -26 -27 28 -29 -30 -31 -32 33 -34 -35 36 37 -38 39 40 41 -42 -43
v -44 -45 46 47 48 -49 -50 51 52 53 54 55 -56 -57 -58 -59 -60 0
c Answer: 3589
v 1 -2 -3 -4 5 6 7 8 -9 -10 11 -12 -13 -14 15 16 -17 18 -19 -20 -21 22 23
v -24 -25 -26 -27 28 -29 -30 -31 -32 33 -34 -35 36 37 -38 39 40 41 -42 -43
v 44 45 46 47 -48 -49 -50 51 52 -53 54 55 -56 -57 -58 -59 -60 0
c Answer: 3590
v 1 -2 -3 -4 5 6 7 8 -9 -10 11 -12 -13 -14 15 16 -17 18 -19 -20 -21 22 23
v -24 -25 -26 -27 28 -29 -30 -31 -32 33 -34 -35 36 37 -38 39 40 41 -42 -43
v 44 45 46 47 48 -49 -50 51 52 -53 54 55 -56 -57 -58 -59 -60 0
c Answer: 3591
v -1 -2 3 -4 -5 -6 7 8 9 -10 -11 -12 13 14 15 16 -17 18 -19 -20 -21 22 23
v -24 -25 -26 -27 28 -29 -30 -31 -32 33 -34 -35 36 37 -38 39 40 41 -42 -43
v 44 -45 46 47 -48 -49 -50 51 52 53 54 55 -56 -57 -58 -59 -60 0
c Answer: 3592
v -1 -2 3 -4 -5 -6 7 8 9 -10 -11 -12 13 14 15 16 -17 18 -19 -20 -21 22 23
v -24 -25 -26 -27 28 -29 -30 -31 -32 33 -34 -35 36 37 -38 39 40 41 -42 -43
v 44 -45 46 47 48 -49 -50 51 52 53 54 55 -56 -57 -58 -59 -60 0
c Answer: 3593
v 1 -2 -3 -4 5 6 7 8 -9 -10 11 -12 -13 -14 15 16 -17 18 -19 -20 -21 22 23
v -24 -25 -26 -27 28 -29 -30 -31 -32 33 -34 -35 36 37 -38 39 40 41 -42 -43
v -44 45 46 47 -48 -49 -50 51 52 -53 54 55 56 -57 -58 -59 -60 0
c Answer: 3594
v -1 -2 3 -4 -5 -6 7 8 9 -10 -11 -12 13 14 15 16 -17 18 -19 -20 -21 22 23
v -24 -25 -26 -27 28 -29 -30 -31 -32 33 -34 -35 36 37 -38 39 40 41 -42 -43
v -44 -45 46 47 -48 -49 -50 51 52 53 54 55 56 -57 -58 -59 -60 0
c Answer: 3595
v 1 -2 -3 -4 5 6 7 8 -9 -10 11 -12 -13 -14 15 16 -17 18 -19 -20 -21 22 23
v -24 -25 -26 -27 28 -29 -30 -31 -32 33 -34 -35 36 37 -38 39 40 41 -42 -43
v 44 45 46 47 -48 -49 -50 51 52 -53 54 55 56 -57 -58 -59 -60 0
c Answer: 3596
v -1 -2 3 -4 -5 -6 7 8 9 -10 -11 -12 13 14 15 16 -17 18 -19 -20 -21 22 23
v -24 -25 -26 -27 28 -29 -30 -31 -32 33 -34 -35 36 37 -38 39 40 41 -42 -43
v 44 -45 46 47 -48 -49 -50 51 52 53 54 55 56 -57 -58 -59 -60 0
c Answer: 3597
v 1 -2 -3 -4 5 6 7 8 -9 -10 11 -12 -13 -14 15 16 -17 18 -19 -20 -21 22 23
v -24 -25 -26 -27 28 -29 -30 -31 -32 33 -34 -35 36 37 -38 39 40 41 -42 -43
v -44 45 46 47 48 -49 -50 51 52 -53 54 55 56 -57 -58 -59 -60 0
c Answer: 3598
v 1 -2 -3 -4 5 6 7 8 -9 -10 11 -12 -13 -14 15 16 -17 18 -19 -20 -21 22 23
v -24 -25 -26 -27 28 -29 -30 -31 -32 33 -34 -35 36 37 -38 39 40 41 -42 -43
v 44 45 46 47 48 -49 -50 51 52 -53 54 55 56 -57 -58 -59 -60 0
c Answer: 3599
v -1 -2 3 -4 -5 -6 7 8 9 -10 -11 -12 13 14 15 16 -17 18 -19 -20 -21 22 23
v -24 -25 -26 -27 28 -29 -30 -31 -32 33 -34 -35 36 37 -38 39 40 41 -42 -43
v -44 -45 46 47 48 -49 -50 51 52 53 54 55 56 -57 -58 -59 -60 0
c Answer: 3600
v -1 -2 3 -4 -5 -6 7 8 9 -10 -11 -12 13 14 15 16 -17 18 -19 -20 -21 22 23
v -24 -25 -26 -27 28 -29 -30 -31 -32 33 -34 -35 36 37 -38 39 40 41 -42 -43
v 44 -45 46 47 48 -49 -50 51 52 53 54 55 56 -57 -58 -59 -60 0
c Answer: 3601
v 1 -2 -3 -4 5 6 7 8 -9 -10 11 -12 -13 -14 15 16 -17 18 -19 -20 -21 22 23
v -24 -25 -26 -27 28 -29 -30 -31 32 33 -34 -35 36 37 -38 39 40 41 -42 -43
v -44 45 46 47 -48 -49 -50 51 52 -53 54 55 -56 -57 -58 -59 -60 0
c Answer: 3602
v -1 -2 3 -4 -5 -6 7 8 9 -10 -11 -12 13 14 15 16 -17 18 -19 -20 -21 22 23
v -24 -25 -26 -27 28 -29 -30 -31 32 33 -34 -35 36 37 -38 39 40 41 -42 -43
v -44 -45 46 47 -48 -49 -50 51 52 53 54 55 -56 -57 -58 -59 -60 0
c Answer: 3603
v 1 -2 -3 -4 5 6 7 8 -9 -10 11 -12 -13 -14 15 16 -17 18 -19 -20 -21 22 23
v -24 -25 -26 -27 28 -29 -30 -31 32 33 -34 -35 36 37 -38 39 40 41 -42 -43
v -44 45 46 47 -48 -49 -50 51 52 -53 54 55 56 -57 -58 -59 -60 0
c Answer: 3604
v -1 -2 3 -4 -5 -6 7 8 9 -10 -11 -12 13 14 15 16 -17 18 -19 -20 -21 22 23
v -24 -25 -26 -27 28 -29 -30 -31 32 33 -34 -35 36 37 -38 39 40 41 -42 -43
v -44 -45 46 47 -48 -49 -50 51 52 53 54 55 56 -57 -58 -59 -60 0
c Answer: 3605
v 1 -2 -3 -4 5 6 7 8 -9 -10 11 -12 -13 -14 15 16 -17 18 -19 -20 -21 22 23
v -24 -25 -26 -27 28 -29 -30 -31 32 33 -34 -35 36 37 -38 39 40 41 -42 -43
v -44 45 46 47 48 -49 -50 51 52 -53 54 55 -56 -57 -58 -59 -60 0
c Answer: 3606
v 1 -2 -3 -4 5 6 7 8 -9 -10 11 -12 -13 -14 15 16 -17 18 -19 -20 -21 22 23
v -24 -25 -26 -27 28 -29 -30 -31 32 33 -34 -35 36 37 -38 39 40 41 -42 -43
v -44 45 46 47 48 -49 -50 51 52 -53 54 55 56 -57 -58 -59 -60 0
c Answer: 3607
v -1 -2 3 -4 -5 -6 7 8 9 -10 -11 -12 13 14 15 16 -17 18 -19 -20 -21 22 23
v -24 -25 -26 -27 28 -29 -30 -31 32 33 -34 -35 36 37 -38 39 40 41 -42 -43
v -44 -45 46 47 48 -49 -50 51 52 53 54 55 -56 -57 -58 -59 -60 0
c Answer: 3608
v -1 -2 3 -4 -5 -6 7 8 9 -10 -11 -12 13 14 15 16 -17 18 -19 -20 -21 22 23
v -24 -25 -26 -27 28 -29 -30 -31 32 33 -34 -35 36 37 -38 39 40 41 -42 -43
v -44 -45 46 47 48 -49 -50 51 52 53 54 55 56 -57 -58 -59 -60 0
c Answer: 3609
v 1 -2 -3 -4 5 6 7 8 -9 -10 11 -12 -13 -14 15 16 -17 18 -19 -20 -21 22 23
v -24 -25 -26 -27 28 -29 -30 -31 32 33 -34 -35 36 37 -38 39 40 41 -42 -43
v 44 45 46 47 -48 -49 -50 51 52 -53 54 55 -56 -57 -58 -59 -60 0
c Answer: 3610
v -1 -2 3 -4 -5 -6 7 8 9 -10 -11 -12 13 14 15 16 -17 18 -19 -20 -21 22 23
v -24 -25 -26 -27 28 -29 -30 -31 32 33 -34 -35 36 37 -38 39 40 41 -42 -43
v 44 -45 46 47 -48 -49 -50 51 52 53 54 55 -56 -57 -58 -59 -60 0
c Answer: 3611
v 1 -2 -3 -4 5 6 7 8 -9 -10 11 -12 -13 -14 15 16 -17 18 -19 -20 -21 22 23
v -24 -25 -26 -27 28 -29 -30 -31 32 33 -34 -35 36 37 -38 39 40 41 -42 -43
v 44 45 46 47 48 -49 -50 51 52 -53 54 55 -56 -57 -58 -59 -60 0
c Answer: 3612
v -1 -2 3 -4 -5 -6 7 8 9 -10 -11 -12 13 14 15 16 -17 18 -19 -20 -21 22 23
v -24 -25 -26 -27 28 -29 -30 -31 32 33 -34 -35 36 37 -38 39 40 41 -42 -43
v 44 -45 46 47 48 -49 -50 51 52 53 54 55 -56 -57 -58 -59 -60 0
c Answer: 3613
v 1 -2 -3 -4 5 6 7 8 -9 -10 11 -12 -13 -14 15 16 -17 18 -19 -20 -21 22 23
v -24 -25 -26 -27 28 -29 -30 -31 32 33 -34 -35 36 37 -38 39 40 41 -42 -43
v 44 45 46 47 -48 -49 -50 51 52 -53 54 55 56 -57 -58 -59 -60 0
c Answer: 3614
v 1 -2 -3 -4 5 6 7 8 -9 -10 11 -12 -13 -14 15 16 -17 18 -19 -20 -21 22 23
v -24 -25 -26 -27 28 -29 -30 -31 32 33 -34 -35 36 37 -38 39 40 41 -42 -43
v 44 45 46 47 48 -49 -50 51 52 -53 54 55 56 -57 -58 -59 -60 0
c Answer: 3615
v -1 -2 3 -4 -5 -6 7 8 9 -10 -11 -12 13 14 15 16 -17 18 -19 -20 -21 22 23
v -24 -25 -26 -27 28 -29 -30 -31 32 33 -34 -35 36 37 -38 39 40 41 -42 -43
v 44 -45 46 47 -48 -49 -50 51 52 53 54 55 56 -57 -58 -59 -60 0
c Answer: 3616
v -1 -2 3 -4 -5 -6 7 8 9 -10 -11 -12 13 14 15 16 -17 18 -19 -20 -21 22 23
v -24 -25 -26 -27 28 -29 -30 -31 32 33 -34 -35 36 37 -38 39 40 41 -42 -43
v 44 -45 46 47 48 -49 -50 51 52 53 54 55 56 -57 -58 -59 -60 0
c Answer: 3617
v 1 -2 -3 -4 5 6 7 8 -9 -10 11 -12 -13 -14 15 16 -17 18 -19 -20 -21 22 23
v 24 -25 -26 -27 28 -29 -30 -31 -32 33 -34 -35 36 37 -38 39 40 41 -42 -43
v -44 45 46 47 -48 -49 -50 51 52 -53 54 55 -56 -57 -58 -59 -60 0
c Answer: 3618
v -1 -2 3 -4 -5 -6 7 8 9 -10 -11 -12 13 14 15 16 -17 18 -19 -20 -21 22 23
v 24 -25 -26 -27 28 -29 -30 -31 -32 33 -34 -35 36 37 -38 39 40 41 -42 -43
v -44 -45 46 47 -48 -49 -50 51 52 53 54 55 -56 -57 -58 -59 -60 0
c Answer: 3619
v 1 -2 -3 -4 5 6 7 8 -9 -10 11 -12 -13 -14 15 16 -17 18 -19 -20 -21 22 23
v 24 -25 -26 -27 28 -29 -30 -31 32 33 -34 -35 36 37 -38 39 40 41 -42 -43
v -44 45 46 47 -48 -49 -50 51 52 -53 54 55 -56 -57 -58 -59 -60 0
c Answer: 3620
v -1 -2 3 -4 -5 -6 7 8 9 -10 -11 -12 13 14 15 16 -17 18 -19 -20 -21 22 23
v 24 -25 -26 -27 28 -29 -30 -31 32 33 -34 -35 36 37 -38 39 40 41 -42 -43
v -44 -45 46 47 -48 -49 -50 51 52 53 54 55 -56 -57 -58 -59 -60 0
c Answer: 3621
v 1 -2 -3 -4 5 6 7 8 -9 -10 11 -12 -13 -14 15 16 -17 18 -19 -20 -21 22 23
v 24 -25 -26 -27 28 -29 -30 -31 -32 33 -34 -35 36 37 -38 39 40 41 -42 -43
v 44 45 46 47 -48 -49 -50 51 52 -53 54 55 -56 -57 -58 -59 -60 0
c Answer: 3622
v 1 -2 -3 -4 5 6 7 8 -9 -10 11 -12 -13 -14 15 16 -17 18 -19 -20 -21 22 23
v 24 -25 -26 -27 28 -29 -30 -31 32 33 -34 -35 36 37 -38 39 40 41 -42 -43
v 44 45 46 47 -48 -49 -50 51 52 -53 54 55 -56 -57 -58 -59 -60 0
c Answer: 3623
v -1 -2 3 -4 -5 -6 7 8 9 -10 -11 -12 13 14 15 16 -17 18 -19 -20 -21 22 23
v 24 -25 -26 -27 28 -29 -30 -31 -32 33 -34 -35 36 37 -38 39 40 41 -42 -43
v 44 -45 46 47 -48 -49 -50 51 52 53 54 55 -56 -57 -58 -59 -60 0
c Answer: 3624
v -1 -2 3 -4 -5 -6 7 8 9 -10 -11 -12 13 14 15 16 -17 18 -19 -20 -21 22 23
v 24 -25 -26 -27 28 -29 -30 -31 32 33 -34 -35 36 37 -38 39 40 41 -42 -43
v 44 -45 46 47 -48 -49 -50 51 52 53 54 55 -56 -57 -58 -59 -60 0
c Answer: 3625
v 1 -2 -3 -4 5 6 7 8 -9 -10 11 -12 -13 -14 15 16 -17 18 -19 -20 -21 22 23
v 24 -25 -26 -27 28 -29 -30 -31 -32 33 -34 -35 36 37 -38 39 40 41 -42 -43
v -44 45 46 47 -48 -49 -50 51 52 -53 54 55 56 -57 -58 -59 -60 0
c Answer: 3626
v -1 -2 3 -4 -5 -6 7 8 9 -10 -11 -12 13 14 15 16 -17 18 -19 -20 -21 22 23
v 24 -25 -26 -27 28 -29 -30 -31 -32 33 -34 -35 36 37 -38 39 40 41 -42 -43
v -44 -45 46 47 -48 -49 -50 51 52 53 54 55 56 -57 -58 -59 -60 0
c Answer: 3627
v 1 -2 -3 -4 5 6 7 8 -9 -10 11 -12 -13 -14 15 16 -17 18 -19 -20 -21 22 23
v 24 -25 -26 -27 28 -29 -30 -31 -32 33 -34 -35 36 37 -38 39 40 41 -42 -43
v 44 45 46 47 -48 -49 -50 51 52 -53 54 55 56 -57 -58 -59 -60 0
c Answer: 3628
v -1 -2 3 -4 -5 -6 7 8 9 -10 -11 -12 13 14 15 16 -17 18 -19 -20 -21 22 23
v 24 -25 -26 -27 28 -29 -30 -31 -32 33 -34 -35 36 37 -38 39 40 41 -42 -43
v 44 -45 46 47 -48 -49 -50 51 52 53 54 55 56 -57 -58 -59 -60 0
c Answer: 3629
v 1 -2 -3 -4 5 6 7 8 -9 -10 11 -12 -13 -14 15 16 -17 18 -19 -20 -21 22 23
v 24 -25 -26 -27 28 -29 -30 -31 32 33 -34 -35 36 37 -38 39 40 41 -42 -43
v -44 45 46 47 -48 -49 -50 51 52 -53 54 55 56 -57 -58 -59 -60 0
c Answer: 3630
v 1 -2 -3 -4 5 6 7 8 -9 -10 11 -12 -13 -14 15 16 -17 18 -19 -20 -21 22 23
v 24 -25 -26 -27 28 -29 -30 -31 32 33 -34 -35 36 37 -38 39 40 41 -42 -43
v 44 45 46 47 -48 -49 -50 51 52 -53 54 55 56 -57 -58 -59 -60 0
c Answer: 3631
v -1 -2 3 -4 -5 -6 7 8 9 -10 -11 -12 13 14 15 16 -17 18 -19 -20 -21 22 23
v 24 -25 -26 -27 28 -29 -30 -31 32 33 -34 -35 36 37 -38 39 40 41 -42 -43
v -44 -45 46 47 -48 -49 -50 51 52 53 54 55 56 -57 -58 -59 -60 0
c Answer: 3632
v -1 -2 3 -4 -5 -6 7 8 9 -10 -11 -12 13 14 15 16 -17 18 -19 -20 -21 22 23
v 24 -25 -26 -27 28 -29 -30 -31 32 33 -34 -35 36 37 -38 39 40 41 -42 -43
v 44 -45 46 47 -48 -49 -50 51 52 53 54 55 56 -57 -58 -59 -60 0
c Answer: 3633
v 1 -2 -3 -4 5 6 7 8 -9 -10 11 -12 -13 -14 15 16 -17 18 -19 -20 -21 22 23
v 24 -25 -26 -27 28 -29 -30 -31 -32 33 -34 -35 36 37 -38 39 40 41 -42 -43
v -44 45 46 47 48 -49 -50 51 52 -53 54 55 -56 -57 -58 -59 -60 0
c Answer: 3634
v -1 -2 3 -4 -5 -6 7 8 9 -10 -11 -12 13 14 15 16 -17 18 -19 -20 -21 22 23
v 24 -25 -26 -27 28 -29 -30 -31 -32 33 -34 -35 36 37 -38 39 40 41 -42 -43
v -44 -45 46 47 48 -49 -50 51 52 53 54 55 -56 -57 -58 -59 -60 0
c Answer: 3635
v 1 -2 -3 -4 5 6 7 8 -9 -10 11 -12 -13 -14 15 16 -17 18 -19 -20 -21 22 23
v 24 -25 -26 -27 28 -29 -30 -31 -32 33 -34 -35 36 37 -38 39 40 41 -42 -43
v -44 45 46 47 48 -49 -50 51 52 -53 54 55 56 -57 -58 -59 -60 0
c Answer: 3636
v -1 -2 3 -4 -5 -6 7 8 9 -10 -11 -12 13 14 15 16 -17 18 -19 -20 -21 22 23
v 24 -25 -26 -27 28 -29 -30 -31 -32 33 -34 -35 36 37 -38 39 40 41 -42 -43
v -44 -45 46 47 48 -49 -50 51 52 53 54 55 56 -57 -58 -59 -60 0
c Answer: 3637
v 1 -2 -3 -4 5 6 7 8 -9 -10 11 -12 -13 -14 15 16 -17 18 -19 -20 -21 22 23
v 24 -25 -26 -27 28 -29 -30 -31 32 33 -34 -35 36 37 -38 39 40 41 -42 -43
v -44 45 46 47 48 -49 -50 51 52 -53 54 55 -56 -57 -58 -59 -60 0
c Answer: 3638
v 1 -2 -3 -4 5 6 7 8 -9 -10 11 -12 -13 -14 15 16 -17 18 -19 -20 -21 22 23
v 24 -25 -26 -27 28 -29 -30 -31 32 33 -34 -35 36 37 -38 39 40 41 -42 -43
v -44 45 46 47 48 -49 -50 51 52 -53 54 55 56 -57 -58 -59 -60 0
c Answer: 3639
v -1 -2 3 -4 -5 -6 7 8 9 -10 -11 -12 13 14 15 16 -17 18 -19 -20 -21 22 23
v 24 -25 -26 -27 28 -29 -30 -31 32 33 -34 -35 36 37 -38 39 40 41 -42 -43
v -44 -45 46 47 48 -49 -50 51 52 53 54 55 -56 -57 -58 -59 -60 0
c Answer: 3640
v -1 -2 3 -4 -5 -6 7 8 9 -10 -11 -12 13 14 15 16 -17 18 -19 -20 -21 22 23
v 24 -25 -26 -27 28 -29 -30 -31 32 33 -34 -35 36 37 -38 39 40 41 -42 -43
v -44 -45 46 47 48 -49 -50 51 52 53 54 55 56 -57 -58 -59 -60 0
c Answer: 3641
v 1 -2 -3 -4 5 6 7 8 -9 -10 11 -12 -13 -14 15 16 -17 18 -19 -20 -21 22 23
v 24 -25 -26 -27 28 -29 -30 -31 -32 33 -34 -35 36 37 -38 39 40 41 -42 -43
v 44 45 46 47 48 -49 -50 51 52 -53 54 55 -56 -57 -58 -59 -60 0
c Answer: 3642
v -1 -2 3 -4 -5 -6 7 8 9 -10 -11 -12 13 14 15 16 -17 18 -19 -20 -21 22 23
v 24 -25 -26 -27 28 -29 -30 -31 -32 33 -34 -35 36 37 -38 39 40 41 -42 -43
v 44 -45 46 47 48 -49 -50 51 52 53 54 55 -56 -57 -58 -59 -60 0
c Answer: 3643
v 1 -2 -3 -4 5 6 7 8 -9 -10 11 -12 -13 -14 15 16 -17 18 -19 -20 -21 22 23
v 24 -25 -26 -27 28 -29 -30 -31 32 33 -34 -35 36 37 -38 39 40 41 -42 -43
v 44 45 46 47 48 -49 -50 51 52 -53 54 55 -56 -57 -58 -59 -60 0
c Answer: 3644
v -1 -2 3 -4 -5 -6 7 8 9 -10 -11 -12 13 14 15 16 -17 18 -19 -20 -21 22 23
v 24 -25 -26 -27 28 -29 -30 -31 32 33 -34 -35 36 37 -38 39 40 41 -42 -43
v 44 -45 46 47 48 -49 -50 51 52 53 54 55 -56 -57 -58 -59 -60 0
c Answer: 3645
v 1 -2 -3 -4 5 6 7 8 -9 -10 11 -12 -13 -14 15 16 -17 18 -19 -20 -21 22 23
v 24 -25 -26 -27 28 -29 -30 -31 -32 33 -34 -35 36 37 -38 39 40 41 -42 -43
v 44 45 46 47 48 -49 -50 51 52 -53 54 55 56 -57 -58 -59 -60 0
c Answer: 3646
v 1 -2 -3 -4 5 6 7 8 -9 -10 11 -12 -13 -14 15 16 -17 18 -19 -20 -21 22 23
v 24 -25 -26 -27 28 -29 -30 -31 32 33 -34 -35 36 37 -38 39 40 41 -42 -43
v 44 45 46 47 48 -49 -50 51 52 -53 54 55 56 -57 -58 -59 -60 0
c Answer: 3647
v -1 -2 3 -4 -5 -6 7 8 9 -10 -11 -12 13 14 15 16 -17 18 -19 -20 -21 22 23
v 24 -25 -26 -27 28 -29 -30 -31 -32 33 -34 -35 36 37 -38 39 40 41 -42 -43
v 44 -45 46 47 48 -49 -50 51 52 53 54 55 56 -57 -58 -59 -60 0
c Answer: 3648
v -1 -2 3 -4 -5 -6 7 8 9 -10 -11 -12 13 14 15 16 -17 18 -19 -20 -21 22 23
v 24 -25 -26 -27 28 -29 -30 -31 32 33 -34 -35 36 37 -38 39 40 41 -42 -43
v 44 -45 46 47 48 -49 -50 51 52 53 54 55 56 -57 -58 -59 -60 0
c Answer: 3649
v 1 -2 -3 -4 5 6 7 8 -9 -10 11 -12 -13 -14 15 16 -17 18 -19 -20 -21 22 23
v -24 -25 -26 -27 28 -29 -30 -31 -32 33 -34 -35 36 37 -38 39 40 41 -42 43
v -44 45 46 47 -48 -49 -50 51 52 -53 54 55 -56 -57 -58 -59 -60 0
c Answer: 3650
v -1 -2 3 -4 -5 -6 7 8 9 -10 -11 -12 13 14 15 16 -17 18 -19 -20 -21 22 23
v -24 -25 -26 -27 28 -29 -30 -31 -32 33 -34 -35 36 37 -38 39 40 41 -42 43
v -44 -45 46 47 -48 -49 -50 51 52 53 54 55 -56 -57 -58 -59 -60 0
c Answer: 3651
v 1 -2 -3 -4 5 6 7 8 -9 -10 11 -12 -13 -14 15 16 -17 18 -19 -20 -21 22 23
v 24 -25 -26 -27 28 -29 -30 -31 -32 33 -34 -35 36 37 -38 39 40 41 -42 43
v -44 45 46 47 -48 -49 -50 51 52 -53 54 55 -56 -57 -58 -59 -60 0
c Answer: 3652
v -1 -2 3 -4 -5 -6 7 8 9 -10 -11 -12 13 14 15 16 -17 18 -19 -20 -21 22 23
v 24 -25 -26 -27 28 -29 -30 -31 -32 33 -34 -35 36 37 -38 39 40 41 -42 43
v -44 -45 46 47 -48 -49 -50 51 52 53 54 55 -56 -57 -58 -59 -60 0
c Answer: 3653
v 1 -2 -3 -4 5 6 7 8 -9 -10 11 -12 -13 -14 15 16 -17 18 -19 -20 -21 22 23
v -24 -25 -26 -27 28 -29 -30 -31 -32 33 -34 -35 36 37 -38 39 40 41 -42 43
v -44 45 46 47 48 -49 -50 51 52 -53 54 55 -56 -57 -58 -59 -60 0
c Answer: 3654
v 1 -2 -3 -4 5 6 7 8 -9 -10 11 -12 -13 -14 15 16 -17 18 -19 -20 -21 22 23
v 24 -25 -26 -27 28 -29 -30 -31 -32 33 -34 -35 36 37 -38 39 40 41 -42 43
v -44 45 46 47 48 -49 -50 51 52 -53 54 55 -56 -57 -58 -59 -60 0
c Answer: 3655
v -1 -2 3 -4 -5 -6 7 8 9 -10 -11 -12 13 14 15 16 -17 18 -19 -20 -21 22 23
v -24 -25 -26 -27 28 -29 -30 -31 -32 33 -34 -35 36 37 -38 39 40 41 -42 43
v -44 -45 46 47 48 -49 -50 51 52 53 54 55 -56 -57 -58 -59 -60 0
c Answer: 3656
v -1 -2 3 -4 -5 -6 7 8 9 -10 -11 -12 13 14 15 16 -17 18 -19 -20 -21 22 23
v 24 -25 -26 -27 28 -29 -30 -31 -32 33 -34 -35 36 37 -38 39 40 41 -42 43
v -44 -45 46 47 48 -49 -50 51 52 53 54 55 -56 -57 -58 -59 -60 0
c Answer: 3657
v 1 -2 -3 -4 5 6 7 8 -9 -10 11 -12 -13 -14 15 16 -17 18 -19 -20 -21 22 23
v -24 -25 -26 -27 28 -29 -30 -31 -32 33 -34 -35 36 37 -38 39 40 41 -42 43
v 44 45 46 47 -48 -49 -50 51 52 -53 54 55 -56 -57 -58 -59 -60 0
c Answer: 3658
v -1 -2 3 -4 -5 -6 7 8 9 -10 -11 -12 13 14 15 16 -17 18 -19 -20 -21 22 23
v -24 -25 -26 -27 28 -29 -30 -31 -32 33 -34 -35 36 37 -38 39 40 41 -42 43
v 44 -45 46 47 -48 -49 -50 51 52 53 54 55 -56 -57 -58 -59 -60 0
c Answer: 3659
v 1 -2 -3 -4 5 6 7 8 -9 -10 11 -12 -13 -14 15 16 -17 18 -19 -20 -21 22 23
v -24 -25 -26 -27 28 -29 -30 -31 -32 33 -34 -35 36 37 -38 39 40 41 -42 43
v 44 45 46 47 48 -49 -50 51 52 -53 54 55 -56 -57 -58 -59 -60 0
c Answer: 3660
v -1 -2 3 -4 -5 -6 7 8 9 -10 -11 -12 13 14 15 16 -17 18 -19 -20 -21 22 23
v -24 -25 -26 -27 28 -29 -30 -31 -32 33 -34 -35 36 37 -38 39 40 41 -42 43
v 44 -45 46 47 48 -49 -50 51 52 53 54 55 -56 -57 -58 -59 -60 0
c Answer: 3661
v 1 -2 -3 -4 5 6 7 8 -9 -10 11 -12 -13 -14 15 16 -17 18 -19 -20 -21 22 23
v 24 -25 -26 -27 28 -29 -30 -31 -32 33 -34 -35 36 37 -38 39 40 41 -42 43
v 44 45 46 47 -48 -49 -50 51 52 -53 54 55 -56 -57 -58 -59 -60 0
c Answer: 3662
v 1 -2 -3 -4 5 6 7 8 -9 -10 11 -12 -13 -14 15 16 -17 18 -19 -20 -21 22 23
v 24 -25 -26 -27 28 -29 -30 -31 -32 33 -34 -35 36 37 -38 39 40 41 -42 43
v 44 45 46 47 48 -49 -50 51 52 -53 54 55 -56 -57 -58 -59 -60 0
c Answer: 3663
v -1 -2 3 -4 -5 -6 7 8 9 -10 -11 -12 13 14 15 16 -17 18 -19 -20 -21 22 23
v 24 -25 -26 -27 28 -29 -30 -31 -32 33 -34 -35 36 37 -38 39 40 41 -42 43
v 44 -45 46 47 -48 -49 -50 51 52 53 54 55 -56 -57 -58 -59 -60 0
c Answer: 3664
v -1 -2 3 -4 -5 -6 7 8 9 -10 -11 -12 13 14 15 16 -17 18 -19 -20 -21 22 23
v 24 -25 -26 -27 28 -29 -30 -31 -32 33 -34 -35 36 37 -38 39 40 41 -42 43
v 44 -45 46 47 48 -49 -50 51 52 53 54 55 -56 -57 -58 -59 -60 0
c Answer: 3665
v 1 -2 -3 -4 5 6 7 8 -9 -10 11 -12 -13 -14 15 16 -17 18 -19 -20 -21 22 23
v -24 -25 -26 -27 28 -29 -30 -31 -32 33 -34 -35 36 37 -38 39 40 41 -42 43
v -44 45 46 47 -48 -49 -50 51 52 -53 54 55 56 -57 -58 -59 -60 0
c Answer: 3666
v -1 -2 3 -4 -5 -6 7 8 9 -10 -11 -12 13 14 15 16 -17 18 -19 -20 -21 22 23
v -24 -25 -26 -27 28 -29 -30 -31 -32 33 -34 -35 36 37 -38 39 40 41 -42 43
v -44 -45 46 47 -48 -49 -50 51 52 53 54 55 56 -57 -58 -59 -60 0
c Answer: 3667
v 1 -2 -3 -4 5 6 7 8 -9 -10 11 -12 -13 -14 15 16 -17 18 -19 -20 -21 22 23
v -24 -25 -26 -27 28 -29 -30 -31 -32 33 -34 -35 36 37 -38 39 40 41 -42 43
v 44 45 46 47 -48 -49 -50 51 52 -53 54 55 56 -57 -58 -59 -60 0
c Answer: 3668
v -1 -2 3 -4 -5 -6 7 8 9 -10 -11 -12 13 14 15 16 -17 18 -19 -20 -21 22 23
v -24 -25 -26 -27 28 -29 -30 -31 -32 33 -34 -35 36 37 -38 39 40 41 -42 43
v 44 -45 46 47 -48 -49 -50 51 52 53 54 55 56 -57 -58 -59 -60 0
c Answer: 3669
v 1 -2 -3 -4 5 6 7 8 -9 -10 11 -12 -13 -14 15 16 -17 18 -19 -20 -21 22 23
v 24 -25 -26 -27 28 -29 -30 -31 -32 33 -34 -35 36 37 -38 39 40 41 -42 43
v -44 45 46 47 -48 -49 -50 51 52 -53 54 55 56 -57 -58 -59 -60 0
c Answer: 3670
v 1 -2 -3 -4 5 6 7 8 -9 -10 11 -12 -13 -14 15 16 -17 18 -19 -20 -21 22 23
v 24 -25 -26 -27 28 -29 -30 -31 -32 33 -34 -35 36 37 -38 39 40 41 -42 43
v 44 45 46 47 -48 -49 -50 51 52 -53 54 55 56 -57 -58 -59 -60 0
c Answer: 3671
v -1 -2 3 -4 -5 -6 7 8 9 -10 -11 -12 13 14 15 16 -17 18 -19 -20 -21 22 23
v 24 -25 -26 -27 28 -29 -30 -31 -32 33 -34 -35 36 37 -38 39 40 41 -42 43
v -44 -45 46 47 -48 -49 -50 51 52 53 54 55 56 -57 -58 -59 -60 0
c Answer: 3672
v -1 -2 3 -4 -5 -6 7 8 9 -10 -11 -12 13 14 15 16 -17 18 -19 -20 -21 22 23
v 24 -25 -26 -27 28 -29 -30 -31 -32 33 -34 -35 36 37 -38 39 40 41 -42 43
v 44 -45 46 47 -48 -49 -50 51 52 53 54 55 56 -57 -58 -59 -60 0
c Answer: 3673
v 1 -2 -3 -4 5 6 7 8 -9 -10 11 -12 -13 -14 15 16 -17 18 -19 -20 -21 22 23
v -24 -25 -26 -27 28 -29 -30 -31 -32 33 -34 -35 36 37 -38 39 40 41 -42 43
v -44 45 46 47 48 -49 -50 51 52 -53 54 55 56 -57 -58 -59 -60 0
c Answer: 3674
v -1 -2 3 -4 -5 -6 7 8 9 -10 -11 -12 13 14 15 16 -17 18 -19 -20 -21 22 23
v -24 -25 -26 -27 28 -29 -30 -31 -32 33 -34 -35 36 37 -38 39 40 41 -42 43
v -44 -45 46 47 48 -49 -50 51 52 53 54 55 56 -57 -58 -59 -60 0
c Answer: 3675
v 1 -2 -3 -4 5 6 7 8 -9 -10 11 -12 -13 -14 15 16 -17 18 -19 -20 -21 22 23
v 24 -25 -26 -27 28 -29 -30 -31 -32 33 -34 -35 36 37 -38 39 40 41 -42 43
v -44 45 46 47 48 -49 -50 51 52 -53 54 55 56 -57 -58 -59 -60 0
c Answer: 3676
v -1 -2 3 -4 -5 -6 7 8 9 -10 -11 -12 13 14 15 16 -17 18 -19 -20 -21 22 23
v 24 -25 -26 -27 28 -29 -30 -31 -32 33 -34 -35 36 37 -38 39 40 41 -42 43
v -44 -45 46 47 48 -49 -50 51 52 53 54 55 56 -57 -58 -59 -60 0
c Answer: 3677
v 1 -2 -3 -4 5 6 7 8 -9 -10 11 -12 -13 -14 15 16 -17 18 -19 -20 -21 22 23
v -24 -25 -26 -27 28 -29 -30 -31 -32 33 -34 -35 36 37 -38 39 40 41 -42 43
v 44 45 46 47 48 -49 -50 51 52 -53 54 55 56 -57 -58 -59 -60 0
c Answer: 3678
v 1 -2 -3 -4 5 6 7 8 -9 -10 11 -12 -13 -14 15 16 -17 18 -19 -20 -21 22 23
v 24 -25 -26 -27 28 -29 -30 -31 -32 33 -34 -35 36 37 -38 39 40 41 -42 43
v 44 45 46 47 48 -49 -50 51 52 -53 54 55 56 -57 -58 -59 -60 0
c Answer: 3679
v -1 -2 3 -4 -5 -6 7 8 9 -10 -11 -12 13 14 15 16 -17 18 -19 -20 -21 22 23
v -24 -25 -26 -27 28 -29 -30 -31 -32 33 -34 -35 36 37 -38 39 40 41 -42 43
v 44 -45 46 47 48 -49 -50 51 52 53 54 55 56 -57 -58 -59 -60 0
c Answer: 3680
v -1 -2 3 -4 -5 -6 7 8 9 -10 -11 -12 13 14 15 16 -17 18 -19 -20 -21 22 23
v 24 -25 -26 -27 28 -29 -30 -31 -32 33 -34 -35 36 37 -38 39 40 41 -42 43
v 44 -45 46 47 48 -49 -50 51 52 53 54 55 56 -57 -58 -59 -60 0
c Answer: 3681
v 1 -2 -3 -4 5 6 7 8 -9 -10 11 -12 -13 -14 15 16 -17 18 -19 -20 -21 22 23
v -24 -25 -26 -27 28 -29 -30 -31 32 33 -34 -35 36 37 -38 39 40 41 -42 43
v -44 45 46 47 -48 -49 -50 51 52 -53 54 55 -56 -57 -58 -59 -60 0
c Answer: 3682
v -1 -2 3 -4 -5 -6 7 8 9 -10 -11 -12 13 14 15 16 -17 18 -19 -20 -21 22 23
v -24 -25 -26 -27 28 -29 -30 -31 32 33 -34 -35 36 37 -38 39 40 41 -42 43
v -44 -45 46 47 -48 -49 -50 51 52 53 54 55 -56 -57 -58 -59 -60 0
c Answer: 3683
v 1 -2 -3 -4 5 6 7 8 -9 -10 11 -12 -13 -14 15 16 -17 18 -19 -20 -21 22 23
v -24 -25 -26 -27 28 -29 -30 -31 32 33 -34 -35 36 37 -38 39 40 41 -42 43
v -44 45 46 47 -48 -49 -50 51 52 -53 54 55 56 -57 -58 -59 -60 0
c Answer: 3684
v -1 -2 3 -4 -5 -6 7 8 9 -10 -11 -12 13 14 15 16 -17 18 -19 -20 -21 22 23
v -24 -25 -26 -27 28 -29 -30 -31 32 33 -34 -35 36 37 -38 39 40 41 -42 43
v -44 -45 46 47 -48 -49 -50 51 52 53 54 55 56 -57 -58 -59 -60 0
c Answer: 3685
v 1 -2 -3 -4 5 6 7 8 -9 -10 11 -12 -13 -14 15 16 -17 18 -19 -20 -21 22 23
v -24 -25 -26 -27 28 -29 -30 -31 32 33 -34 -35 36 37 -38 39 40 41 -42 43
v -44 45 46 47 48 -49 -50 51 52 -53 54 55 -56 -57 -58 -59 -60 0
c Answer: 3686
v 1 -2 -3 -4 5 6 7 8 -9 -10 11 -12 -13 -14 15 16 -17 18 -19 -20 -21 22 23
v -24 -25 -26 -27 28 -29 -30 -31 32 33 -34 -35 36 37 -38 39 40 41 -42 43
v -44 45 46 47 48 -49 -50 51 52 -53 54 55 56 -57 -58 -59 -60 0
c Answer: 3687
v -1 -2 3 -4 -5 -6 7 8 9 -10 -11 -12 13 14 15 16 -17 18 -19 -20 -21 22 23
v -24 -25 -26 -27 28 -29 -30 -31 32 33 -34 -35 36 37 -38 39 40 41 -42 43
v -44 -45 46 47 48 -49 -50 51 52 53 54 55 -56 -57 -58 -59 -60 0
c Answer: 3688
v -1 -2 3 -4 -5 -6 7 8 9 -10 -11 -12 13 14 15 16 -17 18 -19 -20 -21 22 23
v -24 -25 -26 -27 28 -29 -30 -31 32 33 -34 -35 36 37 -38 39 40 41 -42 43
v -44 -45 46 47 48 -49 -50 51 52 53 54 55 56 -57 -58 -59 -60 0
c Answer: 3689
v 1 -2 -3 -4 5 6 7 8 -9 -10 11 -12 -13 -14 15 16 -17 18 -19 -20 -21 22 23
v -24 -25 -26 -27 28 -29 -30 -31 32 33 -34 -35 36 37 -38 39 40 41 -42 43
v 44 45 46 47 -48 -49 -50 51 52 -53 54 55 -56 -57 -58 -59 -60 0
c Answer: 3690
v -1 -2 3 -4 -5 -6 7 8 9 -10 -11 -12 13 14 15 16 -17 18 -19 -20 -21 22 23
v -24 -25 -26 -27 28 -29 -30 -31 32 33 -34 -35 36 37 -38 39 40 41 -42 43
v 44 -45 46 47 -48 -49 -50 51 52 53 54 55 -56 -57 -58 -59 -60 0
c Answer: 3691
v 1 -2 -3 -4 5 6 7 8 -9 -10 11 -12 -13 -14 15 16 -17 18 -19 -20 -21 22 23
v -24 -25 -26 -27 28 -29 -30 -31 32 33 -34 -35 36 37 -38 39 40 41 -42 43
v 44 45 46 47 48 -49 -50 51 52 -53 54 55 -56 -57 -58 -59 -60 0
c Answer: 3692
v -1 -2 3 -4 -5 -6 7 8 9 -10 -11 -12 13 14 15 16 -17 18 -19 -20 -21 22 23
v -24 -25 -26 -27 28 -29 -30 -31 32 33 -34 -35 36 37 -38 39 40 41 -42 43
v 44 -45 46 47 48 -49 -50 51 52 53 54 55 -56 -57 -58 -59 -60 0
c Answer: 3693
v 1 -2 -3 -4 5 6 7 8 -9 -10 11 -12 -13 -14 15 16 -17 18 -19 -20 -21 22 23
v -24 -25 -26 -27 28 -29 -30 -31 32 33 -34 -35 36 37 -38 39 40 41 -42 43
v 44 45 46 47 -48 -49 -50 51 52 -53 54 55 56 -57 -58 -59 -60 0
c Answer: 3694
v 1 -2 -3 -4 5 6 7 8 -9 -10 11 -12 -13 -14 15 16 -17 18 -19 -20 -21 22 23
v -24 -25 -26 -27 28 -29 -30 -31 32 33 -34 -35 36 37 -38 39 40 41 -42 43
v 44 45 46 47 48 -49 -50 51 52 -53 54 55 56 -57 -58 -59 -60 0
c Answer: 3695
v -1 -2 3 -4 -5 -6 7 8 9 -10 -11 -12 13 14 15 16 -17 18 -19 -20 -21 22 23
v -24 -25 -26 -27 28 -29 -30 -31 32 33 -34 -35 36 37 -38 39 40 41 -42 43
v 44 -45 46 47 -48 -49 -50 51 52 53 54 55 56 -57 -58 -59 -60 0
c Answer: 3696
v -1 -2 3 -4 -5 -6 7 8 9 -10 -11 -12 13 14 15 16 -17 18 -19 -20 -21 22 23
v -24 -25 -26 -27 28 -29 -30 -31 32 33 -34 -35 36 37 -38 39 40 41 -42 43
v 44 -45 46 47 48 -49 -50 51 52 53 54 55 56 -57 -58 -59 -60 0
c Answer: 3697
v 1 -2 -3 -4 5 6 7 8 -9 -10 11 -12 -13 -14 15 16 -17 18 -19 -20 -21 22 23
v 24 -25 -26 -27 28 -29 -30 -31 32 33 -34 -35 36 37 -38 39 40 41 -42 43 -44
v 45 46 47 -48 -49 -50 51 52 -53 54 55 -56 -57 -58 -59 -60 0
c Answer: 3698
v -1 -2 3 -4 -5 -6 7 8 9 -10 -11 -12 13 14 15 16 -17 18 -19 -20 -21 22 23
v 24 -25 -26 -27 28 -29 -30 -31 32 33 -34 -35 36 37 -38 39 40 41 -42 43 -44
v -45 46 47 -48 -49 -50 51 52 53 54 55 -56 -57 -58 -59 -60 0
c Answer: 3699
v 1 -2 -3 -4 5 6 7 8 -9 -10 11 -12 -13 -14 15 16 -17 18 -19 -20 -21 22 23
v 24 -25 -26 -27 28 -29 -30 -31 32 33 -34 -35 36 37 -38 39 40 41 -42 43 44
v 45 46 47 -48 -49 -50 51 52 -53 54 55 -56 -57 -58 -59 -60 0
c Answer: 3700
v -1 -2 3 -4 -5 -6 7 8 9 -10 -11 -12 13 14 15 16 -17 18 -19 -20 -21 22 23
v 24 -25 -26 -27 28 -29 -30 -31 32 33 -34 -35 36 37 -38 39 40 41 -42 43 44
v -45 46 47 -48 -49 -50 51 52 53 54 55 -56 -57 -58 -59 -60 0
c Answer: 3701
v 1 -2 -3 -4 5 6 7 8 -9 -10 11 -12 -13 -14 15 16 -17 18 -19 -20 -21 22 23
v 24 -25 -26 -27 28 -29 -30 -31 32 33 -34 -35 36 37 -38 39 40 41 -42 43 -44
v 45 46 47 -48 -49 -50 51 52 -53 54 55 56 -57 -58 -59 -60 0
c Answer: 3702
v 1 -2 -3 -4 5 6 7 8 -9 -10 11 -12 -13 -14 15 16 -17 18 -19 -20 -21 22 23
v 24 -25 -26 -27 28 -29 -30 -31 32 33 -34 -35 36 37 -38 39 40 41 -42 43 44
v 45 46 47 -48 -49 -50 51 52 -53 54 55 56 -57 -58 -59 -60 0
c Answer: 3703
v -1 -2 3 -4 -5 -6 7 8 9 -10 -11 -12 13 14 15 16 -17 18 -19 -20 -21 22 23
v 24 -25 -26 -27 28 -29 -30 -31 32 33 -34 -35 36 37 -38 39 40 41 -42 43 -44
v -45 46 47 -48 -49 -50 51 52 53 54 55 56 -57 -58 -59 -60 0
c Answer: 3704
v -1 -2 3 -4 -5 -6 7 8 9 -10 -11 -12 13 14 15 16 -17 18 -19 -20 -21 22 23
v 24 -25 -26 -27 28 -29 -30 -31 32 33 -34 -35 36 37 -38 39 40 41 -42 43 44
v -45 46 47 -48 -49 -50 51 52 53 54 55 56 -57 -58 -59 -60 0
c Answer: 3705
v 1 -2 -3 -4 5 6 7 8 -9 -10 11 -12 -13 -14 15 16 -17 18 -19 -20 -21 22 23
v 24 -25 -26 -27 28 -29 -30 -31 32 33 -34 -35 36 37 -38 39 40 41 -42 43 -44
v 45 46 47 48 -49 -50 51 52 -53 54 55 -56 -57 -58 -59 -60 0
c Answer: 3706
v -1 -2 3 -4 -5 -6 7 8 9 -10 -11 -12 13 14 15 16 -17 18 -19 -20 -21 22 23
v 24 -25 -26 -27 28 -29 -30 -31 32 33 -34 -35 36 37 -38 39 40 41 -42 43 -44
v -45 46 47 48 -49 -50 51 52 53 54 55 -56 -57 -58 -59 -60 0
c Answer: 3707
v 1 -2 -3 -4 5 6 7 8 -9 -10 11 -12 -13 -14 15 16 -17 18 -19 -20 -21 22 23
v 24 -25 -26 -27 28 -29 -30 -31 32 33 -34 -35 36 37 -38 39 40 41 -42 43 -44
v 45 46 47 48 -49 -50 51 52 -53 54 55 56 -57 -58 -59 -60 0
c Answer: 3708
v -1 -2 3 -4 -5 -6 7 8 9 -10 -11 -12 13 14 15 16 -17 18 -19 -20 -21 22 23
v 24 -25 -26 -27 28 -29 -30 -31 32 33 -34 -35 36 37 -38 39 40 41 -42 43 -44
v -45 46 47 48 -49 -50 51 52 53 54 55 56 -57 -58 -59 -60 0
c Answer: 3709
v 1 -2 -3 -4 5 6 7 8 -9 -10 11 -12 -13 -14 15 16 -17 18 -19 -20 -21 22 23
v 24 -25 -26 -27 28 -29 -30 -31 32 33 -34 -35 36 37 -38 39 40 41 -42 43 44
v 45 46 47 48 -49 -50 51 52 -53 54 55 -56 -57 -58 -59 -60 0
c Answer: 3710
v 1 -2 -3 -4 5 6 7 8 -9 -10 11 -12 -13 -14 15 16 -17 18 -19 -20 -21 22 23
v 24 -25 -26 -27 28 -29 -30 -31 32 33 -34 -35 36 37 -38 39 40 41 -42 43 44
v 45 46 47 48 -49 -50 51 52 -53 54 55 56 -57 -58 -59 -60 0
c Answer: 3711
v -1 -2 3 -4 -5 -6 7 8 9 -10 -11 -12 13 14 15 16 -17 18 -19 -20 -21 22 23
v 24 -25 -26 -27 28 -29 -30 -31 32 33 -34 -35 36 37 -38 39 40 41 -42 43 44
v -45 46 47 48 -49 -50 51 52 53 54 55 -56 -57 -58 -59 -60 0
c Answer: 3712
v -1 -2 3 -4 -5 -6 7 8 9 -10 -11 -12 13 14 15 16 -17 18 -19 -20 -21 22 23
v 24 -25 -26 -27 28 -29 -30 -31 32 33 -34 -35 36 37 -38 39 40 41 -42 43 44
v -45 46 47 48 -49 -50 51 52 53 54 55 56 -57 -58 -59 -60 0
c Answer: 3713
v 1 -2 -3 -4 5 6 7 8 -9 -10 11 -12 -13 -14 15 16 -17 18 -19 -20 -21 22 23
v -24 -25 -26 -27 28 -29 -30 -31 -32 33 -34 -35 36 37 -38 39 40 41 42 -43
v -44 45 46 47 -48 -49 -50 51 52 -53 54 55 -56 -57 -58 -59 -60 0
c Answer: 3714
v -1 -2 3 -4 -5 -6 7 8 9 -10 -11 -12 13 14 15 16 -17 18 -19 -20 -21 22 23
v -24 -25 -26 -27 28 -29 -30 -31 -32 33 -34 -35 36 37 -38 39 40 41 42 -43
v -44 -45 46 47 -48 -49 -50 51 52 53 54 55 -56 -57 -58 -59 -60 0
c Answer: 3715
v 1 -2 -3 -4 5 6 7 8 -9 -10 11 -12 -13 -14 15 16 -17 18 -19 -20 -21 22 23
v -24 -25 -26 -27 28 -29 -30 -31 -32 33 -34 -35 36 37 -38 39 40 41 42 43
v -44 45 46 47 -48 -49 -50 51 52 -53 54 55 -56 -57 -58 -59 -60 0
c Answer: 3716
v -1 -2 3 -4 -5 -6 7 8 9 -10 -11 -12 13 14 15 16 -17 18 -19 -20 -21 22 23
v -24 -25 -26 -27 28 -29 -30 -31 -32 33 -34 -35 36 37 -38 39 40 41 42 43
v -44 -45 46 47 -48 -49 -50 51 52 53 54 55 -56 -57 -58 -59 -60 0
c Answer: 3717
v 1 -2 -3 -4 5 6 7 8 -9 -10 11 -12 -13 -14 15 16 -17 18 -19 -20 -21 22 23
v -24 -25 -26 -27 28 -29 -30 -31 32 33 -34 -35 36 37 -38 39 40 41 42 -43
v -44 45 46 47 -48 -49 -50 51 52 -53 54 55 -56 -57 -58 -59 -60 0
c Answer: 3718
v 1 -2 -3 -4 5 6 7 8 -9 -10 11 -12 -13 -14 15 16 -17 18 -19 -20 -21 22 23
v -24 -25 -26 -27 28 -29 -30 -31 32 33 -34 -35 36 37 -38 39 40 41 42 43 -44
v 45 46 47 -48 -49 -50 51 52 -53 54 55 -56 -57 -58 -59 -60 0
c Answer: 3719
v -1 -2 3 -4 -5 -6 7 8 9 -10 -11 -12 13 14 15 16 -17 18 -19 -20 -21 22 23
v -24 -25 -26 -27 28 -29 -30 -31 32 33 -34 -35 36 37 -38 39 40 41 42 -43
v -44 -45 46 47 -48 -49 -50 51 52 53 54 55 -56 -57 -58 -59 -60 0
c Answer: 3720
v -1 -2 3 -4 -5 -6 7 8 9 -10 -11 -12 13 14 15 16 -17 18 -19 -20 -21 22 23
v -24 -25 -26 -27 28 -29 -30 -31 32 33 -34 -35 36 37 -38 39 40 41 42 43 -44
v -45 46 47 -48 -49 -50 51 52 53 54 55 -56 -57 -58 -59 -60 0
c Answer: 3721
v 1 -2 -3 -4 5 6 7 8 -9 -10 11 -12 -13 -14 15 16 -17 18 -19 -20 -21 22 23
v 24 -25 -26 -27 28 -29 -30 -31 -32 33 -34 -35 36 37 -38 39 40 41 42 -43
v -44 45 46 47 -48 -49 -50 51 52 -53 54 55 -56 -57 -58 -59 -60 0
c Answer: 3722
v -1 -2 3 -4 -5 -6 7 8 9 -10 -11 -12 13 14 15 16 -17 18 -19 -20 -21 22 23
v 24 -25 -26 -27 28 -29 -30 -31 -32 33 -34 -35 36 37 -38 39 40 41 42 -43
v -44 -45 46 47 -48 -49 -50 51 52 53 54 55 -56 -57 -58 -59 -60 0
c Answer: 3723
v 1 -2 -3 -4 5 6 7 8 -9 -10 11 -12 -13 -14 15 16 -17 18 -19 -20 -21 22 23
v 24 -25 -26 -27 28 -29 -30 -31 32 33 -34 -35 36 37 -38 39 40 41 42 -43 -44
v 45 46 47 -48 -49 -50 51 52 -53 54 55 -56 -57 -58 -59 -60 0
c Answer: 3724
v -1 -2 3 -4 -5 -6 7 8 9 -10 -11 -12 13 14 15 16 -17 18 -19 -20 -21 22 23
v 24 -25 -26 -27 28 -29 -30 -31 32 33 -34 -35 36 37 -38 39 40 41 42 -43 -44
v -45 46 47 -48 -49 -50 51 52 53 54 55 -56 -57 -58 -59 -60 0
c Answer: 3725
v 1 -2 -3 -4 5 6 7 8 -9 -10 11 -12 -13 -14 15 16 -17 18 -19 -20 -21 22 23
v 24 -25 -26 -27 28 -29 -30 -31 -32 33 -34 -35 36 37 -38 39 40 41 42 43 -44
v 45 46 47 -48 -49 -50 51 52 -53 54 55 -56 -57 -58 -59 -60 0
c Answer: 3726
v 1 -2 -3 -4 5 6 7 8 -9 -10 11 -12 -13 -14 15 16 -17 18 -19 -20 -21 22 23
v 24 -25 -26 -27 28 -29 -30 -31 32 33 -34 -35 36 37 -38 39 40 41 42 43 -44
v 45 46 47 -48 -49 -50 51 52 -53 54 55 -56 -57 -58 -59 -60 0
c Answer: 3727
v -1 -2 3 -4 -5 -6 7 8 9 -10 -11 -12 13 14 15 16 -17 18 -19 -20 -21 22 23
v 24 -25 -26 -27 28 -29 -30 -31 -32 33 -34 -35 36 37 -38 39 40 41 42 43 -44
v -45 46 47 -48 -49 -50 51 52 53 54 55 -56 -57 -58 -59 -60 0
c Answer: 3728
v -1 -2 3 -4 -5 -6 7 8 9 -10 -11 -12 13 14 15 16 -17 18 -19 -20 -21 22 23
v 24 -25 -26 -27 28 -29 -30 -31 32 33 -34 -35 36 37 -38 39 40 41 42 43 -44
v -45 46 47 -48 -49 -50 51 52 53 54 55 -56 -57 -58 -59 -60 0
c Answer: 3729
v 1 -2 -3 -4 5 6 7 8 -9 -10 11 -12 -13 -14 15 16 -17 18 -19 -20 -21 22 23
v -24 -25 -26 -27 28 -29 -30 -31 -32 33 -34 -35 36 37 -38 39 40 41 42 -43
v -44 45 46 47 48 -49 -50 51 52 -53 54 55 -56 -57 -58 -59 -60 0
c Answer: 3730
v -1 -2 3 -4 -5 -6 7 8 9 -10 -11 -12 13 14 15 16 -17 18 -19 -20 -21 22 23
v -24 -25 -26 -27 28 -29 -30 -31 -32 33 -34 -35 36 37 -38 39 40 41 42 -43
v -44 -45 46 47 48 -49 -50 51 52 53 54 55 -56 -57 -58 -59 -60 0
c Answer: 3731
v 1 -2 -3 -4 5 6 7 8 -9 -10 11 -12 -13 -14 15 16 -17 18 -19 -20 -21 22 23
v 24 -25 -26 -27 28 -29 -30 -31 -32 33 -34 -35 36 37 -38 39 40 41 42 -43
v -44 45 46 47 48 -49 -50 51 52 -53 54 55 -56 -57 -58 -59 -60 0
c Answer: 3732
v -1 -2 3 -4 -5 -6 7 8 9 -10 -11 -12 13 14 15 16 -17 18 -19 -20 -21 22 23
v 24 -25 -26 -27 28 -29 -30 -31 -32 33 -34 -35 36 37 -38 39 40 41 42 -43
v -44 -45 46 47 48 -49 -50 51 52 53 54 55 -56 -57 -58 -59 -60 0
c Answer: 3733
v 1 -2 -3 -4 5 6 7 8 -9 -10 11 -12 -13 -14 15 16 -17 18 -19 -20 -21 22 23
v -24 -25 -26 -27 28 -29 -30 -31 -32 33 -34 -35 36 37 -38 39 40 41 42 43
v -44 45 46 47 48 -49 -50 51 52 -53 54 55 -56 -57 -58 -59 -60 0
c Answer: 3734
v 1 -2 -3 -4 5 6 7 8 -9 -10 11 -12 -13 -14 15 16 -17 18 -19 -20 -21 22 23
v 24 -25 -26 -27 28 -29 -30 -31 -32 33 -34 -35 36 37 -38 39 40 41 42 43 -44
v 45 46 47 48 -49 -50 51 52 -53 54 55 -56 -57 -58 -59 -60 0
c Answer: 3735
v -1 -2 3 -4 -5 -6 7 8 9 -10 -11 -12 13 14 15 16 -17 18 -19 -20 -21 22 23
v -24 -25 -26 -27 28 -29 -30 -31 -32 33 -34 -35 36 37 -38 39 40 41 42 43
v -44 -45 46 47 48 -49 -50 51 52 53 54 55 -56 -57 -58 -59 -60 0
c Answer: 3736
v -1 -2 3 -4 -5 -6 7 8 9 -10 -11 -12 13 14 15 16 -17 18 -19 -20 -21 22 23
v 24 -25 -26 -27 28 -29 -30 -31 -32 33 -34 -35 36 37 -38 39 40 41 42 43 -44
v -45 46 47 48 -49 -50 51 52 53 54 55 -56 -57 -58 -59 -60 0
c Answer: 3737
v 1 -2 -3 -4 5 6 7 8 -9 -10 11 -12 -13 -14 15 16 -17 18 -19 -20 -21 22 23
v -24 -25 -26 -27 28 -29 -30 -31 32 33 -34 -35 36 37 -38 39 40 41 42 -43
v -44 45 46 47 48 -49 -50 51 52 -53 54 55 -56 -57 -58 -59 -60 0
c Answer: 3738
v -1 -2 3 -4 -5 -6 7 8 9 -10 -11 -12 13 14 15 16 -17 18 -19 -20 -21 22 23
v -24 -25 -26 -27 28 -29 -30 -31 32 33 -34 -35 36 37 -38 39 40 41 42 -43
v -44 -45 46 47 48 -49 -50 51 52 53 54 55 -56 -57 -58 -59 -60 0
c Answer: 3739
v 1 -2 -3 -4 5 6 7 8 -9 -10 11 -12 -13 -14 15 16 -17 18 -19 -20 -21 22 23
v -24 -25 -26 -27 28 -29 -30 -31 32 33 -34 -35 36 37 -38 39 40 41 42 43 -44
v 45 46 47 48 -49 -50 51 52 -53 54 55 -56 -57 -58 -59 -60 0
c Answer: 3740
v -1 -2 3 -4 -5 -6 7 8 9 -10 -11 -12 13 14 15 16 -17 18 -19 -20 -21 22 23
v -24 -25 -26 -27 28 -29 -30 -31 32 33 -34 -35 36 37 -38 39 40 41 42 43 -44
v -45 46 47 48 -49 -50 51 52 53 54 55 -56 -57 -58 -59 -60 0
c Answer: 3741
v 1 -2 -3 -4 5 6 7 8 -9 -10 11 -12 -13 -14 15 16 -17 18 -19 -20 -21 22 23
v 24 -25 -26 -27 28 -29 -30 -31 32 33 -34 -35 36 37 -38 39 40 41 42 -43 -44
v 45 46 47 48 -49 -50 51 52 -53 54 55 -56 -57 -58 -59 -60 0
c Answer: 3742
v 1 -2 -3 -4 5 6 7 8 -9 -10 11 -12 -13 -14 15 16 -17 18 -19 -20 -21 22 23
v 24 -25 -26 -27 28 -29 -30 -31 32 33 -34 -35 36 37 -38 39 40 41 42 43 -44
v 45 46 47 48 -49 -50 51 52 -53 54 55 -56 -57 -58 -59 -60 0
c Answer: 3743
v -1 -2 3 -4 -5 -6 7 8 9 -10 -11 -12 13 14 15 16 -17 18 -19 -20 -21 22 23
v 24 -25 -26 -27 28 -29 -30 -31 32 33 -34 -35 36 37 -38 39 40 41 42 -43 -44
v -45 46 47 48 -49 -50 51 52 53 54 55 -56 -57 -58 -59 -60 0
c Answer: 3744
v -1 -2 3 -4 -5 -6 7 8 9 -10 -11 -12 13 14 15 16 -17 18 -19 -20 -21 22 23
v 24 -25 -26 -27 28 -29 -30 -31 32 33 -34 -35 36 37 -38 39 40 41 42 43 -44
v -45 46 47 48 -49 -50 51 52 53 54 55 -56 -57 -58 -59 -60 0
c Answer: 3745
v 1 -2 -3 -4 5 6 7 8 -9 -10 11 -12 -13 -14 15 16 -17 18 -19 -20 -21 22 23
v -24 -25 -26 -27 28 -29 -30 -31 -32 33 -34 -35 36 37 -38 39 40 41 42 -43
v 44 45 46 47 -48 -49 -50 51 52 -53 54 55 -56 -57 -58 -59 -60 0
c Answer: 3746
v -1 -2 3 -4 -5 -6 7 8 9 -10 -11 -12 13 14 15 16 -17 18 -19 -20 -21 22 23
v -24 -25 -26 -27 28 -29 -30 -31 -32 33 -34 -35 36 37 -38 39 40 41 42 -43
v 44 -45 46 47 -48 -49 -50 51 52 53 54 55 -56 -57 -58 -59 -60 0
c Answer: 3747
v 1 -2 -3 -4 5 6 7 8 -9 -10 11 -12 -13 -14 15 16 -17 18 -19 -20 -21 22 23
v -24 -25 -26 -27 28 -29 -30 -31 -32 33 -34 -35 36 37 -38 39 40 41 42 -43
v 44 45 46 47 48 -49 -50 51 52 -53 54 55 -56 -57 -58 -59 -60 0
c Answer: 3748
v -1 -2 3 -4 -5 -6 7 8 9 -10 -11 -12 13 14 15 16 -17 18 -19 -20 -21 22 23
v -24 -25 -26 -27 28 -29 -30 -31 -32 33 -34 -35 36 37 -38 39 40 41 42 -43
v 44 -45 46 47 48 -49 -50 51 52 53 54 55 -56 -57 -58 -59 -60 0
c Answer: 3749
v 1 -2 -3 -4 5 6 7 8 -9 -10 11 -12 -13 -14 15 16 -17 18 -19 -20 -21 22 23
v -24 -25 -26 -27 28 -29 -30 -31 32 33 -34 -35 36 37 -38 39 40 41 42 -43
v 44 45 46 47 -48 -49 -50 51 52 -53 54 55 -56 -57 -58 -59 -60 0
c Answer: 3750
v 1 -2 -3 -4 5 6 7 8 -9 -10 11 -12 -13 -14 15 16 -17 18 -19 -20 -21 22 23
v -24 -25 -26 -27 28 -29 -30 -31 32 33 -34 -35 36 37 -38 39 40 41 42 -43
v 44 45 46 47 48 -49 -50 51 52 -53 54 55 -56 -57 -58 -59 -60 0
c Answer: 3751
v -1 -2 3 -4 -5 -6 7 8 9 -10 -11 -12 13 14 15 16 -17 18 -19 -20 -21 22 23
v -24 -25 -26 -27 28 -29 -30 -31 32 33 -34 -35 36 37 -38 39 40 41 42 -43
v 44 -45 46 47 -48 -49 -50 51 52 53 54 55 -56 -57 -58 -59 -60 0
c Answer: 3752
v -1 -2 3 -4 -5 -6 7 8 9 -10 -11 -12 13 14 15 16 -17 18 -19 -20 -21 22 23
v -24 -25 -26 -27 28 -29 -30 -31 32 33 -34 -35 36 37 -38 39 40 41 42 -43
v 44 -45 46 47 48 -49 -50 51 52 53 54 55 -56 -57 -58 -59 -60 0
c Answer: 3753
v 1 -2 -3 -4 5 6 7 8 -9 -10 11 -12 -13 -14 15 16 -17 18 -19 -20 -21 22 23
v 24 -25 -26 -27 28 -29 -30 -31 -32 33 -34 -35 36 37 -38 39 40 41 42 -43
v 44 45 46 47 -48 -49 -50 51 52 -53 54 55 -56 -57 -58 -59 -60 0
c Answer: 3754
v -1 -2 3 -4 -5 -6 7 8 9 -10 -11 -12 13 14 15 16 -17 18 -19 -20 -21 22 23
v 24 -25 -26 -27 28 -29 -30 -31 -32 33 -34 -35 36 37 -38 39 40 41 42 -43
v 44 -45 46 47 -48 -49 -50 51 52 53 54 55 -56 -57 -58 -59 -60 0
c Answer: 3755
v 1 -2 -3 -4 5 6 7 8 -9 -10 11 -12 -13 -14 15 16 -17 18 -19 -20 -21 22 23
v 24 -25 -26 -27 28 -29 -30 -31 32 33 -34 -35 36 37 -38 39 40 41 42 -43 44
v 45 46 47 -48 -49 -50 51 52 -53 54 55 -56 -57 -58 -59 -60 0
c Answer: 3756
v -1 -2 3 -4 -5 -6 7 8 9 -10 -11 -12 13 14 15 16 -17 18 -19 -20 -21 22 23
v 24 -25 -26 -27 28 -29 -30 -31 32 33 -34 -35 36 37 -38 39 40 41 42 -43 44
v -45 46 47 -48 -49 -50 51 52 53 54 55 -56 -57 -58 -59 -60 0
c Answer: 3757
v 1 -2 -3 -4 5 6 7 8 -9 -10 11 -12 -13 -14 15 16 -17 18 -19 -20 -21 22 23
v 24 -25 -26 -27 28 -29 -30 -31 -32 33 -34 -35 36 37 -38 39 40 41 42 -43
v 44 45 46 47 48 -49 -50 51 52 -53 54 55 -56 -57 -58 -59 -60 0
c Answer: 3758
v 1 -2 -3 -4 5 6 7 8 -9 -10 11 -12 -13 -14 15 16 -17 18 -19 -20 -21 22 23
v 24 -25 -26 -27 28 -29 -30 -31 32 33 -34 -35 36 37 -38 39 40 41 42 -43 44
v 45 46 47 48 -49 -50 51 52 -53 54 55 -56 -57 -58 -59 -60 0
c Answer: 3759
v -1 -2 3 -4 -5 -6 7 8 9 -10 -11 -12 13 14 15 16 -17 18 -19 -20 -21 22 23
v 24 -25 -26 -27 28 -29 -30 -31 -32 33 -34 -35 36 37 -38 39 40 41 42 -43
v 44 -45 46 47 48 -49 -50 51 52 53 54 55 -56 -57 -58 -59 -60 0
c Answer: 3760
v -1 -2 3 -4 -5 -6 7 8 9 -10 -11 -12 13 14 15 16 -17 18 -19 -20 -21 22 23
v 24 -25 -26 -27 28 -29 -30 -31 32 33 -34 -35 36 37 -38 39 40 41 42 -43 44
v -45 46 47 48 -49 -50 51 52 53 54 55 -56 -57 -58 -59 -60 0
c Answer: 3761
v 1 -2 -3 -4 5 6 7 8 -9 -10 11 -12 -13 -14 15 16 -17 18 -19 -20 -21 22 23
v -24 -25 -26 -27 28 -29 -30 -31 -32 33 -34 -35 36 37 -38 39 40 41 42 43
v 44 45 46 47 -48 -49 -50 51 52 -53 54 55 -56 -57 -58 -59 -60 0
c Answer: 3762
v -1 -2 3 -4 -5 -6 7 8 9 -10 -11 -12 13 14 15 16 -17 18 -19 -20 -21 22 23
v -24 -25 -26 -27 28 -29 -30 -31 -32 33 -34 -35 36 37 -38 39 40 41 42 43
v 44 -45 46 47 -48 -49 -50 51 52 53 54 55 -56 -57 -58 -59 -60 0
c Answer: 3763
v 1 -2 -3 -4 5 6 7 8 -9 -10 11 -12 -13 -14 15 16 -17 18 -19 -20 -21 22 23
v 24 -25 -26 -27 28 -29 -30 -31 -32 33 -34 -35 36 37 -38 39 40 41 42 43 44
v 45 46 47 -48 -49 -50 51 52 -53 54 55 -56 -57 -58 -59 -60 0
c Answer: 3764
v -1 -2 3 -4 -5 -6 7 8 9 -10 -11 -12 13 14 15 16 -17 18 -19 -20 -21 22 23
v 24 -25 -26 -27 28 -29 -30 -31 -32 33 -34 -35 36 37 -38 39 40 41 42 43 44
v -45 46 47 -48 -49 -50 51 52 53 54 55 -56 -57 -58 -59 -60 0
c Answer: 3765
v 1 -2 -3 -4 5 6 7 8 -9 -10 11 -12 -13 -14 15 16 -17 18 -19 -20 -21 22 23
v -24 -25 -26 -27 28 -29 -30 -31 -32 33 -34 -35 36 37 -38 39 40 41 42 43
v 44 45 46 47 48 -49 -50 51 52 -53 54 55 -56 -57 -58 -59 -60 0
c Answer: 3766
v 1 -2 -3 -4 5 6 7 8 -9 -10 11 -12 -13 -14 15 16 -17 18 -19 -20 -21 22 23
v 24 -25 -26 -27 28 -29 -30 -31 -32 33 -34 -35 36 37 -38 39 40 41 42 43 44
v 45 46 47 48 -49 -50 51 52 -53 54 55 -56 -57 -58 -59 -60 0
c Answer: 3767
v -1 -2 3 -4 -5 -6 7 8 9 -10 -11 -12 13 14 15 16 -17 18 -19 -20 -21 22 23
v -24 -25 -26 -27 28 -29 -30 -31 -32 33 -34 -35 36 37 -38 39 40 41 42 43
v 44 -45 46 47 48 -49 -50 51 52 53 54 55 -56 -57 -58 -59 -60 0
c Answer: 3768
v -1 -2 3 -4 -5 -6 7 8 9 -10 -11 -12 13 14 15 16 -17 18 -19 -20 -21 22 23
v 24 -25 -26 -27 28 -29 -30 -31 -32 33 -34 -35 36 37 -38 39 40 41 42 43 44
v -45 46 47 48 -49 -50 51 52 53 54 55 -56 -57 -58 -59 -60 0
c Answer: 3769
v 1 -2 -3 -4 5 6 7 8 -9 -10 11 -12 -13 -14 15 16 -17 18 -19 -20 -21 22 23
v -24 -25 -26 -27 28 -29 -30 -31 32 33 -34 -35 36 37 -38 39 40 41 42 43 44
v 45 46 47 -48 -49 -50 51 52 -53 54 55 -56 -57 -58 -59 -60 0
c Answer: 3770
v -1 -2 3 -4 -5 -6 7 8 9 -10 -11 -12 13 14 15 16 -17 18 -19 -20 -21 22 23
v -24 -25 -26 -27 28 -29 -30 -31 32 33 -34 -35 36 37 -38 39 40 41 42 43 44
v -45 46 47 -48 -49 -50 51 52 53 54 55 -56 -57 -58 -59 -60 0
c Answer: 3771
v 1 -2 -3 -4 5 6 7 8 -9 -10 11 -12 -13 -14 15 16 -17 18 -19 -20 -21 22 23
v -24 -25 -26 -27 28 -29 -30 -31 32 33 -34 -35 36 37 -38 39 40 41 42 43 44
v 45 46 47 48 -49 -50 51 52 -53 54 55 -56 -57 -58 -59 -60 0
c Answer: 3772
v -1 -2 3 -4 -5 -6 7 8 9 -10 -11 -12 13 14 15 16 -17 18 -19 -20 -21 22 23
v -24 -25 -26 -27 28 -29 -30 -31 32 33 -34 -35 36 37 -38 39 40 41 42 43 44
v -45 46 47 48 -49 -50 51 52 53 54 55 -56 -57 -58 -59 -60 0
c Answer: 3773
v 1 -2 -3 -4 5 6 7 8 -9 -10 11 -12 -13 -14 15 16 -17 18 -19 -20 -21 22 23
v 24 -25 -26 -27 28 -29 -30 -31 32 33 -34 -35 36 37 -38 39 40 41 42 43 44
v 45 46 47 -48 -49 -50 51 52 -53 54 55 -56 -57 -58 -59 -60 0
c Answer: 3774
v 1 -2 -3 -4 5 6 7 8 -9 -10 11 -12 -13 -14 15 16 -17 18 -19 -20 -21 22 23
v 24 -25 -26 -27 28 -29 -30 -31 32 33 -34 -35 36 37 -38 39 40 41 42 43 44
v 45 46 47 48 -49 -50 51 52 -53 54 55 -56 -57 -58 -59 -60 0
c Answer: 3775
v -1 -2 3 -4 -5 -6 7 8 9 -10 -11 -12 13 14 15 16 -17 18 -19 -20 -21 22 23
v 24 -25 -26 -27 28 -29 -30 -31 32 33 -34 -35 36 37 -38 39 40 41 42 43 44
v -45 46 47 -48 -49 -50 51 52 53 54 55 -56 -57 -58 -59 -60 0
c Answer: 3776
v -1 -2 3 -4 -5 -6 7 8 9 -10 -11 -12 13 14 15 16 -17 18 -19 -20 -21 22 23
v 24 -25 -26 -27 28 -29 -30 -31 32 33 -34 -35 36 37 -38 39 40 41 42 43 44
v -45 46 47 48 -49 -50 51 52 53 54 55 -56 -57 -58 -59 -60 0
c Answer: 3777
v 1 -2 -3 -4 5 6 7 8 -9 -10 11 -12 -13 -14 15 16 -17 18 -19 -20 -21 22 23
v -24 -25 -26 -27 28 -29 -30 -31 -32 33 -34 -35 36 37 -38 39 40 41 42 -43
v -44 45 46 47 -48 -49 -50 51 52 -53 54 55 56 -57 -58 -59 -60 0
c Answer: 3778
v -1 -2 3 -4 -5 -6 7 8 9 -10 -11 -12 13 14 15 16 -17 18 -19 -20 -21 22 23
v -24 -25 -26 -27 28 -29 -30 -31 -32 33 -34 -35 36 37 -38 39 40 41 42 -43
v -44 -45 46 47 -48 -49 -50 51 52 53 54 55 56 -57 -58 -59 -60 0
c Answer: 3779
v 1 -2 -3 -4 5 6 7 8 -9 -10 11 -12 -13 -14 15 16 -17 18 -19 -20 -21 22 23
v -24 -25 -26 -27 28 -29 -30 -31 -32 33 -34 -35 36 37 -38 39 40 41 42 -43
v 44 45 46 47 -48 -49 -50 51 52 -53 54 55 56 -57 -58 -59 -60 0
c Answer: 3780
v -1 -2 3 -4 -5 -6 7 8 9 -10 -11 -12 13 14 15 16 -17 18 -19 -20 -21 22 23
v -24 -25 -26 -27 28 -29 -30 -31 -32 33 -34 -35 36 37 -38 39 40 41 42 -43
v 44 -45 46 47 -48 -49 -50 51 52 53 54 55 56 -57 -58 -59 -60 0
c Answer: 3781
v 1 -2 -3 -4 5 6 7 8 -9 -10 11 -12 -13 -14 15 16 -17 18 -19 -20 -21 22 23
v -24 -25 -26 -27 28 -29 -30 -31 -32 33 -34 -35 36 37 -38 39 40 41 42 43
v -44 45 46 47 -48 -49 -50 51 52 -53 54 55 56 -57 -58 -59 -60 0
c Answer: 3782
v 1 -2 -3 -4 5 6 7 8 -9 -10 11 -12 -13 -14 15 16 -17 18 -19 -20 -21 22 23
v -24 -25 -26 -27 28 -29 -30 -31 -32 33 -34 -35 36 37 -38 39 40 41 42 43
v 44 45 46 47 -48 -49 -50 51 52 -53 54 55 56 -57 -58 -59 -60 0
c Answer: 3783
v -1 -2 3 -4 -5 -6 7 8 9 -10 -11 -12 13 14 15 16 -17 18 -19 -20 -21 22 23
v -24 -25 -26 -27 28 -29 -30 -31 -32 33 -34 -35 36 37 -38 39 40 41 42 43
v -44 -45 46 47 -48 -49 -50 51 52 53 54 55 56 -57 -58 -59 -60 0
c Answer: 3784
v -1 -2 3 -4 -5 -6 7 8 9 -10 -11 -12 13 14 15 16 -17 18 -19 -20 -21 22 23
v -24 -25 -26 -27 28 -29 -30 -31 -32 33 -34 -35 36 37 -38 39 40 41 42 43
v 44 -45 46 47 -48 -49 -50 51 52 53 54 55 56 -57 -58 -59 -60 0
c Answer: 3785
v 1 -2 -3 -4 5 6 7 8 -9 -10 11 -12 -13 -14 15 16 -17 18 -19 -20 -21 22 23
v -24 -25 -26 -27 28 -29 -30 -31 32 33 -34 -35 36 37 -38 39 40 41 42 -43
v -44 45 46 47 -48 -49 -50 51 52 -53 54 55 56 -57 -58 -59 -60 0
c Answer: 3786
v -1 -2 3 -4 -5 -6 7 8 9 -10 -11 -12 13 14 15 16 -17 18 -19 -20 -21 22 23
v -24 -25 -26 -27 28 -29 -30 -31 32 33 -34 -35 36 37 -38 39 40 41 42 -43
v -44 -45 46 47 -48 -49 -50 51 52 53 54 55 56 -57 -58 -59 -60 0
c Answer: 3787
v 1 -2 -3 -4 5 6 7 8 -9 -10 11 -12 -13 -14 15 16 -17 18 -19 -20 -21 22 23
v -24 -25 -26 -27 28 -29 -30 -31 32 33 -34 -35 36 37 -38 39 40 41 42 43 -44
v 45 46 47 -48 -49 -50 51 52 -53 54 55 56 -57 -58 -59 -60 0
c Answer: 3788
v -1 -2 3 -4 -5 -6 7 8 9 -10 -11 -12 13 14 15 16 -17 18 -19 -20 -21 22 23
v -24 -25 -26 -27 28 -29 -30 -31 32 33 -34 -35 36 37 -38 39 40 41 42 43 -44
v -45 46 47 -48 -49 -50 51 52 53 54 55 56 -57 -58 -59 -60 0
c Answer: 3789
v 1 -2 -3 -4 5 6 7 8 -9 -10 11 -12 -13 -14 15 16 -17 18 -19 -20 -21 22 23
v -24 -25 -26 -27 28 -29 -30 -31 32 33 -34 -35 36 37 -38 39 40 41 42 -43
v 44 45 46 47 -48 -49 -50 51 52 -53 54 55 56 -57 -58 -59 -60 0
c Answer: 3790
v 1 -2 -3 -4 5 6 7 8 -9 -10 11 -12 -13 -14 15 16 -17 18 -19 -20 -21 22 23
v -24 -25 -26 -27 28 -29 -30 -31 32 33 -34 -35 36 37 -38 39 40 41 42 43 44
v 45 46 47 -48 -49 -50 51 52 -53 54 55 56 -57 -58 -59 -60 0
c Answer: 3791
v -1 -2 3 -4 -5 -6 7 8 9 -10 -11 -12 13 14 15 16 -17 18 -19 -20 -21 22 23
v -24 -25 -26 -27 28 -29 -30 -31 32 33 -34 -35 36 37 -38 39 40 41 42 -43
v 44 -45 46 47 -48 -49 -50 51 52 53 54 55 56 -57 -58 -59 -60 0
c Answer: 3792
v -1 -2 3 -4 -5 -6 7 8 9 -10 -11 -12 13 14 15 16 -17 18 -19 -20 -21 22 23
v -24 -25 -26 -27 28 -29 -30 -31 32 33 -34 -35 36 37 -38 39 40 41 42 43 44
v -45 46 47 -48 -49 -50 51 52 53 54 55 56 -57 -58 -59 -60 0
c Answer: 3793
v 1 -2 -3 -4 5 6 7 8 -9 -10 11 -12 -13 -14 15 16 -17 18 -19 -20 -21 22 23
v 24 -25 -26 -27 28 -29 -30 -31 -32 33 -34 -35 36 37 -38 39 40 41 42 -43
v -44 45 46 47 -48 -49 -50 51 52 -53 54 55 56 -57 -58 -59 -60 0
c Answer: 3794
v -1 -2 3 -4 -5 -6 7 8 9 -10 -11 -12 13 14 15 16 -17 18 -19 -20 -21 22 23
v 24 -25 -26 -27 28 -29 -30 -31 -32 33 -34 -35 36 37 -38 39 40 41 42 -43
v -44 -45 46 47 -48 -49 -50 51 52 53 54 55 56 -57 -58 -59 -60 0
c Answer: 3795
v 1 -2 -3 -4 5 6 7 8 -9 -10 11 -12 -13 -14 15 16 -17 18 -19 -20 -21 22 23
v 24 -25 -26 -27 28 -29 -30 -31 32 33 -34 -35 36 37 -38 39 40 41 42 -43 -44
v 45 46 47 -48 -49 -50 51 52 -53 54 55 56 -57 -58 -59 -60 0
c Answer: 3796
v -1 -2 3 -4 -5 -6 7 8 9 -10 -11 -12 13 14 15 16 -17 18 -19 -20 -21 22 23
v 24 -25 -26 -27 28 -29 -30 -31 32 33 -34 -35 36 37 -38 39 40 41 42 -43 -44
v -45 46 47 -48 -49 -50 51 52 53 54 55 56 -57 -58 -59 -60 0
c Answer: 3797
v 1 -2 -3 -4 5 6 7 8 -9 -10 11 -12 -13 -14 15 16 -17 18 -19 -20 -21 22 23
v 24 -25 -26 -27 28 -29 -30 -31 -32 33 -34 -35 36 37 -38 39 40 41 42 -43
v 44 45 46 47 -48 -49 -50 51 52 -53 54 55 56 -57 -58 -59 -60 0
c Answer: 3798
v 1 -2 -3 -4 5 6 7 8 -9 -10 11 -12 -13 -14 15 16 -17 18 -19 -20 -21 22 23
v 24 -25 -26 -27 28 -29 -30 -31 32 33 -34 -35 36 37 -38 39 40 41 42 -43 44
v 45 46 47 -48 -49 -50 51 52 -53 54 55 56 -57 -58 -59 -60 0
c Answer: 3799
v -1 -2 3 -4 -5 -6 7 8 9 -10 -11 -12 13 14 15 16 -17 18 -19 -20 -21 22 23
v 24 -25 -26 -27 28 -29 -30 -31 -32 33 -34 -35 36 37 -38 39 40 41 42 -43
v 44 -45 46 47 -48 -49 -50 51 52 53 54 55 56 -57 -58 -59 -60 0
c Answer: 3800
v -1 -2 3 -4 -5 -6 7 8 9 -10 -11 -12 13 14 15 16 -17 18 -19 -20 -21 22 23
v 24 -25 -26 -27 28 -29 -30 -31 32 33 -34 -35 36 37 -38 39 40 41 42 -43 44
v -45 46 47 -48 -49 -50 51 52 53 54 55 56 -57 -58 -59 -60 0
c Answer: 3801
v 1 -2 -3 -4 5 6 7 8 -9 -10 11 -12 -13 -14 15 16 -17 18 -19 -20 -21 22 23
v 24 -25 -26 -27 28 -29 -30 -31 -32 33 -34 -35 36 37 -38 39 40 41 42 43 -44
v 45 46 47 -48 -49 -50 51 52 -53 54 55 56 -57 -58 -59 -60 0
c Answer: 3802
v -1 -2 3 -4 -5 -6 7 8 9 -10 -11 -12 13 14 15 16 -17 18 -19 -20 -21 22 23
v 24 -25 -26 -27 28 -29 -30 -31 -32 33 -34 -35 36 37 -38 39 40 41 42 43 -44
v -45 46 47 -48 -49 -50 51 52 53 54 55 56 -57 -58 -59 -60 0
c Answer: 3803
v 1 -2 -3 -4 5 6 7 8 -9 -10 11 -12 -13 -14 15 16 -17 18 -19 -20 -21 22 23
v 24 -25 -26 -27 28 -29 -30 -31 -32 33 -34 -35 36 37 -38 39 40 41 42 43 44
v 45 46 47 -48 -49 -50 51 52 -53 54 55 56 -57 -58 -59 -60 0
c Answer: 3804
v -1 -2 3 -4 -5 -6 7 8 9 -10 -11 -12 13 14 15 16 -17 18 -19 -20 -21 22 23
v 24 -25 -26 -27 28 -29 -30 -31 -32 33 -34 -35 36 37 -38 39 40 41 42 43 44
v -45 46 47 -48 -49 -50 51 52 53 54 55 56 -57 -58 -59 -60 0
c Answer: 3805
v 1 -2 -3 -4 5 6 7 8 -9 -10 11 -12 -13 -14 15 16 -17 18 -19 -20 -21 22 23
v 24 -25 -26 -27 28 -29 -30 -31 32 33 -34 -35 36 37 -38 39 40 41 42 43 -44
v 45 46 47 -48 -49 -50 51 52 -53 54 55 56 -57 -58 -59 -60 0
c Answer: 3806
v 1 -2 -3 -4 5 6 7 8 -9 -10 11 -12 -13 -14 15 16 -17 18 -19 -20 -21 22 23
v 24 -25 -26 -27 28 -29 -30 -31 32 33 -34 -35 36 37 -38 39 40 41 42 43 44
v 45 46 47 -48 -49 -50 51 52 -53 54 55 56 -57 -58 -59 -60 0
c Answer: 3807
v -1 -2 3 -4 -5 -6 7 8 9 -10 -11 -12 13 14 15 16 -17 18 -19 -20 -21 22 23
v 24 -25 -26 -27 28 -29 -30 -31 32 33 -34 -35 36 37 -38 39 40 41 42 43 -44
v -45 46 47 -48 -49 -50 51 52 53 54 55 56 -57 -58 -59 -60 0
c Answer: 3808
v -1 -2 3 -4 -5 -6 7 8 9 -10 -11 -12 13 14 15 16 -17 18 -19 -20 -21 22 23
v 24 -25 -26 -27 28 -29 -30 -31 32 33 -34 -35 36 37 -38 39 40 41 42 43 44
v -45 46 47 -48 -49 -50 51 52 53 54 55 56 -57 -58 -59 -60 0
c Answer: 3809
v 1 -2 -3 -4 5 6 7 8 -9 -10 11 -12 -13 -14 15 16 -17 18 -19 -20 -21 22 23
v -24 -25 -26 -27 28 -29 -30 -31 -32 33 -34 -35 36 37 -38 39 40 41 42 -43
v -44 45 46 47 48 -49 -50 51 52 -53 54 55 56 -57 -58 -59 -60 0
c Answer: 3810
v -1 -2 3 -4 -5 -6 7 8 9 -10 -11 -12 13 14 15 16 -17 18 -19 -20 -21 22 23
v -24 -25 -26 -27 28 -29 -30 -31 -32 33 -34 -35 36 37 -38 39 40 41 42 -43
v -44 -45 46 47 48 -49 -50 51 52 53 54 55 56 -57 -58 -59 -60 0
c Answer: 3811
v 1 -2 -3 -4 5 6 7 8 -9 -10 11 -12 -13 -14 15 16 -17 18 -19 -20 -21 22 23
v 24 -25 -26 -27 28 -29 -30 -31 -32 33 -34 -35 36 37 -38 39 40 41 42 -43
v -44 45 46 47 48 -49 -50 51 52 -53 54 55 56 -57 -58 -59 -60 0
c Answer: 3812
v -1 -2 3 -4 -5 -6 7 8 9 -10 -11 -12 13 14 15 16 -17 18 -19 -20 -21 22 23
v 24 -25 -26 -27 28 -29 -30 -31 -32 33 -34 -35 36 37 -38 39 40 41 42 -43
v -44 -45 46 47 48 -49 -50 51 52 53 54 55 56 -57 -58 -59 -60 0
c Answer: 3813
v 1 -2 -3 -4 5 6 7 8 -9 -10 11 -12 -13 -14 15 16 -17 18 -19 -20 -21 22 23
v -24 -25 -26 -27 28 -29 -30 -31 -32 33 -34 -35 36 37 -38 39 40 41 42 43
v -44 45 46 47 48 -49 -50 51 52 -53 54 55 56 -57 -58 -59 -60 0
c Answer: 3814
v 1 -2 -3 -4 5 6 7 8 -9 -10 11 -12 -13 -14 15 16 -17 18 -19 -20 -21 22 23
v 24 -25 -26 -27 28 -29 -30 -31 -32 33 -34 -35 36 37 -38 39 40 41 42 43 -44
v 45 46 47 48 -49 -50 51 52 -53 54 55 56 -57 -58 -59 -60 0
c Answer: 3815
v -1 -2 3 -4 -5 -6 7 8 9 -10 -11 -12 13 14 15 16 -17 18 -19 -20 -21 22 23
v -24 -25 -26 -27 28 -29 -30 -31 -32 33 -34 -35 36 37 -38 39 40 41 42 43
v -44 -45 46 47 48 -49 -50 51 52 53 54 55 56 -57 -58 -59 -60 0
c Answer: 3816
v -1 -2 3 -4 -5 -6 7 8 9 -10 -11 -12 13 14 15 16 -17 18 -19 -20 -21 22 23
v 24 -25 -26 -27 28 -29 -30 -31 -32 33 -34 -35 36 37 -38 39 40 41 42 43 -44
v -45 46 47 48 -49 -50 51 52 53 54 55 56 -57 -58 -59 -60 0
c Answer: 3817
v 1 -2 -3 -4 5 6 7 8 -9 -10 11 -12 -13 -14 15 16 -17 18 -19 -20 -21 22 23
v -24 -25 -26 -27 28 -29 -30 -31 32 33 -34 -35 36 37 -38 39 40 41 42 -43
v -44 45 46 47 48 -49 -50 51 52 -53 54 55 56 -57 -58 -59 -60 0
c Answer: 3818
v -1 -2 3 -4 -5 -6 7 8 9 -10 -11 -12 13 14 15 16 -17 18 -19 -20 -21 22 23
v -24 -25 -26 -27 28 -29 -30 -31 32 33 -34 -35 36 37 -38 39 40 41 42 -43
v -44 -45 46 47 48 -49 -50 51 52 53 54 55 56 -57 -58 -59 -60 0
c Answer: 3819
v 1 -2 -3 -4 5 6 7 8 -9 -10 11 -12 -13 -14 15 16 -17 18 -19 -20 -21 22 23
v -24 -25 -26 -27 28 -29 -30 -31 32 33 -34 -35 36 37 -38 39 40 41 42 43 -44
v 45 46 47 48 -49 -50 51 52 -53 54 55 56 -57 -58 -59 -60 0
c Answer: 3820
v -1 -2 3 -4 -5 -6 7 8 9 -10 -11 -12 13 14 15 16 -17 18 -19 -20 -21 22 23
v -24 -25 -26 -27 28 -29 -30 -31 32 33 -34 -35 36 37 -38 39 40 41 42 43 -44
v -45 46 47 48 -49 -50 51 52 53 54 55 56 -57 -58 -59 -60 0
c Answer: 3821
v 1 -2 -3 -4 5 6 7 8 -9 -10 11 -12 -13 -14 15 16 -17 18 -19 -20 -21 22 23
v 24 -25 -26 -27 28 -29 -30 -31 32 33 -34 -35 36 37 -38 39 40 41 42 -43 -44
v 45 46 47 48 -49 -50 51 52 -53 54 55 56 -57 -58 -59 -60 0
c Answer: 3822
v 1 -2 -3 -4 5 6 7 8 -9 -10 11 -12 -13 -14 15 16 -17 18 -19 -20 -21 22 23
v 24 -25 -26 -27 28 -29 -30 -31 32 33 -34 -35 36 37 -38 39 40 41 42 43 -44
v 45 46 47 48 -49 -50 51 52 -53 54 55 56 -57 -58 -59 -60 0
c Answer: 3823
v -1 -2 3 -4 -5 -6 7 8 9 -10 -11 -12 13 14 15 16 -17 18 -19 -20 -21 22 23
v 24 -25 -26 -27 28 -29 -30 -31 32 33 -34 -35 36 37 -38 39 40 41 42 -43 -44
v -45 46 47 48 -49 -50 51 52 53 54 55 56 -57 -58 -59 -60 0
c Answer: 3824
v -1 -2 3 -4 -5 -6 7 8 9 -10 -11 -12 13 14 15 16 -17 18 -19 -20 -21 22 23
v 24 -25 -26 -27 28 -29 -30 -31 32 33 -34 -35 36 37 -38 39 40 41 42 43 -44
v -45 46 47 48 -49 -50 51 52 53 54 55 56 -57 -58 -59 -60 0
c Answer: 3825
v 1 -2 -3 -4 5 6 7 8 -9 -10 11 -12 -13 -14 15 16 -17 18 -19 -20 -21 22 23
v -24 -25 -26 -27 28 -29 -30 -31 -32 33 -34 -35 36 37 -38 39 40 41 42 -43
v 44 45 46 47 48 -49 -50 51 52 -53 54 55 56 -57 -58 -59 -60 0
c Answer: 3826
v -1 -2 3 -4 -5 -6 7 8 9 -10 -11 -12 13 14 15 16 -17 18 -19 -20 -21 22 23
v -24 -25 -26 -27 28 -29 -30 -31 -32 33 -34 -35 36 37 -38 39 40 41 42 -43
v 44 -45 46 47 48 -49 -50 51 52 53 54 55 56 -57 -58 -59 -60 0
c Answer: 3827
v 1 -2 -3 -4 5 6 7 8 -9 -10 11 -12 -13 -14 15 16 -17 18 -19 -20 -21 22 23
v -24 -25 -26 -27 28 -29 -30 -31 32 33 -34 -35 36 37 -38 39 40 41 42 -43
v 44 45 46 47 48 -49 -50 51 52 -53 54 55 56 -57 -58 -59 -60 0
c Answer: 3828
v -1 -2 3 -4 -5 -6 7 8 9 -10 -11 -12 13 14 15 16 -17 18 -19 -20 -21 22 23
v -24 -25 -26 -27 28 -29 -30 -31 32 33 -34 -35 36 37 -38 39 40 41 42 -43
v 44 -45 46 47 48 -49 -50 51 52 53 54 55 56 -57 -58 -59 -60 0
c Answer: 3829
v 1 -2 -3 -4 5 6 7 8 -9 -10 11 -12 -13 -14 15 16 -17 18 -19 -20 -21 22 23
v 24 -25 -26 -27 28 -29 -30 -31 -32 33 -34 -35 36 37 -38 39 40 41 42 -43
v 44 45 46 47 48 -49 -50 51 52 -53 54 55 56 -57 -58 -59 -60 0
c Answer: 3830
v 1 -2 -3 -4 5 6 7 8 -9 -10 11 -12 -13 -14 15 16 -17 18 -19 -20 -21 22 23
v 24 -25 -26 -27 28 -29 -30 -31 32 33 -34 -35 36 37 -38 39 40 41 42 -43 44
v 45 46 47 48 -49 -50 51 52 -53 54 55 56 -57 -58 -59 -60 0
c Answer: 3831
v -1 -2 3 -4 -5 -6 7 8 9 -10 -11 -12 13 14 15 16 -17 18 -19 -20 -21 22 23
v 24 -25 -26 -27 28 -29 -30 -31 -32 33 -34 -35 36 37 -38 39 40 41 42 -43
v 44 -45 46 47 48 -49 -50 51 52 53 54 55 56 -57 -58 -59 -60 0
c Answer: 3832
v -1 -2 3 -4 -5 -6 7 8 9 -10 -11 -12 13 14 15 16 -17 18 -19 -20 -21 22 23
v 24 -25 -26 -27 28 -29 -30 -31 32 33 -34 -35 36 37 -38 39 40 41 42 -43 44
v -45 46 47 48 -49 -50 51 52 53 54 55 56 -57 -58 -59 -60 0
c Answer: 3833
v 1 -2 -3 -4 5 6 7 8 -9 -10 11 -12 -13 -14 15 16 -17 18 -19 -20 -21 22 23
v -24 -25 -26 -27 28 -29 -30 -31 -32 33 -34 -35 36 37 -38 39 40 41 42 43
v 44 45 46 47 48 -49 -50 51 52 -53 54 55 56 -57 -58 -59 -60 0
c Answer: 3834
v -1 -2 3 -4 -5 -6 7 8 9 -10 -11 -12 13 14 15 16 -17 18 -19 -20 -21 22 23
v -24 -25 -26 -27 28 -29 -30 -31 -32 33 -34 -35 36 37 -38 39 40 41 42 43
v 44 -45 46 47 48 -49 -50 51 52 53 54 55 56 -57 -58 -59 -60 0
c Answer: 3835
v 1 -2 -3 -4 5 6 7 8 -9 -10 11 -12 -13 -14 15 16 -17 18 -19 -20 -21 22 23
v 24 -25 -26 -27 28 -29 -30 -31 -32 33 -34 -35 36 37 -38 39 40 41 42 43 44
v 45 46 47 48 -49 -50 51 52 -53 54 55 56 -57 -58 -59 -60 0
c Answer: 3836
v -1 -2 3 -4 -5 -6 7 8 9 -10 -11 -12 13 14 15 16 -17 18 -19 -20 -21 22 23
v 24 -25 -26 -27 28 -29 -30 -31 -32 33 -34 -35 36 37 -38 39 40 41 42 43 44
v -45 46 47 48 -49 -50 51 52 53 54 55 56 -57 -58 -59 -60 0
c Answer: 3837
v 1 -2 -3 -4 5 6 7 8 -9 -10 11 -12 -13 -14 15 16 -17 18 -19 -20 -21 22 23
v -24 -25 -26 -27 28 -29 -30 -31 32 33 -34 -35 36 37 -38 39 40 41 42 43 44
v 45 46 47 48 -49 -50 51 52 -53 54 55 56 -57 -58 -59 -60 0
c Answer: 3838
v 1 -2 -3 -4 5 6 7 8 -9 -10 11 -12 -13 -14 15 16 -17 18 -19 -20 -21 22 23
v 24 -25 -26 -27 28 -29 -30 -31 32 33 -34 -35 36 37 -38 39 40 41 42 43 44
v 45 46 47 48 -49 -50 51 52 -53 54 55 56 -57 -58 -59 -60 0
c Answer: 3839
v -1 -2 3 -4 -5 -6 7 8 9 -10 -11 -12 13 14 15 16 -17 18 -19 -20 -21 22 23
v -24 -25 -26 -27 28 -29 -30 -31 32 33 -34 -35 36 37 -38 39 40 41 42 43 44
v -45 46 47 48 -49 -50 51 52 53 54 55 56 -57 -58 -59 -60 0
c Answer: 3840
v -1 -2 3 -4 -5 -6 7 8 9 -10 -11 -12 13 14 15 16 -17 18 -19 -20 -21 22 23
v 24 -25 -26 -27 28 -29 -30 -31 32 33 -34 -35 36 37 -38 39 40 41 42 43 44
v -45 46 47 48 -49 -50 51 52 53 54 55 56 -57 -58 -59 -60 0
c Answer: 3841
v 1 -2 -3 -4 5 6 7 8 -9 -10 11 -12 -13 -14 15 16 -17 18 -19 -20 -21 22 23
v -24 -25 -26 -27 28 -29 -30 -31 -32 33 -34 -35 36 37 -38 39 40 41 -42 -43
v -44 45 46 47 -48 -49 -50 51 52 -53 54 55 -56 -57 -58 -59 60 0
c Answer: 3842
v -1 -2 3 -4 -5 -6 7 8 9 -10 -11 -12 13 14 15 16 -17 18 -19 -20 -21 22 23
v -24 -25 -26 -27 28 -29 -30 -31 -32 33 -34 -35 36 37 -38 39 40 41 -42 -43
v -44 -45 46 47 -48 -49 -50 51 52 53 54 55 -56 -57 -58 -59 60 0
c Answer: 3843
v 1 -2 -3 -4 5 6 7 8 -9 -10 11 -12 -13 -14 15 16 -17 18 -19 -20 -21 22 23
v -24 -25 -26 -27 28 -29 -30 -31 32 33 -34 -35 36 37 -38 39 40 41 -42 -43
v -44 45 46 47 -48 -49 -50 51 52 -53 54 55 -56 -57 -58 -59 60 0
c Answer: 3844
v -1 -2 3 -4 -5 -6 7 8 9 -10 -11 -12 13 14 15 16 -17 18 -19 -20 -21 22 23
v -24 -25 -26 -27 28 -29 -30 -31 32 33 -34 -35 36 37 -38 39 40 41 -42 -43
v -44 -45 46 47 -48 -49 -50 51 52 53 54 55 -56 -57 -58 -59 60 0
c Answer: 3845
v 1 -2 -3 -4 5 6 7 8 -9 -10 11 -12 -13 -14 15 16 -17 18 -19 -20 -21 22 23
v -24 -25 -26 -27 28 -29 -30 -31 -32 33 -34 -35 36 37 -38 39 40 41 42 -43
v -44 45 46 47 -48 -49 -50 51 52 -53 54 55 -56 -57 -58 -59 60 0
c Answer: 3846
v 1 -2 -3 -4 5 6 7 8 -9 -10 11 -12 -13 -14 15 16 -17 18 -19 -20 -21 22 23
v -24 -25 -26 -27 28 -29 -30 -31 32 33 -34 -35 36 37 -38 39 40 41 42 -43
v -44 45 46 47 -48 -49 -50 51 52 -53 54 55 -56 -57 -58 -59 60 0
c Answer: 3847
v -1 -2 3 -4 -5 -6 7 8 9 -10 -11 -12 13 14 15 16 -17 18 -19 -20 -21 22 23
v -24 -25 -26 -27 28 -29 -30 -31 -32 33 -34 -35 36 37 -38 39 40 41 42 -43
v -44 -45 46 47 -48 -49 -50 51 52 53 54 55 -56 -57 -58 -59 60 0
c Answer: 3848
v -1 -2 3 -4 -5 -6 7 8 9 -10 -11 -12 13 14 15 16 -17 18 -19 -20 -21 22 23
v -24 -25 -26 -27 28 -29 -30 -31 32 33 -34 -35 36 37 -38 39 40 41 42 -43
v -44 -45 46 47 -48 -49 -50 51 52 53 54 55 -56 -57 -58 -59 60 0
c Answer: 3849
v 1 -2 -3 -4 5 6 7 8 -9 -10 11 -12 -13 -14 15 16 -17 18 -19 -20 -21 22 23
v -24 -25 -26 -27 28 -29 -30 -31 -32 33 -34 -35 36 37 -38 39 40 41 -42 -43
v -44 45 46 47 -48 -49 -50 51 52 -53 54 55 56 -57 -58 -59 60 0
c Answer: 3850
v -1 -2 3 -4 -5 -6 7 8 9 -10 -11 -12 13 14 15 16 -17 18 -19 -20 -21 22 23
v -24 -25 -26 -27 28 -29 -30 -31 -32 33 -34 -35 36 37 -38 39 40 41 -42 -43
v -44 -45 46 47 -48 -49 -50 51 52 53 54 55 56 -57 -58 -59 60 0
c Answer: 3851
v 1 -2 -3 -4 5 6 7 8 -9 -10 11 -12 -13 -14 15 16 -17 18 -19 -20 -21 22 23
v -24 -25 -26 -27 28 -29 -30 -31 -32 33 -34 -35 36 37 -38 39 40 41 42 -43
v -44 45 46 47 -48 -49 -50 51 52 -53 54 55 56 -57 -58 -59 60 0
c Answer: 3852
v -1 -2 3 -4 -5 -6 7 8 9 -10 -11 -12 13 14 15 16 -17 18 -19 -20 -21 22 23
v -24 -25 -26 -27 28 -29 -30 -31 -32 33 -34 -35 36 37 -38 39 40 41 42 -43
v -44 -45 46 47 -48 -49 -50 51 52 53 54 55 56 -57 -58 -59 60 0
c Answer: 3853
v 1 -2 -3 -4 5 6 7 8 -9 -10 11 -12 -13 -14 15 16 -17 18 -19 -20 -21 22 23
v -24 -25 -26 -27 28 -29 -30 -31 32 33 -34 -35 36 37 -38 39 40 41 -42 -43
v -44 45 46 47 -48 -49 -50 51 52 -53 54 55 56 -57 -58 -59 60 0
c Answer: 3854
v 1 -2 -3 -4 5 6 7 8 -9 -10 11 -12 -13 -14 15 16 -17 18 -19 -20 -21 22 23
v -24 -25 -26 -27 28 -29 -30 -31 32 33 -34 -35 36 37 -38 39 40 41 42 -43
v -44 45 46 47 -48 -49 -50 51 52 -53 54 55 56 -57 -58 -59 60 0
c Answer: 3855
v -1 -2 3 -4 -5 -6 7 8 9 -10 -11 -12 13 14 15 16 -17 18 -19 -20 -21 22 23
v -24 -25 -26 -27 28 -29 -30 -31 32 33 -34 -35 36 37 -38 39 40 41 -42 -43
v -44 -45 46 47 -48 -49 -50 51 52 53 54 55 56 -57 -58 -59 60 0
c Answer: 3856
v -1 -2 3 -4 -5 -6 7 8 9 -10 -11 -12 13 14 15 16 -17 18 -19 -20 -21 22 23
v -24 -25 -26 -27 28 -29 -30 -31 32 33 -34 -35 36 37 -38 39 40 41 42 -43
v -44 -45 46 47 -48 -49 -50 51 52 53 54 55 56 -57 -58 -59 60 0
c Answer: 3857
v 1 -2 -3 -4 5 6 7 8 -9 -10 11 -12 -13 -14 15 16 -17 18 -19 -20 -21 22 23
v -24 -25 -26 -27 28 -29 -30 -31 -32 33 -34 -35 36 37 -38 39 40 41 -42 -43
v -44 45 46 47 48 -49 -50 51 52 -53 54 55 -56 -57 -58 -59 60 0
c Answer: 3858
v -1 -2 3 -4 -5 -6 7 8 9 -10 -11 -12 13 14 15 16 -17 18 -19 -20 -21 22 23
v -24 -25 -26 -27 28 -29 -30 -31 -32 33 -34 -35 36 37 -38 39 40 41 -42 -43
v -44 -45 46 47 48 -49 -50 51 52 53 54 55 -56 -57 -58 -59 60 0
c Answer: 3859
v 1 -2 -3 -4 5 6 7 8 -9 -10 11 -12 -13 -14 15 16 -17 18 -19 -20 -21 22 23
v -24 -25 -26 -27 28 -29 -30 -31 -32 33 -34 -35 36 37 -38 39 40 41 -42 -43
v -44 45 46 47 48 -49 -50 51 52 -53 54 55 56 -57 -58 -59 60 0
c Answer: 3860
v -1 -2 3 -4 -5 -6 7 8 9 -10 -11 -12 13 14 15 16 -17 18 -19 -20 -21 22 23
v -24 -25 -26 -27 28 -29 -30 -31 -32 33 -34 -35 36 37 -38 39 40 41 -42 -43
v -44 -45 46 47 48 -49 -50 51 52 53 54 55 56 -57 -58 -59 60 0
c Answer: 3861
v 1 -2 -3 -4 5 6 7 8 -9 -10 11 -12 -13 -14 15 16 -17 18 -19 -20 -21 22 23
v -24 -25 -26 -27 28 -29 -30 -31 32 33 -34 -35 36 37 -38 39 40 41 -42 -43
v -44 45 46 47 48 -49 -50 51 52 -53 54 55 -56 -57 -58 -59 60 0
c Answer: 3862
v 1 -2 -3 -4 5 6 7 8 -9 -10 11 -12 -13 -14 15 16 -17 18 -19 -20 -21 22 23
v -24 -25 -26 -27 28 -29 -30 -31 32 33 -34 -35 36 37 -38 39 40 41 -42 -43
v -44 45 46 47 48 -49 -50 51 52 -53 54 55 56 -57 -58 -59 60 0
c Answer: 3863
v -1 -2 3 -4 -5 -6 7 8 9 -10 -11 -12 13 14 15 16 -17 18 -19 -20 -21 22 23
v -24 -25 -26 -27 28 -29 -30 -31 32 33 -34 -35 36 37 -38 39 40 41 -42 -43
v -44 -45 46 47 48 -49 -50 51 52 53 54 55 -56 -57 -58 -59 60 0
c Answer: 3864
v -1 -2 3 -4 -5 -6 7 8 9 -10 -11 -12 13 14 15 16 -17 18 -19 -20 -21 22 23
v -24 -25 -26 -27 28 -29 -30 -31 32 33 -34 -35 36 37 -38 39 40 41 -42 -43
v -44 -45 46 47 48 -49 -50 51 52 53 54 55 56 -57 -58 -59 60 0
c Answer: 3865
v 1 -2 -3 -4 5 6 7 8 -9 -10 11 -12 -13 -14 15 16 -17 18 -19 -20 -21 22 23
v -24 -25 -26 -27 28 -29 -30 -31 -32 33 -34 -35 36 37 -38 39 40 41 42 -43
v -44 45 46 47 48 -49 -50 51 52 -53 54 55 -56 -57 -58 -59 60 0
c Answer: 3866
v -1 -2 3 -4 -5 -6 7 8 9 -10 -11 -12 13 14 15 16 -17 18 -19 -20 -21 22 23
v -24 -25 -26 -27 28 -29 -30 -31 -32 33 -34 -35 36 37 -38 39 40 41 42 -43
v -44 -45 46 47 48 -49 -50 51 52 53 54 55 -56 -57 -58 -59 60 0
c Answer: 3867
v 1 -2 -3 -4 5 6 7 8 -9 -10 11 -12 -13 -14 15 16 -17 18 -19 -20 -21 22 23
v -24 -25 -26 -27 28 -29 -30 -31 32 33 -34 -35 36 37 -38 39 40 41 42 -43
v -44 45 46 47 48 -49 -50 51 52 -53 54 55 -56 -57 -58 -59 60 0
c Answer: 3868
v -1 -2 3 -4 -5 -6 7 8 9 -10 -11 -12 13 14 15 16 -17 18 -19 -20 -21 22 23
v -24 -25 -26 -27 28 -29 -30 -31 32 33 -34 -35 36 37 -38 39 40 41 42 -43
v -44 -45 46 47 48 -49 -50 51 52 53 54 55 -56 -57 -58 -59 60 0
c Answer: 3869
v 1 -2 -3 -4 5 6 7 8 -9 -10 11 -12 -13 -14 15 16 -17 18 -19 -20 -21 22 23
v -24 -25 -26 -27 28 -29 -30 -31 -32 33 -34 -35 36 37 -38 39 40 41 42 -43
v -44 45 46 47 48 -49 -50 51 52 -53 54 55 56 -57 -58 -59 60 0
c Answer: 3870
v 1 -2 -3 -4 5 6 7 8 -9 -10 11 -12 -13 -14 15 16 -17 18 -19 -20 -21 22 23
v -24 -25 -26 -27 28 -29 -30 -31 32 33 -34 -35 36 37 -38 39 40 41 42 -43
v -44 45 46 47 48 -49 -50 51 52 -53 54 55 56 -57 -58 -59 60 0
c Answer: 3871
v -1 -2 3 -4 -5 -6 7 8 9 -10 -11 -12 13 14 15 16 -17 18 -19 -20 -21 22 23
v -24 -25 -26 -27 28 -29 -30 -31 -32 33 -34 -35 36 37 -38 39 40 41 42 -43
v -44 -45 46 47 48 -49 -50 51 52 53 54 55 56 -57 -58 -59 60 0
c Answer: 3872
v -1 -2 3 -4 -5 -6 7 8 9 -10 -11 -12 13 14 15 16 -17 18 -19 -20 -21 22 23
v -24 -25 -26 -27 28 -29 -30 -31 32 33 -34 -35 36 37 -38 39 40 41 42 -43
v -44 -45 46 47 48 -49 -50 51 52 53 54 55 56 -57 -58 -59 60 0
c Answer: 3873
v 1 -2 -3 -4 5 6 7 8 -9 -10 11 -12 -13 -14 15 16 -17 18 -19 -20 -21 22 23
v -24 -25 -26 -27 28 -29 -30 -31 -32 33 -34 -35 36 37 -38 39 40 41 -42 -43
v 44 45 46 47 -48 -49 -50 51 52 -53 54 55 -56 -57 -58 -59 60 0
c Answer: 3874
v -1 -2 3 -4 -5 -6 7 8 9 -10 -11 -12 13 14 15 16 -17 18 -19 -20 -21 22 23
v -24 -25 -26 -27 28 -29 -30 -31 -32 33 -34 -35 36 37 -38 39 40 41 -42 -43
v 44 -45 46 47 -48 -49 -50 51 52 53 54 55 -56 -57 -58 -59 60 0
c Answer: 3875
v 1 -2 -3 -4 5 6 7 8 -9 -10 11 -12 -13 -14 15 16 -17 18 -19 -20 -21 22 23
v -24 -25 -26 -27 28 -29 -30 -31 -32 33 -34 -35 36 37 -38 39 40 41 -42 -43
v 44 45 46 47 48 -49 -50 51 52 -53 54 55 -56 -57 -58 -59 60 0
c Answer: 3876
v -1 -2 3 -4 -5 -6 7 8 9 -10 -11 -12 13 14 15 16 -17 18 -19 -20 -21 22 23
v -24 -25 -26 -27 28 -29 -30 -31 -32 33 -34 -35 36 37 -38 39 40 41 -42 -43
v 44 -45 46 47 48 -49 -50 51 52 53 54 55 -56 -57 -58 -59 60 0
c Answer: 3877
v 1 -2 -3 -4 5 6 7 8 -9 -10 11 -12 -13 -14 15 16 -17 18 -19 -20 -21 22 23
v -24 -25 -26 -27 28 -29 -30 -31 -32 33 -34 -35 36 37 -38 39 40 41 42 -43
v 44 45 46 47 -48 -49 -50 51 52 -53 54 55 -56 -57 -58 -59 60 0
c Answer: 3878
v 1 -2 -3 -4 5 6 7 8 -9 -10 11 -12 -13 -14 15 16 -17 18 -19 -20 -21 22 23
v -24 -25 -26 -27 28 -29 -30 -31 -32 33 -34 -35 36 37 -38 39 40 41 42 -43
v 44 45 46 47 48 -49 -50 51 52 -53 54 55 -56 -57 -58 -59 60 0
c Answer: 3879
v -1 -2 3 -4 -5 -6 7 8 9 -10 -11 -12 13 14 15 16 -17 18 -19 -20 -21 22 23
v -24 -25 -26 -27 28 -29 -30 -31 -32 33 -34 -35 36 37 -38 39 40 41 42 -43
v 44 -45 46 47 -48 -49 -50 51 52 53 54 55 -56 -57 -58 -59 60 0
c Answer: 3880
v -1 -2 3 -4 -5 -6 7 8 9 -10 -11 -12 13 14 15 16 -17 18 -19 -20 -21 22 23
v -24 -25 -26 -27 28 -29 -30 -31 -32 33 -34 -35 36 37 -38 39 40 41 42 -43
v 44 -45 46 47 48 -49 -50 51 52 53 54 55 -56 -57 -58 -59 60 0
c Answer: 3881
v 1 -2 -3 -4 5 6 7 8 -9 -10 11 -12 -13 -14 15 16 -17 18 -19 -20 -21 22 23
v -24 -25 -26 -27 28 -29 -30 -31 -32 33 -34 -35 36 37 -38 39 40 41 -42 -43
v 44 45 46 47 -48 -49 -50 51 52 -53 54 55 56 -57 -58 -59 60 0
c Answer: 3882
v -1 -2 3 -4 -5 -6 7 8 9 -10 -11 -12 13 14 15 16 -17 18 -19 -20 -21 22 23
v -24 -25 -26 -27 28 -29 -30 -31 -32 33 -34 -35 36 37 -38 39 40 41 -42 -43
v 44 -45 46 47 -48 -49 -50 51 52 53 54 55 56 -57 -58 -59 60 0
c Answer: 3883
v 1 -2 -3 -4 5 6 7 8 -9 -10 11 -12 -13 -14 15 16 -17 18 -19 -20 -21 22 23
v -24 -25 -26 -27 28 -29 -30 -31 -32 33 -34 -35 36 37 -38 39 40 41 42 -43
v 44 45 46 47 -48 -49 -50 51 52 -53 54 55 56 -57 -58 -59 60 0
c Answer: 3884
v -1 -2 3 -4 -5 -6 7 8 9 -10 -11 -12 13 14 15 16 -17 18 -19 -20 -21 22 23
v -24 -25 -26 -27 28 -29 -30 -31 -32 33 -34 -35 36 37 -38 39 40 41 42 -43
v 44 -45 46 47 -48 -49 -50 51 52 53 54 55 56 -57 -58 -59 60 0
c Answer: 3885
v 1 -2 -3 -4 5 6 7 8 -9 -10 11 -12 -13 -14 15 16 -17 18 -19 -20 -21 22 23
v -24 -25 -26 -27 28 -29 -30 -31 -32 33 -34 -35 36 37 -38 39 40 41 -42 -43
v 44 45 46 47 48 -49 -50 51 52 -53 54 55 56 -57 -58 -59 60 0
c Answer: 3886
v 1 -2 -3 -4 5 6 7 8 -9 -10 11 -12 -13 -14 15 16 -17 18 -19 -20 -21 22 23
v -24 -25 -26 -27 28 -29 -30 -31 -32 33 -34 -35 36 37 -38 39 40 41 42 -43
v 44 45 46 47 48 -49 -50 51 52 -53 54 55 56 -57 -58 -59 60 0
c Answer: 3887
v -1 -2 3 -4 -5 -6 7 8 9 -10 -11 -12 13 14 15 16 -17 18 -19 -20 -21 22 23
v -24 -25 -26 -27 28 -29 -30 -31 -32 33 -34 -35 36 37 -38 39 40 41 -42 -43
v 44 -45 46 47 48 -49 -50 51 52 53 54 55 56 -57 -58 -59 60 0
c Answer: 3888
v -1 -2 3 -4 -5 -6 7 8 9 -10 -11 -12 13 14 15 16 -17 18 -19 -20 -21 22 23
v -24 -25 -26 -27 28 -29 -30 -31 -32 33 -34 -35 36 37 -38 39 40 41 42 -43
v 44 -45 46 47 48 -49 -50 51 52 53 54 55 56 -57 -58 -59 60 0
c Answer: 3889
v 1 -2 -3 -4 5 6 7 8 -9 -10 11 -12 -13 -14 15 16 -17 18 -19 -20 -21 22 23
v -24 -25 -26 -27 28 -29 -30 -31 32 33 -34 -35 36 37 -38 39 40 41 -42 -43
v 44 45 46 47 -48 -49 -50 51 52 -53 54 55 -56 -57 -58 -59 60 0
c Answer: 3890
v -1 -2 3 -4 -5 -6 7 8 9 -10 -11 -12 13 14 15 16 -17 18 -19 -20 -21 22 23
v -24 -25 -26 -27 28 -29 -30 -31 32 33 -34 -35 36 37 -38 39 40 41 -42 -43
v 44 -45 46 47 -48 -49 -50 51 52 53 54 55 -56 -57 -58 -59 60 0
c Answer: 3891
v 1 -2 -3 -4 5 6 7 8 -9 -10 11 -12 -13 -14 15 16 -17 18 -19 -20 -21 22 23
v -24 -25 -26 -27 28 -29 -30 -31 32 33 -34 -35 36 37 -38 39 40 41 -42 -43
v 44 45 46 47 -48 -49 -50 51 52 -53 54 55 56 -57 -58 -59 60 0
c Answer: 3892
v -1 -2 3 -4 -5 -6 7 8 9 -10 -11 -12 13 14 15 16 -17 18 -19 -20 -21 22 23
v -24 -25 -26 -27 28 -29 -30 -31 32 33 -34 -35 36 37 -38 39 40 41 -42 -43
v 44 -45 46 47 -48 -49 -50 51 52 53 54 55 56 -57 -58 -59 60 0
c Answer: 3893
v 1 -2 -3 -4 5 6 7 8 -9 -10 11 -12 -13 -14 15 16 -17 18 -19 -20 -21 22 23
v -24 -25 -26 -27 28 -29 -30 -31 32 33 -34 -35 36 37 -38 39 40 41 -42 -43
v 44 45 46 47 48 -49 -50 51 52 -53 54 55 -56 -57 -58 -59 60 0
c Answer: 3894
v 1 -2 -3 -4 5 6 7 8 -9 -10 11 -12 -13 -14 15 16 -17 18 -19 -20 -21 22 23
v -24 -25 -26 -27 28 -29 -30 -31 32 33 -34 -35 36 37 -38 39 40 41 -42 -43
v 44 45 46 47 48 -49 -50 51 52 -53 54 55 56 -57 -58 -59 60 0
c Answer: 3895
v -1 -2 3 -4 -5 -6 7 8 9 -10 -11 -12 13 14 15 16 -17 18 -19 -20 -21 22 23
v -24 -25 -26 -27 28 -29 -30 -31 32 33 -34 -35 36 37 -38 39 40 41 -42 -43
v 44 -45 46 47 48 -49 -50 51 52 53 54 55 -56 -57 -58 -59 60 0
c Answer: 3896
v -1 -2 3 -4 -5 -6 7 8 9 -10 -11 -12 13 14 15 16 -17 18 -19 -20 -21 22 23
v -24 -25 -26 -27 28 -29 -30 -31 32 33 -34 -35 36 37 -38 39 40 41 -42 -43
v 44 -45 46 47 48 -49 -50 51 52 53 54 55 56 -57 -58 -59 60 0
c Answer: 3897
v 1 -2 -3 -4 5 6 7 8 -9 -10 11 -12 -13 -14 15 16 -17 18 -19 -20 -21 22 23
v -24 -25 -26 -27 28 -29 -30 -31 32 33 -34 -35 36 37 -38 39 40 41 42 -43
v 44 45 46 47 -48 -49 -50 51 52 -53 54 55 -56 -57 -58 -59 60 0
c Answer: 3898
v -1 -2 3 -4 -5 -6 7 8 9 -10 -11 -12 13 14 15 16 -17 18 -19 -20 -21 22 23
v -24 -25 -26 -27 28 -29 -30 -31 32 33 -34 -35 36 37 -38 39 40 41 42 -43
v 44 -45 46 47 -48 -49 -50 51 52 53 54 55 -56 -57 -58 -59 60 0
c Answer: 3899
v 1 -2 -3 -4 5 6 7 8 -9 -10 11 -12 -13 -14 15 16 -17 18 -19 -20 -21 22 23
v -24 -25 -26 -27 28 -29 -30 -31 32 33 -34 -35 36 37 -38 39 40 41 42 -43
v 44 45 46 47 48 -49 -50 51 52 -53 54 55 -56 -57 -58 -59 60 0
c Answer: 3900
v -1 -2 3 -4 -5 -6 7 8 9 -10 -11 -12 13 14 15 16 -17 18 -19 -20 -21 22 23
v -24 -25 -26 -27 28 -29 -30 -31 32 33 -34 -35 36 37 -38 39 40 41 42 -43
v 44 -45 46 47 48 -49 -50 51 52 53 54 55 -56 -57 -58 -59 60 0
c Answer: 3901
v 1 -2 -3 -4 5 6 7 8 -9 -10 11 -12 -13 -14 15 16 -17 18 -19 -20 -21 22 23
v -24 -25 -26 -27 28 -29 -30 -31 32 33 -34 -35 36 37 -38 39 40 41 42 -43
v 44 45 46 47 -48 -49 -50 51 52 -53 54 55 56 -57 -58 -59 60 0
c Answer: 3902
v 1 -2 -3 -4 5 6 7 8 -9 -10 11 -12 -13 -14 15 16 -17 18 -19 -20 -21 22 23
v -24 -25 -26 -27 28 -29 -30 -31 32 33 -34 -35 36 37 -38 39 40 41 42 -43
v 44 45 46 47 48 -49 -50 51 52 -53 54 55 56 -57 -58 -59 60 0
c Answer: 3903
v -1 -2 3 -4 -5 -6 7 8 9 -10 -11 -12 13 14 15 16 -17 18 -19 -20 -21 22 23
v -24 -25 -26 -27 28 -29 -30 -31 32 33 -34 -35 36 37 -38 39 40 41 42 -43
v 44 -45 46 47 -48 -49 -50 51 52 53 54 55 56 -57 -58 -59 60 0
c Answer: 3904
v -1 -2 3 -4 -5 -6 7 8 9 -10 -11 -12 13 14 15 16 -17 18 -19 -20 -21 22 23
v -24 -25 -26 -27 28 -29 -30 -31 32 33 -34 -35 36 37 -38 39 40 41 42 -43
v 44 -45 46 47 48 -49 -50 51 52 53 54 55 56 -57 -58 -59 60 0
c Answer: 3905
v 1 -2 -3 -4 5 6 7 8 -9 -10 11 -12 -13 -14 15 16 -17 18 -19 -20 -21 22 23
v -24 -25 -26 -27 28 -29 -30 -31 -32 33 -34 -35 36 37 -38 39 40 41 -42 43
v -44 45 46 47 -48 -49 -50 51 52 -53 54 55 -56 -57 -58 -59 60 0
c Answer: 3906
v -1 -2 3 -4 -5 -6 7 8 9 -10 -11 -12 13 14 15 16 -17 18 -19 -20 -21 22 23
v -24 -25 -26 -27 28 -29 -30 -31 -32 33 -34 -35 36 37 -38 39 40 41 -42 43
v -44 -45 46 47 -48 -49 -50 51 52 53 54 55 -56 -57 -58 -59 60 0
c Answer: 3907
v 1 -2 -3 -4 5 6 7 8 -9 -10 11 -12 -13 -14 15 16 -17 18 -19 -20 -21 22 23
v -24 -25 -26 -27 28 -29 -30 -31 -32 33 -34 -35 36 37 -38 39 40 41 -42 43
v 44 45 46 47 -48 -49 -50 51 52 -53 54 55 -56 -57 -58 -59 60 0
c Answer: 3908
v -1 -2 3 -4 -5 -6 7 8 9 -10 -11 -12 13 14 15 16 -17 18 -19 -20 -21 22 23
v -24 -25 -26 -27 28 -29 -30 -31 -32 33 -34 -35 36 37 -38 39 40 41 -42 43
v 44 -45 46 47 -48 -49 -50 51 52 53 54 55 -56 -57 -58 -59 60 0
c Answer: 3909
v 1 -2 -3 -4 5 6 7 8 -9 -10 11 -12 -13 -14 15 16 -17 18 -19 -20 -21 22 23
v -24 -25 -26 -27 28 -29 -30 -31 32 33 -34 -35 36 37 -38 39 40 41 -42 43
v -44 45 46 47 -48 -49 -50 51 52 -53 54 55 -56 -57 -58 -59 60 0
c Answer: 3910
v 1 -2 -3 -4 5 6 7 8 -9 -10 11 -12 -13 -14 15 16 -17 18 -19 -20 -21 22 23
v -24 -25 -26 -27 28 -29 -30 -31 32 33 -34 -35 36 37 -38 39 40 41 -42 43
v 44 45 46 47 -48 -49 -50 51 52 -53 54 55 -56 -57 -58 -59 60 0
c Answer: 3911
v -1 -2 3 -4 -5 -6 7 8 9 -10 -11 -12 13 14 15 16 -17 18 -19 -20 -21 22 23
v -24 -25 -26 -27 28 -29 -30 -31 32 33 -34 -35 36 37 -38 39 40 41 -42 43
v -44 -45 46 47 -48 -49 -50 51 52 53 54 55 -56 -57 -58 -59 60 0
c Answer: 3912
v -1 -2 3 -4 -5 -6 7 8 9 -10 -11 -12 13 14 15 16 -17 18 -19 -20 -21 22 23
v -24 -25 -26 -27 28 -29 -30 -31 32 33 -34 -35 36 37 -38 39 40 41 -42 43
v 44 -45 46 47 -48 -49 -50 51 52 53 54 55 -56 -57 -58 -59 60 0
c Answer: 3913
v 1 -2 -3 -4 5 6 7 8 -9 -10 11 -12 -13 -14 15 16 -17 18 -19 -20 -21 22 23
v -24 -25 -26 -27 28 -29 -30 -31 -32 33 -34 -35 36 37 -38 39 40 41 42 43
v -44 45 46 47 -48 -49 -50 51 52 -53 54 55 -56 -57 -58 -59 60 0
c Answer: 3914
v -1 -2 3 -4 -5 -6 7 8 9 -10 -11 -12 13 14 15 16 -17 18 -19 -20 -21 22 23
v -24 -25 -26 -27 28 -29 -30 -31 -32 33 -34 -35 36 37 -38 39 40 41 42 43
v -44 -45 46 47 -48 -49 -50 51 52 53 54 55 -56 -57 -58 -59 60 0
c Answer: 3915
v 1 -2 -3 -4 5 6 7 8 -9 -10 11 -12 -13 -14 15 16 -17 18 -19 -20 -21 22 23
v -24 -25 -26 -27 28 -29 -30 -31 32 33 -34 -35 36 37 -38 39 40 41 42 43 -44
v 45 46 47 -48 -49 -50 51 52 -53 54 55 -56 -57 -58 -59 60 0
c Answer: 3916
v -1 -2 3 -4 -5 -6 7 8 9 -10 -11 -12 13 14 15 16 -17 18 -19 -20 -21 22 23
v -24 -25 -26 -27 28 -29 -30 -31 32 33 -34 -35 36 37 -38 39 40 41 42 43 -44
v -45 46 47 -48 -49 -50 51 52 53 54 55 -56 -57 -58 -59 60 0
c Answer: 3917
v 1 -2 -3 -4 5 6 7 8 -9 -10 11 -12 -13 -14 15 16 -17 18 -19 -20 -21 22 23
v -24 -25 -26 -27 28 -29 -30 -31 -32 33 -34 -35 36 37 -38 39 40 41 42 43
v 44 45 46 47 -48 -49 -50 51 52 -53 54 55 -56 -57 -58 -59 60 0
c Answer: 3918
v 1 -2 -3 -4 5 6 7 8 -9 -10 11 -12 -13 -14 15 16 -17 18 -19 -20 -21 22 23
v -24 -25 -26 -27 28 -29 -30 -31 32 33 -34 -35 36 37 -38 39 40 41 42 43 44
v 45 46 47 -48 -49 -50 51 52 -53 54 55 -56 -57 -58 -59 60 0
c Answer: 3919
v -1 -2 3 -4 -5 -6 7 8 9 -10 -11 -12 13 14 15 16 -17 18 -19 -20 -21 22 23
v -24 -25 -26 -27 28 -29 -30 -31 -32 33 -34 -35 36 37 -38 39 40 41 42 43
v 44 -45 46 47 -48 -49 -50 51 52 53 54 55 -56 -57 -58 -59 60 0
c Answer: 3920
v -1 -2 3 -4 -5 -6 7 8 9 -10 -11 -12 13 14 15 16 -17 18 -19 -20 -21 22 23
v -24 -25 -26 -27 28 -29 -30 -31 32 33 -34 -35 36 37 -38 39 40 41 42 43 44
v -45 46 47 -48 -49 -50 51 52 53 54 55 -56 -57 -58 -59 60 0
c Answer: 3921
v 1 -2 -3 -4 5 6 7 8 -9 -10 11 -12 -13 -14 15 16 -17 18 -19 -20 -21 22 23
v -24 -25 -26 -27 28 -29 -30 -31 -32 33 -34 -35 36 37 -38 39 40 41 -42 43
v -44 45 46 47 -48 -49 -50 51 52 -53 54 55 56 -57 -58 -59 60 0
c Answer: 3922
v -1 -2 3 -4 -5 -6 7 8 9 -10 -11 -12 13 14 15 16 -17 18 -19 -20 -21 22 23
v -24 -25 -26 -27 28 -29 -30 -31 -32 33 -34 -35 36 37 -38 39 40 41 -42 43
v -44 -45 46 47 -48 -49 -50 51 52 53 54 55 56 -57 -58 -59 60 0
c Answer: 3923
v 1 -2 -3 -4 5 6 7 8 -9 -10 11 -12 -13 -14 15 16 -17 18 -19 -20 -21 22 23
v -24 -25 -26 -27 28 -29 -30 -31 -32 33 -34 -35 36 37 -38 39 40 41 42 43
v -44 45 46 47 -48 -49 -50 51 52 -53 54 55 56 -57 -58 -59 60 0
c Answer: 3924
v -1 -2 3 -4 -5 -6 7 8 9 -10 -11 -12 13 14 15 16 -17 18 -19 -20 -21 22 23
v -24 -25 -26 -27 28 -29 -30 -31 -32 33 -34 -35 36 37 -38 39 40 41 42 43
v -44 -45 46 47 -48 -49 -50 51 52 53 54 55 56 -57 -58 -59 60 0
c Answer: 3925
v 1 -2 -3 -4 5 6 7 8 -9 -10 11 -12 -13 -14 15 16 -17 18 -19 -20 -21 22 23
v -24 -25 -26 -27 28 -29 -30 -31 -32 33 -34 -35 36 37 -38 39 40 41 -42 43
v 44 45 46 47 -48 -49 -50 51 52 -53 54 55 56 -57 -58 -59 60 0
c Answer: 3926
v 1 -2 -3 -4 5 6 7 8 -9 -10 11 -12 -13 -14 15 16 -17 18 -19 -20 -21 22 23
v -24 -25 -26 -27 28 -29 -30 -31 -32 33 -34 -35 36 37 -38 39 40 41 42 43
v 44 45 46 47 -48 -49 -50 51 52 -53 54 55 56 -57 -58 -59 60 0
c Answer: 3927
v -1 -2 3 -4 -5 -6 7 8 9 -10 -11 -12 13 14 15 16 -17 18 -19 -20 -21 22 23
v -24 -25 -26 -27 28 -29 -30 -31 -32 33 -34 -35 36 37 -38 39 40 41 -42 43
v 44 -45 46 47 -48 -49 -50 51 52 53 54 55 56 -57 -58 -59 60 0
c Answer: 3928
v -1 -2 3 -4 -5 -6 7 8 9 -10 -11 -12 13 14 15 16 -17 18 -19 -20 -21 22 23
v -24 -25 -26 -27 28 -29 -30 -31 -32 33 -34 -35 36 37 -38 39 40 41 42 43
v 44 -45 46 47 -48 -49 -50 51 52 53 54 55 56 -57 -58 -59 60 0
c Answer: 3929
v 1 -2 -3 -4 5 6 7 8 -9 -10 11 -12 -13 -14 15 16 -17 18 -19 -20 -21 22 23
v -24 -25 -26 -27 28 -29 -30 -31 32 33 -34 -35 36 37 -38 39 40 41 -42 43
v -44 45 46 47 -48 -49 -50 51 52 -53 54 55 56 -57 -58 -59 60 0
c Answer: 3930
v -1 -2 3 -4 -5 -6 7 8 9 -10 -11 -12 13 14 15 16 -17 18 -19 -20 -21 22 23
v -24 -25 -26 -27 28 -29 -30 -31 32 33 -34 -35 36 37 -38 39 40 41 -42 43
v -44 -45 46 47 -48 -49 -50 51 52 53 54 55 56 -57 -58 -59 60 0
c Answer: 3931
v 1 -2 -3 -4 5 6 7 8 -9 -10 11 -12 -13 -14 15 16 -17 18 -19 -20 -21 22 23
v -24 -25 -26 -27 28 -29 -30 -31 32 33 -34 -35 36 37 -38 39 40 41 -42 43
v 44 45 46 47 -48 -49 -50 51 52 -53 54 55 56 -57 -58 -59 60 0
c Answer: 3932
v -1 -2 3 -4 -5 -6 7 8 9 -10 -11 -12 13 14 15 16 -17 18 -19 -20 -21 22 23
v -24 -25 -26 -27 28 -29 -30 -31 32 33 -34 -35 36 37 -38 39 40 41 -42 43
v 44 -45 46 47 -48 -49 -50 51 52 53 54 55 56 -57 -58 -59 60 0
c Answer: 3933
v 1 -2 -3 -4 5 6 7 8 -9 -10 11 -12 -13 -14 15 16 -17 18 -19 -20 -21 22 23
v -24 -25 -26 -27 28 -29 -30 -31 32 33 -34 -35 36 37 -38 39 40 41 42 43 -44
v 45 46 47 -48 -49 -50 51 52 -53 54 55 56 -57 -58 -59 60 0
c Answer: 3934
v 1 -2 -3 -4 5 6 7 8 -9 -10 11 -12 -13 -14 15 16 -17 18 -19 -20 -21 22 23
v -24 -25 -26 -27 28 -29 -30 -31 32 33 -34 -35 36 37 -38 39 40 41 42 43 44
v 45 46 47 -48 -49 -50 51 52 -53 54 55 56 -57 -58 -59 60 0
c Answer: 3935
v -1 -2 3 -4 -5 -6 7 8 9 -10 -11 -12 13 14 15 16 -17 18 -19 -20 -21 22 23
v -24 -25 -26 -27 28 -29 -30 -31 32 33 -34 -35 36 37 -38 39 40 41 42 43 -44
v -45 46 47 -48 -49 -50 51 52 53 54 55 56 -57 -58 -59 60 0
c Answer: 3936
v -1 -2 3 -4 -5 -6 7 8 9 -10 -11 -12 13 14 15 16 -17 18 -19 -20 -21 22 23
v -24 -25 -26 -27 28 -29 -30 -31 32 33 -34 -35 36 37 -38 39 40 41 42 43 44
v -45 46 47 -48 -49 -50 51 52 53 54 55 56 -57 -58 -59 60 0
c Answer: 3937
v 1 -2 -3 -4 5 6 7 8 -9 -10 11 -12 -13 -14 15 16 -17 18 -19 -20 -21 22 23
v -24 -25 -26 -27 28 -29 -30 -31 -32 33 -34 -35 36 37 -38 39 40 41 -42 43
v -44 45 46 47 48 -49 -50 51 52 -53 54 55 -56 -57 -58 -59 60 0
c Answer: 3938
v -1 -2 3 -4 -5 -6 7 8 9 -10 -11 -12 13 14 15 16 -17 18 -19 -20 -21 22 23
v -24 -25 -26 -27 28 -29 -30 -31 -32 33 -34 -35 36 37 -38 39 40 41 -42 43
v -44 -45 46 47 48 -49 -50 51 52 53 54 55 -56 -57 -58 -59 60 0
c Answer: 3939
v 1 -2 -3 -4 5 6 7 8 -9 -10 11 -12 -13 -14 15 16 -17 18 -19 -20 -21 22 23
v -24 -25 -26 -27 28 -29 -30 -31 -32 33 -34 -35 36 37 -38 39 40 41 -42 43
v -44 45 46 47 48 -49 -50 51 52 -53 54 55 56 -57 -58 -59 60 0
c Answer: 3940
v -1 -2 3 -4 -5 -6 7 8 9 -10 -11 -12 13 14 15 16 -17 18 -19 -20 -21 22 23
v -24 -25 -26 -27 28 -29 -30 -31 -32 33 -34 -35 36 37 -38 39 40 41 -42 43
v -44 -45 46 47 48 -49 -50 51 52 53 54 55 56 -57 -58 -59 60 0
c Answer: 3941
v 1 -2 -3 -4 5 6 7 8 -9 -10 11 -12 -13 -14 15 16 -17 18 -19 -20 -21 22 23
v -24 -25 -26 -27 28 -29 -30 -31 32 33 -34 -35 36 37 -38 39 40 41 -42 43
v -44 45 46 47 48 -49 -50 51 52 -53 54 55 -56 -57 -58 -59 60 0
c Answer: 3942
v 1 -2 -3 -4 5 6 7 8 -9 -10 11 -12 -13 -14 15 16 -17 18 -19 -20 -21 22 23
v -24 -25 -26 -27 28 -29 -30 -31 32 33 -34 -35 36 37 -38 39 40 41 -42 43
v -44 45 46 47 48 -49 -50 51 52 -53 54 55 56 -57 -58 -59 60 0
c Answer: 3943
v -1 -2 3 -4 -5 -6 7 8 9 -10 -11 -12 13 14 15 16 -17 18 -19 -20 -21 22 23
v -24 -25 -26 -27 28 -29 -30 -31 32 33 -34 -35 36 37 -38 39 40 41 -42 43
v -44 -45 46 47 48 -49 -50 51 52 53 54 55 -56 -57 -58 -59 60 0
c Answer: 3944
v -1 -2 3 -4 -5 -6 7 8 9 -10 -11 -12 13 14 15 16 -17 18 -19 -20 -21 22 23
v -24 -25 -26 -27 28 -29 -30 -31 32 33 -34 -35 36 37 -38 39 40 41 -42 43
v -44 -45 46 47 48 -49 -50 51 52 53 54 55 56 -57 -58 -59 60 0
c Answer: 3945
v 1 -2 -3 -4 5 6 7 8 -9 -10 11 -12 -13 -14 15 16 -17 18 -19 -20 -21 22 23
v -24 -25 -26 -27 28 -29 -30 -31 -32 33 -34 -35 36 37 -38 39 40 41 42 43
v -44 45 46 47 48 -49 -50 51 52 -53 54 55 -56 -57 -58 -59 60 0
c Answer: 3946
v -1 -2 3 -4 -5 -6 7 8 9 -10 -11 -12 13 14 15 16 -17 18 -19 -20 -21 22 23
v -24 -25 -26 -27 28 -29 -30 -31 -32 33 -34 -35 36 37 -38 39 40 41 42 43
v -44 -45 46 47 48 -49 -50 51 52 53 54 55 -56 -57 -58 -59 60 0
c Answer: 3947
v 1 -2 -3 -4 5 6 7 8 -9 -10 11 -12 -13 -14 15 16 -17 18 -19 -20 -21 22 23
v -24 -25 -26 -27 28 -29 -30 -31 32 33 -34 -35 36 37 -38 39 40 41 42 43 -44
v 45 46 47 48 -49 -50 51 52 -53 54 55 -56 -57 -58 -59 60 0
c Answer: 3948
v -1 -2 3 -4 -5 -6 7 8 9 -10 -11 -12 13 14 15 16 -17 18 -19 -20 -21 22 23
v -24 -25 -26 -27 28 -29 -30 -31 32 33 -34 -35 36 37 -38 39 40 41 42 43 -44
v -45 46 47 48 -49 -50 51 52 53 54 55 -56 -57 -58 -59 60 0
c Answer: 3949
v 1 -2 -3 -4 5 6 7 8 -9 -10 11 -12 -13 -14 15 16 -17 18 -19 -20 -21 22 23
v -24 -25 -26 -27 28 -29 -30 -31 -32 33 -34 -35 36 37 -38 39 40 41 42 43
v -44 45 46 47 48 -49 -50 51 52 -53 54 55 56 -57 -58 -59 60 0
c Answer: 3950
v 1 -2 -3 -4 5 6 7 8 -9 -10 11 -12 -13 -14 15 16 -17 18 -19 -20 -21 22 23
v -24 -25 -26 -27 28 -29 -30 -31 32 33 -34 -35 36 37 -38 39 40 41 42 43 -44
v 45 46 47 48 -49 -50 51 52 -53 54 55 56 -57 -58 -59 60 0
c Answer: 3951
v -1 -2 3 -4 -5 -6 7 8 9 -10 -11 -12 13 14 15 16 -17 18 -19 -20 -21 22 23
v -24 -25 -26 -27 28 -29 -30 -31 -32 33 -34 -35 36 37 -38 39 40 41 42 43
v -44 -45 46 47 48 -49 -50 51 52 53 54 55 56 -57 -58 -59 60 0
c Answer: 3952
v -1 -2 3 -4 -5 -6 7 8 9 -10 -11 -12 13 14 15 16 -17 18 -19 -20 -21 22 23
v -24 -25 -26 -27 28 -29 -30 -31 32 33 -34 -35 36 37 -38 39 40 41 42 43 -44
v -45 46 47 48 -49 -50 51 52 53 54 55 56 -57 -58 -59 60 0
c Answer: 3953
v 1 -2 -3 -4 5 6 7 8 -9 -10 11 -12 -13 -14 15 16 -17 18 -19 -20 -21 22 23
v -24 -25 -26 -27 28 -29 -30 -31 -32 33 -34 -35 36 37 -38 39 40 41 -42 43
v 44 45 46 47 48 -49 -50 51 52 -53 54 55 -56 -57 -58 -59 60 0
c Answer: 3954
v -1 -2 3 -4 -5 -6 7 8 9 -10 -11 -12 13 14 15 16 -17 18 -19 -20 -21 22 23
v -24 -25 -26 -27 28 -29 -30 -31 -32 33 -34 -35 36 37 -38 39 40 41 -42 43
v 44 -45 46 47 48 -49 -50 51 52 53 54 55 -56 -57 -58 -59 60 0
c Answer: 3955
v 1 -2 -3 -4 5 6 7 8 -9 -10 11 -12 -13 -14 15 16 -17 18 -19 -20 -21 22 23
v -24 -25 -26 -27 28 -29 -30 -31 -32 33 -34 -35 36 37 -38 39 40 41 42 43
v 44 45 46 47 48 -49 -50 51 52 -53 54 55 -56 -57 -58 -59 60 0
c Answer: 3956
v -1 -2 3 -4 -5 -6 7 8 9 -10 -11 -12 13 14 15 16 -17 18 -19 -20 -21 22 23
v -24 -25 -26 -27 28 -29 -30 -31 -32 33 -34 -35 36 37 -38 39 40 41 42 43
v 44 -45 46 47 48 -49 -50 51 52 53 54 55 -56 -57 -58 -59 60 0
c Answer: 3957
v 1 -2 -3 -4 5 6 7 8 -9 -10 11 -12 -13 -14 15 16 -17 18 -19 -20 -21 22 23
v -24 -25 -26 -27 28 -29 -30 -31 -32 33 -34 -35 36 37 -38 39 40 41 -42 43
v 44 45 46 47 48 -49 -50 51 52 -53 54 55 56 -57 -58 -59 60 0
c Answer: 3958
v 1 -2 -3 -4 5 6 7 8 -9 -10 11 -12 -13 -14 15 16 -17 18 -19 -20 -21 22 23
v -24 -25 -26 -27 28 -29 -30 -31 -32 33 -34 -35 36 37 -38 39 40 41 42 43
v 44 45 46 47 48 -49 -50 51 52 -53 54 55 56 -57 -58 -59 60 0
c Answer: 3959
v -1 -2 3 -4 -5 -6 7 8 9 -10 -11 -12 13 14 15 16 -17 18 -19 -20 -21 22 23
v -24 -25 -26 -27 28 -29 -30 -31 -32 33 -34 -35 36 37 -38 39 40 41 -42 43
v 44 -45 46 47 48 -49 -50 51 52 53 54 55 56 -57 -58 -59 60 0
c Answer: 3960
v -1 -2 3 -4 -5 -6 7 8 9 -10 -11 -12 13 14 15 16 -17 18 -19 -20 -21 22 23
v -24 -25 -26 -27 28 -29 -30 -31 -32 33 -34 -35 36 37 -38 39 40 41 42 43
v 44 -45 46 47 48 -49 -50 51 52 53 54 55 56 -57 -58 -59 60 0
c Answer: 3961
v 1 -2 -3 -4 5 6 7 8 -9 -10 11 -12 -13 -14 15 16 -17 18 -19 -20 -21 22 23
v -24 -25 -26 -27 28 -29 -30 -31 32 33 -34 -35 36 37 -38 39 40 41 -42 43
v 44 45 46 47 48 -49 -50 51 52 -53 54 55 -56 -57 -58 -59 60 0
c Answer: 3962
v -1 -2 3 -4 -5 -6 7 8 9 -10 -11 -12 13 14 15 16 -17 18 -19 -20 -21 22 23
v -24 -25 -26 -27 28 -29 -30 -31 32 33 -34 -35 36 37 -38 39 40 41 -42 43
v 44 -45 46 47 48 -49 -50 51 52 53 54 55 -56 -57 -58 -59 60 0
c Answer: 3963
v 1 -2 -3 -4 5 6 7 8 -9 -10 11 -12 -13 -14 15 16 -17 18 -19 -20 -21 22 23
v -24 -25 -26 -27 28 -29 -30 -31 32 33 -34 -35 36 37 -38 39 40 41 -42 43
v 44 45 46 47 48 -49 -50 51 52 -53 54 55 56 -57 -58 -59 60 0
c Answer: 3964
v -1 -2 3 -4 -5 -6 7 8 9 -10 -11 -12 13 14 15 16 -17 18 -19 -20 -21 22 23
v -24 -25 -26 -27 28 -29 -30 -31 32 33 -34 -35 36 37 -38 39 40 41 -42 43
v 44 -45 46 47 48 -49 -50 51 52 53 54 55 56 -57 -58 -59 60 0
c Answer: 3965
v 1 -2 -3 -4 5 6 7 8 -9 -10 11 -12 -13 -14 15 16 -17 18 -19 -20 -21 22 23
v -24 -25 -26 -27 28 -29 -30 -31 32 33 -34 -35 36 37 -38 39 40 41 42 43 44
v 45 46 47 48 -49 -50 51 52 -53 54 55 -56 -57 -58 -59 60 0
c Answer: 3966
v 1 -2 -3 -4 5 6 7 8 -9 -10 11 -12 -13 -14 15 16 -17 18 -19 -20 -21 22 23
v -24 -25 -26 -27 28 -29 -30 -31 32 33 -34 -35 36 37 -38 39 40 41 42 43 44
v 45 46 47 48 -49 -50 51 52 -53 54 55 56 -57 -58 -59 60 0
c Answer: 3967
v -1 -2 3 -4 -5 -6 7 8 9 -10 -11 -12 13 14 15 16 -17 18 -19 -20 -21 22 23
v -24 -25 -26 -27 28 -29 -30 -31 32 33 -34 -35 36 37 -38 39 40 41 42 43 44
v -45 46 47 48 -49 -50 51 52 53 54 55 -56 -57 -58 -59 60 0
c Answer: 3968
v -1 -2 3 -4 -5 -6 7 8 9 -10 -11 -12 13 14 15 16 -17 18 -19 -20 -21 22 23
v -24 -25 -26 -27 28 -29 -30 -31 32 33 -34 -35 36 37 -38 39 40 41 42 43 44
v -45 46 47 48 -49 -50 51 52 53 54 55 56 -57 -58 -59 60 0
c Answer: 3969
v 1 -2 -3 -4 5 6 7 8 -9 -10 11 -12 -13 -14 15 16 -17 18 -19 -20 -21 22 23
v 24 -25 -26 -27 28 -29 -30 -31 -32 33 -34 -35 36 37 -38 39 40 41 -42 -43
v -44 45 46 47 -48 -49 -50 51 52 -53 54 55 -56 -57 -58 -59 60 0
c Answer: 3970
v -1 -2 3 -4 -5 -6 7 8 9 -10 -11 -12 13 14 15 16 -17 18 -19 -20 -21 22 23
v 24 -25 -26 -27 28 -29 -30 -31 -32 33 -34 -35 36 37 -38 39 40 41 -42 -43
v -44 -45 46 47 -48 -49 -50 51 52 53 54 55 -56 -57 -58 -59 60 0
c Answer: 3971
v 1 -2 -3 -4 5 6 7 8 -9 -10 11 -12 -13 -14 15 16 -17 18 -19 -20 -21 22 23
v 24 -25 -26 -27 28 -29 -30 -31 -32 33 -34 -35 36 37 -38 39 40 41 42 -43
v -44 45 46 47 -48 -49 -50 51 52 -53 54 55 -56 -57 -58 -59 60 0
c Answer: 3972
v -1 -2 3 -4 -5 -6 7 8 9 -10 -11 -12 13 14 15 16 -17 18 -19 -20 -21 22 23
v 24 -25 -26 -27 28 -29 -30 -31 -32 33 -34 -35 36 37 -38 39 40 41 42 -43
v -44 -45 46 47 -48 -49 -50 51 52 53 54 55 -56 -57 -58 -59 60 0
c Answer: 3973
v 1 -2 -3 -4 5 6 7 8 -9 -10 11 -12 -13 -14 15 16 -17 18 -19 -20 -21 22 23
v 24 -25 -26 -27 28 -29 -30 -31 -32 33 -34 -35 36 37 -38 39 40 41 -42 43
v -44 45 46 47 -48 -49 -50 51 52 -53 54 55 -56 -57 -58 -59 60 0
c Answer: 3974
v 1 -2 -3 -4 5 6 7 8 -9 -10 11 -12 -13 -14 15 16 -17 18 -19 -20 -21 22 23
v 24 -25 -26 -27 28 -29 -30 -31 -32 33 -34 -35 36 37 -38 39 40 41 42 43 -44
v 45 46 47 -48 -49 -50 51 52 -53 54 55 -56 -57 -58 -59 60 0
c Answer: 3975
v -1 -2 3 -4 -5 -6 7 8 9 -10 -11 -12 13 14 15 16 -17 18 -19 -20 -21 22 23
v 24 -25 -26 -27 28 -29 -30 -31 -32 33 -34 -35 36 37 -38 39 40 41 -42 43
v -44 -45 46 47 -48 -49 -50 51 52 53 54 55 -56 -57 -58 -59 60 0
c Answer: 3976
v -1 -2 3 -4 -5 -6 7 8 9 -10 -11 -12 13 14 15 16 -17 18 -19 -20 -21 22 23
v 24 -25 -26 -27 28 -29 -30 -31 -32 33 -34 -35 36 37 -38 39 40 41 42 43 -44
v -45 46 47 -48 -49 -50 51 52 53 54 55 -56 -57 -58 -59 60 0
c Answer: 3977
v 1 -2 -3 -4 5 6 7 8 -9 -10 11 -12 -13 -14 15 16 -17 18 -19 -20 -21 22 23
v 24 -25 -26 -27 28 -29 -30 -31 -32 33 -34 -35 36 37 -38 39 40 41 -42 -43
v -44 45 46 47 48 -49 -50 51 52 -53 54 55 -56 -57 -58 -59 60 0
c Answer: 3978
v -1 -2 3 -4 -5 -6 7 8 9 -10 -11 -12 13 14 15 16 -17 18 -19 -20 -21 22 23
v 24 -25 -26 -27 28 -29 -30 -31 -32 33 -34 -35 36 37 -38 39 40 41 -42 -43
v -44 -45 46 47 48 -49 -50 51 52 53 54 55 -56 -57 -58 -59 60 0
c Answer: 3979
v 1 -2 -3 -4 5 6 7 8 -9 -10 11 -12 -13 -14 15 16 -17 18 -19 -20 -21 22 23
v 24 -25 -26 -27 28 -29 -30 -31 -32 33 -34 -35 36 37 -38 39 40 41 -42 43
v -44 45 46 47 48 -49 -50 51 52 -53 54 55 -56 -57 -58 -59 60 0
c Answer: 3980
v -1 -2 3 -4 -5 -6 7 8 9 -10 -11 -12 13 14 15 16 -17 18 -19 -20 -21 22 23
v 24 -25 -26 -27 28 -29 -30 -31 -32 33 -34 -35 36 37 -38 39 40 41 -42 43
v -44 -45 46 47 48 -49 -50 51 52 53 54 55 -56 -57 -58 -59 60 0
c Answer: 3981
v 1 -2 -3 -4 5 6 7 8 -9 -10 11 -12 -13 -14 15 16 -17 18 -19 -20 -21 22 23
v 24 -25 -26 -27 28 -29 -30 -31 -32 33 -34 -35 36 37 -38 39 40 41 42 -43
v -44 45 46 47 48 -49 -50 51 52 -53 54 55 -56 -57 -58 -59 60 0
c Answer: 3982
v 1 -2 -3 -4 5 6 7 8 -9 -10 11 -12 -13 -14 15 16 -17 18 -19 -20 -21 22 23
v 24 -25 -26 -27 28 -29 -30 -31 -32 33 -34 -35 36 37 -38 39 40 41 42 43 -44
v 45 46 47 48 -49 -50 51 52 -53 54 55 -56 -57 -58 -59 60 0
c Answer: 3983
v -1 -2 3 -4 -5 -6 7 8 9 -10 -11 -12 13 14 15 16 -17 18 -19 -20 -21 22 23
v 24 -25 -26 -27 28 -29 -30 -31 -32 33 -34 -35 36 37 -38 39 40 41 42 -43
v -44 -45 46 47 48 -49 -50 51 52 53 54 55 -56 -57 -58 -59 60 0
c Answer: 3984
v -1 -2 3 -4 -5 -6 7 8 9 -10 -11 -12 13 14 15 16 -17 18 -19 -20 -21 22 23
v 24 -25 -26 -27 28 -29 -30 -31 -32 33 -34 -35 36 37 -38 39 40 41 42 43 -44
v -45 46 47 48 -49 -50 51 52 53 54 55 -56 -57 -58 -59 60 0
c Answer: 3985
v 1 -2 -3 -4 5 6 7 8 -9 -10 11 -12 -13 -14 15 16 -17 18 -19 -20 -21 22 23
v 24 -25 -26 -27 28 -29 -30 -31 -32 33 -34 -35 36 37 -38 39 40 41 -42 -43
v 44 45 46 47 -48 -49 -50 51 52 -53 54 55 -56 -57 -58 -59 60 0
c Answer: 3986
v -1 -2 3 -4 -5 -6 7 8 9 -10 -11 -12 13 14 15 16 -17 18 -19 -20 -21 22 23
v 24 -25 -26 -27 28 -29 -30 -31 -32 33 -34 -35 36 37 -38 39 40 41 -42 -43
v 44 -45 46 47 -48 -49 -50 51 52 53 54 55 -56 -57 -58 -59 60 0
c Answer: 3987
v 1 -2 -3 -4 5 6 7 8 -9 -10 11 -12 -13 -14 15 16 -17 18 -19 -20 -21 22 23
v 24 -25 -26 -27 28 -29 -30 -31 -32 33 -34 -35 36 37 -38 39 40 41 -42 -43
v 44 45 46 47 48 -49 -50 51 52 -53 54 55 -56 -57 -58 -59 60 0
c Answer: 3988
v -1 -2 3 -4 -5 -6 7 8 9 -10 -11 -12 13 14 15 16 -17 18 -19 -20 -21 22 23
v 24 -25 -26 -27 28 -29 -30 -31 -32 33 -34 -35 36 37 -38 39 40 41 -42 -43
v 44 -45 46 47 48 -49 -50 51 52 53 54 55 -56 -57 -58 -59 60 0
c Answer: 3989
v 1 -2 -3 -4 5 6 7 8 -9 -10 11 -12 -13 -14 15 16 -17 18 -19 -20 -21 22 23
v 24 -25 -26 -27 28 -29 -30 -31 -32 33 -34 -35 36 37 -38 39 40 41 42 -43
v 44 45 46 47 -48 -49 -50 51 52 -53 54 55 -56 -57 -58 -59 60 0
c Answer: 3990
v 1 -2 -3 -4 5 6 7 8 -9 -10 11 -12 -13 -14 15 16 -17 18 -19 -20 -21 22 23
v 24 -25 -26 -27 28 -29 -30 -31 -32 33 -34 -35 36 37 -38 39 40 41 42 -43
v 44 45 46 47 48 -49 -50 51 52 -53 54 55 -56 -57 -58 -59 60 0
c Answer: 3991
v -1 -2 3 -4 -5 -6 7 8 9 -10 -11 -12 13 14 15 16 -17 18 -19 -20 -21 22 23
v 24 -25 -26 -27 28 -29 -30 -31 -32 33 -34 -35 36 37 -38 39 40 41 42 -43
v 44 -45 46 47 -48 -49 -50 51 52 53 54 55 -56 -57 -58 -59 60 0
c Answer: 3992
v -1 -2 3 -4 -5 -6 7 8 9 -10 -11 -12 13 14 15 16 -17 18 -19 -20 -21 22 23
v 24 -25 -26 -27 28 -29 -30 -31 -32 33 -34 -35 36 37 -38 39 40 41 42 -43
v 44 -45 46 47 48 -49 -50 51 52 53 54 55 -56 -57 -58 -59 60 0
c Answer: 3993
v 1 -2 -3 -4 5 6 7 8 -9 -10 11 -12 -13 -14 15 16 -17 18 -19 -20 -21 22 23
v 24 -25 -26 -27 28 -29 -30 -31 -32 33 -34 -35 36 37 -38 39 40 41 -42 43
v 44 45 46 47 -48 -49 -50 51 52 -53 54 55 -56 -57 -58 -59 60 0
c Answer: 3994
v -1 -2 3 -4 -5 -6 7 8 9 -10 -11 -12 13 14 15 16 -17 18 -19 -20 -21 22 23
v 24 -25 -26 -27 28 -29 -30 -31 -32 33 -34 -35 36 37 -38 39 40 41 -42 43
v 44 -45 46 47 -48 -49 -50 51 52 53 54 55 -56 -57 -58 -59 60 0
c Answer: 3995
v 1 -2 -3 -4 5 6 7 8 -9 -10 11 -12 -13 -14 15 16 -17 18 -19 -20 -21 22 23
v 24 -25 -26 -27 28 -29 -30 -31 -32 33 -34 -35 36 37 -38 39 40 41 42 43 44
v 45 46 47 -48 -49 -50 51 52 -53 54 55 -56 -57 -58 -59 60 0
c Answer: 3996
v -1 -2 3 -4 -5 -6 7 8 9 -10 -11 -12 13 14 15 16 -17 18 -19 -20 -21 22 23
v 24 -25 -26 -27 28 -29 -30 -31 -32 33 -34 -35 36 37 -38 39 40 41 42 43 44
v -45 46 47 -48 -49 -50 51 52 53 54 55 -56 -57 -58 -59 60 0
c Answer: 3997
v 1 -2 -3 -4 5 6 7 8 -9 -10 11 -12 -13 -14 15 16 -17 18 -19 -20 -21 22 23
v 24 -25 -26 -27 28 -29 -30 -31 -32 33 -34 -35 36 37 -38 39 40 41 -42 43
v 44 45 46 47 48 -49 -50 51 52 -53 54 55 -56 -57 -58 -59 60 0
c Answer: 3998
v 1 -2 -3 -4 5 6 7 8 -9 -10 11 -12 -13 -14 15 16 -17 18 -19 -20 -21 22 23
v 24 -25 -26 -27 28 -29 -30 -31 -32 33 -34 -35 36 37 -38 39 40 41 42 43 44
v 45 46 47 48 -49 -50 51 52 -53 54 55 -56 -57 -58 -59 60 0
c Answer: 3999
v -1 -2 3 -4 -5 -6 7 8 9 -10 -11 -12 13 14 15 16 -17 18 -19 -20 -21 22 23
v 24 -25 -26 -27 28 -29 -30 -31 -32 33 -34 -35 36 37 -38 39 40 41 -42 43
v 44 -45 46 47 48 -49 -50 51 52 53 54 55 -56 -57 -58 -59 60 0
c Answer: 4000
v -1 -2 3 -4 -5 -6 7 8 9 -10 -11 -12 13 14 15 16 -17 18 -19 -20 -21 22 23
v 24 -25 -26 -27 28 -29 -30 -31 -32 33 -34 -35 36 37 -38 39 40 41 42 43 44
v -45 46 47 48 -49 -50 51 52 53 54 55 -56 -57 -58 -59 60 0
c Answer: 4001
v 1 -2 -3 -4 5 6 7 8 -9 -10 11 -12 -13 -14 15 16 -17 18 -19 -20 -21 22 23
v 24 -25 -26 -27 28 -29 -30 -31 32 33 -34 -35 36 37 -38 39 40 41 -42 -43
v -44 45 46 47 -48 -49 -50 51 52 -53 54 55 -56 -57 -58 -59 60 0
c Answer: 4002
v -1 -2 3 -4 -5 -6 7 8 9 -10 -11 -12 13 14 15 16 -17 18 -19 -20 -21 22 23
v 24 -25 -26 -27 28 -29 -30 -31 32 33 -34 -35 36 37 -38 39 40 41 -42 -43
v -44 -45 46 47 -48 -49 -50 51 52 53 54 55 -56 -57 -58 -59 60 0
c Answer: 4003
v 1 -2 -3 -4 5 6 7 8 -9 -10 11 -12 -13 -14 15 16 -17 18 -19 -20 -21 22 23
v 24 -25 -26 -27 28 -29 -30 -31 32 33 -34 -35 36 37 -38 39 40 41 -42 -43
v 44 45 46 47 -48 -49 -50 51 52 -53 54 55 -56 -57 -58 -59 60 0
c Answer: 4004
v -1 -2 3 -4 -5 -6 7 8 9 -10 -11 -12 13 14 15 16 -17 18 -19 -20 -21 22 23
v 24 -25 -26 -27 28 -29 -30 -31 32 33 -34 -35 36 37 -38 39 40 41 -42 -43
v 44 -45 46 47 -48 -49 -50 51 52 53 54 55 -56 -57 -58 -59 60 0
c Answer: 4005
v 1 -2 -3 -4 5 6 7 8 -9 -10 11 -12 -13 -14 15 16 -17 18 -19 -20 -21 22 23
v 24 -25 -26 -27 28 -29 -30 -31 32 33 -34 -35 36 37 -38 39 40 41 -42 43 -44
v 45 46 47 -48 -49 -50 51 52 -53 54 55 -56 -57 -58 -59 60 0
c Answer: 4006
v 1 -2 -3 -4 5 6 7 8 -9 -10 11 -12 -13 -14 15 16 -17 18 -19 -20 -21 22 23
v 24 -25 -26 -27 28 -29 -30 -31 32 33 -34 -35 36 37 -38 39 40 41 -42 43 44
v 45 46 47 -48 -49 -50 51 52 -53 54 55 -56 -57 -58 -59 60 0
c Answer: 4007
v -1 -2 3 -4 -5 -6 7 8 9 -10 -11 -12 13 14 15 16 -17 18 -19 -20 -21 22 23
v 24 -25 -26 -27 28 -29 -30 -31 32 33 -34 -35 36 37 -38 39 40 41 -42 43 -44
v -45 46 47 -48 -49 -50 51 52 53 54 55 -56 -57 -58 -59 60 0
c Answer: 4008
v -1 -2 3 -4 -5 -6 7 8 9 -10 -11 -12 13 14 15 16 -17 18 -19 -20 -21 22 23
v 24 -25 -26 -27 28 -29 -30 -31 32 33 -34 -35 36 37 -38 39 40 41 -42 43 44
v -45 46 47 -48 -49 -50 51 52 53 54 55 -56 -57 -58 -59 60 0
c Answer: 4009
v 1 -2 -3 -4 5 6 7 8 -9 -10 11 -12 -13 -14 15 16 -17 18 -19 -20 -21 22 23
v 24 -25 -26 -27 28 -29 -30 -31 32 33 -34 -35 36 37 -38 39 40 41 -42 -43
v -44 45 46 47 48 -49 -50 51 52 -53 54 55 -56 -57 -58 -59 60 0
c Answer: 4010
v -1 -2 3 -4 -5 -6 7 8 9 -10 -11 -12 13 14 15 16 -17 18 -19 -20 -21 22 23
v 24 -25 -26 -27 28 -29 -30 -31 32 33 -34 -35 36 37 -38 39 40 41 -42 -43
v -44 -45 46 47 48 -49 -50 51 52 53 54 55 -56 -57 -58 -59 60 0
c Answer: 4011
v 1 -2 -3 -4 5 6 7 8 -9 -10 11 -12 -13 -14 15 16 -17 18 -19 -20 -21 22 23
v 24 -25 -26 -27 28 -29 -30 -31 32 33 -34 -35 36 37 -38 39 40 41 -42 43 -44
v 45 46 47 48 -49 -50 51 52 -53 54 55 -56 -57 -58 -59 60 0
c Answer: 4012
v -1 -2 3 -4 -5 -6 7 8 9 -10 -11 -12 13 14 15 16 -17 18 -19 -20 -21 22 23
v 24 -25 -26 -27 28 -29 -30 -31 32 33 -34 -35 36 37 -38 39 40 41 -42 43 -44
v -45 46 47 48 -49 -50 51 52 53 54 55 -56 -57 -58 -59 60 0
c Answer: 4013
v 1 -2 -3 -4 5 6 7 8 -9 -10 11 -12 -13 -14 15 16 -17 18 -19 -20 -21 22 23
v 24 -25 -26 -27 28 -29 -30 -31 32 33 -34 -35 36 37 -38 39 40 41 -42 -43
v 44 45 46 47 48 -49 -50 51 52 -53 54 55 -56 -57 -58 -59 60 0
c Answer: 4014
v 1 -2 -3 -4 5 6 7 8 -9 -10 11 -12 -13 -14 15 16 -17 18 -19 -20 -21 22 23
v 24 -25 -26 -27 28 -29 -30 -31 32 33 -34 -35 36 37 -38 39 40 41 -42 43 44
v 45 46 47 48 -49 -50 51 52 -53 54 55 -56 -57 -58 -59 60 0
c Answer: 4015
v -1 -2 3 -4 -5 -6 7 8 9 -10 -11 -12 13 14 15 16 -17 18 -19 -20 -21 22 23
v 24 -25 -26 -27 28 -29 -30 -31 32 33 -34 -35 36 37 -38 39 40 41 -42 -43
v 44 -45 46 47 48 -49 -50 51 52 53 54 55 -56 -57 -58 -59 60 0
c Answer: 4016
v -1 -2 3 -4 -5 -6 7 8 9 -10 -11 -12 13 14 15 16 -17 18 -19 -20 -21 22 23
v 24 -25 -26 -27 28 -29 -30 -31 32 33 -34 -35 36 37 -38 39 40 41 -42 43 44
v -45 46 47 48 -49 -50 51 52 53 54 55 -56 -57 -58 -59 60 0
c Answer: 4017
v 1 -2 -3 -4 5 6 7 8 -9 -10 11 -12 -13 -14 15 16 -17 18 -19 -20 -21 22 23
v 24 -25 -26 -27 28 -29 -30 -31 32 33 -34 -35 36 37 -38 39 40 41 42 -43 -44
v 45 46 47 -48 -49 -50 51 52 -53 54 55 -56 -57 -58 -59 60 0
c Answer: 4018
v -1 -2 3 -4 -5 -6 7 8 9 -10 -11 -12 13 14 15 16 -17 18 -19 -20 -21 22 23
v 24 -25 -26 -27 28 -29 -30 -31 32 33 -34 -35 36 37 -38 39 40 41 42 -43 -44
v -45 46 47 -48 -49 -50 51 52 53 54 55 -56 -57 -58 -59 60 0
c Answer: 4019
v 1 -2 -3 -4 5 6 7 8 -9 -10 11 -12 -13 -14 15 16 -17 18 -19 -20 -21 22 23
v 24 -25 -26 -27 28 -29 -30 -31 32 33 -34 -35 36 37 -38 39 40 41 42 -43 -44
v 45 46 47 48 -49 -50 51 52 -53 54 55 -56 -57 -58 -59 60 0
c Answer: 4020
v -1 -2 3 -4 -5 -6 7 8 9 -10 -11 -12 13 14 15 16 -17 18 -19 -20 -21 22 23
v 24 -25 -26 -27 28 -29 -30 -31 32 33 -34 -35 36 37 -38 39 40 41 42 -43 -44
v -45 46 47 48 -49 -50 51 52 53 54 55 -56 -57 -58 -59 60 0
c Answer: 4021
v 1 -2 -3 -4 5 6 7 8 -9 -10 11 -12 -13 -14 15 16 -17 18 -19 -20 -21 22 23
v 24 -25 -26 -27 28 -29 -30 -31 32 33 -34 -35 36 37 -38 39 40 41 42 -43 44
v 45 46 47 -48 -49 -50 51 52 -53 54 55 -56 -57 -58 -59 60 0
c Answer: 4022
v 1 -2 -3 -4 5 6 7 8 -9 -10 11 -12 -13 -14 15 16 -17 18 -19 -20 -21 22 23
v 24 -25 -26 -27 28 -29 -30 -31 32 33 -34 -35 36 37 -38 39 40 41 42 -43 44
v 45 46 47 48 -49 -50 51 52 -53 54 55 -56 -57 -58 -59 60 0
c Answer: 4023
v -1 -2 3 -4 -5 -6 7 8 9 -10 -11 -12 13 14 15 16 -17 18 -19 -20 -21 22 23
v 24 -25 -26 -27 28 -29 -30 -31 32 33 -34 -35 36 37 -38 39 40 41 42 -43 44
v -45 46 47 -48 -49 -50 51 52 53 54 55 -56 -57 -58 -59 60 0
c Answer: 4024
v -1 -2 3 -4 -5 -6 7 8 9 -10 -11 -12 13 14 15 16 -17 18 -19 -20 -21 22 23
v 24 -25 -26 -27 28 -29 -30 -31 32 33 -34 -35 36 37 -38 39 40 41 42 -43 44
v -45 46 47 48 -49 -50 51 52 53 54 55 -56 -57 -58 -59 60 0
c Answer: 4025
v 1 -2 -3 -4 5 6 7 8 -9 -10 11 -12 -13 -14 15 16 -17 18 -19 -20 -21 22 23
v 24 -25 -26 -27 28 -29 -30 -31 32 33 -34 -35 36 37 -38 39 40 41 42 43 -44
v 45 46 47 -48 -49 -50 51 52 -53 54 55 -56 -57 -58 -59 60 0
c Answer: 4026
v -1 -2 3 -4 -5 -6 7 8 9 -10 -11 -12 13 14 15 16 -17 18 -19 -20 -21 22 23
v 24 -25 -26 -27 28 -29 -30 -31 32 33 -34 -35 36 37 -38 39 40 41 42 43 -44
v -45 46 47 -48 -49 -50 51 52 53 54 55 -56 -57 -58 -59 60 0
c Answer: 4027
v 1 -2 -3 -4 5 6 7 8 -9 -10 11 -12 -13 -14 15 16 -17 18 -19 -20 -21 22 23
v 24 -25 -26 -27 28 -29 -30 -31 32 33 -34 -35 36 37 -38 39 40 41 42 43 44
v 45 46 47 -48 -49 -50 51 52 -53 54 55 -56 -57 -58 -59 60 0
c Answer: 4028
v -1 -2 3 -4 -5 -6 7 8 9 -10 -11 -12 13 14 15 16 -17 18 -19 -20 -21 22 23
v 24 -25 -26 -27 28 -29 -30 -31 32 33 -34 -35 36 37 -38 39 40 41 42 43 44
v -45 46 47 -48 -49 -50 51 52 53 54 55 -56 -57 -58 -59 60 0
c Answer: 4029
v 1 -2 -3 -4 5 6 7 8 -9 -10 11 -12 -13 -14 15 16 -17 18 -19 -20 -21 22 23
v 24 -25 -26 -27 28 -29 -30 -31 32 33 -34 -35 36 37 -38 39 40 41 42 43 -44
v 45 46 47 48 -49 -50 51 52 -53 54 55 -56 -57 -58 -59 60 0
c Answer: 4030
v 1 -2 -3 -4 5 6 7 8 -9 -10 11 -12 -13 -14 15 16 -17 18 -19 -20 -21 22 23
v 24 -25 -26 -27 28 -29 -30 -31 32 33 -34 -35 36 37 -38 39 40 41 42 43 44
v 45 46 47 48 -49 -50 51 52 -53 54 55 -56 -57 -58 -59 60 0
c Answer: 4031
v -1 -2 3 -4 -5 -6 7 8 9 -10 -11 -12 13 14 15 16 -17 18 -19 -20 -21 22 23
v 24 -25 -26 -27 28 -29 -30 -31 32 33 -34 -35 36 37 -38 39 40 41 42 43 -44
v -45 46 47 48 -49 -50 51 52 53 54 55 -56 -57 -58 -59 60 0
c Answer: 4032
v -1 -2 3 -4 -5 -6 7 8 9 -10 -11 -12 13 14 15 16 -17 18 -19 -20 -21 22 23
v 24 -25 -26 -27 28 -29 -30 -31 32 33 -34 -35 36 37 -38 39 40 41 42 43 44
v -45 46 47 48 -49 -50 51 52 53 54 55 -56 -57 -58 -59 60 0
c Answer: 4033
v 1 -2 -3 -4 5 6 7 8 -9 -10 11 -12 -13 -14 15 16 -17 18 -19 -20 -21 22 23
v 24 -25 -26 -27 28 -29 -30 -31 -32 33 -34 -35 36 37 -38 39 40 41 -42 -43
v -44 45 46 47 -48 -49 -50 51 52 -53 54 55 56 -57 -58 -59 60 0
c Answer: 4034
v -1 -2 3 -4 -5 -6 7 8 9 -10 -11 -12 13 14 15 16 -17 18 -19 -20 -21 22 23
v 24 -25 -26 -27 28 -29 -30 -31 -32 33 -34 -35 36 37 -38 39 40 41 -42 -43
v -44 -45 46 47 -48 -49 -50 51 52 53 54 55 56 -57 -58 -59 60 0
c Answer: 4035
v 1 -2 -3 -4 5 6 7 8 -9 -10 11 -12 -13 -14 15 16 -17 18 -19 -20 -21 22 23
v 24 -25 -26 -27 28 -29 -30 -31 -32 33 -34 -35 36 37 -38 39 40 41 -42 -43
v -44 45 46 47 48 -49 -50 51 52 -53 54 55 56 -57 -58 -59 60 0
c Answer: 4036
v -1 -2 3 -4 -5 -6 7 8 9 -10 -11 -12 13 14 15 16 -17 18 -19 -20 -21 22 23
v 24 -25 -26 -27 28 -29 -30 -31 -32 33 -34 -35 36 37 -38 39 40 41 -42 -43
v -44 -45 46 47 48 -49 -50 51 52 53 54 55 56 -57 -58 -59 60 0
c Answer: 4037
v 1 -2 -3 -4 5 6 7 8 -9 -10 11 -12 -13 -14 15 16 -17 18 -19 -20 -21 22 23
v 24 -25 -26 -27 28 -29 -30 -31 32 33 -34 -35 36 37 -38 39 40 41 -42 -43
v -44 45 46 47 -48 -49 -50 51 52 -53 54 55 56 -57 -58 -59 60 0
c Answer: 4038
v 1 -2 -3 -4 5 6 7 8 -9 -10 11 -12 -13 -14 15 16 -17 18 -19 -20 -21 22 23
v 24 -25 -26 -27 28 -29 -30 -31 32 33 -34 -35 36 37 -38 39 40 41 -42 -43
v -44 45 46 47 48 -49 -50 51 52 -53 54 55 56 -57 -58 -59 60 0
c Answer: 4039
v -1 -2 3 -4 -5 -6 7 8 9 -10 -11 -12 13 14 15 16 -17 18 -19 -20 -21 22 23
v 24 -25 -26 -27 28 -29 -30 -31 32 33 -34 -35 36 37 -38 39 40 41 -42 -43
v -44 -45 46 47 -48 -49 -50 51 52 53 54 55 56 -57 -58 -59 60 0
c Answer: 4040
v -1 -2 3 -4 -5 -6 7 8 9 -10 -11 -12 13 14 15 16 -17 18 -19 -20 -21 22 23
v 24 -25 -26 -27 28 -29 -30 -31 32 33 -34 -35 36 37 -38 39 40 41 -42 -43
v -44 -45 46 47 48 -49 -50 51 52 53 54 55 56 -57 -58 -59 60 0
c Answer: 4041
v 1 -2 -3 -4 5 6 7 8 -9 -10 11 -12 -13 -14 15 16 -17 18 -19 -20 -21 22 23
v 24 -25 -26 -27 28 -29 -30 -31 -32 33 -34 -35 36 37 -38 39 40 41 42 -43
v -44 45 46 47 -48 -49 -50 51 52 -53 54 55 56 -57 -58 -59 60 0
c Answer: 4042
v -1 -2 3 -4 -5 -6 7 8 9 -10 -11 -12 13 14 15 16 -17 18 -19 -20 -21 22 23
v 24 -25 -26 -27 28 -29 -30 -31 -32 33 -34 -35 36 37 -38 39 40 41 42 -43
v -44 -45 46 47 -48 -49 -50 51 52 53 54 55 56 -57 -58 -59 60 0
c Answer: 4043
v 1 -2 -3 -4 5 6 7 8 -9 -10 11 -12 -13 -14 15 16 -17 18 -19 -20 -21 22 23
v 24 -25 -26 -27 28 -29 -30 -31 32 33 -34 -35 36 37 -38 39 40 41 42 -43 -44
v 45 46 47 -48 -49 -50 51 52 -53 54 55 56 -57 -58 -59 60 0
c Answer: 4044
v -1 -2 3 -4 -5 -6 7 8 9 -10 -11 -12 13 14 15 16 -17 18 -19 -20 -21 22 23
v 24 -25 -26 -27 28 -29 -30 -31 32 33 -34 -35 36 37 -38 39 40 41 42 -43 -44
v -45 46 47 -48 -49 -50 51 52 53 54 55 56 -57 -58 -59 60 0
c Answer: 4045
v 1 -2 -3 -4 5 6 7 8 -9 -10 11 -12 -13 -14 15 16 -17 18 -19 -20 -21 22 23
v 24 -25 -26 -27 28 -29 -30 -31 -32 33 -34 -35 36 37 -38 39 40 41 42 -43
v -44 45 46 47 48 -49 -50 51 52 -53 54 55 56 -57 -58 -59 60 0
c Answer: 4046
v 1 -2 -3 -4 5 6 7 8 -9 -10 11 -12 -13 -14 15 16 -17 18 -19 -20 -21 22 23
v 24 -25 -26 -27 28 -29 -30 -31 32 33 -34 -35 36 37 -38 39 40 41 42 -43 -44
v 45 46 47 48 -49 -50 51 52 -53 54 55 56 -57 -58 -59 60 0
c Answer: 4047
v -1 -2 3 -4 -5 -6 7 8 9 -10 -11 -12 13 14 15 16 -17 18 -19 -20 -21 22 23
v 24 -25 -26 -27 28 -29 -30 -31 -32 33 -34 -35 36 37 -38 39 40 41 42 -43
v -44 -45 46 47 48 -49 -50 51 52 53 54 55 56 -57 -58 -59 60 0
c Answer: 4048
v -1 -2 3 -4 -5 -6 7 8 9 -10 -11 -12 13 14 15 16 -17 18 -19 -20 -21 22 23
v 24 -25 -26 -27 28 -29 -30 -31 32 33 -34 -35 36 37 -38 39 40 41 42 -43 -44
v -45 46 47 48 -49 -50 51 52 53 54 55 56 -57 -58 -59 60 0
c Answer: 4049
v 1 -2 -3 -4 5 6 7 8 -9 -10 11 -12 -13 -14 15 16 -17 18 -19 -20 -21 22 23
v 24 -25 -26 -27 28 -29 -30 -31 -32 33 -34 -35 36 37 -38 39 40 41 -42 43
v -44 45 46 47 -48 -49 -50 51 52 -53 54 55 56 -57 -58 -59 60 0
c Answer: 4050
v -1 -2 3 -4 -5 -6 7 8 9 -10 -11 -12 13 14 15 16 -17 18 -19 -20 -21 22 23
v 24 -25 -26 -27 28 -29 -30 -31 -32 33 -34 -35 36 37 -38 39 40 41 -42 43
v -44 -45 46 47 -48 -49 -50 51 52 53 54 55 56 -57 -58 -59 60 0
c Answer: 4051
v 1 -2 -3 -4 5 6 7 8 -9 -10 11 -12 -13 -14 15 16 -17 18 -19 -20 -21 22 23
v 24 -25 -26 -27 28 -29 -30 -31 -32 33 -34 -35 36 37 -38 39 40 41 42 43 -44
v 45 46 47 -48 -49 -50 51 52 -53 54 55 56 -57 -58 -59 60 0
c Answer: 4052
v -1 -2 3 -4 -5 -6 7 8 9 -10 -11 -12 13 14 15 16 -17 18 -19 -20 -21 22 23
v 24 -25 -26 -27 28 -29 -30 -31 -32 33 -34 -35 36 37 -38 39 40 41 42 43 -44
v -45 46 47 -48 -49 -50 51 52 53 54 55 56 -57 -58 -59 60 0
c Answer: 4053
v 1 -2 -3 -4 5 6 7 8 -9 -10 11 -12 -13 -14 15 16 -17 18 -19 -20 -21 22 23
v 24 -25 -26 -27 28 -29 -30 -31 -32 33 -34 -35 36 37 -38 39 40 41 -42 43
v -44 45 46 47 48 -49 -50 51 52 -53 54 55 56 -57 -58 -59 60 0
c Answer: 4054
v 1 -2 -3 -4 5 6 7 8 -9 -10 11 -12 -13 -14 15 16 -17 18 -19 -20 -21 22 23
v 24 -25 -26 -27 28 -29 -30 -31 -32 33 -34 -35 36 37 -38 39 40 41 42 43 -44
v 45 46 47 48 -49 -50 51 52 -53 54 55 56 -57 -58 -59 60 0
c Answer: 4055
v -1 -2 3 -4 -5 -6 7 8 9 -10 -11 -12 13 14 15 16 -17 18 -19 -20 -21 22 23
v 24 -25 -26 -27 28 -29 -30 -31 -32 33 -34 -35 36 37 -38 39 40 41 -42 43
v -44 -45 46 47 48 -49 -50 51 52 53 54 55 56 -57 -58 -59 60 0
c Answer: 4056
v -1 -2 3 -4 -5 -6 7 8 9 -10 -11 -12 13 14 15 16 -17 18 -19 -20 -21 22 23
v 24 -25 -26 -27 28 -29 -30 -31 -32 33 -34 -35 36 37 -38 39 40 41 42 43 -44
v -45 46 47 48 -49 -50 51 52 53 54 55 56 -57 -58 -59 60 0
c Answer: 4057
v 1 -2 -3 -4 5 6 7 8 -9 -10 11 -12 -13 -14 15 16 -17 18 -19 -20 -21 22 23
v 24 -25 -26 -27 28 -29 -30 -31 32 33 -34 -35 36 37 -38 39 40 41 -42 43 -44
v 45 46 47 -48 -49 -50 51 52 -53 54 55 56 -57 -58 -59 60 0
c Answer: 4058
v -1 -2 3 -4 -5 -6 7 8 9 -10 -11 -12 13 14 15 16 -17 18 -19 -20 -21 22 23
v 24 -25 -26 -27 28 -29 -30 -31 32 33 -34 -35 36 37 -38 39 40 41 -42 43 -44
v -45 46 47 -48 -49 -50 51 52 53 54 55 56 -57 -58 -59 60 0
c Answer: 4059
v 1 -2 -3 -4 5 6 7 8 -9 -10 11 -12 -13 -14 15 16 -17 18 -19 -20 -21 22 23
v 24 -25 -26 -27 28 -29 -30 -31 32 33 -34 -35 36 37 -38 39 40 41 -42 43 -44
v 45 46 47 48 -49 -50 51 52 -53 54 55 56 -57 -58 -59 60 0
c Answer: 4060
v -1 -2 3 -4 -5 -6 7 8 9 -10 -11 -12 13 14 15 16 -17 18 -19 -20 -21 22 23
v 24 -25 -26 -27 28 -29 -30 -31 32 33 -34 -35 36 37 -38 39 40 41 -42 43 -44
v -45 46 47 48 -49 -50 51 52 53 54 55 56 -57 -58 -59 60 0
c Answer: 4061
v 1 -2 -3 -4 5 6 7 8 -9 -10 11 -12 -13 -14 15 16 -17 18 -19 -20 -21 22 23
v 24 -25 -26 -27 28 -29 -30 -31 32 33 -34 -35 36 37 -38 39 40 41 42 43 -44
v 45 46 47 -48 -49 -50 51 52 -53 54 55 56 -57 -58 -59 60 0
c Answer: 4062
v 1 -2 -3 -4 5 6 7 8 -9 -10 11 -12 -13 -14 15 16 -17 18 -19 -20 -21 22 23
v 24 -25 -26 -27 28 -29 -30 -31 32 33 -34 -35 36 37 -38 39 40 41 42 43 -44
v 45 46 47 48 -49 -50 51 52 -53 54 55 56 -57 -58 -59 60 0
c Answer: 4063
v -1 -2 3 -4 -5 -6 7 8 9 -10 -11 -12 13 14 15 16 -17 18 -19 -20 -21 22 23
v 24 -25 -26 -27 28 -29 -30 -31 32 33 -34 -35 36 37 -38 39 40 41 42 43 -44
v -45 46 47 -48 -49 -50 51 52 53 54 55 56 -57 -58 -59 60 0
c Answer: 4064
v -1 -2 3 -4 -5 -6 7 8 9 -10 -11 -12 13 14 15 16 -17 18 -19 -20 -21 22 23
v 24 -25 -26 -27 28 -29 -30 -31 32 33 -34 -35 36 37 -38 39 40 41 42 43 -44
v -45 46 47 48 -49 -50 51 52 53 54 55 56 -57 -58 -59 60 0
c Answer: 4065
v 1 -2 -3 -4 5 6 7 8 -9 -10 11 -12 -13 -14 15 16 -17 18 -19 -20 -21 22 23
v 24 -25 -26 -27 28 -29 -30 -31 -32 33 -34 -35 36 37 -38 39 40 41 -42 -43
v 44 45 46 47 -48 -49 -50 51 52 -53 54 55 56 -57 -58 -59 60 0
c Answer: 4066
v -1 -2 3 -4 -5 -6 7 8 9 -10 -11 -12 13 14 15 16 -17 18 -19 -20 -21 22 23
v 24 -25 -26 -27 28 -29 -30 -31 -32 33 -34 -35 36 37 -38 39 40 41 -42 -43
v 44 -45 46 47 -48 -49 -50 51 52 53 54 55 56 -57 -58 -59 60 0
c Answer: 4067
v 1 -2 -3 -4 5 6 7 8 -9 -10 11 -12 -13 -14 15 16 -17 18 -19 -20 -21 22 23
v 24 -25 -26 -27 28 -29 -30 -31 -32 33 -34 -35 36 37 -38 39 40 41 42 -43
v 44 45 46 47 -48 -49 -50 51 52 -53 54 55 56 -57 -58 -59 60 0
c Answer: 4068
v -1 -2 3 -4 -5 -6 7 8 9 -10 -11 -12 13 14 15 16 -17 18 -19 -20 -21 22 23
v 24 -25 -26 -27 28 -29 -30 -31 -32 33 -34 -35 36 37 -38 39 40 41 42 -43
v 44 -45 46 47 -48 -49 -50 51 52 53 54 55 56 -57 -58 -59 60 0
c Answer: 4069
v 1 -2 -3 -4 5 6 7 8 -9 -10 11 -12 -13 -14 15 16 -17 18 -19 -20 -21 22 23
v 24 -25 -26 -27 28 -29 -30 -31 -32 33 -34 -35 36 37 -38 39 40 41 -42 43
v 44 45 46 47 -48 -49 -50 51 52 -53 54 55 56 -57 -58 -59 60 0
c Answer: 4070
v 1 -2 -3 -4 5 6 7 8 -9 -10 11 -12 -13 -14 15 16 -17 18 -19 -20 -21 22 23
v 24 -25 -26 -27 28 -29 -30 -31 -32 33 -34 -35 36 37 -38 39 40 41 42 43 44
v 45 46 47 -48 -49 -50 51 52 -53 54 55 56 -57 -58 -59 60 0
c Answer: 4071
v -1 -2 3 -4 -5 -6 7 8 9 -10 -11 -12 13 14 15 16 -17 18 -19 -20 -21 22 23
v 24 -25 -26 -27 28 -29 -30 -31 -32 33 -34 -35 36 37 -38 39 40 41 -42 43
v 44 -45 46 47 -48 -49 -50 51 52 53 54 55 56 -57 -58 -59 60 0
c Answer: 4072
v -1 -2 3 -4 -5 -6 7 8 9 -10 -11 -12 13 14 15 16 -17 18 -19 -20 -21 22 23
v 24 -25 -26 -27 28 -29 -30 -31 -32 33 -34 -35 36 37 -38 39 40 41 42 43 44
v -45 46 47 -48 -49 -50 51 52 53 54 55 56 -57 -58 -59 60 0
c Answer: 4073
v 1 -2 -3 -4 5 6 7 8 -9 -10 11 -12 -13 -14 15 16 -17 18 -19 -20 -21 22 23
v 24 -25 -26 -27 28 -29 -30 -31 32 33 -34 -35 36 37 -38 39 40 41 -42 -43
v 44 45 46 47 -48 -49 -50 51 52 -53 54 55 56 -57 -58 -59 60 0
c Answer: 4074
v -1 -2 3 -4 -5 -6 7 8 9 -10 -11 -12 13 14 15 16 -17 18 -19 -20 -21 22 23
v 24 -25 -26 -27 28 -29 -30 -31 32 33 -34 -35 36 37 -38 39 40 41 -42 -43
v 44 -45 46 47 -48 -49 -50 51 52 53 54 55 56 -57 -58 -59 60 0
c Answer: 4075
v 1 -2 -3 -4 5 6 7 8 -9 -10 11 -12 -13 -14 15 16 -17 18 -19 -20 -21 22 23
v 24 -25 -26 -27 28 -29 -30 -31 32 33 -34 -35 36 37 -38 39 40 41 -42 43 44
v 45 46 47 -48 -49 -50 51 52 -53 54 55 56 -57 -58 -59 60 0
c Answer: 4076
v -1 -2 3 -4 -5 -6 7 8 9 -10 -11 -12 13 14 15 16 -17 18 -19 -20 -21 22 23
v 24 -25 -26 -27 28 -29 -30 -31 32 33 -34 -35 36 37 -38 39 40 41 -42 43 44
v -45 46 47 -48 -49 -50 51 52 53 54 55 56 -57 -58 -59 60 0
c Answer: 4077
v 1 -2 -3 -4 5 6 7 8 -9 -10 11 -12 -13 -14 15 16 -17 18 -19 -20 -21 22 23
v 24 -25 -26 -27 28 -29 -30 -31 32 33 -34 -35 36 37 -38 39 40 41 42 -43 44
v 45 46 47 -48 -49 -50 51 52 -53 54 55 56 -57 -58 -59 60 0
c Answer: 4078
v 1 -2 -3 -4 5 6 7 8 -9 -10 11 -12 -13 -14 15 16 -17 18 -19 -20 -21 22 23
v 24 -25 -26 -27 28 -29 -30 -31 32 33 -34 -35 36 37 -38 39 40 41 42 43 44
v 45 46 47 -48 -49 -50 51 52 -53 54 55 56 -57 -58 -59 60 0
c Answer: 4079
v -1 -2 3 -4 -5 -6 7 8 9 -10 -11 -12 13 14 15 16 -17 18 -19 -20 -21 22 23
v 24 -25 -26 -27 28 -29 -30 -31 32 33 -34 -35 36 37 -38 39 40 41 42 -43 44
v -45 46 47 -48 -49 -50 51 52 53 54 55 56 -57 -58 -59 60 0
c Answer: 4080
v -1 -2 3 -4 -5 -6 7 8 9 -10 -11 -12 13 14 15 16 -17 18 -19 -20 -21 22 23
v 24 -25 -26 -27 28 -29 -30 -31 32 33 -34 -35 36 37 -38 39 40 41 42 43 44
v -45 46 47 -48 -49 -50 51 52 53 54 55 56 -57 -58 -59 60 0
c Answer: 4081
v 1 -2 -3 -4 5 6 7 8 -9 -10 11 -12 -13 -14 15 16 -17 18 -19 -20 -21 22 23
v 24 -25 -26 -27 28 -29 -30 -31 -32 33 -34 -35 36 37 -38 39 40 41 -42 -43
v 44 45 46 47 48 -49 -50 51 52 -53 54 55 56 -57 -58 -59 60 0
c Answer: 4082
v -1 -2 3 -4 -5 -6 7 8 9 -10 -11 -12 13 14 15 16 -17 18 -19 -20 -21 22 23
v 24 -25 -26 -27 28 -29 -30 -31 -32 33 -34 -35 36 37 -38 39 40 41 -42 -43
v 44 -45 46 47 48 -49 -50 51 52 53 54 55 56 -57 -58 -59 60 0
c Answer: 4083
v 1 -2 -3 -4 5 6 7 8 -9 -10 11 -12 -13 -14 15 16 -17 18 -19 -20 -21 22 23
v 24 -25 -26 -27 28 -29 -30 -31 -32 33 -34 -35 36 37 -38 39 40 41 42 -43
v 44 45 46 47 48 -49 -50 51 52 -53 54 55 56 -57 -58 -59 60 0
c Answer: 4084
v -1 -2 3 -4 -5 -6 7 8 9 -10 -11 -12 13 14 15 16 -17 18 -19 -20 -21 22 23
v 24 -25 -26 -27 28 -29 -30 -31 -32 33 -34 -35 36 37 -38 39 40 41 42 -43
v 44 -45 46 47 48 -49 -50 51 52 53 54 55 56 -57 -58 -59 60 0
c Answer: 4085
v 1 -2 -3 -4 5 6 7 8 -9 -10 11 -12 -13 -14 15 16 -17 18 -19 -20 -21 22 23
v 24 -25 -26 -27 28 -29 -30 -31 32 33 -34 -35 36 37 -38 39 40 41 -42 -43
v 44 45 46 47 48 -49 -50 51 52 -53 54 55 56 -57 -58 -59 60 0
c Answer: 4086
v 1 -2 -3 -4 5 6 7 8 -9 -10 11 -12 -13 -14 15 16 -17 18 -19 -20 -21 22 23
v 24 -25 -26 -27 28 -29 -30 -31 32 33 -34 -35 36 37 -38 39 40 41 42 -43 44
v 45 46 47 48 -49 -50 51 52 -53 54 55 56 -57 -58 -59 60 0
c Answer: 4087
v -1 -2 3 -4 -5 -6 7 8 9 -10 -11 -12 13 14 15 16 -17 18 -19 -20 -21 22 23
v 24 -25 -26 -27 28 -29 -30 -31 32 33 -34 -35 36 37 -38 39 40 41 -42 -43
v 44 -45 46 47 48 -49 -50 51 52 53 54 55 56 -57 -58 -59 60 0
c Answer: 4088
v -1 -2 3 -4 -5 -6 7 8 9 -10 -11 -12 13 14 15 16 -17 18 -19 -20 -21 22 23
v 24 -25 -26 -27 28 -29 -30 -31 32 33 -34 -35 36 37 -38 39 40 41 42 -43 44
v -45 46 47 48 -49 -50 51 52 53 54 55 56 -57 -58 -59 60 0
c Answer: 4089
v 1 -2 -3 -4 5 6 7 8 -9 -10 11 -12 -13 -14 15 16 -17 18 -19 -20 -21 22 23
v 24 -25 -26 -27 28 -29 -30 -31 -32 33 -34 -35 36 37 -38 39 40 41 -42 43
v 44 45 46 47 48 -49 -50 51 52 -53 54 55 56 -57 -58 -59 60 0
c Answer: 4090
v -1 -2 3 -4 -5 -6 7 8 9 -10 -11 -12 13 14 15 16 -17 18 -19 -20 -21 22 23
v 24 -25 -26 -27 28 -29 -30 -31 -32 33 -34 -35 36 37 -38 39 40 41 -42 43
v 44 -45 46 47 48 -49 -50 51 52 53 54 55 56 -57 -58 -59 60 0
c Answer: 4091
v 1 -2 -3 -4 5 6 7 8 -9 -10 11 -12 -13 -14 15 16 -17 18 -19 -20 -21 22 23
v 24 -25 -26 -27 28 -29 -30 -31 32 33 -34 -35 36 37 -38 39 40 41 -42 43 44
v 45 46 47 48 -49 -50 51 52 -53 54 55 56 -57 -58 -59 60 0
c Answer: 4092
v -1 -2 3 -4 -5 -6 7 8 9 -10 -11 -12 13 14 15 16 -17 18 -19 -20 -21 22 23
v 24 -25 -26 -27 28 -29 -30 -31 32 33 -34 -35 36 37 -38 39 40 41 -42 43 44
v -45 46 47 48 -49 -50 51 52 53 54 55 56 -57 -58 -59 60 0
c Answer: 4093
v 1 -2 -3 -4 5 6 7 8 -9 -10 11 -12 -13 -14 15 16 -17 18 -19 -20 -21 22 23
v 24 -25 -26 -27 28 -29 -30 -31 -32 33 -34 -35 36 37 -38 39 40 41 42 43 44
v 45 46 47 48 -49 -50 51 52 -53 54 55 56 -57 -58 -59 60 0
c Answer: 4094
v 1 -2 -3 -4 5 6 7 8 -9 -10 11 -12 -13 -14 15 16 -17 18 -19 -20 -21 22 23
v 24 -25 -26 -27 28 -29 -30 -31 32 33 -34 -35 36 37 -38 39 40 41 42 43 44
v 45 46 47 48 -49 -50 51 52 -53 54 55 56 -57 -58 -59 60 0
c Answer: 4095
v -1 -2 3 -4 -5 -6 7 8 9 -10 -11 -12 13 14 15 16 -17 18 -19 -20 -21 22 23
v 24 -25 -26 -27 28 -29 -30 -31 -32 33 -34 -35 36 37 -38 39 40 41 42 43 44
v -45 46 47 48 -49 -50 51 52 53 54 55 56 -57 -58 -59 60 0
c Answer: 4096
v -1 -2 3 -4 -5 -6 7 8 9 -10 -11 -12 13 14 15 16 -17 18 -19 -20 -21 22 23
v 24 -25 -26 -27 28 -29 -30 -31 32 33 -34 -35 36 37 -38 39 40 41 42 43 44
v -45 46 47 48 -49 -50 51 52 53 54 55 56 -57 -58 -59 60 0
s SATISFIABLE
c 
c Models         : 4096
c Calls          : 1
c Time           : 0.029s (Solving: 0.03s 1st Model: 0.00s Unsat: 0.00s)
c CPU Time       : 0.029s
